license_id,location_key,tract_geoid,in_city_limits,postal_pittsburgh,license_type,retail_license,lon,lat,school_nearest_m,school_within_300m,school_within_1000m,public_school_nearest_m,public_school_within_300m,public_school_within_1000m,youth_site_nearest_m,youth_site_within_300m,youth_site_within_1000m,store_type,legal_name_licenses_in_scope,chain_flag,acs_total_pop,acs_total_pop_moe,acs_under18,acs_under18_moe,acs_youth_share,acs_youth_share_moe,acs_poverty_universe,acs_poverty_n,acs_poverty_rate,acs_poverty_rate_moe,acs_youth_share_unreliable,acs_release,features_note
22ae7229a6,1640 SAW MILL RUN BLVD|15210,42003320600,True,True,OTP Retail,True,-79.99855,40.39648,834.3670401638748,0.0,2.0,834.3670401638748,0.0,2.0,436.72629939273855,0.0,14.0,gas_convenience,2,False,2263.0,371.0,401.0,157.680055809224,0.17719840919133892,0.06333270797554555,2263.0,307.0,0.13566062748563854,0.07360227384488814,False,ACS 2024 5-year,descriptive snapshot; no violation history (kept in retailer_universe)
f0479937c3,910 SAW MILL RUN BLVD|15220,42003562400,True,True,Cigarette/OTP Retail,True,-80.00567,40.41064,831.8772389482118,0.0,3.0,831.8772389482118,0.0,3.0,344.4229101452207,0.0,22.0,gas_convenience,1,False,2770.0,567.0,835.0,270.6325922722539,0.30144404332129965,0.0757510266479937,2770.0,1240.0,0.44765342960288806,0.20183432818831282,False,ACS 2024 5-year,descriptive snapshot; no violation history (kept in retailer_universe)
c49c7eaa08,2601 PERRYSVILLE AVE|15214,42003261500,True,True,Cigarette/OTP Retail,True,-80.00867,40.47114,892.8416306078408,0.0,3.0,1372.6419846504057,0.0,0.0,173.82834182851215,2.0,9.0,other,1,False,1682.0,591.0,354.0,132.83071933856263,0.21046373365041618,0.027711771787998538,1669.0,348.0,0.2085080886758538,0.0989708514266818,False,ACS 2024 5-year,descriptive snapshot; no violation history (kept in retailer_universe)
802cbe9711,1728 E CARSON ST|15203,42003170200,True,True,Cigarette/OTP Retail,True,-79.98103,40.42879,259.6083121709745,1.0,1.0,259.6083121709745,1.0,1.0,91.72236248715407,2.0,36.0,smoke_vape_shop,1,False,3732.0,606.0,300.0,183.24300805214915,0.08038585209003216,0.04733367251793585,3732.0,559.0,0.1497856377277599,0.09168404537105829,True,ACS 2024 5-year,descriptive snapshot; no violation history (kept in retailer_universe)
34a0a9b4a4,413 SMITHFIELD ST|15222,42003020100,True,True,Cigarette/OTP Retail,True,-79.9993,40.43911,501.0650375936686,0.0,5.0,501.0650375936686,0.0,5.0,104.06555191591175,8.0,33.0,gas_convenience,1,False,4600.0,527.0,73.0,49.57822102496216,0.015869565217391305,0.010623421416431543,3395.0,666.0,0.19617083946980854,0.0495007444791057,True,ACS 2024 5-year,descriptive snapshot; no violation history (kept in retailer_universe)
7201bbbb8b,2101 PERRYSVILLE AVE|15214,42003261400,True,True,Cigarette Retail,True,-80.01215,40.46369,512.01395896192,0.0,1.0,512.01395896192,0.0,1.0,250.99919311031547,1.0,26.0,grocery_supermarket,1,False,1870.0,486.0,261.0,171.262955714305,0.139572192513369,0.0840947274213277,1800.0,548.0,0.30444444444444446,0.18772406736259045,True,ACS 2024 5-year,descriptive snapshot; no violation history (kept in retailer_universe)
de17a64c29,6015 PENN AVE|15206,42003111500,True,True,Cigarette/OTP Retail,True,-79.92416,40.46122,510.72128070559194,0.0,8.0,811.7778278107431,0.0,3.0,205.3901830364496,2.0,35.0,other,2,False,3718.0,614.0,354.0,214.28019040499288,0.09521247982786445,0.05544683657020124,3718.0,680.0,0.1828940290478752,0.12053372643020774,True,ACS 2024 5-year,descriptive snapshot; no violation history (kept in retailer_universe)
20c733c5f5,6015 PENN AVE|15206,42003111500,True,True,Cigarette/OTP Retail,True,-79.92416,40.46122,510.72128070559194,0.0,8.0,811.7778278107431,0.0,3.0,205.3901830364496,2.0,35.0,other,2,False,3718.0,614.0,354.0,214.28019040499288,0.09521247982786445,0.05544683657020124,3718.0,680.0,0.1828940290478752,0.12053372643020774,True,ACS 2024 5-year,descriptive snapshot; no violation history (kept in retailer_universe)
5303807c4b,2134 E CARSON ST|15203,42003160900,True,True,Cigarette/OTP Retail,True,-79.97477,40.42842,296.6444916677788,1.0,1.0,296.6444916677788,1.0,1.0,52.82531876791958,11.0,35.0,gas_convenience,1,False,3603.0,482.0,135.0,102.11757928975794,0.03746877601998335,0.027895615099723044,3603.0,851.0,0.23619206217041355,0.07913162063122248,True,ACS 2024 5-year,descriptive snapshot; no violation history (kept in retailer_universe)
52e77958aa,1642 SAW MILL RUN BLVD|15210,42003320600,True,True,Cigarette Retail,True,-79.99888,40.39706,852.460593843922,0.0,1.0,852.460593843922,0.0,1.0,457.1604853830857,0.0,10.0,other,2,False,2263.0,371.0,401.0,157.680055809224,0.17719840919133892,0.06333270797554555,2263.0,307.0,0.13566062748563854,0.07360227384488814,False,ACS 2024 5-year,descriptive snapshot; no violation history (kept in retailer_universe)
4cb2e59228,304 ROSS ST LBBY 1|15219,42003020100,True,True,Cigarette/OTP Retail,True,-79.99672,40.4372,723.1188409815757,0.0,5.0,723.1188409815757,0.0,5.0,127.8465293871528,2.0,30.0,gas_convenience,1,False,4600.0,527.0,73.0,49.57822102496216,0.015869565217391305,0.010623421416431543,3395.0,666.0,0.19617083946980854,0.0495007444791057,True,ACS 2024 5-year,descriptive snapshot; no violation history (kept in retailer_universe)
fe1f8cf26f,1642 SAW MILL RUN BLVD|15210,42003320600,True,True,OTP Retail,True,-79.99888,40.39706,852.460593843922,0.0,1.0,852.460593843922,0.0,1.0,457.1604853830857,0.0,10.0,other,2,False,2263.0,371.0,401.0,157.680055809224,0.17719840919133892,0.06333270797554555,2263.0,307.0,0.13566062748563854,0.07360227384488814,False,ACS 2024 5-year,descriptive snapshot; no violation history (kept in retailer_universe)
1bffc1042e,6562 HAMILTON AVE|15206,42003120900,True,True,OTP Retail,True,-79.91163,40.45824,206.49555526884103,1.0,4.0,206.49555526884103,1.0,3.0,203.78740747146566,1.0,35.0,smoke_vape_shop,1,False,1473.0,303.0,316.0,112.39661916623649,0.21452817379497624,0.062249628871929655,1311.0,430.0,0.32799389778794813,0.0975852871785615,False,ACS 2024 5-year,descriptive snapshot; no violation history (kept in retailer_universe)
3754848f02,304 FORBES AVE FL 2|15222,42003020100,True,True,Cigarette/OTP Retail,True,-80.00058,40.43997,381.7614455216909,0.0,5.0,381.7614455216909,0.0,5.0,36.39165490027815,9.0,33.0,other,1,False,4600.0,527.0,73.0,49.57822102496216,0.015869565217391305,0.010623421416431543,3395.0,666.0,0.19617083946980854,0.0495007444791057,True,ACS 2024 5-year,descriptive snapshot; no violation history (kept in retailer_universe)
c6f87f3f63,301 CRAFT AVE|15213,42003040900,True,True,Cigarette/OTP Retail,True,-79.96118,40.43554,439.0935915903478,0.0,2.0,905.2418475289716,0.0,1.0,121.38462354175142,2.0,23.0,other,7,True,3280.0,502.0,75.0,63.655321851358195,0.022865853658536585,0.01908897047264278,3202.0,1791.0,0.5593379138038725,0.10547211586017481,True,ACS 2024 5-year,descriptive snapshot; no violation history (kept in retailer_universe)
15d1bba0af,2350 CENTRE AVE|15219,42003050100,True,True,Cigarette/OTP Retail,True,-79.97224,40.44577,201.57798113886383,1.0,3.0,201.57798113886383,1.0,3.0,218.89353889372134,9.0,51.0,other,7,True,1746.0,434.0,539.0,282.78260201080263,0.3087056128293242,0.14262874108111637,1741.0,734.0,0.4215967834577829,0.12848961759201105,False,ACS 2024 5-year,descriptive snapshot; no violation history (kept in retailer_universe)
a95fcac167,123 N NEGLEY AVE|15206,42003111400,True,True,Cigarette/OTP Retail,True,-79.93043,40.46392,315.38130675933667,0.0,4.0,478.13733078485393,0.0,2.0,213.03561050629463,8.0,33.0,other,7,True,1235.0,299.0,74.0,63.75735251718032,0.05991902834008097,0.04954529090106341,1235.0,215.0,0.17408906882591094,0.08029892008533714,True,ACS 2024 5-year,descriptive snapshot; no violation history (kept in retailer_universe)
98623ffccd,6481 FRANKSTOWN AVE|15206,42003120900,True,True,Cigarette/OTP Retail,True,-79.914,40.46067,213.11259147381227,1.0,7.0,213.11259147381227,1.0,3.0,166.019964903445,2.0,36.0,other,7,True,1473.0,303.0,316.0,112.39661916623649,0.21452817379497624,0.062249628871929655,1311.0,430.0,0.32799389778794813,0.0975852871785615,False,ACS 2024 5-year,descriptive snapshot; no violation history (kept in retailer_universe)
c24d25474f,6701 FRANKSTOWN AVE|15208,42003130700,True,True,Cigarette/OTP Retail,True,-79.90765,40.45873,367.8472680029871,0.0,3.0,367.8472680029871,0.0,3.0,240.7738665719207,2.0,30.0,gas_convenience,7,True,2334.0,409.0,643.0,236.53540961133072,0.2754927163667524,0.08910606679438701,2332.0,1190.0,0.5102915951972555,0.16317379030973936,False,ACS 2024 5-year,descriptive snapshot; no violation history (kept in retailer_universe)
83465e9ee6,1721 BANKSVILLE RD|15216,42003192000,True,True,Cigarette/OTP Retail,True,-80.03202,40.40892,468.39704941990146,0.0,1.0,468.39704941990146,0.0,1.0,302.7468655674368,0.0,27.0,gas_convenience,7,True,3212.0,574.0,456.0,168.9733706830754,0.14196762141967623,0.04608507229541386,3212.0,329.0,0.10242839352428394,0.043301278663708635,False,ACS 2024 5-year,descriptive snapshot; no violation history (kept in retailer_universe)
6772a2409c,5204 INTERBORO AVE|15207,42003310200,True,True,Cigarette/OTP Retail,True,-79.91332,40.37012,160.17817482008368,1.0,1.0,160.17817482008368,1.0,1.0,317.95454759586204,0.0,10.0,other,7,True,3249.0,330.0,503.0,166.14451540752106,0.15481686672822406,0.04865941937575975,3242.0,453.0,0.13972856261566935,0.06982712446659672,False,ACS 2024 5-year,descriptive snapshot; no violation history (kept in retailer_universe)
0793816d05,1640 SAW MILL RUN BLVD|15210,42003320600,True,True,Cigarette Retail,True,-79.99855,40.39648,834.3670401638748,0.0,2.0,834.3670401638748,0.0,2.0,436.72629939273855,0.0,14.0,gas_convenience,2,False,2263.0,371.0,401.0,157.680055809224,0.17719840919133892,0.06333270797554555,2263.0,307.0,0.13566062748563854,0.07360227384488814,False,ACS 2024 5-year,descriptive snapshot; no violation history (kept in retailer_universe)
c2266be5b7,2122 BROWNSVILLE RD STE C|15210,42003290100,True,True,Cigarette/OTP Retail,True,-79.9869,40.39219,235.71311127616542,1.0,3.0,235.71311127616542,1.0,3.0,226.88707927162548,1.0,15.0,other,1,False,1764.0,420.0,407.0,150.22649566571138,0.23072562358276644,0.06507548144769411,1764.0,279.0,0.15816326530612246,0.07433925936069183,False,ACS 2024 5-year,descriptive snapshot; no violation history (kept in retailer_universe)
353a65cf13,1936 MURRAY AVE|15217,42003141300,True,True,Cigarette/OTP Retail,True,-79.92289,40.43503,277.91725146121524,1.0,8.0,670.4952466810091,0.0,2.0,179.04286596949737,2.0,29.0,other,1,False,4717.0,514.0,437.0,193.225257148231,0.0926436294254823,0.03970017246299938,4457.0,1128.0,0.25308503477675565,0.09897874654045584,False,ACS 2024 5-year,descriptive snapshot; no violation history (kept in retailer_universe)
5bcd8d61e9,2165 NOBLESTOWN RD|15205,42003563100,True,True,Cigarette/OTP Retail,True,-80.05299,40.42955,306.19540452828164,0.0,2.0,306.19540452828164,0.0,1.0,251.61896329213374,4.0,10.0,other,1,False,3647.0,675.0,727.0,278.3217562462554,0.19934192486975597,0.06680406714191577,3647.0,114.0,0.03125856868659172,0.028203510218541474,False,ACS 2024 5-year,descriptive snapshot; no violation history (kept in retailer_universe)
d532aaa4fe,4201 MURRAY AVE|15217,42003151700,True,True,OTP Retail,True,-79.9287,40.42308,285.8573831637746,1.0,1.0,285.8573831637746,1.0,1.0,373.1048427264036,0.0,6.0,other,2,False,4169.0,649.0,429.0,133.63382805263043,0.10290237467018469,0.027764330443750523,4169.0,508.0,0.12185176301271287,0.08399651745585011,False,ACS 2024 5-year,descriptive snapshot; no violation history (kept in retailer_universe)
00602bba0a,239 4TH AVE STE 1401|15222,42003020100,True,True,Cigarette/OTP Retail,True,-80.00184,40.43957,279.77834508194513,1.0,5.0,279.77834508194513,1.0,5.0,41.26051152692731,7.0,35.0,other,1,False,4600.0,527.0,73.0,49.57822102496216,0.015869565217391305,0.010623421416431543,3395.0,666.0,0.19617083946980854,0.0495007444791057,True,ACS 2024 5-year,descriptive snapshot; no violation history (kept in retailer_universe)
89a25d71ff,4622 LIBERTY AVE APT 1|15224,42003090300,True,True,Cigarette/OTP Retail,True,-79.95004,40.46218,613.7386279816635,0.0,1.0,613.7386279816635,0.0,1.0,256.4593218182539,4.0,24.0,smoke_vape_shop,1,False,1384.0,387.0,171.0,162.53614982520043,0.12355491329479769,0.11224253171934044,1373.0,136.0,0.09905316824471959,0.04316795111868753,True,ACS 2024 5-year,descriptive snapshot; no violation history (kept in retailer_universe)
ae25aa9b9c,4713 LIBERTY AVE|15224,42003080200,True,True,Cigarette/OTP Retail,True,-79.94951,40.46188,665.3020600578695,0.0,1.0,665.3020600578695,0.0,1.0,292.4915174017556,1.0,21.0,other,1,False,1637.0,179.0,101.0,63.198101237299845,0.06169822846670739,0.03801199838307084,1637.0,126.0,0.07697006719609041,0.032526802819848044,True,ACS 2024 5-year,descriptive snapshot; no violation history (kept in retailer_universe)
be7341097b,601 52ND ST|15201,42003101100,True,True,Cigarette/OTP Retail,True,-79.95206,40.4787,1442.3977792486257,0.0,0.0,1442.3977792486257,0.0,0.0,199.8750133151923,2.0,13.0,grocery_supermarket,2,False,2549.0,425.0,177.0,85.81957818586619,0.06943899568458219,0.03161466241056348,2549.0,447.0,0.1753628874068262,0.06984275993712435,False,ACS 2024 5-year,descriptive snapshot; no violation history (kept in retailer_universe)
a3898b9f36,4516 BROWNS HILL RD|15217,42003141400,True,True,Cigarette/OTP Retail,True,-79.92538,40.41668,768.1887211874871,0.0,1.0,768.1887211874871,0.0,1.0,790.1798038269052,0.0,3.0,other,1,False,5362.0,656.0,1045.0,273.64941074301623,0.1948899664304364,0.04512275422847695,5262.0,326.0,0.06195362979855568,0.031957134699872276,False,ACS 2024 5-year,descriptive snapshot; no violation history (kept in retailer_universe)
728f81f9ca,49 BAILEY AVE|15211,42003180700,True,True,OTP Retail,True,-80.00359,40.42698,972.1302146616279,0.0,1.0,972.1302146616279,0.0,1.0,423.1378470820979,0.0,19.0,other,1,False,2396.0,414.0,254.0,118.32159566199232,0.10601001669449082,0.04586017680181651,2396.0,585.0,0.24415692821368948,0.1585051778994002,False,ACS 2024 5-year,descriptive snapshot; no violation history (kept in retailer_universe)
531ee641a9,1945 WHARTON STREET|15203,42003170200,True,True,Cigarette/OTP Retail,True,-79.97833,40.43046,284.39627272323145,1.0,1.0,284.39627272323145,1.0,1.0,202.94330332706267,4.0,31.0,other,1,False,3732.0,606.0,300.0,183.24300805214915,0.08038585209003216,0.04733367251793585,3732.0,559.0,0.1497856377277599,0.09168404537105829,True,ACS 2024 5-year,descriptive snapshot; no violation history (kept in retailer_universe)
198bf5c858,3604 5TH AVE|15213,42003040200,True,True,Cigarette/OTP Retail,True,-79.95898,40.44142,227.91491202346543,1.0,6.0,227.91491202346543,1.0,3.0,279.62437986110433,2.0,41.0,gas_convenience,1,False,2102.0,259.0,110.0,32.109188716004645,0.05233111322549953,0.013847927237110199,1090.0,690.0,0.6330275229357798,0.09118577272443398,False,ACS 2024 5-year,descriptive snapshot; no violation history (kept in retailer_universe)
bcfaef733e,5604 BAUM BLVD|15206,42003080700,True,True,OTP Retail,True,-79.93526,40.45792,475.99752675946377,0.0,4.0,475.99752675946377,0.0,2.0,104.00042589547009,2.0,27.0,other,2,False,1935.0,261.0,143.0,80.09369513263825,0.07390180878552971,0.0401738860853251,1933.0,208.0,0.10760475944128298,0.030898287529142882,True,ACS 2024 5-year,descriptive snapshot; no violation history (kept in retailer_universe)
0d90d85f5c,1150 BROWNSVILLE RD|15210,42003290200,True,True,Cigarette/OTP Retail,True,-79.99019,40.40403,689.2831439325167,0.0,1.0,689.2831439325167,0.0,1.0,494.727058982238,0.0,11.0,gas_convenience,2,False,3840.0,465.0,514.0,174.0258601472781,0.13385416666666666,0.042321442219257294,3840.0,851.0,0.22161458333333334,0.07916903800063683,False,ACS 2024 5-year,descriptive snapshot; no violation history (kept in retailer_universe)
6e1c40e286,5604 BAUM BLVD|15206,42003080700,True,True,Cigarette Retail,True,-79.93526,40.45792,475.99752675946377,0.0,4.0,475.99752675946377,0.0,2.0,104.00042589547009,2.0,27.0,other,2,False,1935.0,261.0,143.0,80.09369513263825,0.07390180878552971,0.0401738860853251,1933.0,208.0,0.10760475944128298,0.030898287529142882,True,ACS 2024 5-year,descriptive snapshot; no violation history (kept in retailer_universe)
4e13a2bd1a,625 STANWIX ST STE 105|15222,42003020100,True,True,Cigarette/OTP Retail,True,-80.00448,40.44305,337.6591852520189,0.0,5.0,337.6591852520189,0.0,5.0,152.66620918790034,4.0,32.0,gas_convenience,2,False,4600.0,527.0,73.0,49.57822102496216,0.015869565217391305,0.010623421416431543,3395.0,666.0,0.19617083946980854,0.0495007444791057,True,ACS 2024 5-year,descriptive snapshot; no violation history (kept in retailer_universe)
05f0a8a31c,4811 BUTLER ST|15201,42003090100,True,True,Cigarette/OTP Retail,True,-79.95755,40.47625,977.0039101350642,0.0,1.0,977.0039101350642,0.0,1.0,348.11146069118007,0.0,14.0,other,1,False,2019.0,305.0,87.0,52.820450584977024,0.04309063893016345,0.02533891520193912,2008.0,177.0,0.08814741035856574,0.05412429889470475,True,ACS 2024 5-year,descriptive snapshot; no violation history (kept in retailer_universe)
c026220618,4201 MURRAY AVE PITTSBURGH PA 15217|15217,42003151700,True,True,Cigarette Retail,True,-79.9287,40.42308,285.8573831637746,1.0,1.0,285.8573831637746,1.0,1.0,373.1048427264036,0.0,6.0,other,2,False,4169.0,649.0,429.0,133.63382805263043,0.10290237467018469,0.027764330443750523,4169.0,508.0,0.12185176301271287,0.08399651745585011,False,ACS 2024 5-year,descriptive snapshot; no violation history (kept in retailer_universe)
80cf7c44a2,1139 PENN AVE|15222,42003020300,True,True,OTP Vending,False,-79.99274,40.44554,379.41860132457424,0.0,5.0,379.41860132457424,0.0,5.0,242.29439712525902,1.0,35.0,bar_restaurant,1,False,1928.0,287.0,55.0,53.71219600798314,0.028526970954356846,0.027533478539593714,1928.0,145.0,0.07520746887966805,0.06491303790944448,True,ACS 2024 5-year,descriptive snapshot; no violation history (kept in retailer_universe)
d1b68d6773,448 BROWNSVILLE RD APT 1|15210,42003300100,True,True,Cigarette/OTP Retail,True,-79.98953,40.41222,942.0836927014119,0.0,1.0,942.0836927014119,0.0,1.0,115.43614755097535,1.0,14.0,gas_convenience,1,False,3513.0,872.0,832.0,298.3152694717453,0.2368346142897808,0.061278378346580974,3460.0,1295.0,0.37427745664739887,0.24916757399552905,False,ACS 2024 5-year,descriptive snapshot; no violation history (kept in retailer_universe)
d3d9deb1ac,3801 FORBES AVE FL 2|15213,42003040500,True,True,Cigarette Wholesaler,False,-79.95686,40.44162,206.3035546259775,1.0,5.0,206.3035546259775,1.0,2.0,101.36140284877825,3.0,37.0,smoke_vape_shop,1,False,3081.0,553.0,0.0,33.94112549695428,0.0,0.011016269229780681,2269.0,1810.0,0.7977082415160864,0.10504284695207894,True,ACS 2024 5-year,descriptive snapshot; no violation history (kept in retailer_universe)
ea11250a2a,5115 BUTLER ST|15201,42003101100,True,True,OTP Vending,False,-79.95543,40.47879,1307.3246253686593,0.0,0.0,1307.3246253686593,0.0,0.0,205.7267614023295,1.0,9.0,other,1,False,2549.0,425.0,177.0,85.81957818586619,0.06943899568458219,0.03161466241056348,2549.0,447.0,0.1753628874068262,0.06984275993712435,False,ACS 2024 5-year,descriptive snapshot; no violation history (kept in retailer_universe)
7de087f394,3818 BUTLER ST|15201,42003060300,True,True,Cigarette/OTP Retail,True,-79.96391,40.46731,68.68323325045836,2.0,3.0,68.68323325045836,2.0,3.0,123.64167836611395,8.0,40.0,other,1,False,2724.0,329.0,100.0,88.10788840960836,0.03671071953010279,0.032039702102179275,2724.0,305.0,0.1119676945668135,0.04308157090974775,True,ACS 2024 5-year,descriptive snapshot; no violation history (kept in retailer_universe)
48bd609cb9,607 E OHIO ST|15212,42003563202,True,True,Cigarette/OTP Retail,True,-79.99891,40.45382,304.97559402744275,0.0,6.0,494.6172008409965,0.0,5.0,79.70189308920662,2.0,41.0,other,1,False,1934.0,257.0,145.0,58.92367945062494,0.0749741468459152,0.028792245620539128,1934.0,340.0,0.17580144777662876,0.0932932546083585,False,ACS 2024 5-year,descriptive snapshot; no violation history (kept in retailer_universe)
43dc2ad991,3617 CALIFORNIA AVE|15212,42003270100,True,True,Cigarette/OTP Retail,True,-80.04127,40.48068,145.68656860895953,1.0,3.0,145.68656860895953,1.0,1.0,19.560113246942997,2.0,9.0,smoke_vape_shop,1,False,2419.0,345.0,300.0,96.27564593395361,0.12401818933443572,0.03565348509422135,2414.0,134.0,0.05550952775476388,0.03600968750900957,False,ACS 2024 5-year,descriptive snapshot; no violation history (kept in retailer_universe)
332722aef7,2701 PENN AVE|15222,42003020300,True,True,Cigarette/OTP Retail,True,-79.97691,40.45597,900.3469205143084,0.0,1.0,900.3469205143084,0.0,1.0,354.67664727803333,0.0,28.0,bar_restaurant,1,False,1928.0,287.0,55.0,53.71219600798314,0.028526970954356846,0.027533478539593714,1928.0,145.0,0.07520746887966805,0.06491303790944448,True,ACS 2024 5-year,descriptive snapshot; no violation history (kept in retailer_universe)
a3e813339b,1502 LINCOLN AVE STORE FRONT|15206,42003561900,True,True,Cigarette/OTP Retail,True,-79.89594,40.46884,150.42124911987827,1.0,2.0,150.42124911987827,1.0,2.0,319.08636759942215,0.0,15.0,bar_restaurant,1,False,1832.0,453.0,365.0,304.8507831710458,0.19923580786026202,0.1589433494897524,1832.0,737.0,0.40229257641921395,0.20715774995554115,True,ACS 2024 5-year,descriptive snapshot; no violation history (kept in retailer_universe)
2ec9de1597,5744 ELLSWORTH AVE STE 1|15232,42003070500,True,True,OTP Retail,True,-79.93123,40.45569,336.8380481336317,0.0,7.0,336.8380481336317,0.0,2.0,295.8432130559399,1.0,26.0,other,1,False,2989.0,375.0,185.0,97.30878685915265,0.061893609902977584,0.03161599778651511,2978.0,466.0,0.15648085963734049,0.04493802905868551,True,ACS 2024 5-year,descriptive snapshot; no violation history (kept in retailer_universe)
3d9fdf3086,2520 BEDFORD AVE|15219,42003050900,True,True,Cigarette/OTP Retail,True,-79.9722,40.45083,726.5723023411706,0.0,3.0,726.5723023411706,0.0,3.0,191.9083805856697,3.0,58.0,grocery_supermarket,1,False,1545.0,251.0,582.0,190.0815614413981,0.3766990291262136,0.1067294527831066,1545.0,970.0,0.627831715210356,0.10394694668084532,False,ACS 2024 5-year,descriptive snapshot; no violation history (kept in retailer_universe)
407f9d40af,4778 LIBERTY AVE|15224,42003080200,True,True,Cigarette/OTP Retail,True,-79.94741,40.46077,871.9439115982804,0.0,1.0,871.9439115982804,0.0,1.0,225.729366020233,1.0,24.0,other,1,False,1637.0,179.0,101.0,63.198101237299845,0.06169822846670739,0.03801199838307084,1637.0,126.0,0.07697006719609041,0.032526802819848044,True,ACS 2024 5-year,descriptive snapshot; no violation history (kept in retailer_universe)
425d298137,2152 WYLIE AVE|15219,42003050100,True,True,Cigarette/OTP Retail,True,-79.97751,40.44561,342.11949881108586,0.0,2.0,342.11949881108586,0.0,2.0,67.96650117645784,3.0,47.0,gas_convenience,1,False,1746.0,434.0,539.0,282.78260201080263,0.3087056128293242,0.14262874108111637,1741.0,734.0,0.4215967834577829,0.12848961759201105,False,ACS 2024 5-year,descriptive snapshot; no violation history (kept in retailer_universe)
c208fcae63,1712 LOWRIE ST|15212,42003241300,True,True,Cigarette/OTP Retail,True,-79.98257,40.46424,240.60221266878582,1.0,3.0,240.60221266878582,1.0,3.0,142.28561521917513,2.0,31.0,other,1,False,3766.0,522.0,480.0,201.0024875467963,0.12745618693574085,0.050364317972148145,3766.0,543.0,0.14418481147105683,0.06441656531173982,False,ACS 2024 5-year,descriptive snapshot; no violation history (kept in retailer_universe)
97f89afed1,6105 PENN AVE|15206,42003111500,True,True,Cigarette/OTP Retail,True,-79.92347,40.46097,478.5442327181498,0.0,7.0,832.2223721388713,0.0,2.0,259.16624184693615,2.0,37.0,smoke_vape_shop,1,False,3718.0,614.0,354.0,214.28019040499288,0.09521247982786445,0.05544683657020124,3718.0,680.0,0.1828940290478752,0.12053372643020774,True,ACS 2024 5-year,descriptive snapshot; no violation history (kept in retailer_universe)
2972dc4c46,3459 WARD ST|15213,42003040600,True,True,Cigarette/OTP Retail,True,-79.95421,40.43636,783.0118067669938,0.0,3.0,831.5521404844341,0.0,2.0,234.20956146311727,1.0,33.0,gas_convenience,1,False,2337.0,456.0,0.0,33.94112549695428,0.0,0.014523374196386083,2337.0,1828.0,0.7821994009413779,0.11599243691196792,True,ACS 2024 5-year,descriptive snapshot; no violation history (kept in retailer_universe)
7967e3e6de,1371 SAW MILL RUN BLVD|15226,42003562400,True,True,OTP Wholesaler,False,-80.00105,40.4032,607.1754601004774,0.0,3.0,607.1754601004774,0.0,3.0,489.6239307782697,0.0,6.0,other,1,False,2770.0,567.0,835.0,270.6325922722539,0.30144404332129965,0.0757510266479937,2770.0,1240.0,0.44765342960288806,0.20183432818831282,False,ACS 2024 5-year,descriptive snapshot; no violation history (kept in retailer_universe)
8475be0c30,433 MARKET ST FL 2NDFLOOR|15222,42003020100,True,True,Cigarette/OTP Retail,True,-80.00229,40.44108,263.15129999011106,1.0,5.0,263.15129999011106,1.0,5.0,62.22413204144812,10.0,33.0,grocery_supermarket,1,False,4600.0,527.0,73.0,49.57822102496216,0.015869565217391305,0.010623421416431543,3395.0,666.0,0.19617083946980854,0.0495007444791057,True,ACS 2024 5-year,descriptive snapshot; no violation history (kept in retailer_universe)
f01b8b3c12,646 HERRON AVE|15219,42003050600,True,True,Cigarette/OTP Retail,True,-79.96445,40.4524,323.05644145507824,0.0,3.0,323.05644145507824,0.0,1.0,12.926248026548269,1.0,41.0,grocery_supermarket,1,False,1550.0,356.0,283.0,146.34206503941374,0.18258064516129033,0.08459038289524662,1550.0,217.0,0.14,0.05815396121499203,False,ACS 2024 5-year,descriptive snapshot; no violation history (kept in retailer_universe)
c0af0bf200,647 SMITHFIELD ST|15222,42003020100,True,True,Cigarette/OTP Retail,True,-79.9969,40.44272,114.61353330492342,4.0,5.0,114.61353330492342,4.0,5.0,108.98018026939694,7.0,35.0,smoke_vape_shop,1,False,4600.0,527.0,73.0,49.57822102496216,0.015869565217391305,0.010623421416431543,3395.0,666.0,0.19617083946980854,0.0495007444791057,True,ACS 2024 5-year,descriptive snapshot; no violation history (kept in retailer_universe)
6d8e27abe4,5128 PENN AVE|15224,42003101900,True,True,OTP Vending,False,-79.94169,40.46485,594.2792466634339,0.0,2.0,594.2792466634339,0.0,1.0,25.057602543777197,3.0,26.0,bar_restaurant,3,True,2803.0,373.0,718.0,249.92798962901293,0.2561541205850874,0.08239166814529153,2803.0,881.0,0.31430610060649306,0.1274547847064737,False,ACS 2024 5-year,descriptive snapshot; no violation history (kept in retailer_universe)
ec75c7fa09,214 N CRAIG ST|15213,42003562000,True,True,Cigarette/OTP Retail,True,-79.95105,40.45031,215.75235010782214,2.0,9.0,625.8544149489895,0.0,3.0,172.81116008508232,2.0,36.0,other,1,False,2465.0,347.0,143.0,96.46761114488116,0.05801217038539554,0.03827339312096943,2432.0,819.0,0.33675986842105265,0.11539615934408172,True,ACS 2024 5-year,descriptive snapshot; no violation history (kept in retailer_universe)
4e177f6bb4,1160 BROOKLINE BLVD|15226,42003320600,True,True,Cigarette/OTP Retail,True,-80.01365,40.39214,784.1662154584111,0.0,2.0,784.1662154584111,0.0,2.0,298.0581973664097,1.0,16.0,other,1,False,2263.0,371.0,401.0,157.680055809224,0.17719840919133892,0.06333270797554555,2263.0,307.0,0.13566062748563854,0.07360227384488814,False,ACS 2024 5-year,descriptive snapshot; no violation history (kept in retailer_universe)
39bc1fe0e0,4055 LIBERTY AVE|15224,42003090300,True,True,OTP Retail,True,-79.95497,40.46321,181.82630941290407,1.0,3.0,181.82630941290407,1.0,3.0,96.09870649286336,7.0,29.0,other,1,False,1384.0,387.0,171.0,162.53614982520043,0.12355491329479769,0.11224253171934044,1373.0,136.0,0.09905316824471959,0.04316795111868753,True,ACS 2024 5-year,descriptive snapshot; no violation history (kept in retailer_universe)
aad0d79686,2140 WYLIE AVE|15219,42003050100,True,True,Cigarette/OTP Retail,True,-79.97796,40.44541,366.26992298787803,0.0,2.0,366.26992298787803,0.0,2.0,94.62461839586527,2.0,48.0,other,1,False,1746.0,434.0,539.0,282.78260201080263,0.3087056128293242,0.14262874108111637,1741.0,734.0,0.4215967834577829,0.12848961759201105,False,ACS 2024 5-year,descriptive snapshot; no violation history (kept in retailer_universe)
2dd567c586,4073 BEECHWOOD BLVD|15217,42003151700,True,True,Cigarette/OTP Retail,True,-79.93879,40.42712,469.2577496835541,0.0,1.0,469.2577496835541,0.0,1.0,185.96669299268515,4.0,48.0,other,1,False,4169.0,649.0,429.0,133.63382805263043,0.10290237467018469,0.027764330443750523,4169.0,508.0,0.12185176301271287,0.08399651745585011,False,ACS 2024 5-year,descriptive snapshot; no violation history (kept in retailer_universe)
c5eded5bfa,808 LIBERTY AVE|15222,42003020100,True,True,Cigarette/OTP Retail,True,-79.99886,40.44272,168.66369386578648,4.0,5.0,168.66369386578648,4.0,5.0,130.81828480014082,9.0,32.0,other,1,False,4600.0,527.0,73.0,49.57822102496216,0.015869565217391305,0.010623421416431543,3395.0,666.0,0.19617083946980854,0.0495007444791057,True,ACS 2024 5-year,descriptive snapshot; no violation history (kept in retailer_universe)
5e8c388e1d,1406 E CARSON ST|15203,42003170200,True,True,Cigarette/OTP Retail,True,-79.98382,40.42885,488.2786321763009,0.0,2.0,488.2786321763009,0.0,2.0,163.67233354789488,9.0,39.0,smoke_vape_shop,1,False,3732.0,606.0,300.0,183.24300805214915,0.08038585209003216,0.04733367251793585,3732.0,559.0,0.1497856377277599,0.09168404537105829,True,ACS 2024 5-year,descriptive snapshot; no violation history (kept in retailer_universe)
29e358b4d1,707 E WARRINGTON AVE|15210,42003180300,True,True,OTP Retail,True,-79.99543,40.42178,385.763413497402,0.0,1.0,385.763413497402,0.0,1.0,158.2042715131827,1.0,15.0,grocery_supermarket,2,False,1837.0,339.0,267.0,123.30855606972291,0.14534567229178008,0.06153321031019651,1837.0,453.0,0.24659771366358194,0.08058012410090297,False,ACS 2024 5-year,descriptive snapshot; no violation history (kept in retailer_universe)
d0ee4894dd,707 E WARRINGTON AVE|15210,42003180300,True,True,Cigarette Retail,True,-79.99543,40.42178,385.763413497402,0.0,1.0,385.763413497402,0.0,1.0,158.2042715131827,1.0,15.0,grocery_supermarket,2,False,1837.0,339.0,267.0,123.30855606972291,0.14534567229178008,0.06153321031019651,1837.0,453.0,0.24659771366358194,0.08058012410090297,False,ACS 2024 5-year,descriptive snapshot; no violation history (kept in retailer_universe)
43e0223e79,1205 E CARSON ST STE 1|15203,42003170200,True,True,OTP Retail,True,-79.98612,40.42877,678.7731841067992,0.0,2.0,678.7731841067992,0.0,2.0,22.724538689950975,9.0,34.0,bar_restaurant,1,False,3732.0,606.0,300.0,183.24300805214915,0.08038585209003216,0.04733367251793585,3732.0,559.0,0.1497856377277599,0.09168404537105829,True,ACS 2024 5-year,descriptive snapshot; no violation history (kept in retailer_universe)
9d0e4f3680,219 ATWOOD ST|15213,42003040500,True,True,Cigarette/OTP Retail,True,-79.95703,40.4406,308.67480842165173,0.0,5.0,308.67480842165173,0.0,2.0,188.09885857477266,1.0,33.0,other,1,False,3081.0,553.0,0.0,33.94112549695428,0.0,0.011016269229780681,2269.0,1810.0,0.7977082415160864,0.10504284695207894,True,ACS 2024 5-year,descriptive snapshot; no violation history (kept in retailer_universe)
af526f5b4c,314 N CRAIG ST|15213,42003562000,True,True,Cigarette/OTP Retail,True,-79.95231,40.45235,370.5068305254752,0.0,6.0,862.8522393793902,0.0,2.0,245.6070613933493,2.0,28.0,other,1,False,2465.0,347.0,143.0,96.46761114488116,0.05801217038539554,0.03827339312096943,2432.0,819.0,0.33675986842105265,0.11539615934408172,True,ACS 2024 5-year,descriptive snapshot; no violation history (kept in retailer_universe)
b7bdffb651,271 N SHORE DR|15212,42003981200,True,True,OTP Retail,True,-80.00871,40.44639,699.3834118453253,0.0,5.0,699.3834118453253,0.0,5.0,178.34442654436447,5.0,42.0,bar_restaurant,1,False,0.0,12.0,0.0,33.94112549695428,,,0.0,0.0,,,False,ACS 2024 5-year,descriptive snapshot; no violation history (kept in retailer_universe)
2f7a39a0e1,208 6TH ST|15222,42003020100,True,True,Cigarette Retail,True,-80.002,40.44235,365.82381422307566,0.0,5.0,365.82381422307566,0.0,5.0,80.93874796937682,7.0,32.0,other,1,False,4600.0,527.0,73.0,49.57822102496216,0.015869565217391305,0.010623421416431543,3395.0,666.0,0.19617083946980854,0.0495007444791057,True,ACS 2024 5-year,descriptive snapshot; no violation history (kept in retailer_universe)
8b63a479c2,6680 FRANKSTOWN AVE|15206,42003120900,True,True,Cigarette/OTP Retail,True,-79.90852,40.45866,306.2041244290645,0.0,4.0,306.2041244290645,0.0,3.0,275.84837793117293,2.0,33.0,other,1,False,1473.0,303.0,316.0,112.39661916623649,0.21452817379497624,0.062249628871929655,1311.0,430.0,0.32799389778794813,0.0975852871785615,False,ACS 2024 5-year,descriptive snapshot; no violation history (kept in retailer_universe)
742f836ed5,310 N CRAIG ST|15213,42003562000,True,True,Cigarette Retail,True,-79.95226,40.45227,363.65660092011564,0.0,6.0,853.4060576898114,0.0,2.0,238.89802615616563,2.0,28.0,other,2,False,2465.0,347.0,143.0,96.46761114488116,0.05801217038539554,0.03827339312096943,2432.0,819.0,0.33675986842105265,0.11539615934408172,True,ACS 2024 5-year,descriptive snapshot; no violation history (kept in retailer_universe)
761791b1ea,1665 BROADWAY AVE|15216,42003192000,True,True,Cigarette/OTP Retail,True,-80.02466,40.40885,721.3346998279625,0.0,1.0,721.3346998279625,0.0,1.0,321.2645618480525,0.0,29.0,smoke_vape_shop,1,False,3212.0,574.0,456.0,168.9733706830754,0.14196762141967623,0.04608507229541386,3212.0,329.0,0.10242839352428394,0.043301278663708635,False,ACS 2024 5-year,descriptive snapshot; no violation history (kept in retailer_universe)
65de38d620,820 PENNSYLVANIA AVE|15233,42003565200,True,True,Cigarette/OTP Retail,True,-80.01611,40.45621,429.83685949216033,0.0,7.0,429.83685949216033,0.0,7.0,107.99033205974777,2.0,38.0,other,1,False,2739.0,654.0,418.0,152.6925014530838,0.15261044176706828,0.04218963814209967,2739.0,277.0,0.10113179992698065,0.02977380078357734,False,ACS 2024 5-year,descriptive snapshot; no violation history (kept in retailer_universe)
bb15328b48,310 N CRAIG ST|15213,42003562000,True,True,OTP Retail,True,-79.95226,40.45227,363.65660092011564,0.0,6.0,853.4060576898114,0.0,2.0,238.89802615616563,2.0,28.0,other,2,False,2465.0,347.0,143.0,96.46761114488116,0.05801217038539554,0.03827339312096943,2432.0,819.0,0.33675986842105265,0.11539615934408172,True,ACS 2024 5-year,descriptive snapshot; no violation history (kept in retailer_universe)
8bdffcf068,4010 PENN AVE|15224,42003090300,True,True,Cigarette/OTP Retail,True,-79.95753,40.46524,207.4863366232184,1.0,3.0,207.4863366232184,1.0,3.0,276.68559136672184,6.0,32.0,other,1,False,1384.0,387.0,171.0,162.53614982520043,0.12355491329479769,0.11224253171934044,1373.0,136.0,0.09905316824471959,0.04316795111868753,True,ACS 2024 5-year,descriptive snapshot; no violation history (kept in retailer_universe)
354ac58ced,449 ATWOOD ST|15213,42003040600,True,True,Cigarette/OTP Retail,True,-79.95272,40.43716,810.9295738926644,0.0,3.0,810.9295738926644,0.0,2.0,93.68639600346879,5.0,40.0,other,1,False,2337.0,456.0,0.0,33.94112549695428,0.0,0.014523374196386083,2337.0,1828.0,0.7821994009413779,0.11599243691196792,True,ACS 2024 5-year,descriptive snapshot; no violation history (kept in retailer_universe)
759b3734bf,812 E WARRINGTON AVE|15210,42003180300,True,True,Cigarette/OTP Retail,True,-79.99319,40.42182,301.68375924138155,0.0,1.0,301.68375924138155,0.0,1.0,34.6275282056516,1.0,27.0,other,1,False,1837.0,339.0,267.0,123.30855606972291,0.14534567229178008,0.06153321031019651,1837.0,453.0,0.24659771366358194,0.08058012410090297,False,ACS 2024 5-year,descriptive snapshot; no violation history (kept in retailer_universe)
f1f379d1cf,223 ATWOOD ST|15213,42003040500,True,True,Cigarette/OTP Retail,True,-79.95696,40.44054,316.5890307587399,0.0,5.0,316.5890307587399,0.0,2.0,190.40437638909108,1.0,32.0,other,1,False,3081.0,553.0,0.0,33.94112549695428,0.0,0.011016269229780681,2269.0,1810.0,0.7977082415160864,0.10504284695207894,True,ACS 2024 5-year,descriptive snapshot; no violation history (kept in retailer_universe)
265a10ead6,808 LIBERTY AVE STE 2|15222,42003020100,True,True,Cigarette/OTP Retail,True,-79.99886,40.44272,168.66369386578648,4.0,5.0,168.66369386578648,4.0,5.0,130.81828480014082,9.0,32.0,smoke_vape_shop,1,False,4600.0,527.0,73.0,49.57822102496216,0.015869565217391305,0.010623421416431543,3395.0,666.0,0.19617083946980854,0.0495007444791057,True,ACS 2024 5-year,descriptive snapshot; no violation history (kept in retailer_universe)
486a797ebf,4053 BUTLER ST|15201,42003090100,True,True,OTP Vending,False,-79.96153,40.46933,140.099108164023,2.0,3.0,140.099108164023,2.0,3.0,184.0999154889105,5.0,28.0,bar_restaurant,3,True,2019.0,305.0,87.0,52.820450584977024,0.04309063893016345,0.02533891520193912,2008.0,177.0,0.08814741035856574,0.05412429889470475,True,ACS 2024 5-year,descriptive snapshot; no violation history (kept in retailer_universe)
f29849a0c3,620 BROOKLINE BLVD|15226,42003191900,True,True,OTP Retail,True,-80.02181,40.39508,268.32646892486537,1.0,2.0,268.32646892486537,1.0,1.0,82.15246537947903,3.0,17.0,other,1,False,2320.0,265.0,306.0,124.23767544509194,0.13189655172413794,0.05138776529717159,2320.0,342.0,0.14741379310344827,0.10948865779336783,False,ACS 2024 5-year,descriptive snapshot; no violation history (kept in retailer_universe)
8ef4d77581,1205 E CARSON ST STE 1|15203,42003170200,True,True,Cigarette/OTP Retail,True,-79.98612,40.42877,678.7731841067992,0.0,2.0,678.7731841067992,0.0,2.0,22.724538689950975,9.0,34.0,gas_convenience,1,False,3732.0,606.0,300.0,183.24300805214915,0.08038585209003216,0.04733367251793585,3732.0,559.0,0.1497856377277599,0.09168404537105829,True,ACS 2024 5-year,descriptive snapshot; no violation history (kept in retailer_universe)
a06aadf6be,3038 CHARTIERS AVE|15204,42003202200,True,True,Cigarette Retail,True,-80.0597,40.45394,333.11881983352214,0.0,1.0,333.11881983352214,0.0,1.0,288.7784353111428,2.0,22.0,grocery_supermarket,1,False,2527.0,569.0,363.0,148.2025640803829,0.14364859517214087,0.048921770098004365,2527.0,605.0,0.23941432528690146,0.10041333675727768,False,ACS 2024 5-year,descriptive snapshot; no violation history (kept in retailer_universe)
633881a701,4421 BUTLER ST|15201,42003090200,True,True,OTP Vending,False,-79.95934,40.47207,491.2525944988292,0.0,3.0,491.2525944988292,0.0,3.0,123.65690117326106,6.0,22.0,other,3,True,2635.0,277.0,195.0,61.28621378417825,0.07400379506641366,0.021918895188747206,2367.0,290.0,0.12251795521757498,0.07339078909322094,False,ACS 2024 5-year,descriptive snapshot; no violation history (kept in retailer_universe)
34108c1b94,226 MEYRAN AVE|15213,42003040500,True,True,Cigarette/OTP Retail,True,-79.95739,40.43981,389.8300755873311,0.0,4.0,389.8300755873311,0.0,2.0,278.71190784100634,1.0,31.0,grocery_supermarket,1,False,3081.0,553.0,0.0,33.94112549695428,0.0,0.011016269229780681,2269.0,1810.0,0.7977082415160864,0.10504284695207894,True,ACS 2024 5-year,descriptive snapshot; no violation history (kept in retailer_universe)
8c7d1fc30f,4053 MINTWOOD ST|15224,42003090300,True,True,Cigarette Vending,False,-79.95568,40.46477,193.9717087262572,1.0,3.0,193.9717087262572,1.0,3.0,279.22279540066853,2.0,33.0,other,1,False,1384.0,387.0,171.0,162.53614982520043,0.12355491329479769,0.11224253171934044,1373.0,136.0,0.09905316824471959,0.04316795111868753,True,ACS 2024 5-year,descriptive snapshot; no violation history (kept in retailer_universe)
83b17603a4,355 5TH AVE|15222,42003020100,True,True,Cigarette/OTP Retail,True,-79.99896,40.44019,412.92685770770345,0.0,5.0,412.92685770770345,0.0,5.0,73.2701228787558,10.0,34.0,gas_convenience,1,False,4600.0,527.0,73.0,49.57822102496216,0.015869565217391305,0.010623421416431543,3395.0,666.0,0.19617083946980854,0.0495007444791057,True,ACS 2024 5-year,descriptive snapshot; no violation history (kept in retailer_universe)
459b0738d9,925 E CARSON ST|15203,42003170200,True,True,Cigarette/OTP Retail,True,-79.98893,40.42871,561.5553843946783,0.0,2.0,561.5553843946783,0.0,2.0,173.43995703062296,10.0,30.0,other,5,True,3732.0,606.0,300.0,183.24300805214915,0.08038585209003216,0.04733367251793585,3732.0,559.0,0.1497856377277599,0.09168404537105829,True,ACS 2024 5-year,descriptive snapshot; no violation history (kept in retailer_universe)
3af07242d0,20 BAILEY AVE|15211,42003180700,True,False,Cigarette/OTP Retail,True,-80.00476,40.42687,1064.6112220099662,0.0,0.0,1064.6112220099662,0.0,0.0,367.7652820251888,0.0,20.0,other,5,True,2396.0,414.0,254.0,118.32159566199232,0.10601001669449082,0.04586017680181651,2396.0,585.0,0.24415692821368948,0.1585051778994002,False,ACS 2024 5-year,descriptive snapshot; no violation history (kept in retailer_universe)
71c9a4e88e,1709 SAW MILL RUN BLVD|15210,42003290100,True,True,Cigarette/OTP Retail,True,-79.99759,40.39572,776.5402474873442,0.0,2.0,776.5402474873442,0.0,2.0,385.50144803443726,0.0,13.0,other,5,True,1764.0,420.0,407.0,150.22649566571138,0.23072562358276644,0.06507548144769411,1764.0,279.0,0.15816326530612246,0.07433925936069183,False,ACS 2024 5-year,descriptive snapshot; no violation history (kept in retailer_universe)
f40e1969f9,4071 BEECHWOOD BLVD|15217,42003151700,True,True,Cigarette/OTP Retail,True,-79.9383,40.42678,498.2003027350042,0.0,1.0,498.2003027350042,0.0,1.0,131.0770080152559,5.0,47.0,other,5,True,4169.0,649.0,429.0,133.63382805263043,0.10290237467018469,0.027764330443750523,4169.0,508.0,0.12185176301271287,0.08399651745585011,False,ACS 2024 5-year,descriptive snapshot; no violation history (kept in retailer_universe)
cf723e21a3,2401 E CARSON ST|15203,42003160900,True,True,Cigarette/OTP Retail,True,-79.97087,40.42815,622.4393858864429,0.0,1.0,622.4393858864429,0.0,1.0,45.6830955146964,3.0,25.0,other,5,True,3603.0,482.0,135.0,102.11757928975794,0.03746877601998335,0.027895615099723044,3603.0,851.0,0.23619206217041355,0.07913162063122248,True,ACS 2024 5-year,descriptive snapshot; no violation history (kept in retailer_universe)
5f87a88cdb,2401 ARLINGTON AVE|15210,42003160800,True,True,Cigarette/OTP Retail,True,-79.97277,40.41747,246.90240725845965,1.0,1.0,246.90240725845965,1.0,1.0,94.33754684919366,8.0,29.0,other,1,False,2384.0,553.0,237.0,147.35671006099452,0.09941275167785235,0.05734801657274194,2384.0,385.0,0.16149328859060402,0.05968839775717271,True,ACS 2024 5-year,descriptive snapshot; no violation history (kept in retailer_universe)
9fe4c5bfe4,2061 W LIBERTY AVE|15226,42003191700,True,True,Cigarette/OTP Retail,True,-80.02091,40.40273,926.3429638135697,0.0,2.0,926.3429638135697,0.0,2.0,458.39329916887056,0.0,27.0,other,1,False,3193.0,690.0,656.0,181.71130949943648,0.2054494206075791,0.03560278706320685,3192.0,433.0,0.13565162907268172,0.11408633345837127,False,ACS 2024 5-year,descriptive snapshot; no violation history (kept in retailer_universe)
70b6c0b668,87 STATION ST|15219,42003980700,True,True,Cigarette Vending,False,-80.00609,40.43435,637.7506193326377,0.0,1.0,637.7506193326377,0.0,1.0,201.50887087771247,1.0,23.0,other,7,True,167.0,54.0,14.0,32.93933818400121,0.08383233532934131,0.19536993881382908,167.0,4.0,0.023952095808383235,0.041194420205831,True,ACS 2024 5-year,descriptive snapshot; no violation history (kept in retailer_universe)
2570783591,2546 LIBRARY RD|15234,42003320700,True,True,Cigarette/OTP Retail,True,-79.99892,40.38124,956.5704917221217,0.0,1.0,956.5704917221217,0.0,1.0,849.4609682927809,0.0,3.0,other,1,False,1754.0,300.0,363.0,102.44510725261603,0.20695553021664767,0.046458215105475764,1754.0,55.0,0.03135689851767389,0.01922013689341374,False,ACS 2024 5-year,descriptive snapshot; no violation history (kept in retailer_universe)
73c0635e9e,3349 LIBERTY AVE|15201,42003060300,True,True,Cigarette/OTP Retail,True,-79.96646,40.46165,688.8715498355277,0.0,3.0,688.8715498355277,0.0,3.0,267.2095293853039,1.0,38.0,gas_convenience,1,False,2724.0,329.0,100.0,88.10788840960836,0.03671071953010279,0.032039702102179275,2724.0,305.0,0.1119676945668135,0.04308157090974775,True,ACS 2024 5-year,descriptive snapshot; no violation history (kept in retailer_universe)
5d4179f36f,1 VIRGINIA AVE|15211,42003191400,True,True,Cigarette Retail,True,-80.0069,40.42923,1210.2195481437006,0.0,0.0,1210.2195481437006,0.0,0.0,49.07946931731111,2.0,28.0,other,2,False,2486.0,339.0,207.0,93.69631796394135,0.083266291230893,0.03593856661473499,2486.0,415.0,0.166934835076428,0.06277392613309274,False,ACS 2024 5-year,descriptive snapshot; no violation history (kept in retailer_universe)
f13a807541,718 LORENZ AVE|15220,42003562600,True,True,Cigarette Vending,False,-80.0394,40.44479,978.1630012939397,0.0,1.0,978.1630012939397,0.0,1.0,187.7217658860827,3.0,22.0,bar_restaurant,3,True,2639.0,530.0,430.0,202.50432094155423,0.16294050776809396,0.06940779735610321,2639.0,304.0,0.1151951496779083,0.048160794452683266,False,ACS 2024 5-year,descriptive snapshot; no violation history (kept in retailer_universe)
163efde142,967 LIBERTY AVE|15222,42003020100,True,True,Cigarette/OTP Retail,True,-79.99553,40.44357,151.32948338281068,3.0,5.0,151.32948338281068,3.0,5.0,80.71808415489119,3.0,37.0,other,1,False,4600.0,527.0,73.0,49.57822102496216,0.015869565217391305,0.010623421416431543,3395.0,666.0,0.19617083946980854,0.0495007444791057,True,ACS 2024 5-year,descriptive snapshot; no violation history (kept in retailer_universe)
1d1a7f5816,2417 BROWNSVILLE RD|15210,42003290400,True,True,Cigarette/OTP Retail,True,-79.98228,40.38699,204.22155659734315,1.0,2.0,204.22155659734315,1.0,2.0,659.500218506942,0.0,7.0,dollar_discount,10,True,3552.0,534.0,439.0,200.70874420413278,0.12359234234234234,0.053363574367280606,3519.0,401.0,0.11395282750781471,0.06311845725900488,False,ACS 2024 5-year,descriptive snapshot; no violation history (kept in retailer_universe)
0a83d17002,1727 PENN AVE|15222,42003020300,True,True,Cigarette Retail,True,-79.98531,40.4502,456.1109698262522,0.0,2.0,456.1109698262522,0.0,2.0,376.83394763652205,0.0,27.0,other,1,False,1928.0,287.0,55.0,53.71219600798314,0.028526970954356846,0.027533478539593714,1928.0,145.0,0.07520746887966805,0.06491303790944448,True,ACS 2024 5-year,descriptive snapshot; no violation history (kept in retailer_universe)
8558066346,1929 MURRAY AVE|15217,42003141300,True,True,Cigarette/OTP Retail,True,-79.9229,40.43513,267.8753061606575,1.0,8.0,674.923597437055,0.0,2.0,168.6282375817273,3.0,30.0,smoke_vape_shop,1,False,4717.0,514.0,437.0,193.225257148231,0.0926436294254823,0.03970017246299938,4457.0,1128.0,0.25308503477675565,0.09897874654045584,False,ACS 2024 5-year,descriptive snapshot; no violation history (kept in retailer_universe)
ae728091d4,1605 5TH AVE|15219,42003030500,True,True,OTP Retail,True,-79.9835,40.4385,991.4962439465398,0.0,1.0,991.4962439465398,0.0,1.0,227.05360671668063,1.0,31.0,other,3,True,2978.0,498.0,447.0,200.61405733397646,0.15010073875083949,0.06251433837032035,2970.0,1028.0,0.3461279461279461,0.15547301510112074,False,ACS 2024 5-year,descriptive snapshot; no violation history (kept in retailer_universe)
8e42755e9c,2122 BROWNSVILLE RD STE C|15210,42003290100,True,True,Cigarette/OTP Retail,True,-79.9869,40.39219,235.71311127616542,1.0,3.0,235.71311127616542,1.0,3.0,226.88707927162548,1.0,15.0,other,1,False,1764.0,420.0,407.0,150.22649566571138,0.23072562358276644,0.06507548144769411,1764.0,279.0,0.15816326530612246,0.07433925936069183,False,ACS 2024 5-year,descriptive snapshot; no violation history (kept in retailer_universe)
0d23b8bca8,2300 E CARSON ST|15203,42003160900,True,True,Cigarette Vending,False,-79.9729,40.42832,452.0212057296588,0.0,1.0,452.0212057296588,0.0,1.0,120.49196514319071,9.0,28.0,other,3,True,3603.0,482.0,135.0,102.11757928975794,0.03746877601998335,0.027895615099723044,3603.0,851.0,0.23619206217041355,0.07913162063122248,True,ACS 2024 5-year,descriptive snapshot; no violation history (kept in retailer_universe)
57280e1139,2103 NOBLESTOWN RD|15205,42003563100,True,True,Cigarette/OTP Retail,True,-80.05178,40.43037,179.36924027727625,1.0,2.0,179.36924027727625,1.0,1.0,125.41112386316112,5.0,13.0,grocery_supermarket,11,True,3647.0,675.0,727.0,278.3217562462554,0.19934192486975597,0.06680406714191577,3647.0,114.0,0.03125856868659172,0.028203510218541474,False,ACS 2024 5-year,descriptive snapshot; no violation history (kept in retailer_universe)
0351df3abb,2121 NOBLESTOWN RD STE 222|15205,42003563100,True,True,Cigarette Retail,True,-80.05229,40.42947,288.0170216159102,1.0,2.0,288.0170216159102,1.0,1.0,200.93379138166716,5.0,10.0,other,2,False,3647.0,675.0,727.0,278.3217562462554,0.19934192486975597,0.06680406714191577,3647.0,114.0,0.03125856868659172,0.028203510218541474,False,ACS 2024 5-year,descriptive snapshot; no violation history (kept in retailer_universe)
ec49270649,125 VIRGINIA AVE|15211,42003191400,True,False,Cigarette/OTP Retail,True,-80.00777,40.42968,1172.7894855316772,0.0,0.0,1172.7894855316772,0.0,0.0,48.476756098858466,2.0,28.0,grocery_supermarket,1,False,2486.0,339.0,207.0,93.69631796394135,0.083266291230893,0.03593856661473499,2486.0,415.0,0.166934835076428,0.06277392613309274,False,ACS 2024 5-year,descriptive snapshot; no violation history (kept in retailer_universe)
eba03f5fc6,3806 ACORN ST|15207,42003151600,True,True,Cigarette Vending,False,-79.94986,40.42659,506.8556799853978,0.0,1.0,506.8556799853978,0.0,1.0,19.538381511618756,3.0,44.0,bar_restaurant,10,True,2413.0,325.0,273.0,89.83874442577657,0.11313717364276833,0.03396995176163521,2413.0,180.0,0.07459593866556154,0.04785853982854276,False,ACS 2024 5-year,descriptive snapshot; no violation history (kept in retailer_universe)
ee5e1ef71d,1926 BROWNSVILLE RD|15210,42003290200,True,True,Cigarette/OTP Retail,True,-79.9868,40.39522,346.62968753073244,0.0,3.0,346.62968753073244,0.0,3.0,454.4599074441644,0.0,15.0,other,1,False,3840.0,465.0,514.0,174.0258601472781,0.13385416666666666,0.042321442219257294,3840.0,851.0,0.22161458333333334,0.07916903800063683,False,ACS 2024 5-year,descriptive snapshot; no violation history (kept in retailer_universe)
2eda779538,1635 W CARSON ST|15219,42003980700,True,True,Cigarette Vending,False,-80.02338,40.44233,785.0452882673903,0.0,1.0,785.0452882673903,0.0,1.0,441.13857225407446,0.0,13.0,other,4,True,167.0,54.0,14.0,32.93933818400121,0.08383233532934131,0.19536993881382908,167.0,4.0,0.023952095808383235,0.041194420205831,True,ACS 2024 5-year,descriptive snapshot; no violation history (kept in retailer_universe)
dcb4cb146a,450 56TH ST|15201,42003101100,True,True,Cigarette/OTP Retail,True,-79.94844,40.48355,1280.344861291154,0.0,0.0,1280.344861291154,0.0,0.0,295.30039053451213,1.0,7.0,dollar_discount,8,True,2549.0,425.0,177.0,85.81957818586619,0.06943899568458219,0.03161466241056348,2549.0,447.0,0.1753628874068262,0.06984275993712435,False,ACS 2024 5-year,descriptive snapshot; no violation history (kept in retailer_universe)
7a8549e80d,116 OAKLAND AVE|15213,42003040500,True,True,OTP Vending,False,-79.95734,40.44187,165.69656868695583,1.0,6.0,165.69656868695583,1.0,3.0,133.87378829636532,3.0,43.0,other,15,True,3081.0,553.0,0.0,33.94112549695428,0.0,0.011016269229780681,2269.0,1810.0,0.7977082415160864,0.10504284695207894,True,ACS 2024 5-year,descriptive snapshot; no violation history (kept in retailer_universe)
39a1f5a606,4061 PERRYSVILLE AVE|15214,42003260200,True,True,Cigarette/OTP Retail,True,-80.02151,40.49244,482.441907604492,0.0,1.0,482.441907604492,0.0,1.0,261.67693491681905,2.0,9.0,other,1,False,2117.0,281.0,455.0,133.83945606584032,0.21492678318375058,0.05641866993281558,2095.0,419.0,0.2,0.08011497709949757,False,ACS 2024 5-year,descriptive snapshot; no violation history (kept in retailer_universe)
5287640ab6,3245 BRIGHTON RD|15212,42003271600,True,True,Cigarette Retail,True,-80.03172,40.47642,791.8716340415126,0.0,1.0,791.8716340415126,0.0,1.0,54.9431606777534,3.0,13.0,grocery_supermarket,2,False,4472.0,511.0,1037.0,283.26842393743783,0.23188729874776387,0.057534381064102906,4472.0,1386.0,0.3099284436493739,0.0905960362466824,False,ACS 2024 5-year,descriptive snapshot; no violation history (kept in retailer_universe)
f71f3398ee,411 WOOD ST|15222,42003020100,True,True,Cigarette/OTP Retail,True,-80.00115,40.43967,335.8924786584218,0.0,5.0,335.8924786584218,0.0,5.0,24.411985938591567,7.0,33.0,other,1,False,4600.0,527.0,73.0,49.57822102496216,0.015869565217391305,0.010623421416431543,3395.0,666.0,0.19617083946980854,0.0495007444791057,True,ACS 2024 5-year,descriptive snapshot; no violation history (kept in retailer_universe)
12b92f7cc6,2531 PENN AVE|15222,42003020300,True,True,OTP Retail,True,-79.97936,40.45429,796.8932908543618,0.0,2.0,796.8932908543618,0.0,2.0,367.6330453362853,0.0,34.0,other,2,False,1928.0,287.0,55.0,53.71219600798314,0.028526970954356846,0.027533478539593714,1928.0,145.0,0.07520746887966805,0.06491303790944448,True,ACS 2024 5-year,descriptive snapshot; no violation history (kept in retailer_universe)
6016573194,27 BAILEY AVE|15211,42003180700,True,True,Cigarette Vending,False,-80.00424,40.427,1025.7326374755576,0.0,0.0,1025.7326374755576,0.0,0.0,383.35133351810356,0.0,18.0,other,1,False,2396.0,414.0,254.0,118.32159566199232,0.10601001669449082,0.04586017680181651,2396.0,585.0,0.24415692821368948,0.1585051778994002,False,ACS 2024 5-year,descriptive snapshot; no violation history (kept in retailer_universe)
522cb3f569,4776 LIBERTY AVE|15224,42003080200,True,True,Cigarette/OTP Retail,True,-79.94749,40.46081,864.0673628203332,0.0,1.0,864.0673628203332,0.0,1.0,225.0620523137244,1.0,23.0,smoke_vape_shop,1,False,1637.0,179.0,101.0,63.198101237299845,0.06169822846670739,0.03801199838307084,1637.0,126.0,0.07697006719609041,0.032526802819848044,True,ACS 2024 5-year,descriptive snapshot; no violation history (kept in retailer_universe)
3d0223e20e,1860 CENTRE AVE|15219,42003030500,True,True,OTP Retail,True,-79.98093,40.44253,531.7149731526864,0.0,2.0,531.7149731526864,0.0,2.0,85.68282128027795,5.0,41.0,grocery_supermarket,2,False,2978.0,498.0,447.0,200.61405733397646,0.15010073875083949,0.06251433837032035,2970.0,1028.0,0.3461279461279461,0.15547301510112074,False,ACS 2024 5-year,descriptive snapshot; no violation history (kept in retailer_universe)
4351151b94,4201 PENN AVE|15224,42003090200,True,True,Cigarette/OTP Retail,True,-79.95437,40.46584,356.2926292618593,0.0,3.0,356.2926292618593,0.0,3.0,245.2621682208748,2.0,33.0,other,1,False,2635.0,277.0,195.0,61.28621378417825,0.07400379506641366,0.021918895188747206,2367.0,290.0,0.12251795521757498,0.07339078909322094,False,ACS 2024 5-year,descriptive snapshot; no violation history (kept in retailer_universe)
a12fd031de,4101 PENN AVE|15224,42003090300,True,True,Cigarette/OTP Retail,True,-79.95512,40.46566,301.8688371401454,0.0,3.0,301.8688371401454,0.0,3.0,308.4581648406931,0.0,33.0,other,1,False,1384.0,387.0,171.0,162.53614982520043,0.12355491329479769,0.11224253171934044,1373.0,136.0,0.09905316824471959,0.04316795111868753,True,ACS 2024 5-year,descriptive snapshot; no violation history (kept in retailer_universe)
f303445dd6,403 SEMPLE ST|15213,42003040600,True,True,OTP Retail,True,-79.95482,40.43699,707.7139823431397,0.0,3.0,747.597566677641,0.0,2.0,271.7137895905765,1.0,30.0,other,15,True,2337.0,456.0,0.0,33.94112549695428,0.0,0.014523374196386083,2337.0,1828.0,0.7821994009413779,0.11599243691196792,True,ACS 2024 5-year,descriptive snapshot; no violation history (kept in retailer_universe)
6fe4308878,1728 E CARSON ST FL 1|15203,42003170200,True,True,Cigarette/OTP Retail,True,-79.98103,40.42879,259.6083121709745,1.0,1.0,259.6083121709745,1.0,1.0,91.72236248715407,2.0,36.0,other,1,False,3732.0,606.0,300.0,183.24300805214915,0.08038585209003216,0.04733367251793585,3732.0,559.0,0.1497856377277599,0.09168404537105829,True,ACS 2024 5-year,descriptive snapshot; no violation history (kept in retailer_universe)
9678b7e121,6320 SHAKESPEARE ST STE 1|15206,42003070800,True,True,Cigarette/OTP Retail,True,-79.92127,40.45873,290.24523624374,2.0,6.0,833.9401638037389,0.0,1.0,263.7088457098662,1.0,39.0,grocery_supermarket,11,True,2618.0,370.0,242.0,93.95211546314431,0.09243697478991597,0.03342463168583292,2618.0,283.0,0.10809778456837281,0.03542521917776208,False,ACS 2024 5-year,descriptive snapshot; no violation history (kept in retailer_universe)
dd87bb838d,4067 PENN AVE|15224,42003090300,True,True,Cigarette Retail,True,-79.95545,40.46561,282.4166027679511,1.0,3.0,282.4166027679511,1.0,3.0,328.2638247271022,0.0,33.0,other,2,False,1384.0,387.0,171.0,162.53614982520043,0.12355491329479769,0.11224253171934044,1373.0,136.0,0.09905316824471959,0.04316795111868753,True,ACS 2024 5-year,descriptive snapshot; no violation history (kept in retailer_universe)
d8fa868adc,450 S MAIN ST|15220,42003562600,True,True,Cigarette Vending,False,-80.03457,40.44103,1421.8964504856867,0.0,0.0,1421.8964504856867,0.0,0.0,74.14634736255708,6.0,27.0,bar_restaurant,10,True,2639.0,530.0,430.0,202.50432094155423,0.16294050776809396,0.06940779735610321,2639.0,304.0,0.1151951496779083,0.048160794452683266,False,ACS 2024 5-year,descriptive snapshot; no violation history (kept in retailer_universe)
b43d54f8b1,418 WOOD ST|15222,42003020100,True,True,Cigarette/OTP Retail,True,-80.00098,40.4399,348.1110199886308,0.0,5.0,348.1110199886308,0.0,5.0,20.845529229581505,7.0,33.0,other,1,False,4600.0,527.0,73.0,49.57822102496216,0.015869565217391305,0.010623421416431543,3395.0,666.0,0.19617083946980854,0.0495007444791057,True,ACS 2024 5-year,descriptive snapshot; no violation history (kept in retailer_universe)
6ec7a8517b,81 LAFFERTY AVE|15210,42003562400,True,True,OTP Retail,True,-80.00682,40.41793,959.9252911292785,0.0,2.0,959.9252911292785,0.0,2.0,489.4714329066082,0.0,24.0,other,1,False,2770.0,567.0,835.0,270.6325922722539,0.30144404332129965,0.0757510266479937,2770.0,1240.0,0.44765342960288806,0.20183432818831282,False,ACS 2024 5-year,descriptive snapshot; no violation history (kept in retailer_universe)
e5f18ff27e,969 LIBERTY AVE|15222,42003020100,True,True,Cigarette/OTP Retail,True,-79.99546,40.44359,155.71216164933202,3.0,5.0,155.71216164933202,3.0,5.0,74.62006331290361,3.0,37.0,other,1,False,4600.0,527.0,73.0,49.57822102496216,0.015869565217391305,0.010623421416431543,3395.0,666.0,0.19617083946980854,0.0495007444791057,True,ACS 2024 5-year,descriptive snapshot; no violation history (kept in retailer_universe)
1cdaf45bd7,1613 BROWNSVILLE RD|15210,42003290100,True,True,Cigarette Vending,False,-79.98902,40.39936,162.41291243668638,1.0,2.0,162.41291243668638,1.0,2.0,250.5978917823124,3.0,14.0,other,4,True,1764.0,420.0,407.0,150.22649566571138,0.23072562358276644,0.06507548144769411,1764.0,279.0,0.15816326530612246,0.07433925936069183,False,ACS 2024 5-year,descriptive snapshot; no violation history (kept in retailer_universe)
5e555b9bcc,1300 WOODLAND AVE|15212,42003271600,True,True,Cigarette/OTP Retail,True,-80.0301,40.46907,730.8766679865265,0.0,4.0,730.8766679865265,0.0,1.0,104.62995139300651,2.0,14.0,gas_convenience,1,False,4472.0,511.0,1037.0,283.26842393743783,0.23188729874776387,0.057534381064102906,4472.0,1386.0,0.3099284436493739,0.0905960362466824,False,ACS 2024 5-year,descriptive snapshot; no violation history (kept in retailer_universe)
363c9ceed0,2506 W LIBERTY AVE|15226,42003192000,True,True,Cigarette Vending,False,-80.0256,40.39889,537.1828777222809,0.0,1.0,537.1828777222809,0.0,1.0,406.9281276641131,0.0,17.0,other,7,True,3212.0,574.0,456.0,168.9733706830754,0.14196762141967623,0.04608507229541386,3212.0,329.0,0.10242839352428394,0.043301278663708635,False,ACS 2024 5-year,descriptive snapshot; no violation history (kept in retailer_universe)
5f321efcd2,537 E OHIO ST|15212,42003563202,True,True,Cigarette/OTP Retail,True,-79.99937,40.45373,313.91663113102226,0.0,6.0,459.1285187197316,0.0,5.0,40.34245699267832,4.0,40.0,other,1,False,1934.0,257.0,145.0,58.92367945062494,0.0749741468459152,0.028792245620539128,1934.0,340.0,0.17580144777662876,0.0932932546083585,False,ACS 2024 5-year,descriptive snapshot; no violation history (kept in retailer_universe)
8c7634a16d,1006 HAMPSHIRE AVE|15216,42003191600,True,True,Cigarette Retail,True,-80.0251,40.41054,585.2417484661539,0.0,1.0,585.2417484661539,0.0,1.0,370.1682100362299,0.0,23.0,other,1,False,3600.0,487.0,533.0,158.56859714331839,0.14805555555555555,0.039229804684483865,3575.0,332.0,0.09286713286713287,0.04761877095682371,False,ACS 2024 5-year,descriptive snapshot; no violation history (kept in retailer_universe)
e4222983df,5800 BUTTERMILK HOLLOW RD|15207,42003310200,True,True,Cigarette/OTP Retail,True,-79.90889,40.36499,772.2471629820125,0.0,1.0,772.2471629820125,0.0,1.0,83.52233260356327,1.0,10.0,dollar_discount,10,True,3249.0,330.0,503.0,166.14451540752106,0.15481686672822406,0.04865941937575975,3242.0,453.0,0.13972856261566935,0.06982712446659672,False,ACS 2024 5-year,descriptive snapshot; no violation history (kept in retailer_universe)
2c4d9f2f9f,2025 E CARSON ST|15203,42003170200,True,True,OTP Wholesaler,False,-79.97651,40.42853,159.5142395543583,1.0,1.0,159.5142395543583,1.0,1.0,51.56077912458907,11.0,35.0,smoke_vape_shop,4,True,3732.0,606.0,300.0,183.24300805214915,0.08038585209003216,0.04733367251793585,3732.0,559.0,0.1497856377277599,0.09168404537105829,True,ACS 2024 5-year,descriptive snapshot; no violation history (kept in retailer_universe)
972d8e718e,7926 FRANKSTOWN AVE|15221,42003130600,True,True,Cigarette Retail,True,-79.88496,40.45528,846.0744784398365,0.0,1.0,846.0744784398365,0.0,1.0,68.59336118323053,1.0,4.0,grocery_supermarket,2,False,3994.0,559.0,1683.0,468.28837269357865,0.4213820731096645,0.10133530895696762,3994.0,2040.0,0.5107661492238358,0.15672456598042236,False,ACS 2024 5-year,descriptive snapshot; no violation history (kept in retailer_universe)
2d81b57125,630 S MILLVALE AVE|15224,42003080400,True,True,Cigarette Retail,True,-79.94741,40.45789,1019.8221295038011,0.0,0.0,1024.309520781287,0.0,0.0,434.6705762991013,0.0,24.0,bar_restaurant,1,False,1568.0,232.0,71.0,59.86651818838306,0.04528061224489796,0.03758776666602507,1568.0,279.0,0.17793367346938777,0.09660444969088502,True,ACS 2024 5-year,descriptive snapshot; no violation history (kept in retailer_universe)
2226cf5836,195 N CRAIG ST|15213,42003040400,True,True,Cigarette/OTP Retail,True,-79.95062,40.4496,134.13990395831365,2.0,8.0,546.178515714134,0.0,2.0,211.88388426691677,3.0,36.0,gas_convenience,1,False,1603.0,240.0,4.0,35.552777669262355,0.002495321272613849,0.022175753804398797,1327.0,257.0,0.19366993217784476,0.06447378927413612,True,ACS 2024 5-year,descriptive snapshot; no violation history (kept in retailer_universe)
355409f78f,280 MOREWOOD AVE|15213,42003080400,True,True,OTP Vending,False,-79.94512,40.45459,735.2906449148624,0.0,6.0,997.3876115896448,0.0,1.0,313.198584023437,0.0,20.0,other,4,True,1568.0,232.0,71.0,59.86651818838306,0.04528061224489796,0.03758776666602507,1568.0,279.0,0.17793367346938777,0.09660444969088502,True,ACS 2024 5-year,descriptive snapshot; no violation history (kept in retailer_universe)
35e392b544,4073 BEECHWOOD BLVD|15217,42003151700,True,True,Cigarette/OTP Retail,True,-79.93879,40.42712,469.2577496835541,0.0,1.0,469.2577496835541,0.0,1.0,185.96669299268515,4.0,48.0,other,1,False,4169.0,649.0,429.0,133.63382805263043,0.10290237467018469,0.027764330443750523,4169.0,508.0,0.12185176301271287,0.08399651745585011,False,ACS 2024 5-year,descriptive snapshot; no violation history (kept in retailer_universe)
6fc1c3ebfc,226 N NEGLEY AVE|15206,42003111500,True,True,Cigarette/OTP Retail,True,-79.92948,40.46547,504.8969628445742,0.0,4.0,633.2700368747145,0.0,2.0,207.521421457011,6.0,32.0,grocery_supermarket,1,False,3718.0,614.0,354.0,214.28019040499288,0.09521247982786445,0.05544683657020124,3718.0,680.0,0.1828940290478752,0.12053372643020774,True,ACS 2024 5-year,descriptive snapshot; no violation history (kept in retailer_universe)
da7f2aec94,5550 CENTRE AVE|15232,42003070900,True,True,Cigarette/OTP Retail,True,-79.93517,40.45694,438.66530558867225,0.0,5.0,438.66530558867225,0.0,2.0,213.0316013276444,2.0,20.0,grocery_supermarket,11,True,4444.0,536.0,498.0,198.53463173965392,0.11206120612061206,0.0425811425471385,3883.0,1023.0,0.26345609065155806,0.05835721318304049,False,ACS 2024 5-year,descriptive snapshot; no violation history (kept in retailer_universe)
822da58dd2,225 ROSS ST UNIT 205|15219,42003020100,True,True,Cigarette/OTP Retail,True,-79.99687,40.43696,748.9129665967822,0.0,5.0,748.9129665967822,0.0,5.0,102.56099560658436,2.0,30.0,other,1,False,4600.0,527.0,73.0,49.57822102496216,0.015869565217391305,0.010623421416431543,3395.0,666.0,0.19617083946980854,0.0495007444791057,True,ACS 2024 5-year,descriptive snapshot; no violation history (kept in retailer_universe)
1f596aeeea,1441 WOODS RUN AVE|15212,42003270300,True,True,OTP Vending,False,-80.03503,40.47516,672.4347477789054,0.0,1.0,672.4347477789054,0.0,1.0,319.7422124740061,0.0,14.0,bar_restaurant,1,False,2107.0,459.0,418.0,121.5236602477065,0.19838633127669672,0.03819403675111662,2099.0,481.0,0.22915674130538352,0.04142490656277052,False,ACS 2024 5-year,descriptive snapshot; no violation history (kept in retailer_universe)
5fb82c72a4,406 WOOD ST|15222,42003020100,True,True,Cigarette/OTP Retail,True,-80.00117,40.43963,334.7883621840358,0.0,5.0,334.7883621840358,0.0,5.0,27.53310791731541,7.0,33.0,grocery_supermarket,1,False,4600.0,527.0,73.0,49.57822102496216,0.015869565217391305,0.010623421416431543,3395.0,666.0,0.19617083946980854,0.0495007444791057,True,ACS 2024 5-year,descriptive snapshot; no violation history (kept in retailer_universe)
48a1b9842a,1101 BROOKLINE BLVD|15226,42003320600,True,True,Cigarette/OTP Retail,True,-80.01481,40.39201,850.9575767127379,0.0,2.0,850.9575767127379,0.0,2.0,198.5491545515067,1.0,18.0,gas_convenience,1,False,2263.0,371.0,401.0,157.680055809224,0.17719840919133892,0.06333270797554555,2263.0,307.0,0.13566062748563854,0.07360227384488814,False,ACS 2024 5-year,descriptive snapshot; no violation history (kept in retailer_universe)
013858cb97,6936 5TH AVE|15208,42003130700,True,True,Cigarette/OTP Retail,True,-79.90856,40.45794,352.0564748873846,0.0,4.0,352.0564748873846,0.0,3.0,224.90732824095164,1.0,31.0,other,1,False,2334.0,409.0,643.0,236.53540961133072,0.2754927163667524,0.08910606679438701,2332.0,1190.0,0.5102915951972555,0.16317379030973936,False,ACS 2024 5-year,descriptive snapshot; no violation history (kept in retailer_universe)
9d2f07b32a,3713 FORBES AVE|15213,42003040500,True,True,Cigarette/OTP Retail,True,-79.95731,40.4413,227.5882615676526,1.0,5.0,227.5882615676526,1.0,2.0,151.66593851464472,1.0,37.0,other,1,False,3081.0,553.0,0.0,33.94112549695428,0.0,0.011016269229780681,2269.0,1810.0,0.7977082415160864,0.10504284695207894,True,ACS 2024 5-year,descriptive snapshot; no violation history (kept in retailer_universe)
a1debee8d9,7328 PENN AVE|15208,42003141200,True,True,Cigarette Vending,False,-79.89848,40.44823,441.2021362205825,0.0,5.0,600.8323577072205,0.0,2.0,353.5855475761509,0.0,12.0,bar_restaurant,7,True,4197.0,401.0,741.0,147.2412985544477,0.17655468191565404,0.03076077972214501,4179.0,266.0,0.06365159128978225,0.030746432368441625,False,ACS 2024 5-year,descriptive snapshot; no violation history (kept in retailer_universe)
008a4b550a,6494 FRANKSTOWN AVE|15206,42003120900,True,True,Cigarette/OTP Retail,True,-79.91388,40.46048,197.87606090218617,1.0,7.0,197.87606090218617,1.0,3.0,185.68420951111776,2.0,37.0,other,1,False,1473.0,303.0,316.0,112.39661916623649,0.21452817379497624,0.062249628871929655,1311.0,430.0,0.32799389778794813,0.0975852871785615,False,ACS 2024 5-year,descriptive snapshot; no violation history (kept in retailer_universe)
e413b0e088,403 SEMPLE ST|15213,42003040600,True,True,OTP Vending,False,-79.95482,40.43699,707.7139823431397,0.0,3.0,747.597566677641,0.0,2.0,271.7137895905765,1.0,30.0,other,15,True,2337.0,456.0,0.0,33.94112549695428,0.0,0.014523374196386083,2337.0,1828.0,0.7821994009413779,0.11599243691196792,True,ACS 2024 5-year,descriptive snapshot; no violation history (kept in retailer_universe)
cd728b665c,1211 CHARTIERS AVE|15220,42003562600,True,True,Cigarette/OTP Retail,True,-80.04315,40.44567,651.0367259706178,0.0,1.0,651.0367259706178,0.0,1.0,372.90361938991333,0.0,20.0,dollar_discount,10,True,2639.0,530.0,430.0,202.50432094155423,0.16294050776809396,0.06940779735610321,2639.0,304.0,0.1151951496779083,0.048160794452683266,False,ACS 2024 5-year,descriptive snapshot; no violation history (kept in retailer_universe)
3f72891078,1920 SPRING GARDEN AVE|15212,42003241300,True,True,Cigarette/OTP Retail,True,-79.98635,40.46911,500.9499617765929,0.0,4.0,500.9499617765929,0.0,4.0,515.9920961719992,0.0,22.0,smoke_vape_shop,2,False,3766.0,522.0,480.0,201.0024875467963,0.12745618693574085,0.050364317972148145,3766.0,543.0,0.14418481147105683,0.06441656531173982,False,ACS 2024 5-year,descriptive snapshot; no violation history (kept in retailer_universe)
0764801cc5,1001 BROOKLINE BLVD|15226,42003191800,True,True,Cigarette/OTP Retail,True,-80.01749,40.39203,653.6715476668575,0.0,2.0,653.6715476668575,0.0,1.0,43.7566017553585,1.0,20.0,other,1,False,5737.0,752.0,692.0,297.5516761841546,0.12062053337981524,0.049396716856422516,5737.0,248.0,0.04322816803207251,0.03103658581899109,False,ACS 2024 5-year,descriptive snapshot; no violation history (kept in retailer_universe)
50f84de086,57 18TH ST|15222,42003020300,True,True,Cigarette/OTP Retail,True,-79.98524,40.45062,486.2388304832696,0.0,2.0,486.2388304832696,0.0,2.0,403.1761412136975,0.0,27.0,grocery_supermarket,1,False,1928.0,287.0,55.0,53.71219600798314,0.028526970954356846,0.027533478539593714,1928.0,145.0,0.07520746887966805,0.06491303790944448,True,ACS 2024 5-year,descriptive snapshot; no violation history (kept in retailer_universe)
49d4d99919,5115 BUTLER ST|15201,42003101100,True,True,Cigarette Vending,False,-79.95543,40.47879,1307.3246253686593,0.0,0.0,1307.3246253686593,0.0,0.0,205.7267614023295,1.0,9.0,other,3,True,2549.0,425.0,177.0,85.81957818586619,0.06943899568458219,0.03161466241056348,2549.0,447.0,0.1753628874068262,0.06984275993712435,False,ACS 2024 5-year,descriptive snapshot; no violation history (kept in retailer_universe)
9ca7e14808,4133 LIBERTY AVE|15224,42003090300,True,True,Cigarette/OTP Retail,True,-79.95324,40.46377,329.848386249627,0.0,3.0,329.848386249627,0.0,3.0,63.15015971257553,7.0,30.0,other,1,False,1384.0,387.0,171.0,162.53614982520043,0.12355491329479769,0.11224253171934044,1373.0,136.0,0.09905316824471959,0.04316795111868753,True,ACS 2024 5-year,descriptive snapshot; no violation history (kept in retailer_universe)
6f4381a77c,649 HILLSBORO ST|15204,42003562500,True,True,OTP Retail,True,-80.05407,40.45329,184.63961991283736,1.0,2.0,184.63961991283736,1.0,2.0,162.88474548856374,1.0,19.0,smoke_vape_shop,2,False,2987.0,533.0,951.0,259.6690201005888,0.3183796451288919,0.06580116569176098,2987.0,542.0,0.18145296283896886,0.12821456889909724,False,ACS 2024 5-year,descriptive snapshot; no violation history (kept in retailer_universe)
9258ef2f26,1019 BROOKLINE BLVD|15226,42003191800,True,True,Cigarette Retail,True,-80.01698,40.39187,700.4410995509487,0.0,3.0,700.4410995509487,0.0,2.0,17.974266648119997,1.0,18.0,other,2,False,5737.0,752.0,692.0,297.5516761841546,0.12062053337981524,0.049396716856422516,5737.0,248.0,0.04322816803207251,0.03103658581899109,False,ACS 2024 5-year,descriptive snapshot; no violation history (kept in retailer_universe)
b08f43b599,223 SHILOH ST|15211,42003191400,True,True,Cigarette/OTP Retail,True,-80.00736,40.42992,1140.2574388570513,0.0,0.0,1140.2574388570513,0.0,0.0,37.32685124805107,2.0,27.0,other,1,False,2486.0,339.0,207.0,93.69631796394135,0.083266291230893,0.03593856661473499,2486.0,415.0,0.166934835076428,0.06277392613309274,False,ACS 2024 5-year,descriptive snapshot; no violation history (kept in retailer_universe)
fd2212a772,7530 PENN AVE|15208,42003141200,True,True,Cigarette/OTP Retail,True,-79.89544,40.44693,345.1621768216539,0.0,5.0,636.8132021358108,0.0,3.0,420.09008434877586,0.0,20.0,other,1,False,4197.0,401.0,741.0,147.2412985544477,0.17655468191565404,0.03076077972214501,4179.0,266.0,0.06365159128978225,0.030746432368441625,False,ACS 2024 5-year,descriptive snapshot; no violation history (kept in retailer_universe)
3993682184,26 39TH ST|15201,42003060300,True,True,Cigarette Stamping Agent,False,-79.96621,40.47082,471.3915441392538,0.0,2.0,471.3915441392538,0.0,2.0,437.1640538127513,0.0,44.0,other,2,False,2724.0,329.0,100.0,88.10788840960836,0.03671071953010279,0.032039702102179275,2724.0,305.0,0.1119676945668135,0.04308157090974775,True,ACS 2024 5-year,descriptive snapshot; no violation history (kept in retailer_universe)
255dee753a,3853 CALIFORNIA AVE|15212,42003270100,True,True,Cigarette Vending,False,-80.04172,40.48496,491.608789824645,0.0,3.0,574.1504398210997,0.0,1.0,86.56046792148872,3.0,17.0,other,1,False,2419.0,345.0,300.0,96.27564593395361,0.12401818933443572,0.03565348509422135,2414.0,134.0,0.05550952775476388,0.03600968750900957,False,ACS 2024 5-year,descriptive snapshot; no violation history (kept in retailer_universe)
a3f9df395b,1829 W LIBERTY AVE|15226,42003191700,True,True,Cigarette/OTP Retail,True,-80.01853,40.40565,773.2723603329297,0.0,3.0,773.2723603329297,0.0,3.0,335.3156371039592,0.0,25.0,other,1,False,3193.0,690.0,656.0,181.71130949943648,0.2054494206075791,0.03560278706320685,3192.0,433.0,0.13565162907268172,0.11408633345837127,False,ACS 2024 5-year,descriptive snapshot; no violation history (kept in retailer_universe)
e50c0a37ff,7356 STRANAHAN ST|15206,42003130700,True,True,OTP Retail,True,-79.88999,40.46169,954.5519940408141,0.0,1.0,954.5519940408141,0.0,1.0,370.90455012265727,0.0,11.0,grocery_supermarket,2,False,2334.0,409.0,643.0,236.53540961133072,0.2754927163667524,0.08910606679438701,2332.0,1190.0,0.5102915951972555,0.16317379030973936,False,ACS 2024 5-year,descriptive snapshot; no violation history (kept in retailer_universe)
ed7149f5b9,700 E WARRINGTON AVE|15210,42003180300,True,True,Cigarette Retail,True,-79.99564,40.42152,419.462123646936,0.0,1.0,419.462123646936,0.0,1.0,180.8598336995365,1.0,16.0,dollar_discount,10,True,1837.0,339.0,267.0,123.30855606972291,0.14534567229178008,0.06153321031019651,1837.0,453.0,0.24659771366358194,0.08058012410090297,False,ACS 2024 5-year,descriptive snapshot; no violation history (kept in retailer_universe)
17f1f0e93d,2021 WHARTON AVE|15203,42003170200,True,True,Cigarette/OTP Retail,True,-79.97712,40.43102,358.25984147789956,0.0,1.0,358.25984147789956,0.0,1.0,192.12773897719603,3.0,29.0,grocery_supermarket,11,True,3732.0,606.0,300.0,183.24300805214915,0.08038585209003216,0.04733367251793585,3732.0,559.0,0.1497856377277599,0.09168404537105829,True,ACS 2024 5-year,descriptive snapshot; no violation history (kept in retailer_universe)
abbca40965,2350 NOBLESTOWN RD|15205,42003562800,True,True,Cigarette/OTP Retail,True,-80.05586,40.4276,625.2104195087406,0.0,2.0,625.2104195087406,0.0,1.0,567.3371099911905,0.0,16.0,smoke_vape_shop,1,False,1563.0,183.0,262.0,91.8313671900838,0.1676263595649392,0.055378359114801726,1517.0,174.0,0.11470006591957811,0.058992871575201854,False,ACS 2024 5-year,descriptive snapshot; no violation history (kept in retailer_universe)
5d33e4bde0,547 GREENFIELD AVE|15207,42003151600,True,True,Cigarette Vending,False,-79.94072,40.42593,279.42945665810447,1.0,1.0,279.42945665810447,1.0,1.0,274.74819865629746,4.0,49.0,bar_restaurant,10,True,2413.0,325.0,273.0,89.83874442577657,0.11313717364276833,0.03396995176163521,2413.0,180.0,0.07459593866556154,0.04785853982854276,False,ACS 2024 5-year,descriptive snapshot; no violation history (kept in retailer_universe)
f62519672f,1111 LINCOLN AVE|15206,42003120300,True,True,Cigarette/OTP Retail,True,-79.90076,40.46469,422.38248776531697,0.0,3.0,422.38248776531697,0.0,3.0,337.6570135595939,0.0,13.0,dollar_discount,8,True,1507.0,545.0,477.0,207.53794833716555,0.3165228931652289,0.07656698780691255,1507.0,602.0,0.39946914399469147,0.1645627639357805,False,ACS 2024 5-year,descriptive snapshot; no violation history (kept in retailer_universe)
cb35663a4a,2827 CHARTIERS AVE|15204,42003562500,True,True,Cigarette Retail,True,-80.05492,40.45347,118.56503827617645,1.0,2.0,118.56503827617645,1.0,2.0,142.9937459647734,2.0,20.0,other,2,False,2987.0,533.0,951.0,259.6690201005888,0.3183796451288919,0.06580116569176098,2987.0,542.0,0.18145296283896886,0.12821456889909724,False,ACS 2024 5-year,descriptive snapshot; no violation history (kept in retailer_universe)
12762c5c5f,3901 CALIFORNIA AVE|15212,42003270100,True,True,OTP Retail,True,-80.04215,40.48524,518.2709689794704,0.0,3.0,614.845203800965,0.0,1.0,98.24700922283235,3.0,17.0,gas_convenience,2,False,2419.0,345.0,300.0,96.27564593395361,0.12401818933443572,0.03565348509422135,2414.0,134.0,0.05550952775476388,0.03600968750900957,False,ACS 2024 5-year,descriptive snapshot; no violation history (kept in retailer_universe)
4a41c5f59b,900 WESTERN AVE|15233,42003562700,True,True,OTP Vending,False,-80.01664,40.45195,685.5660831707661,0.0,6.0,685.5660831707661,0.0,6.0,296.81214491420064,1.0,35.0,bar_restaurant,15,True,1949.0,230.0,132.0,92.62828941527529,0.06772703950743972,0.04684920051359996,1936.0,335.0,0.17303719008264462,0.07630843041102746,True,ACS 2024 5-year,descriptive snapshot; no violation history (kept in retailer_universe)
2eca49ab96,4401 LIBERTY AVE|15224,42003090300,True,True,Cigarette/OTP Retail,True,-79.95201,40.46326,431.85156680140943,0.0,2.0,431.85156680140943,0.0,2.0,60.09969365797543,7.0,29.0,grocery_supermarket,11,True,1384.0,387.0,171.0,162.53614982520043,0.12355491329479769,0.11224253171934044,1373.0,136.0,0.09905316824471959,0.04316795111868753,True,ACS 2024 5-year,descriptive snapshot; no violation history (kept in retailer_universe)
1fb0f431b4,1519 PENN AVE|15222,42003020300,True,True,Cigarette Vending,False,-79.98807,40.44874,579.6588986742515,0.0,6.0,579.6588986742515,0.0,6.0,297.8700863600727,1.0,25.0,bar_restaurant,1,False,1928.0,287.0,55.0,53.71219600798314,0.028526970954356846,0.027533478539593714,1928.0,145.0,0.07520746887966805,0.06491303790944448,True,ACS 2024 5-year,descriptive snapshot; no violation history (kept in retailer_universe)
2db5bea69b,4328 BUTLER ST|15201,42003090200,True,True,OTP Retail,True,-79.95984,40.47138,403.830804688142,0.0,3.0,403.830804688142,0.0,3.0,204.83549229967403,6.0,22.0,other,7,True,2635.0,277.0,195.0,61.28621378417825,0.07400379506641366,0.021918895188747206,2367.0,290.0,0.12251795521757498,0.07339078909322094,False,ACS 2024 5-year,descriptive snapshot; no violation history (kept in retailer_universe)
41eb6802a6,1204 BRIGHTON RD # 8|15233,42003565100,True,True,Cigarette Vending,False,-80.0148,40.45474,545.2733685522288,0.0,6.0,545.2733685522288,0.0,6.0,122.03406838770576,4.0,40.0,bar_restaurant,1,False,2995.0,462.0,473.0,252.54900514553606,0.15792988313856426,0.08072770289643294,2988.0,667.0,0.22322623828647925,0.11193470638167134,True,ACS 2024 5-year,descriptive snapshot; no violation history (kept in retailer_universe)
cecf92f2d0,7701 PENN AVE|15221,42003140500,True,True,Cigarette/OTP Retail,True,-79.89333,40.44655,435.5460772458375,0.0,6.0,676.6350619452586,0.0,2.0,343.39800227188715,0.0,15.0,other,1,False,2338.0,361.0,217.0,84.69356528095862,0.09281437125748503,0.033269455882991565,2338.0,242.0,0.10350727117194183,0.062134891397738014,False,ACS 2024 5-year,descriptive snapshot; no violation history (kept in retailer_universe)
458db2bd20,4601 CENTRE AVE|15213,42003562000,True,True,Cigarette/OTP Retail,True,-79.95186,40.45194,344.46991751861634,0.0,6.0,812.3194432875307,0.0,2.0,222.57993996649242,3.0,30.0,other,1,False,2465.0,347.0,143.0,96.46761114488116,0.05801217038539554,0.03827339312096943,2432.0,819.0,0.33675986842105265,0.11539615934408172,True,ACS 2024 5-year,descriptive snapshot; no violation history (kept in retailer_universe)
6f64106028,400 SMITHFIELD ST|15222,42003020100,True,True,Cigarette/OTP Retail,True,-79.99948,40.43885,493.0948041461724,0.0,5.0,493.0948041461724,0.0,5.0,134.89297279992456,9.0,31.0,grocery_supermarket,1,False,4600.0,527.0,73.0,49.57822102496216,0.015869565217391305,0.010623421416431543,3395.0,666.0,0.19617083946980854,0.0495007444791057,True,ACS 2024 5-year,descriptive snapshot; no violation history (kept in retailer_universe)
d816419442,1 BIGELOW SQ|15219,42003020100,True,True,Cigarette/OTP Retail,True,-79.99437,40.44019,463.55697358279855,0.0,5.0,463.55697358279855,0.0,5.0,34.37603015792926,5.0,33.0,gas_convenience,1,False,4600.0,527.0,73.0,49.57822102496216,0.015869565217391305,0.010623421416431543,3395.0,666.0,0.19617083946980854,0.0495007444791057,True,ACS 2024 5-year,descriptive snapshot; no violation history (kept in retailer_universe)
4da9e55b8c,3901 CALIFORNIA AVE|15212,42003270100,True,True,Cigarette Retail,True,-80.04215,40.48524,518.2709689794704,0.0,3.0,614.845203800965,0.0,1.0,98.24700922283235,3.0,17.0,gas_convenience,2,False,2419.0,345.0,300.0,96.27564593395361,0.12401818933443572,0.03565348509422135,2414.0,134.0,0.05550952775476388,0.03600968750900957,False,ACS 2024 5-year,descriptive snapshot; no violation history (kept in retailer_universe)
c2ea44d99c,909 LIBERTY AVE|15222,42003020100,True,True,Cigarette/OTP Retail,True,-79.99762,40.44303,77.83587964861056,4.0,5.0,77.83587964861056,4.0,5.0,124.47201136975224,7.0,32.0,other,1,False,4600.0,527.0,73.0,49.57822102496216,0.015869565217391305,0.010623421416431543,3395.0,666.0,0.19617083946980854,0.0495007444791057,True,ACS 2024 5-year,descriptive snapshot; no violation history (kept in retailer_universe)
b0ab4cd337,6113 BROAD ST|15206,42003111500,True,True,Cigarette/OTP Retail,True,-79.92244,40.46205,603.421230805631,0.0,8.0,709.5622515480961,0.0,3.0,142.81923497534808,4.0,38.0,other,1,False,3718.0,614.0,354.0,214.28019040499288,0.09521247982786445,0.05544683657020124,3718.0,680.0,0.1828940290478752,0.12053372643020774,True,ACS 2024 5-year,descriptive snapshot; no violation history (kept in retailer_universe)
4173dbcfe1,7627 PENN AVE|15221,42003140500,True,False,Cigarette/OTP Retail,True,-79.89378,40.44691,431.7144949320018,0.0,6.0,633.1895160554675,0.0,3.0,396.7974357669144,0.0,15.0,dollar_discount,8,True,2338.0,361.0,217.0,84.69356528095862,0.09281437125748503,0.033269455882991565,2338.0,242.0,0.10350727117194183,0.062134891397738014,False,ACS 2024 5-year,descriptive snapshot; no violation history (kept in retailer_universe)
131b0100e9,300 W STATION SQUARE DR|15219,42003980700,True,True,Cigarette/OTP Retail,True,-80.0064,40.43443,633.06920273705,0.0,1.0,633.06920273705,0.0,1.0,225.73864382593868,1.0,24.0,other,1,False,167.0,54.0,14.0,32.93933818400121,0.08383233532934131,0.19536993881382908,167.0,4.0,0.023952095808383235,0.041194420205831,True,ACS 2024 5-year,descriptive snapshot; no violation history (kept in retailer_universe)
0a44ad48f1,808 LIBERTY AVE|15222,42003020100,True,True,Cigarette/OTP Retail,True,-79.99886,40.44272,168.66369386578648,4.0,5.0,168.66369386578648,4.0,5.0,130.81828480014082,9.0,32.0,other,1,False,4600.0,527.0,73.0,49.57822102496216,0.015869565217391305,0.010623421416431543,3395.0,666.0,0.19617083946980854,0.0495007444791057,True,ACS 2024 5-year,descriptive snapshot; no violation history (kept in retailer_universe)
7f8ea7dc83,318-320 CEDAR AVE # 91|15212,42003563202,True,True,Cigarette Retail,True,-80.0001,40.45161,520.5944597972982,0.0,9.0,520.5944597972982,0.0,8.0,126.81903735686187,5.0,40.0,grocery_supermarket,11,True,1934.0,257.0,145.0,58.92367945062494,0.0749741468459152,0.028792245620539128,1934.0,340.0,0.17580144777662876,0.0932932546083585,False,ACS 2024 5-year,descriptive snapshot; no violation history (kept in retailer_universe)
da49b9e02d,346 N SHORE DR|15212,42003981200,True,True,Cigarette/OTP Retail,True,-80.01163,40.44587,806.8903169882835,0.0,3.0,806.8903169882835,0.0,3.0,68.38835665985471,1.0,30.0,other,1,False,0.0,12.0,0.0,33.94112549695428,,,0.0,0.0,,,False,ACS 2024 5-year,descriptive snapshot; no violation history (kept in retailer_universe)
d901d0344a,1552 BEECHVIEW AVE|15216,42003191600,True,True,OTP Retail,True,-80.02474,40.41082,541.831331465981,0.0,1.0,541.831331465981,0.0,1.0,413.6162977046179,0.0,25.0,dollar_discount,2,False,3600.0,487.0,533.0,158.56859714331839,0.14805555555555555,0.039229804684483865,3575.0,332.0,0.09286713286713287,0.04761877095682371,False,ACS 2024 5-year,descriptive snapshot; no violation history (kept in retailer_universe)
0fe6c4322e,2504 E CARSON ST|15203,42003160900,True,True,Cigarette/OTP Retail,True,-79.9695,40.42776,738.2064132603301,0.0,1.0,738.2064132603301,0.0,1.0,162.218977247052,1.0,23.0,other,1,False,3603.0,482.0,135.0,102.11757928975794,0.03746877601998335,0.027895615099723044,3603.0,851.0,0.23619206217041355,0.07913162063122248,True,ACS 2024 5-year,descriptive snapshot; no violation history (kept in retailer_universe)
1cde8330ec,1 VIRGINIA AVE|15211,42003191400,True,True,OTP Retail,True,-80.0069,40.42923,1210.2195481437006,0.0,0.0,1210.2195481437006,0.0,0.0,49.07946931731111,2.0,28.0,other,2,False,2486.0,339.0,207.0,93.69631796394135,0.083266291230893,0.03593856661473499,2486.0,415.0,0.166934835076428,0.06277392613309274,False,ACS 2024 5-year,descriptive snapshot; no violation history (kept in retailer_universe)
4bf96eafe6,4010 PENN AVE|15224,42003090300,True,True,Cigarette/OTP Retail,True,-79.95753,40.46524,207.4863366232184,1.0,3.0,207.4863366232184,1.0,3.0,276.68559136672184,6.0,32.0,other,2,False,1384.0,387.0,171.0,162.53614982520043,0.12355491329479769,0.11224253171934044,1373.0,136.0,0.09905316824471959,0.04316795111868753,True,ACS 2024 5-year,descriptive snapshot; no violation history (kept in retailer_universe)
34460f45e8,1125 ARLINGTON AVE|15203,42003180300,True,True,Cigarette/OTP Retail,True,-79.99174,40.42226,259.1416461789325,1.0,1.0,259.1416461789325,1.0,1.0,160.0696387826201,2.0,30.0,gas_convenience,1,False,1837.0,339.0,267.0,123.30855606972291,0.14534567229178008,0.06153321031019651,1837.0,453.0,0.24659771366358194,0.08058012410090297,False,ACS 2024 5-year,descriptive snapshot; no violation history (kept in retailer_universe)
b3668586d4,5009 2ND AVE|15207,42003562300,True,True,Cigarette/OTP Retail,True,-79.94358,40.40821,194.0967180826973,1.0,2.0,642.8110556868488,0.0,1.0,27.40299364771355,3.0,20.0,grocery_supermarket,1,False,3374.0,398.0,754.0,279.79635451520807,0.2234736218138708,0.078625756992389,3154.0,833.0,0.26410906785034877,0.10656418380629518,False,ACS 2024 5-year,descriptive snapshot; no violation history (kept in retailer_universe)
3c7a0773ed,6 MERCY ST|15214,42003250900,True,True,Cigarette/OTP Retail,True,-80.00853,40.4624,676.482425257138,0.0,2.0,676.482425257138,0.0,2.0,183.03310394259526,2.0,42.0,grocery_supermarket,1,False,1255.0,316.0,323.0,114.3634557015483,0.25737051792828686,0.06406582695749073,1255.0,471.0,0.3752988047808765,0.14384922812746664,False,ACS 2024 5-year,descriptive snapshot; no violation history (kept in retailer_universe)
a1cc4679ff,2501 BRIGHTON RD|15212,42003261500,True,True,Cigarette/OTP Retail,True,-80.02499,40.46692,297.1248494502692,1.0,4.0,297.1248494502692,1.0,1.0,368.22497294566057,0.0,15.0,other,1,False,1682.0,591.0,354.0,132.83071933856263,0.21046373365041618,0.027711771787998538,1669.0,348.0,0.2085080886758538,0.0989708514266818,False,ACS 2024 5-year,descriptive snapshot; no violation history (kept in retailer_universe)
51077382ee,6310 PENN AVE|15206,42003111500,True,True,Cigarette/OTP Retail,True,-79.91921,40.45873,420.3561479488035,0.0,6.0,662.9602760374275,0.0,2.0,153.0134754641414,1.0,39.0,grocery_supermarket,11,True,3718.0,614.0,354.0,214.28019040499288,0.09521247982786445,0.05544683657020124,3718.0,680.0,0.1828940290478752,0.12053372643020774,True,ACS 2024 5-year,descriptive snapshot; no violation history (kept in retailer_universe)
411a26608f,4006 LIBERTY AVE|15224,42003090300,True,True,Cigarette/OTP Retail,True,-79.95699,40.46288,58.473715068717155,1.0,3.0,58.473715068717155,1.0,3.0,203.20532170455877,4.0,31.0,other,1,False,1384.0,387.0,171.0,162.53614982520043,0.12355491329479769,0.11224253171934044,1373.0,136.0,0.09905316824471959,0.04316795111868753,True,ACS 2024 5-year,descriptive snapshot; no violation history (kept in retailer_universe)
b2126929f4,1812 BROWNSVILLE RD|15210,42003290100,True,True,Cigarette/OTP Retail,True,-79.98777,40.39687,149.01589841115515,1.0,2.0,149.01589841115515,1.0,2.0,304.85797996040236,0.0,14.0,smoke_vape_shop,1,False,1764.0,420.0,407.0,150.22649566571138,0.23072562358276644,0.06507548144769411,1764.0,279.0,0.15816326530612246,0.07433925936069183,False,ACS 2024 5-year,descriptive snapshot; no violation history (kept in retailer_universe)
0a842b47d2,3347 FORBES AVE|15213,42003040900,True,True,Cigarette/OTP Retail,True,-79.96161,40.43856,119.72812953364748,1.0,3.0,613.0954551767268,0.0,1.0,182.60481078348442,2.0,35.0,grocery_supermarket,1,False,3280.0,502.0,75.0,63.655321851358195,0.022865853658536585,0.01908897047264278,3202.0,1791.0,0.5593379138038725,0.10547211586017481,True,ACS 2024 5-year,descriptive snapshot; no violation history (kept in retailer_universe)
91f3991554,402 SEMPLE ST|15213,42003040600,True,True,Cigarette/OTP Retail,True,-79.95487,40.43703,702.1350016568467,0.0,3.0,741.9591262253654,0.0,2.0,275.80852979533176,1.0,30.0,other,1,False,2337.0,456.0,0.0,33.94112549695428,0.0,0.014523374196386083,2337.0,1828.0,0.7821994009413779,0.11599243691196792,True,ACS 2024 5-year,descriptive snapshot; no violation history (kept in retailer_universe)
e0f7fba5d6,7338 BUTLER ST|15206,42003101400,True,True,Cigarette/OTP Retail,True,-79.91987,40.4877,1318.6151349016034,0.0,0.0,1357.7565841128564,0.0,0.0,413.726346142962,0.0,24.0,other,1,False,3222.0,400.0,536.0,147.84789481084943,0.16635630043451272,0.04097668054756754,3222.0,212.0,0.06579764121663563,0.04077898991115264,False,ACS 2024 5-year,descriptive snapshot; no violation history (kept in retailer_universe)
74ca89ef11,54 S 12TH ST|15203,42003170200,True,True,Cigarette Retail,True,-79.98642,40.42899,707.7359365026123,0.0,2.0,707.7359365026123,0.0,2.0,50.0663995519646,9.0,30.0,smoke_vape_shop,1,False,3732.0,606.0,300.0,183.24300805214915,0.08038585209003216,0.04733367251793585,3732.0,559.0,0.1497856377277599,0.09168404537105829,True,ACS 2024 5-year,descriptive snapshot; no violation history (kept in retailer_universe)
5e3567dfbd,501 GREENFIELD AVE|15207,42003151600,True,True,Cigarette Vending,False,-79.94231,40.42555,144.3361464256023,1.0,1.0,144.3361464256023,1.0,1.0,177.1207089271522,6.0,47.0,other,10,True,2413.0,325.0,273.0,89.83874442577657,0.11313717364276833,0.03396995176163521,2413.0,180.0,0.07459593866556154,0.04785853982854276,False,ACS 2024 5-year,descriptive snapshot; no violation history (kept in retailer_universe)
058a7b95da,1930 SPRING GARDEN AVE|15212,42003241300,True,True,Cigarette/OTP Retail,True,-79.98629,40.46961,552.0731855750346,0.0,4.0,552.0731855750346,0.0,4.0,460.4892199659634,0.0,22.0,dollar_discount,10,True,3766.0,522.0,480.0,201.0024875467963,0.12745618693574085,0.050364317972148145,3766.0,543.0,0.14418481147105683,0.06441656531173982,False,ACS 2024 5-year,descriptive snapshot; no violation history (kept in retailer_universe)
f65a12cda5,819 LIBERTY AVE|15222,42003020100,True,True,Cigarette/OTP Retail,True,-79.99828,40.44286,122.59525092253317,4.0,5.0,122.59525092253317,4.0,5.0,115.8985725456474,9.0,32.0,other,1,False,4600.0,527.0,73.0,49.57822102496216,0.015869565217391305,0.010623421416431543,3395.0,666.0,0.19617083946980854,0.0495007444791057,True,ACS 2024 5-year,descriptive snapshot; no violation history (kept in retailer_universe)
4225e835a3,1514 E CARSON ST|15203,42003170200,True,True,OTP Vending,False,-79.98293,40.42886,415.16452018886986,0.0,2.0,415.16452018886986,0.0,2.0,235.4539389271283,10.0,37.0,other,15,True,3732.0,606.0,300.0,183.24300805214915,0.08038585209003216,0.04733367251793585,3732.0,559.0,0.1497856377277599,0.09168404537105829,True,ACS 2024 5-year,descriptive snapshot; no violation history (kept in retailer_universe)
e8074cef89,4563 IRVINE ST|15207,42003562901,True,True,Cigarette/OTP Retail,True,-79.94625,40.41509,960.8808463779894,0.0,1.0,1193.1776988462195,0.0,0.0,205.7525162569934,6.0,17.0,gas_convenience,1,False,1643.0,365.0,594.0,181.08285396469762,0.36153377967133293,0.0754756330262568,1643.0,682.0,0.41509433962264153,0.19135585177360076,False,ACS 2024 5-year,descriptive snapshot; no violation history (kept in retailer_universe)
14e2f48881,802 PENNSYLVANIA AVE|15233,42003565200,True,True,Cigarette/OTP Retail,True,-80.01573,40.45624,426.4260250622981,0.0,7.0,426.4260250622981,0.0,7.0,81.04916168311676,5.0,40.0,other,1,False,2739.0,654.0,418.0,152.6925014530838,0.15261044176706828,0.04218963814209967,2739.0,277.0,0.10113179992698065,0.02977380078357734,False,ACS 2024 5-year,descriptive snapshot; no violation history (kept in retailer_universe)
b76b4687f4,4725 CENTRE AVE|15213,42003080400,True,True,Cigarette/OTP Retail,True,-79.94901,40.45316,481.8145253691736,0.0,6.0,951.7179687742571,0.0,1.0,77.51065934883556,2.0,20.0,dollar_discount,10,True,1568.0,232.0,71.0,59.86651818838306,0.04528061224489796,0.03758776666602507,1568.0,279.0,0.17793367346938777,0.09660444969088502,True,ACS 2024 5-year,descriptive snapshot; no violation history (kept in retailer_universe)
41cbccf648,3601 BLVD OF THE ALLIES|15213,42003040900,True,True,Cigarette Retail,True,-79.95434,40.43455,878.2689260580889,0.0,1.0,1017.1837494630396,0.0,0.0,364.35632547157263,0.0,35.0,other,2,False,3280.0,502.0,75.0,63.655321851358195,0.022865853658536585,0.01908897047264278,3202.0,1791.0,0.5593379138038725,0.10547211586017481,True,ACS 2024 5-year,descriptive snapshot; no violation history (kept in retailer_universe)
4a3c50fa9a,2025 E CARSON ST|15203,42003170200,True,True,Cigarette Stamping Agent,False,-79.97651,40.42853,159.5142395543583,1.0,1.0,159.5142395543583,1.0,1.0,51.56077912458907,11.0,35.0,smoke_vape_shop,4,True,3732.0,606.0,300.0,183.24300805214915,0.08038585209003216,0.04733367251793585,3732.0,559.0,0.1497856377277599,0.09168404537105829,True,ACS 2024 5-year,descriptive snapshot; no violation history (kept in retailer_universe)
52d9b8a6d8,3873 BRIGHTON RD|15212,42003270100,True,True,Cigarette/OTP Retail,True,-80.0368,40.48655,56.1578085653762,2.0,3.0,770.2887115455748,0.0,1.0,377.70605375645846,0.0,17.0,other,1,False,2419.0,345.0,300.0,96.27564593395361,0.12401818933443572,0.03565348509422135,2414.0,134.0,0.05550952775476388,0.03600968750900957,False,ACS 2024 5-year,descriptive snapshot; no violation history (kept in retailer_universe)
6736fc1051,4104 BUTLER ST|15201,42003090100,True,True,OTP Retail,True,-79.96116,40.46961,178.98086284755072,1.0,3.0,178.98086284755072,1.0,3.0,227.40070467874168,4.0,27.0,other,2,False,2019.0,305.0,87.0,52.820450584977024,0.04309063893016345,0.02533891520193912,2008.0,177.0,0.08814741035856574,0.05412429889470475,True,ACS 2024 5-year,descriptive snapshot; no violation history (kept in retailer_universe)
a2c8408bd5,116 SMITHFIELD ST|15222,42003020100,True,True,Cigarette/OTP Retail,True,-80.0003,40.43766,484.09928767336436,0.0,5.0,484.09928767336436,0.0,5.0,189.10229665839177,5.0,31.0,smoke_vape_shop,1,False,4600.0,527.0,73.0,49.57822102496216,0.015869565217391305,0.010623421416431543,3395.0,666.0,0.19617083946980854,0.0495007444791057,True,ACS 2024 5-year,descriptive snapshot; no violation history (kept in retailer_universe)
a2b76cf8b1,4634 CENTRE AVE|15213,42003562000,True,True,Cigarette Retail,True,-79.95068,40.45229,399.1146612490226,0.0,7.0,844.7851148216205,0.0,1.0,172.07687523417252,2.0,28.0,smoke_vape_shop,2,False,2465.0,347.0,143.0,96.46761114488116,0.05801217038539554,0.03827339312096943,2432.0,819.0,0.33675986842105265,0.11539615934408172,True,ACS 2024 5-year,descriptive snapshot; no violation history (kept in retailer_universe)
b29086fd94,928 CHARTIERS AVE|15220,42003562600,True,True,Cigarette/OTP Retail,True,-80.04051,40.44385,948.0345682282094,0.0,1.0,948.0345682282094,0.0,1.0,77.51719725436664,3.0,22.0,grocery_supermarket,2,False,2639.0,530.0,430.0,202.50432094155423,0.16294050776809396,0.06940779735610321,2639.0,304.0,0.1151951496779083,0.048160794452683266,False,ACS 2024 5-year,descriptive snapshot; no violation history (kept in retailer_universe)
3b780d1653,2020 WHARTON ST|15203,42003170200,True,True,Cigarette/OTP Retail,True,-79.97679,40.43037,299.1453575096862,1.0,1.0,299.1453575096862,1.0,1.0,190.74095642212995,10.0,31.0,dollar_discount,8,True,3732.0,606.0,300.0,183.24300805214915,0.08038585209003216,0.04733367251793585,3732.0,559.0,0.1497856377277599,0.09168404537105829,True,ACS 2024 5-year,descriptive snapshot; no violation history (kept in retailer_universe)
2f18c45326,1635 W CARSON ST|15219,42003980700,True,True,OTP Vending,False,-80.02338,40.44233,785.0452882673903,0.0,1.0,785.0452882673903,0.0,1.0,441.13857225407446,0.0,13.0,other,4,True,167.0,54.0,14.0,32.93933818400121,0.08383233532934131,0.19536993881382908,167.0,4.0,0.023952095808383235,0.041194420205831,True,ACS 2024 5-year,descriptive snapshot; no violation history (kept in retailer_universe)
7f4ef8a566,1435 SPRING GARDEN AVE|15212,42003241300,True,True,OTP Retail,True,-79.98691,40.46269,228.96562327616402,2.0,4.0,228.96562327616402,2.0,4.0,140.01986085977407,3.0,20.0,other,2,False,3766.0,522.0,480.0,201.0024875467963,0.12745618693574085,0.050364317972148145,3766.0,543.0,0.14418481147105683,0.06441656531173982,False,ACS 2024 5-year,descriptive snapshot; no violation history (kept in retailer_universe)
c9a65ffc5a,1001 WESTERN AVE|15233,42003980600,True,True,Cigarette/OTP Retail,True,-80.01934,40.45114,491.12247019156797,0.0,5.0,491.12247019156797,0.0,5.0,267.5663707909034,2.0,26.0,gas_convenience,1,False,5.0,7.0,0.0,33.94112549695428,0.0,6.788225099390855,5.0,5.0,1.0,0.0,True,ACS 2024 5-year,descriptive snapshot; no violation history (kept in retailer_universe)
4acf20113b,117 S 18TH ST|15203,42003170200,True,True,Cigarette/OTP Retail,True,-79.98066,40.42756,212.07366220320387,1.0,1.0,212.07366220320387,1.0,1.0,166.96916372335662,3.0,36.0,gas_convenience,5,True,3732.0,606.0,300.0,183.24300805214915,0.08038585209003216,0.04733367251793585,3732.0,559.0,0.1497856377277599,0.09168404537105829,True,ACS 2024 5-year,descriptive snapshot; no violation history (kept in retailer_universe)
7a802670b4,2116 BROWNSVILLE RD|15210,42003290100,True,True,Cigarette Retail,True,-79.98658,40.39266,288.806166597422,1.0,3.0,288.806166597422,1.0,3.0,279.12964944088213,1.0,15.0,dollar_discount,8,True,1764.0,420.0,407.0,150.22649566571138,0.23072562358276644,0.06507548144769411,1764.0,279.0,0.15816326530612246,0.07433925936069183,False,ACS 2024 5-year,descriptive snapshot; no violation history (kept in retailer_universe)
cc38031922,3245 BRIGHTON RD|15212,42003271600,True,True,OTP Retail,True,-80.03172,40.47642,791.8716340415126,0.0,1.0,791.8716340415126,0.0,1.0,54.9431606777534,3.0,13.0,grocery_supermarket,2,False,4472.0,511.0,1037.0,283.26842393743783,0.23188729874776387,0.057534381064102906,4472.0,1386.0,0.3099284436493739,0.0905960362466824,False,ACS 2024 5-year,descriptive snapshot; no violation history (kept in retailer_universe)
f391fe54fa,3889 BRIGHTON RD|15212,42003270100,True,True,Cigarette/OTP Retail,True,-80.03711,40.48663,83.74523210458368,2.0,3.0,770.4966121327732,0.0,1.0,394.2414363873911,0.0,17.0,other,1,False,2419.0,345.0,300.0,96.27564593395361,0.12401818933443572,0.03565348509422135,2414.0,134.0,0.05550952775476388,0.03600968750900957,False,ACS 2024 5-year,descriptive snapshot; no violation history (kept in retailer_universe)
fb5850bb86,1860 CENTRE AVE|15219,42003030500,True,True,Cigarette Retail,True,-79.98093,40.44253,531.7149731526864,0.0,2.0,531.7149731526864,0.0,2.0,85.68282128027795,5.0,41.0,grocery_supermarket,2,False,2978.0,498.0,447.0,200.61405733397646,0.15010073875083949,0.06251433837032035,2970.0,1028.0,0.3461279461279461,0.15547301510112074,False,ACS 2024 5-year,descriptive snapshot; no violation history (kept in retailer_universe)
184a9582d6,1748 CHISLETT ST|15206,42003101400,True,True,Cigarette/OTP Retail,True,-79.92591,40.48533,784.3572438013147,0.0,2.0,784.3572438013147,0.0,2.0,124.99841550201585,3.0,27.0,gas_convenience,1,False,3222.0,400.0,536.0,147.84789481084943,0.16635630043451272,0.04097668054756754,3222.0,212.0,0.06579764121663563,0.04077898991115264,False,ACS 2024 5-year,descriptive snapshot; no violation history (kept in retailer_universe)
982684387a,19 27TH ST|15222,42003020300,True,True,Cigarette Vending,False,-79.97911,40.45767,639.8374036432191,0.0,2.0,639.8374036432191,0.0,2.0,484.1490925420229,0.0,29.0,other,4,True,1928.0,287.0,55.0,53.71219600798314,0.028526970954356846,0.027533478539593714,1928.0,145.0,0.07520746887966805,0.06491303790944448,True,ACS 2024 5-year,descriptive snapshot; no violation history (kept in retailer_universe)
da6bbafcf8,214 N CRAIG ST|15213,42003562000,True,True,Cigarette/OTP Retail,True,-79.95105,40.45031,215.75235010782214,2.0,9.0,625.8544149489895,0.0,3.0,172.81116008508232,2.0,36.0,other,1,False,2465.0,347.0,143.0,96.46761114488116,0.05801217038539554,0.03827339312096943,2432.0,819.0,0.33675986842105265,0.11539615934408172,True,ACS 2024 5-year,descriptive snapshot; no violation history (kept in retailer_universe)
3c0750017c,2010 MURRAY AVE|15217,42003141300,True,True,OTP Retail,True,-79.9229,40.43436,344.2928287925298,0.0,8.0,610.3049839123606,0.0,2.0,248.41883484074043,4.0,30.0,smoke_vape_shop,7,True,4717.0,514.0,437.0,193.225257148231,0.0926436294254823,0.03970017246299938,4457.0,1128.0,0.25308503477675565,0.09897874654045584,False,ACS 2024 5-year,descriptive snapshot; no violation history (kept in retailer_universe)
4459a413be,514 N HIGHLAND AVE|15206,42003111300,True,True,Cigarette Retail,True,-79.92253,40.46639,227.766265607305,1.0,3.0,227.766265607305,1.0,2.0,135.16099148739607,4.0,32.0,other,1,False,2927.0,457.0,443.0,156.43209389380428,0.15134950461223096,0.04793653679355236,2667.0,248.0,0.09298837645294339,0.04845173759628713,False,ACS 2024 5-year,descriptive snapshot; no violation history (kept in retailer_universe)
93d09e4938,504 OAK HILL DR|15213,42003051000,True,True,Cigarette/OTP Retail,True,-79.96993,40.44328,350.9829513957113,0.0,4.0,350.9829513957113,0.0,2.0,85.2830017709989,14.0,47.0,other,1,False,2382.0,281.0,69.0,62.13694553162394,0.028967254408060455,0.025861247227382988,1248.0,386.0,0.3092948717948718,0.15985878376894505,True,ACS 2024 5-year,descriptive snapshot; no violation history (kept in retailer_universe)
d0eacac54c,939 WESTERN AVE|15233,42003562700,True,True,OTP Retail,True,-80.018,40.45168,602.1586928746872,0.0,6.0,602.1586928746872,0.0,6.0,361.3931261253816,0.0,33.0,bar_restaurant,1,False,1949.0,230.0,132.0,92.62828941527529,0.06772703950743972,0.04684920051359996,1936.0,335.0,0.17303719008264462,0.07630843041102746,True,ACS 2024 5-year,descriptive snapshot; no violation history (kept in retailer_universe)
31b8ce7a65,2176 WEBSTER AVE|15219,42003050100,True,True,Cigarette/OTP Retail,True,-79.97797,40.44727,299.3906295626134,1.0,2.0,299.3906295626134,1.0,2.0,195.12501807778258,7.0,42.0,bar_restaurant,1,False,1746.0,434.0,539.0,282.78260201080263,0.3087056128293242,0.14262874108111637,1741.0,734.0,0.4215967834577829,0.12848961759201105,False,ACS 2024 5-year,descriptive snapshot; no violation history (kept in retailer_universe)
56956bb122,1130 HIGHWOOD ST|15212,42003271600,True,True,Cigarette/OTP Retail,True,-80.02657,40.46827,484.45757621929476,0.0,4.0,484.45757621929476,0.0,1.0,308.9220996738296,0.0,13.0,other,2,False,4472.0,511.0,1037.0,283.26842393743783,0.23188729874776387,0.057534381064102906,4472.0,1386.0,0.3099284436493739,0.0905960362466824,False,ACS 2024 5-year,descriptive snapshot; no violation history (kept in retailer_universe)
81a3386efa,3505 BUTLER ST|15201,42003060300,True,True,Cigarette/OTP Retail,True,-79.96618,40.46414,437.3180488553823,0.0,3.0,437.3180488553823,0.0,3.0,210.56432706934305,2.0,44.0,smoke_vape_shop,1,False,2724.0,329.0,100.0,88.10788840960836,0.03671071953010279,0.032039702102179275,2724.0,305.0,0.1119676945668135,0.04308157090974775,True,ACS 2024 5-year,descriptive snapshot; no violation history (kept in retailer_universe)
ccd4568bd5,905 LIBERTY AVE|15222,42003020100,True,True,Cigarette/OTP Retail,True,-79.99771,40.44301,82.56400110689775,4.0,5.0,82.56400110689775,4.0,5.0,121.37983390706198,8.0,32.0,grocery_supermarket,1,False,4600.0,527.0,73.0,49.57822102496216,0.015869565217391305,0.010623421416431543,3395.0,666.0,0.19617083946980854,0.0495007444791057,True,ACS 2024 5-year,descriptive snapshot; no violation history (kept in retailer_universe)
2c15a04bf3,2625 BROWNSVILLE RD|15227,42003290400,True,True,Cigarette/OTP Retail,True,-79.97824,40.38501,605.4285488763818,0.0,2.0,605.4285488763818,0.0,2.0,660.0215532207875,0.0,2.0,other,1,False,3552.0,534.0,439.0,200.70874420413278,0.12359234234234234,0.053363574367280606,3519.0,401.0,0.11395282750781471,0.06311845725900488,False,ACS 2024 5-year,descriptive snapshot; no violation history (kept in retailer_universe)
86ebf86486,3100 LIBERTY AVE|15201,42003060500,True,True,OTP Vending,False,-79.97053,40.45892,1123.501448011189,0.0,0.0,1123.501448011189,0.0,0.0,167.5030139696447,5.0,19.0,other,15,True,1115.0,195.0,31.0,29.748949561287034,0.02780269058295964,0.026233867153281753,1115.0,137.0,0.12286995515695068,0.05707542982880399,True,ACS 2024 5-year,descriptive snapshot; no violation history (kept in retailer_universe)
f610e6cb8e,26 39TH ST|15201,42003060300,True,True,OTP Wholesaler,False,-79.96621,40.47082,471.3915441392538,0.0,2.0,471.3915441392538,0.0,2.0,437.1640538127513,0.0,44.0,other,2,False,2724.0,329.0,100.0,88.10788840960836,0.03671071953010279,0.032039702102179275,2724.0,305.0,0.1119676945668135,0.04308157090974775,True,ACS 2024 5-year,descriptive snapshot; no violation history (kept in retailer_universe)
016ad79102,351 STANHOPE ST|15204,42003562500,True,True,Cigarette/OTP Retail,True,-80.05631,40.46346,1017.7505922949416,0.0,0.0,1017.7505922949416,0.0,0.0,244.9500206872375,2.0,24.0,gas_convenience,1,False,2987.0,533.0,951.0,259.6690201005888,0.3183796451288919,0.06580116569176098,2987.0,542.0,0.18145296283896886,0.12821456889909724,False,ACS 2024 5-year,descriptive snapshot; no violation history (kept in retailer_universe)
f5f9cf0a97,7356 STRANAHAN ST|15206,42003130700,True,True,Cigarette Retail,True,-79.88999,40.46169,954.5519940408141,0.0,1.0,954.5519940408141,0.0,1.0,370.90455012265727,0.0,11.0,grocery_supermarket,2,False,2334.0,409.0,643.0,236.53540961133072,0.2754927163667524,0.08910606679438701,2332.0,1190.0,0.5102915951972555,0.16317379030973936,False,ACS 2024 5-year,descriptive snapshot; no violation history (kept in retailer_universe)
3eaa4cc87a,631 SUISMON ST|15212,42003563202,True,True,Cigarette Vending,False,-79.99863,40.45557,120.91705421849413,1.0,5.0,471.8779621534037,0.0,4.0,123.44790605568515,4.0,42.0,bar_restaurant,7,True,1934.0,257.0,145.0,58.92367945062494,0.0749741468459152,0.028792245620539128,1934.0,340.0,0.17580144777662876,0.0932932546083585,False,ACS 2024 5-year,descriptive snapshot; no violation history (kept in retailer_universe)
73a03a9415,5001 2ND AVE STE A|15207,42003562300,True,True,Cigarette Retail,True,-79.94365,40.40844,215.05747242201002,1.0,2.0,665.5315974922311,0.0,1.0,30.575908237247447,3.0,20.0,grocery_supermarket,2,False,3374.0,398.0,754.0,279.79635451520807,0.2234736218138708,0.078625756992389,3154.0,833.0,0.26410906785034877,0.10656418380629518,False,ACS 2024 5-year,descriptive snapshot; no violation history (kept in retailer_universe)
26d8fef087,838 E WARRINGTON AVE|15210,42003180300,True,True,Cigarette/OTP Retail,True,-79.99208,40.4218,302.95181460498435,0.0,1.0,302.95181460498435,0.0,1.0,127.56325593053303,1.0,30.0,other,1,False,1837.0,339.0,267.0,123.30855606972291,0.14534567229178008,0.06153321031019651,1837.0,453.0,0.24659771366358194,0.08058012410090297,False,ACS 2024 5-year,descriptive snapshot; no violation history (kept in retailer_universe)
c904a57850,207 SHILOH ST BLDG 1|15211,42003191400,True,True,Cigarette/OTP Retail,True,-80.0074,40.43038,1090.5749078059832,0.0,0.0,1090.5749078059832,0.0,0.0,87.60644438535748,2.0,27.0,other,1,False,2486.0,339.0,207.0,93.69631796394135,0.083266291230893,0.03593856661473499,2486.0,415.0,0.166934835076428,0.06277392613309274,False,ACS 2024 5-year,descriptive snapshot; no violation history (kept in retailer_universe)
2b9b48a111,5804 FORBES AVE|15217,42003140300,True,True,OTP Retail,True,-79.92256,40.43806,189.76049081205164,1.0,8.0,819.7743087965741,0.0,3.0,43.46032873891493,6.0,20.0,smoke_vape_shop,2,False,3400.0,392.0,573.0,138.1195134656939,0.16852941176470587,0.0356751613183707,3400.0,379.0,0.11147058823529411,0.06970750709085115,False,ACS 2024 5-year,descriptive snapshot; no violation history (kept in retailer_universe)
41446119e7,925 CHARTIERS AVE|15220,42003562600,True,True,Cigarette Vending,False,-80.04037,40.44373,965.3217217482742,0.0,1.0,965.3217217482742,0.0,1.0,60.995551108035166,3.0,22.0,bar_restaurant,7,True,2639.0,530.0,430.0,202.50432094155423,0.16294050776809396,0.06940779735610321,2639.0,304.0,0.1151951496779083,0.048160794452683266,False,ACS 2024 5-year,descriptive snapshot; no violation history (kept in retailer_universe)
bc3c29d28f,501 GREENFIELD AVE|15207,42003151600,True,True,OTP Vending,False,-79.94231,40.42555,144.3361464256023,1.0,1.0,144.3361464256023,1.0,1.0,177.1207089271522,6.0,47.0,bar_restaurant,15,True,2413.0,325.0,273.0,89.83874442577657,0.11313717364276833,0.03396995176163521,2413.0,180.0,0.07459593866556154,0.04785853982854276,False,ACS 2024 5-year,descriptive snapshot; no violation history (kept in retailer_universe)
38b6d8b596,6001 BUTTERMILK HOLLOW RD|15207,42003310200,True,True,Cigarette/OTP Retail,True,-79.90737,40.3627,1048.1977860134637,0.0,0.0,1048.1977860134637,0.0,0.0,189.2302499036887,2.0,8.0,other,1,False,3249.0,330.0,503.0,166.14451540752106,0.15481686672822406,0.04865941937575975,3242.0,453.0,0.13972856261566935,0.06982712446659672,False,ACS 2024 5-year,descriptive snapshot; no violation history (kept in retailer_universe)
c439e5f780,1006 LINCOLN AVE|15206,42003120300,True,True,Cigarette/OTP Retail,True,-79.90159,40.46401,346.82417668707586,0.0,4.0,346.82417668707586,0.0,4.0,243.93883715773438,1.0,17.0,smoke_vape_shop,1,False,1507.0,545.0,477.0,207.53794833716555,0.3165228931652289,0.07656698780691255,1507.0,602.0,0.39946914399469147,0.1645627639357805,False,ACS 2024 5-year,descriptive snapshot; no violation history (kept in retailer_universe)
3fc515ab26,3117 BRERETON ST|15219,42003060500,True,True,Cigarette Vending,False,-79.96643,40.4567,825.1587049632559,0.0,1.0,825.1587049632559,0.0,1.0,68.592057184571,4.0,34.0,other,10,True,1115.0,195.0,31.0,29.748949561287034,0.02780269058295964,0.026233867153281753,1115.0,137.0,0.12286995515695068,0.05707542982880399,True,ACS 2024 5-year,descriptive snapshot; no violation history (kept in retailer_universe)
20f2c7b46e,721 BROOKLINE BLVD|15226,42003191900,True,True,Cigarette/OTP Retail,True,-80.02095,40.39446,320.7762002035835,0.0,2.0,320.7762002035835,0.0,1.0,38.75322862398059,2.0,17.0,other,1,False,2320.0,265.0,306.0,124.23767544509194,0.13189655172413794,0.05138776529717159,2320.0,342.0,0.14741379310344827,0.10948865779336783,False,ACS 2024 5-year,descriptive snapshot; no violation history (kept in retailer_universe)
122af35b54,2112 E CARSON ST STE A|15203,42003160900,True,True,Cigarette/OTP Retail,True,-79.97561,40.42848,228.9543051414902,1.0,1.0,228.9543051414902,1.0,1.0,44.95315909117219,11.0,34.0,other,1,False,3603.0,482.0,135.0,102.11757928975794,0.03746877601998335,0.027895615099723044,3603.0,851.0,0.23619206217041355,0.07913162063122248,True,ACS 2024 5-year,descriptive snapshot; no violation history (kept in retailer_universe)
47824448f0,433 MARKET ST|15222,42003020100,True,True,Cigarette/OTP Retail,True,-80.00229,40.44108,263.15129999011106,1.0,5.0,263.15129999011106,1.0,5.0,62.22413204144812,10.0,33.0,other,1,False,4600.0,527.0,73.0,49.57822102496216,0.015869565217391305,0.010623421416431543,3395.0,666.0,0.19617083946980854,0.0495007444791057,True,ACS 2024 5-year,descriptive snapshot; no violation history (kept in retailer_universe)
fc583edd5e,4605 CENTRE AVE|15213,42003562000,True,True,Cigarette/OTP Retail,True,-79.95171,40.45198,354.53998754958263,0.0,6.0,815.2390257594628,0.0,2.0,233.52702459659344,4.0,30.0,grocery_supermarket,2,False,2465.0,347.0,143.0,96.46761114488116,0.05801217038539554,0.03827339312096943,2432.0,819.0,0.33675986842105265,0.11539615934408172,True,ACS 2024 5-year,descriptive snapshot; no violation history (kept in retailer_universe)
91baeffe8c,418 SEMPLE ST|15213,42003040600,True,True,OTP Vending,False,-79.95442,40.43665,753.5411077642216,0.0,3.0,795.0345957185384,0.0,2.0,242.5266502697347,1.0,32.0,other,15,True,2337.0,456.0,0.0,33.94112549695428,0.0,0.014523374196386083,2337.0,1828.0,0.7821994009413779,0.11599243691196792,True,ACS 2024 5-year,descriptive snapshot; no violation history (kept in retailer_universe)
300ab2814d,1409 E CARSON ST|15203,42003170200,True,True,OTP Retail,True,-79.98373,40.42885,480.8268084448372,0.0,2.0,480.8268084448372,0.0,2.0,170.7436754542991,9.0,39.0,other,1,False,3732.0,606.0,300.0,183.24300805214915,0.08038585209003216,0.04733367251793585,3732.0,559.0,0.1497856377277599,0.09168404537105829,True,ACS 2024 5-year,descriptive snapshot; no violation history (kept in retailer_universe)
04d23544ec,4900 PENN AVE|15224,42003101900,True,True,Cigarette/OTP Retail,True,-79.94482,40.46527,852.8011377946531,0.0,1.0,852.8011377946531,0.0,1.0,101.89815485434731,4.0,27.0,other,1,False,2803.0,373.0,718.0,249.92798962901293,0.2561541205850874,0.08239166814529153,2803.0,881.0,0.31430610060649306,0.1274547847064737,False,ACS 2024 5-year,descriptive snapshot; no violation history (kept in retailer_universe)
67d04f213f,1 AMANDA AVE|15210,42003300100,True,True,Cigarette Vending,False,-79.98823,40.41842,770.0574941463832,0.0,1.0,770.0574941463832,0.0,1.0,176.01623529783018,1.0,21.0,other,7,True,3513.0,872.0,832.0,298.3152694717453,0.2368346142897808,0.061278378346580974,3460.0,1295.0,0.37427745664739887,0.24916757399552905,False,ACS 2024 5-year,descriptive snapshot; no violation history (kept in retailer_universe)
6df6a4ba0c,4521 CENTRE AVE|15213,42003562000,True,True,Cigarette Retail,True,-79.95245,40.45176,305.0640590501161,0.0,6.0,800.4584368959082,0.0,2.0,180.53164539117216,2.0,30.0,other,1,False,2465.0,347.0,143.0,96.46761114488116,0.05801217038539554,0.03827339312096943,2432.0,819.0,0.33675986842105265,0.11539615934408172,True,ACS 2024 5-year,descriptive snapshot; no violation history (kept in retailer_universe)
3b54bbe53e,310 CEDAR AVE|15212,42003563202,True,True,Cigarette/OTP Retail,True,-80.00081,40.45117,515.4337649800624,0.0,9.0,515.4337649800624,0.0,8.0,83.55685180266913,4.0,39.0,gas_convenience,1,False,1934.0,257.0,145.0,58.92367945062494,0.0749741468459152,0.028792245620539128,1934.0,340.0,0.17580144777662876,0.0932932546083585,False,ACS 2024 5-year,descriptive snapshot; no violation history (kept in retailer_universe)
8654e97704,2121 NOBLESTOWN RD STE 222|15205,42003563100,True,True,OTP Retail,True,-80.05229,40.42947,288.0170216159102,1.0,2.0,288.0170216159102,1.0,1.0,200.93379138166716,5.0,10.0,other,2,False,3647.0,675.0,727.0,278.3217562462554,0.19934192486975597,0.06680406714191577,3647.0,114.0,0.03125856868659172,0.028203510218541474,False,ACS 2024 5-year,descriptive snapshot; no violation history (kept in retailer_universe)
fe32d00e25,4205 MURRAY AVE|15217,42003151700,True,True,Cigarette/OTP Retail,True,-79.92873,40.42296,291.31010493450685,1.0,1.0,291.31010493450685,1.0,1.0,378.49280058296864,0.0,6.0,smoke_vape_shop,1,False,4169.0,649.0,429.0,133.63382805263043,0.10290237467018469,0.027764330443750523,4169.0,508.0,0.12185176301271287,0.08399651745585011,False,ACS 2024 5-year,descriptive snapshot; no violation history (kept in retailer_universe)
89d9b9b81c,1917 CENTRE AVE|15219,42003030500,True,True,Cigarette/OTP Retail,True,-79.98045,40.44355,425.70199378308297,0.0,2.0,425.70199378308297,0.0,2.0,54.27829369189361,6.0,43.0,dollar_discount,8,True,2978.0,498.0,447.0,200.61405733397646,0.15010073875083949,0.06251433837032035,2970.0,1028.0,0.3461279461279461,0.15547301510112074,False,ACS 2024 5-year,descriptive snapshot; no violation history (kept in retailer_universe)
773f744880,1318 FEDERAL ST|15212,42003565100,True,True,Cigarette/OTP Retail,True,-80.00721,40.45721,347.21028187189006,0.0,5.0,347.21028187189006,0.0,4.0,97.33073783638964,4.0,47.0,other,1,False,2995.0,462.0,473.0,252.54900514553606,0.15792988313856426,0.08072770289643294,2988.0,667.0,0.22322623828647925,0.11193470638167134,True,ACS 2024 5-year,descriptive snapshot; no violation history (kept in retailer_universe)
0a086baa89,355 5TH AVE|15222,42003020100,True,True,Cigarette/OTP Retail,True,-79.99896,40.44019,412.92685770770345,0.0,5.0,412.92685770770345,0.0,5.0,73.2701228787558,10.0,34.0,other,1,False,4600.0,527.0,73.0,49.57822102496216,0.015869565217391305,0.010623421416431543,3395.0,666.0,0.19617083946980854,0.0495007444791057,True,ACS 2024 5-year,descriptive snapshot; no violation history (kept in retailer_universe)
665ac3dedc,318-320 CEDAR AVE|15212,42003563202,True,True,OTP Retail,True,-80.0001,40.45161,520.5944597972982,0.0,9.0,520.5944597972982,0.0,8.0,126.81903735686187,5.0,40.0,grocery_supermarket,11,True,1934.0,257.0,145.0,58.92367945062494,0.0749741468459152,0.028792245620539128,1934.0,340.0,0.17580144777662876,0.0932932546083585,False,ACS 2024 5-year,descriptive snapshot; no violation history (kept in retailer_universe)
0ee2b1a81e,5801 FORWARD AVE|15217,42003140800,True,True,Cigarette/OTP Retail,True,-79.92317,40.42999,331.13784207773716,0.0,6.0,331.13784207773716,0.0,3.0,288.75551788850953,1.0,29.0,gas_convenience,5,True,4731.0,601.0,1156.0,231.94180304550537,0.24434580426971042,0.037947885673533154,4683.0,514.0,0.10975870168695281,0.03922701018226167,False,ACS 2024 5-year,descriptive snapshot; no violation history (kept in retailer_universe)
e810bac3a0,418 SEMPLE ST|15213,42003040600,True,True,OTP Retail,True,-79.95442,40.43665,753.5411077642216,0.0,3.0,795.0345957185384,0.0,2.0,242.5266502697347,1.0,32.0,other,15,True,2337.0,456.0,0.0,33.94112549695428,0.0,0.014523374196386083,2337.0,1828.0,0.7821994009413779,0.11599243691196792,True,ACS 2024 5-year,descriptive snapshot; no violation history (kept in retailer_universe)
d976c4c2e4,211 N SHORE DR|15212,42003981200,True,True,OTP Vending,False,-80.00763,40.4466,677.7517921400495,0.0,8.0,677.7517921400495,0.0,8.0,110.39317668355346,4.0,45.0,other,15,True,0.0,12.0,0.0,33.94112549695428,,,0.0,0.0,,,False,ACS 2024 5-year,descriptive snapshot; no violation history (kept in retailer_universe)
037e34ef6f,2414 BROWNSVILLE RD|15210,42003290400,True,True,Cigarette/OTP Retail,True,-79.98229,40.38686,207.7287498284248,1.0,2.0,207.7287498284248,1.0,2.0,662.3643080823341,0.0,7.0,other,1,False,3552.0,534.0,439.0,200.70874420413278,0.12359234234234234,0.053363574367280606,3519.0,401.0,0.11395282750781471,0.06311845725900488,False,ACS 2024 5-year,descriptive snapshot; no violation history (kept in retailer_universe)
7a7279d343,1215 BRIGHTON RD # 19008|15233,42003565100,True,True,Cigarette Retail,True,-80.01531,40.45513,551.7086269517457,0.0,7.0,551.7086269517457,0.0,7.0,84.41286273226798,4.0,42.0,dollar_discount,10,True,2995.0,462.0,473.0,252.54900514553606,0.15792988313856426,0.08072770289643294,2988.0,667.0,0.22322623828647925,0.11193470638167134,True,ACS 2024 5-year,descriptive snapshot; no violation history (kept in retailer_universe)
145c98a000,4420 BROWNS HILL RD|15217,42003151700,True,True,Cigarette/OTP Retail,True,-79.9274,40.4194,496.15764757502257,0.0,1.0,496.15764757502257,0.0,1.0,546.941840635912,0.0,3.0,gas_convenience,1,False,4169.0,649.0,429.0,133.63382805263043,0.10290237467018469,0.027764330443750523,4169.0,508.0,0.12185176301271287,0.08399651745585011,False,ACS 2024 5-year,descriptive snapshot; no violation history (kept in retailer_universe)
4c4169ffde,2903 BRIGHTON RD|15212,42003271600,True,True,Cigarette/OTP Retail,True,-80.02716,40.47163,670.8686371778712,0.0,4.0,850.6531078081905,0.0,1.0,102.86297409920881,1.0,11.0,gas_convenience,1,False,4472.0,511.0,1037.0,283.26842393743783,0.23188729874776387,0.057534381064102906,4472.0,1386.0,0.3099284436493739,0.0905960362466824,False,ACS 2024 5-year,descriptive snapshot; no violation history (kept in retailer_universe)
6d813611a0,325 6TH AVE|15222,42003020100,True,True,Cigarette Retail,True,-79.99868,40.44181,238.43918168061435,2.0,5.0,238.43918168061435,2.0,5.0,114.72512380627312,12.0,32.0,bar_restaurant,1,False,4600.0,527.0,73.0,49.57822102496216,0.015869565217391305,0.010623421416431543,3395.0,666.0,0.19617083946980854,0.0495007444791057,True,ACS 2024 5-year,descriptive snapshot; no violation history (kept in retailer_universe)
2bcdfcf786,2222 WEBSTER AVE|15219,42003050100,True,True,Cigarette/OTP Retail,True,-79.97705,40.44766,379.50438071176166,0.0,2.0,379.50438071176166,0.0,2.0,172.43767676285523,6.0,44.0,gas_convenience,1,False,1746.0,434.0,539.0,282.78260201080263,0.3087056128293242,0.14262874108111637,1741.0,734.0,0.4215967834577829,0.12848961759201105,False,ACS 2024 5-year,descriptive snapshot; no violation history (kept in retailer_universe)
188115e37e,5724 ELLSWORTH AVE|15232,42003070500,True,True,Cigarette Retail,True,-79.93149,40.45515,275.52082154753225,1.0,7.0,275.52082154753225,1.0,2.0,234.65661376723466,3.0,21.0,gas_convenience,2,False,2989.0,375.0,185.0,97.30878685915265,0.061893609902977584,0.03161599778651511,2978.0,466.0,0.15648085963734049,0.04493802905868551,True,ACS 2024 5-year,descriptive snapshot; no violation history (kept in retailer_universe)
64d85fddce,3639 CALIFORNIA AVE|15212,42003270100,True,True,Cigarette/OTP Retail,True,-80.04145,40.48126,197.80122029431521,1.0,3.0,197.80122029431521,1.0,1.0,76.5071102213446,2.0,11.0,grocery_supermarket,1,False,2419.0,345.0,300.0,96.27564593395361,0.12401818933443572,0.03565348509422135,2414.0,134.0,0.05550952775476388,0.03600968750900957,False,ACS 2024 5-year,descriptive snapshot; no violation history (kept in retailer_universe)
3e69cc5879,5880 1/2 FORBES AVE|15217,42003140300,True,True,Cigarette/OTP Retail,True,-79.91977,40.43805,214.54855846394494,1.0,8.0,662.8375107797233,0.0,3.0,170.15791952703805,2.0,22.0,other,1,False,3400.0,392.0,573.0,138.1195134656939,0.16852941176470587,0.0356751613183707,3400.0,379.0,0.11147058823529411,0.06970750709085115,False,ACS 2024 5-year,descriptive snapshot; no violation history (kept in retailer_universe)
8e61ab27bb,533 BROOKLINE BLVD|15226,42003191900,True,True,Cigarette/OTP Retail,True,-80.02271,40.39573,247.52023741098986,1.0,2.0,247.52023741098986,1.0,1.0,38.90542356788176,3.0,15.0,gas_convenience,1,False,2320.0,265.0,306.0,124.23767544509194,0.13189655172413794,0.05138776529717159,2320.0,342.0,0.14741379310344827,0.10948865779336783,False,ACS 2024 5-year,descriptive snapshot; no violation history (kept in retailer_universe)
cf96bbb6b9,1312 BENTON AVE|15212,42003270100,True,True,Cigarette/OTP Retail,True,-80.03642,40.48432,223.7666399036362,2.0,3.0,558.62069068073,0.0,1.0,306.3445649990582,0.0,17.0,other,1,False,2419.0,345.0,300.0,96.27564593395361,0.12401818933443572,0.03565348509422135,2414.0,134.0,0.05550952775476388,0.03600968750900957,False,ACS 2024 5-year,descriptive snapshot; no violation history (kept in retailer_universe)
d8662a142f,1314 E CARSON ST|15203,42003170200,True,True,Cigarette Retail,True,-79.98464,40.42882,555.7801924094337,0.0,2.0,555.7801924094337,0.0,2.0,101.01572283370837,9.0,38.0,bar_restaurant,1,False,3732.0,606.0,300.0,183.24300805214915,0.08038585209003216,0.04733367251793585,3732.0,559.0,0.1497856377277599,0.09168404537105829,True,ACS 2024 5-year,descriptive snapshot; no violation history (kept in retailer_universe)
bc2ca661d0,115 SMITHFIELD ST|15222,42003020100,True,True,OTP Retail,True,-80.00031,40.43764,484.607752985867,0.0,5.0,484.607752985867,0.0,5.0,190.04602961874375,5.0,31.0,other,2,False,4600.0,527.0,73.0,49.57822102496216,0.015869565217391305,0.010623421416431543,3395.0,666.0,0.19617083946980854,0.0495007444791057,True,ACS 2024 5-year,descriptive snapshot; no violation history (kept in retailer_universe)
b9c81cf95a,5136 PENN AVE|15224,42003101900,True,True,Cigarette/OTP Retail,True,-79.94128,40.46478,560.3252695231112,0.0,2.0,560.3252695231112,0.0,1.0,57.52272838557426,3.0,26.0,other,1,False,2803.0,373.0,718.0,249.92798962901293,0.2561541205850874,0.08239166814529153,2803.0,881.0,0.31430610060649306,0.1274547847064737,False,ACS 2024 5-year,descriptive snapshot; no violation history (kept in retailer_universe)
beb684ec65,3825 PENN AVE|15201,42003060300,True,True,Cigarette Vending,False,-79.96058,40.46473,329.93714393817123,0.0,3.0,329.93714393817123,0.0,3.0,125.09428521324934,10.0,31.0,other,10,True,2724.0,329.0,100.0,88.10788840960836,0.03671071953010279,0.032039702102179275,2724.0,305.0,0.1119676945668135,0.04308157090974775,True,ACS 2024 5-year,descriptive snapshot; no violation history (kept in retailer_universe)
42e651173f,280 MOREWOOD AVE|15213,42003080400,True,True,Cigarette Vending,False,-79.94512,40.45459,735.2906449148624,0.0,6.0,997.3876115896448,0.0,1.0,313.198584023437,0.0,20.0,other,4,True,1568.0,232.0,71.0,59.86651818838306,0.04528061224489796,0.03758776666602507,1568.0,279.0,0.17793367346938777,0.09660444969088502,True,ACS 2024 5-year,descriptive snapshot; no violation history (kept in retailer_universe)
0304e471df,4924 BAUM BLVD|15213,42003080400,True,True,Cigarette/OTP Retail,True,-79.9453,40.45468,736.6670543482621,0.0,3.0,1014.0406876510255,0.0,0.0,317.08654131518875,0.0,19.0,gas_convenience,5,True,1568.0,232.0,71.0,59.86651818838306,0.04528061224489796,0.03758776666602507,1568.0,279.0,0.17793367346938777,0.09660444969088502,True,ACS 2024 5-year,descriptive snapshot; no violation history (kept in retailer_universe)
808091b81b,2900 BANKSVILLE RD UKANI BROTHERS INC|15216,42003202300,True,True,Cigarette Retail,True,-80.04132,40.40307,578.3788463837841,0.0,2.0,578.3788463837841,0.0,2.0,486.6020354489541,0.0,26.0,gas_convenience,2,False,3750.0,808.0,582.0,307.8035087519309,0.1552,0.07496010848678974,3718.0,260.0,0.06993006993006994,0.03591657897803106,False,ACS 2024 5-year,descriptive snapshot; no violation history (kept in retailer_universe)
69f05125cc,400 CHERRY WAY STE 3|15219,42003020100,True,True,Cigarette/OTP Retail,True,-79.99848,40.43869,564.2109027529576,0.0,5.0,564.2109027529576,0.0,5.0,114.10991778491774,9.0,31.0,other,1,False,4600.0,527.0,73.0,49.57822102496216,0.015869565217391305,0.010623421416431543,3395.0,666.0,0.19617083946980854,0.0495007444791057,True,ACS 2024 5-year,descriptive snapshot; no violation history (kept in retailer_universe)
2f1575c8b5,1018 W NORTH AVE|15233,42003565200,True,True,Cigarette/OTP Retail,True,-80.02003,40.45313,414.5888755444394,0.0,6.0,414.5888755444394,0.0,6.0,217.10020307340184,3.0,26.0,grocery_supermarket,1,False,2739.0,654.0,418.0,152.6925014530838,0.15261044176706828,0.04218963814209967,2739.0,277.0,0.10113179992698065,0.02977380078357734,False,ACS 2024 5-year,descriptive snapshot; no violation history (kept in retailer_universe)
53e351c198,3601 BLVD OF THE ALLIES|15213,42003040900,True,True,OTP Retail,True,-79.95434,40.43455,878.2689260580889,0.0,1.0,1017.1837494630396,0.0,0.0,364.35632547157263,0.0,35.0,other,2,False,3280.0,502.0,75.0,63.655321851358195,0.022865853658536585,0.01908897047264278,3202.0,1791.0,0.5593379138038725,0.10547211586017481,True,ACS 2024 5-year,descriptive snapshot; no violation history (kept in retailer_universe)
33f8c693f7,5482 PENN AVE|15206,42003080700,True,True,Cigarette Retail,True,-79.9326,40.46415,330.8311155560457,0.0,4.0,334.0080816748726,0.0,2.0,318.71447815204476,0.0,29.0,other,1,False,1935.0,261.0,143.0,80.09369513263825,0.07390180878552971,0.0401738860853251,1933.0,208.0,0.10760475944128298,0.030898287529142882,True,ACS 2024 5-year,descriptive snapshot; no violation history (kept in retailer_universe)
9f4a7ff2f8,137 6TH ST|15222,42003020100,True,True,Cigarette/OTP Retail,True,-80.00236,40.44317,370.97572181180385,0.0,5.0,370.97572181180385,0.0,5.0,95.17669429732814,5.0,35.0,other,1,False,4600.0,527.0,73.0,49.57822102496216,0.015869565217391305,0.010623421416431543,3395.0,666.0,0.19617083946980854,0.0495007444791057,True,ACS 2024 5-year,descriptive snapshot; no violation history (kept in retailer_universe)
debdbaf26d,275 OAKVILLE DR|15220,42003202300,True,True,Cigarette/OTP Retail,True,-80.03849,40.4187,664.9041750688473,0.0,2.0,664.9041750688473,0.0,1.0,68.51160820067534,4.0,34.0,gas_convenience,1,False,3750.0,808.0,582.0,307.8035087519309,0.1552,0.07496010848678974,3718.0,260.0,0.06993006993006994,0.03591657897803106,False,ACS 2024 5-year,descriptive snapshot; no violation history (kept in retailer_universe)
cd07ff1465,1100 BROWNSVILLE RD|15210,42003290100,True,True,Cigarette/OTP Retail,True,-79.99087,40.40489,793.8238548372583,0.0,1.0,793.8238548372583,0.0,1.0,475.67255428215435,0.0,12.0,other,2,False,1764.0,420.0,407.0,150.22649566571138,0.23072562358276644,0.06507548144769411,1764.0,279.0,0.15816326530612246,0.07433925936069183,False,ACS 2024 5-year,descriptive snapshot; no violation history (kept in retailer_universe)
c54ca7b54f,2228 CENTRE AVE|15219,42003050100,True,True,Cigarette/OTP Retail,True,-79.97495,40.44524,134.93619072581066,1.0,2.0,134.93619072581066,1.0,2.0,96.63533067371038,11.0,51.0,grocery_supermarket,1,False,1746.0,434.0,539.0,282.78260201080263,0.3087056128293242,0.14262874108111637,1741.0,734.0,0.4215967834577829,0.12848961759201105,False,ACS 2024 5-year,descriptive snapshot; no violation history (kept in retailer_universe)
0753dca377,142 CHARTIERS AVE|15136,42003562500,True,False,Cigarette/OTP Retail,True,-80.05704,40.46365,1043.2347922217723,0.0,0.0,1043.2347922217723,0.0,0.0,185.22862701709923,2.0,26.0,other,1,False,2987.0,533.0,951.0,259.6690201005888,0.3183796451288919,0.06580116569176098,2987.0,542.0,0.18145296283896886,0.12821456889909724,False,ACS 2024 5-year,descriptive snapshot; no violation history (kept in retailer_universe)
8896e009a0,2168 CENTRE AVE|15219,42003050100,True,True,Cigarette/OTP Retail,True,-79.9765,40.44532,250.73210344743356,1.0,2.0,250.73210344743356,1.0,2.0,24.426997756222768,6.0,49.0,other,1,False,1746.0,434.0,539.0,282.78260201080263,0.3087056128293242,0.14262874108111637,1741.0,734.0,0.4215967834577829,0.12848961759201105,False,ACS 2024 5-year,descriptive snapshot; no violation history (kept in retailer_universe)
efa48c4b2a,6680 FRANKSTOWN AVE|15206,42003120900,True,True,Cigarette/OTP Retail,True,-79.90852,40.45866,306.2041244290645,0.0,4.0,306.2041244290645,0.0,3.0,275.84837793117293,2.0,33.0,other,2,False,1473.0,303.0,316.0,112.39661916623649,0.21452817379497624,0.062249628871929655,1311.0,430.0,0.32799389778794813,0.0975852871785615,False,ACS 2024 5-year,descriptive snapshot; no violation history (kept in retailer_universe)
6f3919f0d8,237 S MATHILDA ST|15224,42003080900,True,True,OTP Itinerant,False,-79.94664,40.46401,889.4612606699167,0.0,2.0,889.4612606699167,0.0,2.0,148.70597453485038,3.0,25.0,other,1,False,1877.0,258.0,132.0,69.7137002317335,0.07032498668087374,0.03586106748503789,1809.0,299.0,0.16528468767274737,0.08579569980956943,True,ACS 2024 5-year,descriptive snapshot; no violation history (kept in retailer_universe)
2c16edccfc,4260 EVERGREEN RD|15214,42003261300,True,True,Cigarette/OTP Retail,True,-80.00793,40.49587,1184.62668794684,0.0,0.0,1184.62668794684,0.0,0.0,872.0808390937926,0.0,3.0,gas_convenience,1,False,2815.0,725.0,928.0,266.97752714413997,0.32966252220248665,0.042262268305313384,2794.0,863.0,0.3088761632068719,0.13055643386954113,False,ACS 2024 5-year,descriptive snapshot; no violation history (kept in retailer_universe)
b39c7d161a,3247 E CARSON ST|15203,42003160900,True,True,Cigarette/OTP Retail,True,-79.96016,40.4231,1401.0204121501936,0.0,0.0,1401.0204121501936,0.0,0.0,417.9806409760098,0.0,14.0,gas_convenience,5,True,3603.0,482.0,135.0,102.11757928975794,0.03746877601998335,0.027895615099723044,3603.0,851.0,0.23619206217041355,0.07913162063122248,True,ACS 2024 5-year,descriptive snapshot; no violation history (kept in retailer_universe)
591578e738,7901 BENNETT ST|15221,42003130600,True,True,Cigarette/OTP Retail,True,-79.88528,40.45406,781.8947595746076,0.0,1.0,781.8947595746076,0.0,1.0,203.66147369091044,1.0,5.0,other,1,False,3994.0,559.0,1683.0,468.28837269357865,0.4213820731096645,0.10133530895696762,3994.0,2040.0,0.5107661492238358,0.15672456598042236,False,ACS 2024 5-year,descriptive snapshot; no violation history (kept in retailer_universe)
dd0532428f,4104 BUTLER ST|15201,42003090100,True,True,Cigarette Retail,True,-79.96116,40.46961,178.98086284755072,1.0,3.0,178.98086284755072,1.0,3.0,227.40070467874168,4.0,27.0,other,2,False,2019.0,305.0,87.0,52.820450584977024,0.04309063893016345,0.02533891520193912,2008.0,177.0,0.08814741035856574,0.05412429889470475,True,ACS 2024 5-year,descriptive snapshot; no violation history (kept in retailer_universe)
016aeb87b2,4634 CENTRE AVE|15213,42003562000,True,True,OTP Retail,True,-79.95068,40.45229,399.1146612490226,0.0,7.0,844.7851148216205,0.0,1.0,172.07687523417252,2.0,28.0,smoke_vape_shop,2,False,2465.0,347.0,143.0,96.46761114488116,0.05801217038539554,0.03827339312096943,2432.0,819.0,0.33675986842105265,0.11539615934408172,True,ACS 2024 5-year,descriptive snapshot; no violation history (kept in retailer_universe)
3cefc30762,5001 2ND AVE STE A|15207,42003562300,True,True,OTP Retail,True,-79.94365,40.40844,215.05747242201002,1.0,2.0,665.5315974922311,0.0,1.0,30.575908237247447,3.0,20.0,grocery_supermarket,2,False,3374.0,398.0,754.0,279.79635451520807,0.2234736218138708,0.078625756992389,3154.0,833.0,0.26410906785034877,0.10656418380629518,False,ACS 2024 5-year,descriptive snapshot; no violation history (kept in retailer_universe)
6b23287d6c,1552 BEECHVIEW AVE|15216,42003191600,True,True,Cigarette Retail,True,-80.02474,40.41082,541.831331465981,0.0,1.0,541.831331465981,0.0,1.0,413.6162977046179,0.0,25.0,dollar_discount,2,False,3600.0,487.0,533.0,158.56859714331839,0.14805555555555555,0.039229804684483865,3575.0,332.0,0.09286713286713287,0.04761877095682371,False,ACS 2024 5-year,descriptive snapshot; no violation history (kept in retailer_universe)
5cbd447a66,293 CORLISS ST|15220,42003562600,True,True,OTP Retail,True,-80.04482,40.45016,456.4509409481527,0.0,1.0,456.4509409481527,0.0,1.0,242.71780917632645,1.0,11.0,other,2,False,2639.0,530.0,430.0,202.50432094155423,0.16294050776809396,0.06940779735610321,2639.0,304.0,0.1151951496779083,0.048160794452683266,False,ACS 2024 5-year,descriptive snapshot; no violation history (kept in retailer_universe)
97128766d5,1224 JAMES STREET|15246,42003563202,True,True,Cigarette Vending,False,-80.00178,40.45707,223.13868353165336,1.0,5.0,347.3910095446045,0.0,4.0,193.63031143057287,5.0,39.0,other,10,True,1934.0,257.0,145.0,58.92367945062494,0.0749741468459152,0.028792245620539128,1934.0,340.0,0.17580144777662876,0.0932932546083585,False,ACS 2024 5-year,descriptive snapshot; no violation history (kept in retailer_universe)
eb69a067cb,4377 MURRAY AVE|15217,42003151700,True,True,Cigarette Vending,False,-79.92824,40.41981,484.83703950254244,0.0,1.0,484.83703950254244,0.0,1.0,546.4660188593427,0.0,8.0,bar_restaurant,7,True,4169.0,649.0,429.0,133.63382805263043,0.10290237467018469,0.027764330443750523,4169.0,508.0,0.12185176301271287,0.08399651745585011,False,ACS 2024 5-year,descriptive snapshot; no violation history (kept in retailer_universe)
0a4e5f4296,7628 PENN AVE|15221,42003140500,True,True,Cigarette/OTP Retail,True,-79.89431,40.44687,396.94694585655265,0.0,5.0,636.0929432379493,0.0,3.0,433.2323223974792,0.0,17.0,other,2,False,2338.0,361.0,217.0,84.69356528095862,0.09281437125748503,0.033269455882991565,2338.0,242.0,0.10350727117194183,0.062134891397738014,False,ACS 2024 5-year,descriptive snapshot; no violation history (kept in retailer_universe)
c54112d4cf,105 S 12TH ST|15203,42003170200,True,True,Cigarette Wholesaler,False,-79.98636,40.42734,616.1349018433444,0.0,2.0,616.1349018433444,0.0,2.0,63.53685267369807,9.0,31.0,other,10,True,3732.0,606.0,300.0,183.24300805214915,0.08038585209003216,0.04733367251793585,3732.0,559.0,0.1497856377277599,0.09168404537105829,True,ACS 2024 5-year,descriptive snapshot; no violation history (kept in retailer_universe)
38cf96bdfc,256S HIGHLAND AVENUE|15206,42003070600,True,True,Cigarette/OTP Retail,True,-79.92517,40.45729,168.58767199884107,3.0,7.0,839.707416752519,0.0,1.0,120.53174821761439,1.0,39.0,grocery_supermarket,1,False,2090.0,427.0,122.0,54.954526656136345,0.05837320574162679,0.023433873389615542,2069.0,293.0,0.1416143064282262,0.03420894671016153,False,ACS 2024 5-year,descriptive snapshot; no violation history (kept in retailer_universe)
1fd7c9cd7c,1347 W LIBERTY AVE|15226,42003191700,True,True,Cigarette/OTP Retail,True,-80.0126,40.4111,789.5070455565109,0.0,5.0,789.5070455565109,0.0,5.0,589.4467923291173,0.0,29.0,other,1,False,3193.0,690.0,656.0,181.71130949943648,0.2054494206075791,0.03560278706320685,3192.0,433.0,0.13565162907268172,0.11408633345837127,False,ACS 2024 5-year,descriptive snapshot; no violation history (kept in retailer_universe)
14b91772b0,731 COPELAND ST|15232,42003070300,True,True,Cigarette Vending,False,-79.93484,40.45121,248.4235212680633,1.0,4.0,248.4235212680633,1.0,1.0,239.8329621353912,3.0,19.0,other,7,True,2077.0,326.0,125.0,65.18435395092905,0.0601829561868079,0.029928570412857708,1951.0,292.0,0.1496668375192209,0.07756472696730522,False,ACS 2024 5-year,descriptive snapshot; no violation history (kept in retailer_universe)
01c17aef4f,1500 LINCOLN AVE|15206,42003561900,True,True,Cigarette/OTP Retail,True,-79.89599,40.4688,153.1146068897336,1.0,2.0,153.1146068897336,1.0,2.0,314.60554515939003,0.0,15.0,gas_convenience,1,False,1832.0,453.0,365.0,304.8507831710458,0.19923580786026202,0.1589433494897524,1832.0,737.0,0.40229257641921395,0.20715774995554115,True,ACS 2024 5-year,descriptive snapshot; no violation history (kept in retailer_universe)
03fca54c0f,529 MOUNT PLEASANT RD|15214,42003261300,True,True,Cigarette Retail,True,-80.00023,40.4778,1641.6430884525419,0.0,0.0,1641.6430884525419,0.0,0.0,1012.8239425449993,0.0,0.0,grocery_supermarket,2,False,2815.0,725.0,928.0,266.97752714413997,0.32966252220248665,0.042262268305313384,2794.0,863.0,0.3088761632068719,0.13055643386954113,False,ACS 2024 5-year,descriptive snapshot; no violation history (kept in retailer_universe)
b5f3e828b6,2506 E CARSON ST|15203,42003160900,True,True,OTP Retail,True,-79.96941,40.42774,745.8893456370154,0.0,1.0,745.8893456370154,0.0,1.0,170.12976889577277,1.0,23.0,smoke_vape_shop,1,False,3603.0,482.0,135.0,102.11757928975794,0.03746877601998335,0.027895615099723044,3603.0,851.0,0.23619206217041355,0.07913162063122248,True,ACS 2024 5-year,descriptive snapshot; no violation history (kept in retailer_universe)
94fbd9095b,2724 E CARSON ST|15203,42003160900,True,True,OTP Retail,True,-79.96621,40.42654,1028.2943146705527,0.0,0.0,1028.2943146705527,0.0,0.0,231.45504815117405,1.0,21.0,other,1,False,3603.0,482.0,135.0,102.11757928975794,0.03746877601998335,0.027895615099723044,3603.0,851.0,0.23619206217041355,0.07913162063122248,True,ACS 2024 5-year,descriptive snapshot; no violation history (kept in retailer_universe)
fd0748c19a,1500 SPRING GARDEN AVE|15212,42003241300,True,True,Cigarette/OTP Retail,True,-79.98592,40.46416,51.51355421276823,1.0,3.0,51.51355421276823,1.0,3.0,211.7371513939087,3.0,26.0,other,1,False,3766.0,522.0,480.0,201.0024875467963,0.12745618693574085,0.050364317972148145,3766.0,543.0,0.14418481147105683,0.06441656531173982,False,ACS 2024 5-year,descriptive snapshot; no violation history (kept in retailer_universe)
c57e40bd16,501 GREENFIELD AVE|15207,42003151600,True,True,OTP Retail,True,-79.94231,40.42555,144.3361464256023,1.0,1.0,144.3361464256023,1.0,1.0,177.1207089271522,6.0,47.0,bar_restaurant,15,True,2413.0,325.0,273.0,89.83874442577657,0.11313717364276833,0.03396995176163521,2413.0,180.0,0.07459593866556154,0.04785853982854276,False,ACS 2024 5-year,descriptive snapshot; no violation history (kept in retailer_universe)
d0c3285988,340 N AIKEN AVE|15206,42003101900,True,True,Cigarette/OTP Retail,True,-79.93466,40.46765,601.4164037279515,0.0,3.0,610.2330856826817,0.0,1.0,183.81832887951848,2.0,29.0,grocery_supermarket,1,False,2803.0,373.0,718.0,249.92798962901293,0.2561541205850874,0.08239166814529153,2803.0,881.0,0.31430610060649306,0.1274547847064737,False,ACS 2024 5-year,descriptive snapshot; no violation history (kept in retailer_universe)
a3b0a5e5f3,4501 LIBERTY AVE|15224,42003090300,True,True,Cigarette Retail,True,-79.9517,40.46309,459.14819381131986,0.0,1.0,459.14819381131986,0.0,1.0,92.20375828523056,7.0,29.0,smoke_vape_shop,2,False,1384.0,387.0,171.0,162.53614982520043,0.12355491329479769,0.11224253171934044,1373.0,136.0,0.09905316824471959,0.04316795111868753,True,ACS 2024 5-year,descriptive snapshot; no violation history (kept in retailer_universe)
6d7b02c615,260 ATWOOD ST|15213,42003040500,True,True,Cigarette/OTP Retail,True,-79.95603,40.4398,419.65866053187375,0.0,4.0,419.65866053187375,0.0,2.0,244.59518901828204,1.0,28.0,other,1,False,3081.0,553.0,0.0,33.94112549695428,0.0,0.011016269229780681,2269.0,1810.0,0.7977082415160864,0.10504284695207894,True,ACS 2024 5-year,descriptive snapshot; no violation history (kept in retailer_universe)
01ff392be6,2333 BEECHWOOD BLVD|15217,42003140800,True,True,Cigarette/OTP Retail,True,-79.91487,40.43296,47.56869382110644,1.0,5.0,47.56869382110644,1.0,2.0,60.37141736808015,2.0,29.0,other,1,False,4731.0,601.0,1156.0,231.94180304550537,0.24434580426971042,0.037947885673533154,4683.0,514.0,0.10975870168695281,0.03922701018226167,False,ACS 2024 5-year,descriptive snapshot; no violation history (kept in retailer_universe)
d36b961327,1400 CRAFTON BLVD|15205,42003281500,True,True,Cigarette Vending,False,-80.05633,40.43772,783.7077373019154,0.0,1.0,783.7077373019154,0.0,1.0,180.79776465164744,2.0,18.0,bar_restaurant,3,True,1552.0,345.0,458.0,145.46477236774544,0.29510309278350516,0.06694401100836322,1552.0,233.0,0.15012886597938144,0.0725932328643307,False,ACS 2024 5-year,descriptive snapshot; no violation history (kept in retailer_universe)
0c83c1ae43,643 LIBERTY AVE|15222,42003020100,True,True,Cigarette/OTP Retail,True,-80.00004,40.44241,270.1233564598663,1.0,5.0,270.1233564598663,1.0,5.0,115.4856761077182,10.0,31.0,gas_convenience,1,False,4600.0,527.0,73.0,49.57822102496216,0.015869565217391305,0.010623421416431543,3395.0,666.0,0.19617083946980854,0.0495007444791057,True,ACS 2024 5-year,descriptive snapshot; no violation history (kept in retailer_universe)
ec554c9647,506 LIBERTY AVE|15222,42003020100,True,True,Cigarette/OTP Retail,True,-80.00342,40.44151,215.2740706342752,1.0,5.0,215.2740706342752,1.0,5.0,83.49497999690759,6.0,33.0,other,1,False,4600.0,527.0,73.0,49.57822102496216,0.015869565217391305,0.010623421416431543,3395.0,666.0,0.19617083946980854,0.0495007444791057,True,ACS 2024 5-year,descriptive snapshot; no violation history (kept in retailer_universe)
e1d656e715,4319 BUTLER ST|15201,42003090200,True,True,OTP Retail,True,-79.96,40.47114,373.9431678026636,0.0,3.0,373.9431678026636,0.0,3.0,233.33703353475605,5.0,23.0,other,2,False,2635.0,277.0,195.0,61.28621378417825,0.07400379506641366,0.021918895188747206,2367.0,290.0,0.12251795521757498,0.07339078909322094,False,ACS 2024 5-year,descriptive snapshot; no violation history (kept in retailer_universe)
3e8c558bb0,503 GREENFIELD AVE|15207,42003151600,True,True,Cigarette/OTP Retail,True,-79.94222,40.42557,151.69562831764406,1.0,1.0,151.69562831764406,1.0,1.0,182.5510849890808,6.0,47.0,other,1,False,2413.0,325.0,273.0,89.83874442577657,0.11313717364276833,0.03396995176163521,2413.0,180.0,0.07459593866556154,0.04785853982854276,False,ACS 2024 5-year,descriptive snapshot; no violation history (kept in retailer_universe)
70f03421d6,4779 LIBERTY AVE|15224,42003080900,True,True,Cigarette/OTP Retail,True,-79.94733,40.46108,867.5052808514379,0.0,1.0,867.5052808514379,0.0,1.0,192.3182175567316,2.0,24.0,gas_convenience,1,False,1877.0,258.0,132.0,69.7137002317335,0.07032498668087374,0.03586106748503789,1809.0,299.0,0.16528468767274737,0.08579569980956943,True,ACS 2024 5-year,descriptive snapshot; no violation history (kept in retailer_universe)
2e00f1df31,262 5TH AVE|15222,42003020100,True,True,Cigarette/OTP Retail,True,-80.00053,40.44078,394.4907914562749,0.0,5.0,394.4907914562749,0.0,5.0,62.5037781438199,12.0,33.0,other,1,False,4600.0,527.0,73.0,49.57822102496216,0.015869565217391305,0.010623421416431543,3395.0,666.0,0.19617083946980854,0.0495007444791057,True,ACS 2024 5-year,descriptive snapshot; no violation history (kept in retailer_universe)
7ec66bf7c8,7232 BUTLER ST|15206,42003101400,True,True,OTP Vending,False,-79.92195,40.48828,1144.17555067511,0.0,0.0,1248.3677230367273,0.0,0.0,378.97904363936567,0.0,20.0,other,1,False,3222.0,400.0,536.0,147.84789481084943,0.16635630043451272,0.04097668054756754,3222.0,212.0,0.06579764121663563,0.04077898991115264,False,ACS 2024 5-year,descriptive snapshot; no violation history (kept in retailer_universe)
a3bfa0bfeb,132 N HIGHLAND AVE|15206,42003111500,True,True,Cigarette/OTP Retail,True,-79.92443,40.46233,628.061249091256,0.0,7.0,695.0279217941925,0.0,3.0,162.42171528819378,2.0,34.0,smoke_vape_shop,1,False,3718.0,614.0,354.0,214.28019040499288,0.09521247982786445,0.05544683657020124,3718.0,680.0,0.1828940290478752,0.12053372643020774,True,ACS 2024 5-year,descriptive snapshot; no violation history (kept in retailer_universe)
be32f0ebd1,3037 SHADELAND AVE|15212,42003271600,True,True,Cigarette Vending,False,-80.0315,40.47275,1049.2039737643051,0.0,0.0,1069.0035724722736,0.0,0.0,86.74028453376408,2.0,11.0,other,1,False,4472.0,511.0,1037.0,283.26842393743783,0.23188729874776387,0.057534381064102906,4472.0,1386.0,0.3099284436493739,0.0905960362466824,False,ACS 2024 5-year,descriptive snapshot; no violation history (kept in retailer_universe)
501b573aba,817 E WARRINGTON AVE FL 1|15210,42003180300,True,True,Cigarette/OTP Retail,True,-79.99307,40.42182,300.1625734053035,0.0,1.0,300.1625734053035,0.0,1.0,44.35586198953572,1.0,29.0,other,1,False,1837.0,339.0,267.0,123.30855606972291,0.14534567229178008,0.06153321031019651,1837.0,453.0,0.24659771366358194,0.08058012410090297,False,ACS 2024 5-year,descriptive snapshot; no violation history (kept in retailer_universe)
3f5e682e9c,1417 N LANG AVE|15208,42003130700,True,True,Cigarette Retail,True,-79.89756,40.46262,362.92691580845593,0.0,2.0,362.92691580845593,0.0,2.0,407.43678977022245,0.0,18.0,grocery_supermarket,1,False,2334.0,409.0,643.0,236.53540961133072,0.2754927163667524,0.08910606679438701,2332.0,1190.0,0.5102915951972555,0.16317379030973936,False,ACS 2024 5-year,descriptive snapshot; no violation history (kept in retailer_universe)
dc29241562,2401 ARLINGTON AVE|15210,42003160800,True,True,Cigarette/OTP Retail,True,-79.97277,40.41747,246.90240725845965,1.0,1.0,246.90240725845965,1.0,1.0,94.33754684919366,8.0,29.0,gas_convenience,1,False,2384.0,553.0,237.0,147.35671006099452,0.09941275167785235,0.05734801657274194,2384.0,385.0,0.16149328859060402,0.05968839775717271,True,ACS 2024 5-year,descriptive snapshot; no violation history (kept in retailer_universe)
7ff04a1509,511 LARIMER AVE|15206,42003120900,True,True,OTP Retail,True,-79.9141,40.46546,419.06668176989893,0.0,4.0,419.06668176989893,0.0,4.0,123.28695752120866,6.0,22.0,other,2,False,1473.0,303.0,316.0,112.39661916623649,0.21452817379497624,0.062249628871929655,1311.0,430.0,0.32799389778794813,0.0975852871785615,False,ACS 2024 5-year,descriptive snapshot; no violation history (kept in retailer_universe)
6a70d11847,5121 BUTLER ST|15201,42003101100,True,True,Cigarette Vending,False,-79.9555,40.47918,1344.3396870418123,0.0,0.0,1344.3396870418123,0.0,0.0,242.50910139814573,1.0,9.0,bar_restaurant,3,True,2549.0,425.0,177.0,85.81957818586619,0.06943899568458219,0.03161466241056348,2549.0,447.0,0.1753628874068262,0.06984275993712435,False,ACS 2024 5-year,descriptive snapshot; no violation history (kept in retailer_universe)
2596ff9629,4203 BUTLER ST|15201,42003090200,True,True,OTP Vending,False,-79.96049,40.4704,281.9213175266058,1.0,3.0,281.9213175266058,1.0,3.0,322.6328845856896,0.0,26.0,other,15,True,2635.0,277.0,195.0,61.28621378417825,0.07400379506641366,0.021918895188747206,2367.0,290.0,0.12251795521757498,0.07339078909322094,False,ACS 2024 5-year,descriptive snapshot; no violation history (kept in retailer_universe)
825b309736,2300 NOBLESTOWN RD|15205,42003562800,True,True,Cigarette/OTP Retail,True,-80.05421,40.42776,529.909978538931,0.0,2.0,529.909978538931,0.0,1.0,443.5045952199713,0.0,10.0,gas_convenience,1,False,1563.0,183.0,262.0,91.8313671900838,0.1676263595649392,0.055378359114801726,1517.0,174.0,0.11470006591957811,0.058992871575201854,False,ACS 2024 5-year,descriptive snapshot; no violation history (kept in retailer_universe)
57a6a15525,604 E WARRINGTON AVE|15210,42003180300,True,True,OTP Retail,True,-79.99714,40.42169,495.63551948636126,0.0,1.0,495.63551948636126,0.0,1.0,303.58400971583853,0.0,16.0,other,1,False,1837.0,339.0,267.0,123.30855606972291,0.14534567229178008,0.06153321031019651,1837.0,453.0,0.24659771366358194,0.08058012410090297,False,ACS 2024 5-year,descriptive snapshot; no violation history (kept in retailer_universe)
23aa171d5b,210 COPPERFIELD AVE|15210,42003290100,True,True,Cigarette Vending,False,-79.99029,40.3952,322.2271730286278,0.0,3.0,322.2271730286278,0.0,3.0,208.02308903959283,2.0,15.0,other,7,True,1764.0,420.0,407.0,150.22649566571138,0.23072562358276644,0.06507548144769411,1764.0,279.0,0.15816326530612246,0.07433925936069183,False,ACS 2024 5-year,descriptive snapshot; no violation history (kept in retailer_universe)
7c5c36fe92,4740 BAUM BLVD|15213,42003080400,True,True,OTP Vending,False,-79.9489,40.454,575.4908887733854,0.0,3.0,1045.3334913755282,0.0,0.0,28.81275866816662,2.0,22.0,other,1,False,1568.0,232.0,71.0,59.86651818838306,0.04528061224489796,0.03758776666602507,1568.0,279.0,0.17793367346938777,0.09660444969088502,True,ACS 2024 5-year,descriptive snapshot; no violation history (kept in retailer_universe)
407afd193c,2208 ARLINGTON AVE|15210,42003161000,True,True,OTP Retail,True,-79.97553,40.41718,249.41304798265267,1.0,2.0,249.41304798265267,1.0,2.0,75.08576065763543,7.0,30.0,gas_convenience,2,False,3200.0,782.0,904.0,301.5194852741693,0.2825,0.06412768236881866,3200.0,1242.0,0.388125,0.19572965540254192,False,ACS 2024 5-year,descriptive snapshot; no violation history (kept in retailer_universe)
09e2ba9e2d,4000 BUTLER ST|15201,42003090200,True,True,Cigarette/OTP Retail,True,-79.96218,40.46878,79.13135400799518,2.0,3.0,79.13135400799518,2.0,3.0,103.83304679260574,7.0,31.0,gas_convenience,5,True,2635.0,277.0,195.0,61.28621378417825,0.07400379506641366,0.021918895188747206,2367.0,290.0,0.12251795521757498,0.07339078909322094,False,ACS 2024 5-year,descriptive snapshot; no violation history (kept in retailer_universe)
4820595be4,2025 E CARSON ST|15203,42003170200,True,True,Cigarette Retail,True,-79.97651,40.42853,159.5142395543583,1.0,1.0,159.5142395543583,1.0,1.0,51.56077912458907,11.0,35.0,smoke_vape_shop,4,True,3732.0,606.0,300.0,183.24300805214915,0.08038585209003216,0.04733367251793585,3732.0,559.0,0.1497856377277599,0.09168404537105829,True,ACS 2024 5-year,descriptive snapshot; no violation history (kept in retailer_universe)
273c77261e,2269 NOBLESTOWN RD|15205,42003563100,True,True,Cigarette Retail,True,-80.05348,40.42802,475.67867709780677,0.0,2.0,475.67867709780677,0.0,1.0,377.9184634355783,0.0,11.0,gas_convenience,2,False,3647.0,675.0,727.0,278.3217562462554,0.19934192486975597,0.06680406714191577,3647.0,114.0,0.03125856868659172,0.028203510218541474,False,ACS 2024 5-year,descriptive snapshot; no violation history (kept in retailer_universe)
4f5414cfee,2304 1/2 E CARSON ST|15203,42003160900,True,True,OTP Retail,True,-79.97272,40.42831,467.102770466721,0.0,1.0,467.102770466721,0.0,1.0,117.99278142671669,9.0,27.0,other,7,True,3603.0,482.0,135.0,102.11757928975794,0.03746877601998335,0.027895615099723044,3603.0,851.0,0.23619206217041355,0.07913162063122248,True,ACS 2024 5-year,descriptive snapshot; no violation history (kept in retailer_universe)
afc3af7f52,2116 BROWNSVILLE RD # 32168|15210,42003290100,True,True,OTP Retail,True,-79.98658,40.39266,288.806166597422,1.0,3.0,288.806166597422,1.0,3.0,279.12964944088213,1.0,15.0,dollar_discount,8,True,1764.0,420.0,407.0,150.22649566571138,0.23072562358276644,0.06507548144769411,1764.0,279.0,0.15816326530612246,0.07433925936069183,False,ACS 2024 5-year,descriptive snapshot; no violation history (kept in retailer_universe)
17040de4c1,5514 PENN AVE|15206,42003111400,True,True,Cigarette/OTP Retail,True,-79.93187,40.46393,297.8525683605118,1.0,4.0,370.0057489454358,0.0,2.0,315.9210367480213,0.0,30.0,other,1,False,1235.0,299.0,74.0,63.75735251718032,0.05991902834008097,0.04954529090106341,1235.0,215.0,0.17408906882591094,0.08029892008533714,True,ACS 2024 5-year,descriptive snapshot; no violation history (kept in retailer_universe)
7bd92412fe,7006 FRANKSTOWN AVE|15208,42003130800,True,True,Cigarette/OTP Retail,True,-79.90078,40.45841,278.70196535901243,1.0,4.0,278.70196535901243,1.0,4.0,160.7859356083332,2.0,16.0,gas_convenience,1,False,2186.0,458.0,807.0,245.17748673155128,0.36916742909423605,0.08122191990337714,2186.0,695.0,0.31793229643183896,0.09408587398805839,False,ACS 2024 5-year,descriptive snapshot; no violation history (kept in retailer_universe)
92f5f09b54,1354 GOETTMAN ST|15212,42003241300,True,True,Cigarette Vending,False,-79.9863,40.45947,157.75711074605604,1.0,4.0,157.75711074605604,1.0,4.0,173.10757302594772,8.0,14.0,other,1,False,3766.0,522.0,480.0,201.0024875467963,0.12745618693574085,0.050364317972148145,3766.0,543.0,0.14418481147105683,0.06441656531173982,False,ACS 2024 5-year,descriptive snapshot; no violation history (kept in retailer_universe)
2c6f2da5c4,3143 BRIGHTON RD|15212,42003271600,True,True,OTP Itinerant,False,-80.0298,40.47492,976.3085026297127,0.0,3.0,1018.1312823702839,0.0,0.0,167.37926432902992,4.0,12.0,other,1,False,4472.0,511.0,1037.0,283.26842393743783,0.23188729874776387,0.057534381064102906,4472.0,1386.0,0.3099284436493739,0.0905960362466824,False,ACS 2024 5-year,descriptive snapshot; no violation history (kept in retailer_universe)
bd47e73414,1208 5TH AVE|15219,42003030500,True,True,Cigarette Vending,False,-79.98853,40.43872,929.0901074859688,0.0,3.0,929.0901074859688,0.0,3.0,178.91922325922957,5.0,28.0,bar_restaurant,7,True,2978.0,498.0,447.0,200.61405733397646,0.15010073875083949,0.06251433837032035,2970.0,1028.0,0.3461279461279461,0.15547301510112074,False,ACS 2024 5-year,descriptive snapshot; no violation history (kept in retailer_universe)
e0949a88c4,2300/02 BROWNSVILLE RD|15210,42003290400,True,True,Cigarette/OTP Retail,True,-79.98533,40.38914,194.43915065437565,1.0,2.0,194.43915065437565,1.0,2.0,388.26015016731776,0.0,9.0,other,1,False,3552.0,534.0,439.0,200.70874420413278,0.12359234234234234,0.053363574367280606,3519.0,401.0,0.11395282750781471,0.06311845725900488,False,ACS 2024 5-year,descriptive snapshot; no violation history (kept in retailer_universe)
3be9685c40,230 SHADY AVE|15206,42003070800,True,True,Cigarette/OTP Retail,True,-79.92248,40.45835,201.93438047225763,2.0,6.0,942.7903438748925,0.0,1.0,159.00520441685794,1.0,39.0,smoke_vape_shop,1,False,2618.0,370.0,242.0,93.95211546314431,0.09243697478991597,0.03342463168583292,2618.0,283.0,0.10809778456837281,0.03542521917776208,False,ACS 2024 5-year,descriptive snapshot; no violation history (kept in retailer_universe)
195ab491fd,5735 BAUM BLVD|15206,42003111500,True,True,Cigarette/OTP Retail,True,-79.93264,40.45889,273.8158750963076,1.0,7.0,444.9810704525897,0.0,2.0,58.01190037209298,3.0,27.0,other,3,True,3718.0,614.0,354.0,214.28019040499288,0.09521247982786445,0.05544683657020124,3718.0,680.0,0.1828940290478752,0.12053372643020774,True,ACS 2024 5-year,descriptive snapshot; no violation history (kept in retailer_universe)
7318846f00,1215 BRIGHTON RD|15233,42003565100,True,True,OTP Retail,True,-80.01531,40.45513,551.7086269517457,0.0,7.0,551.7086269517457,0.0,7.0,84.41286273226798,4.0,42.0,dollar_discount,10,True,2995.0,462.0,473.0,252.54900514553606,0.15792988313856426,0.08072770289643294,2988.0,667.0,0.22322623828647925,0.11193470638167134,True,ACS 2024 5-year,descriptive snapshot; no violation history (kept in retailer_universe)
429b6886a9,5007 2ND AVE|15207,42003562300,True,True,Cigarette/OTP Retail,True,-79.9436,40.40828,200.25938411388978,1.0,2.0,649.6223384228247,0.0,1.0,25.827347233150288,3.0,20.0,other,1,False,3374.0,398.0,754.0,279.79635451520807,0.2234736218138708,0.078625756992389,3154.0,833.0,0.26410906785034877,0.10656418380629518,False,ACS 2024 5-year,descriptive snapshot; no violation history (kept in retailer_universe)
8634b73fea,3242 BRIGHTON RD|15212,42003271600,True,True,Cigarette/OTP Retail,True,-80.03166,40.47626,805.2871996660807,0.0,1.0,805.2871996660807,0.0,1.0,73.2486245769754,3.0,13.0,other,1,False,4472.0,511.0,1037.0,283.26842393743783,0.23188729874776387,0.057534381064102906,4472.0,1386.0,0.3099284436493739,0.0905960362466824,False,ACS 2024 5-year,descriptive snapshot; no violation history (kept in retailer_universe)
7886aa7efc,245 4TH AVE|15222,42003020100,True,True,Cigarette/OTP Retail,True,-80.00164,40.4395,297.9320379666941,1.0,5.0,297.9320379666941,1.0,5.0,32.89187425370024,7.0,34.0,other,1,False,4600.0,527.0,73.0,49.57822102496216,0.015869565217391305,0.010623421416431543,3395.0,666.0,0.19617083946980854,0.0495007444791057,True,ACS 2024 5-year,descriptive snapshot; no violation history (kept in retailer_universe)
34967c33f3,2001B WHARTON ST|15203,42003170200,True,True,Cigarette/OTP Retail,True,-79.9776,40.4313,380.84623130758814,0.0,1.0,380.84623130758814,0.0,1.0,213.9572111700443,1.0,29.0,other,1,False,3732.0,606.0,300.0,183.24300805214915,0.08038585209003216,0.04733367251793585,3732.0,559.0,0.1497856377277599,0.09168404537105829,True,ACS 2024 5-year,descriptive snapshot; no violation history (kept in retailer_universe)
945967a5ce,1303 BROWNSVILLE RD|15210,42003290200,True,True,Cigarette/OTP Retail,True,-79.98958,40.40265,530.473545940359,0.0,1.0,530.473545940359,0.0,1.0,477.52035334926506,0.0,10.0,other,1,False,3840.0,465.0,514.0,174.0258601472781,0.13385416666666666,0.042321442219257294,3840.0,851.0,0.22161458333333334,0.07916903800063683,False,ACS 2024 5-year,descriptive snapshot; no violation history (kept in retailer_universe)
e6d39aa098,1800 FORBES AVE|15219,42003010302,True,True,Cigarette/OTP Retail,True,-79.98131,40.43749,997.0594869713253,0.0,1.0,997.0594869713253,0.0,1.0,406.74299256921813,0.0,33.0,gas_convenience,1,False,4754.0,183.0,166.0,63.419239982831705,0.034917963819941104,0.01327229659472958,822.0,231.0,0.28102189781021897,0.10842676222303897,False,ACS 2024 5-year,descriptive snapshot; no violation history (kept in retailer_universe)
70e8d4d7df,2531 PENN AVE|15222,42003020300,True,True,Cigarette/OTP Retail,True,-79.97936,40.45429,796.8932908543618,0.0,2.0,796.8932908543618,0.0,2.0,367.6330453362853,0.0,34.0,other,2,False,1928.0,287.0,55.0,53.71219600798314,0.028526970954356846,0.027533478539593714,1928.0,145.0,0.07520746887966805,0.06491303790944448,True,ACS 2024 5-year,descriptive snapshot; no violation history (kept in retailer_universe)
78c26b7d78,115 SMITHFIELD ST|15222,42003020100,True,True,Cigarette Retail,True,-80.00031,40.43764,484.607752985867,0.0,5.0,484.607752985867,0.0,5.0,190.04602961874375,5.0,31.0,other,2,False,4600.0,527.0,73.0,49.57822102496216,0.015869565217391305,0.010623421416431543,3395.0,666.0,0.19617083946980854,0.0495007444791057,True,ACS 2024 5-year,descriptive snapshot; no violation history (kept in retailer_universe)
f32d870b19,3112 CHARTIERS AVE|15204,42003202200,True,True,Cigarette/OTP Retail,True,-80.0615,40.45355,490.4690394699317,0.0,1.0,490.4690394699317,0.0,1.0,270.59734087622206,1.0,16.0,other,1,False,2527.0,569.0,363.0,148.2025640803829,0.14364859517214087,0.048921770098004365,2527.0,605.0,0.23941432528690146,0.10041333675727768,False,ACS 2024 5-year,descriptive snapshot; no violation history (kept in retailer_universe)
e64ca0bd1b,5724 ELLSWORTH AVE|15232,42003070500,True,True,OTP Retail,True,-79.93149,40.45515,275.52082154753225,1.0,7.0,275.52082154753225,1.0,2.0,234.65661376723466,3.0,21.0,gas_convenience,2,False,2989.0,375.0,185.0,97.30878685915265,0.061893609902977584,0.03161599778651511,2978.0,466.0,0.15648085963734049,0.04493802905868551,True,ACS 2024 5-year,descriptive snapshot; no violation history (kept in retailer_universe)
fe6a002a6b,4068 PENN AVE|15224,42003090300,True,True,Cigarette/OTP Retail,True,-79.95529,40.46553,281.88697144028123,1.0,3.0,281.88697144028123,1.0,3.0,315.2497419768503,0.0,33.0,gas_convenience,1,False,1384.0,387.0,171.0,162.53614982520043,0.12355491329479769,0.11224253171934044,1373.0,136.0,0.09905316824471959,0.04316795111868753,True,ACS 2024 5-year,descriptive snapshot; no violation history (kept in retailer_universe)
ba2d2bec70,215 S HIGHLAND AVE|15206,42003070800,True,True,OTP Retail,True,-79.92512,40.45846,249.3492188111435,2.0,8.0,919.7381414724883,0.0,2.0,173.90595728433993,2.0,40.0,other,7,True,2618.0,370.0,242.0,93.95211546314431,0.09243697478991597,0.03342463168583292,2618.0,283.0,0.10809778456837281,0.03542521917776208,False,ACS 2024 5-year,descriptive snapshot; no violation history (kept in retailer_universe)
3b9f4d57a0,5442 WALNUT ST|15232,42003070300,True,True,OTP Vending,False,-79.93393,40.45114,231.56987177425734,1.0,4.0,231.56987177425734,1.0,1.0,230.17837478684862,3.0,15.0,other,15,True,2077.0,326.0,125.0,65.18435395092905,0.0601829561868079,0.029928570412857708,1951.0,292.0,0.1496668375192209,0.07756472696730522,False,ACS 2024 5-year,descriptive snapshot; no violation history (kept in retailer_universe)
1912c6264b,6601 HAMILTON AVE STE 2|15206,42003120900,True,True,Cigarette/OTP Retail,True,-79.91061,40.45787,261.39990426878387,1.0,4.0,261.39990426878387,1.0,3.0,254.1621255103518,1.0,35.0,other,1,False,1473.0,303.0,316.0,112.39661916623649,0.21452817379497624,0.062249628871929655,1311.0,430.0,0.32799389778794813,0.0975852871785615,False,ACS 2024 5-year,descriptive snapshot; no violation history (kept in retailer_universe)
613736d973,1404 E CARSON ST|15203,42003170200,True,True,Cigarette/OTP Retail,True,-79.98389,40.42885,494.07835881023533,0.0,2.0,494.07835881023533,0.0,2.0,158.20861747758818,9.0,39.0,other,1,False,3732.0,606.0,300.0,183.24300805214915,0.08038585209003216,0.04733367251793585,3732.0,559.0,0.1497856377277599,0.09168404537105829,True,ACS 2024 5-year,descriptive snapshot; no violation history (kept in retailer_universe)
23c14f1cb4,5956 PENN AVE|15206,42003111500,True,True,Cigarette/OTP Retail,True,-79.92538,40.46164,537.7094289301516,0.0,7.0,789.786125151165,0.0,3.0,128.86323950406089,3.0,35.0,other,2,False,3718.0,614.0,354.0,214.28019040499288,0.09521247982786445,0.05544683657020124,3718.0,680.0,0.1828940290478752,0.12053372643020774,True,ACS 2024 5-year,descriptive snapshot; no violation history (kept in retailer_universe)
d5c890145b,1304 FEDERAL ST|15212,42003565100,True,True,Cigarette/OTP Retail,True,-80.00709,40.45685,310.4334925795809,0.0,5.0,310.4334925795809,0.0,4.0,57.81762197770759,7.0,47.0,other,1,False,2995.0,462.0,473.0,252.54900514553606,0.15792988313856426,0.08072770289643294,2988.0,667.0,0.22322623828647925,0.11193470638167134,True,ACS 2024 5-year,descriptive snapshot; no violation history (kept in retailer_universe)
059b3b432c,1601 LOWRIE ST|15212,42003241300,True,True,Cigarette/OTP Retail,True,-79.98319,40.46262,272.315581269429,2.0,3.0,272.315581269429,2.0,3.0,67.14659568885568,3.0,24.0,gas_convenience,1,False,3766.0,522.0,480.0,201.0024875467963,0.12745618693574085,0.050364317972148145,3766.0,543.0,0.14418481147105683,0.06441656531173982,False,ACS 2024 5-year,descriptive snapshot; no violation history (kept in retailer_universe)
990bfcf24c,3900 PERRYSVILLE AVE|15214,42003260200,True,True,Cigarette/OTP Retail,True,-80.01838,40.48957,85.4938048719301,1.0,1.0,85.4938048719301,1.0,1.0,46.81416707119672,3.0,12.0,grocery_supermarket,1,False,2117.0,281.0,455.0,133.83945606584032,0.21492678318375058,0.05641866993281558,2095.0,419.0,0.2,0.08011497709949757,False,ACS 2024 5-year,descriptive snapshot; no violation history (kept in retailer_universe)
639bb783f9,402 ORMSBY AVE|15210,42003161000,True,True,Cigarette Vending,False,-79.98152,40.41278,454.9861730270895,0.0,2.0,454.9861730270895,0.0,2.0,59.848089870723236,2.0,24.0,bar_restaurant,7,True,3200.0,782.0,904.0,301.5194852741693,0.2825,0.06412768236881866,3200.0,1242.0,0.388125,0.19572965540254192,False,ACS 2024 5-year,descriptive snapshot; no violation history (kept in retailer_universe)
a9b1ddf953,2827 CHARTIERS AVE|15204,42003562500,True,True,OTP Retail,True,-80.05492,40.45347,118.56503827617645,1.0,2.0,118.56503827617645,1.0,2.0,142.9937459647734,2.0,20.0,other,2,False,2987.0,533.0,951.0,259.6690201005888,0.3183796451288919,0.06580116569176098,2987.0,542.0,0.18145296283896886,0.12821456889909724,False,ACS 2024 5-year,descriptive snapshot; no violation history (kept in retailer_universe)
e9965a9e37,504 OAK HILL DR|15213,42003051000,True,True,Cigarette/OTP Retail,True,-79.96993,40.44328,350.9829513957113,0.0,4.0,350.9829513957113,0.0,2.0,85.2830017709989,14.0,47.0,other,1,False,2382.0,281.0,69.0,62.13694553162394,0.028967254408060455,0.025861247227382988,1248.0,386.0,0.3092948717948718,0.15985878376894505,True,ACS 2024 5-year,descriptive snapshot; no violation history (kept in retailer_universe)
663aacf159,1006 E CARSON ST|15203,42003170200,True,True,Cigarette/OTP Retail,True,-79.98829,40.42872,594.254692613921,0.0,2.0,594.254692613921,0.0,2.0,178.5336536904039,10.0,30.0,gas_convenience,1,False,3732.0,606.0,300.0,183.24300805214915,0.08038585209003216,0.04733367251793585,3732.0,559.0,0.1497856377277599,0.09168404537105829,True,ACS 2024 5-year,descriptive snapshot; no violation history (kept in retailer_universe)
0b3b57e19e,1713 E CARSON ST|15203,42003170200,True,True,OTP Vending,False,-79.98138,40.42882,288.44975687666505,1.0,1.0,288.44975687666505,1.0,1.0,114.63758109048888,2.0,36.0,other,1,False,3732.0,606.0,300.0,183.24300805214915,0.08038585209003216,0.04733367251793585,3732.0,559.0,0.1497856377277599,0.09168404537105829,True,ACS 2024 5-year,descriptive snapshot; no violation history (kept in retailer_universe)
ceb949aa83,4067 PENN AVE|15224,42003090300,True,True,OTP Retail,True,-79.95545,40.46561,282.4166027679511,1.0,3.0,282.4166027679511,1.0,3.0,328.2638247271022,0.0,33.0,smoke_vape_shop,2,False,1384.0,387.0,171.0,162.53614982520043,0.12355491329479769,0.11224253171934044,1373.0,136.0,0.09905316824471959,0.04316795111868753,True,ACS 2024 5-year,descriptive snapshot; no violation history (kept in retailer_universe)
6577b1392b,2900 BANKSVILLE RD|15216,42003202300,True,True,OTP Retail,True,-80.04132,40.40307,578.3788463837841,0.0,2.0,578.3788463837841,0.0,2.0,486.6020354489541,0.0,26.0,other,2,False,3750.0,808.0,582.0,307.8035087519309,0.1552,0.07496010848678974,3718.0,260.0,0.06993006993006994,0.03591657897803106,False,ACS 2024 5-year,descriptive snapshot; no violation history (kept in retailer_universe)
6a7e7836c9,3125 BANKSVILLE RD|15216,42003202300,True,True,Cigarette/OTP Retail,True,-80.04363,40.3999,578.0891782938686,0.0,2.0,578.0891782938686,0.0,2.0,168.3001033919379,8.0,29.0,grocery_supermarket,2,False,3750.0,808.0,582.0,307.8035087519309,0.1552,0.07496010848678974,3718.0,260.0,0.06993006993006994,0.03591657897803106,False,ACS 2024 5-year,descriptive snapshot; no violation history (kept in retailer_universe)
47be5c57bb,910 FREEPORT RD STE 1|15238,42003980000,True,True,Cigarette/OTP Retail,True,-79.89452,40.48768,1959.201918796447,0.0,0.0,1959.201918796447,0.0,0.0,654.111885698491,0.0,4.0,grocery_supermarket,11,True,0.0,12.0,0.0,33.94112549695428,,,0.0,0.0,,,False,ACS 2024 5-year,descriptive snapshot; no violation history (kept in retailer_universe)
4a057c516e,4942 2ND AVE APT 1|15207,42003562300,True,True,OTP Retail,True,-79.94376,40.40884,253.181765280543,1.0,2.0,704.9745116754875,0.0,1.0,67.46125130457789,3.0,20.0,grocery_supermarket,2,False,3374.0,398.0,754.0,279.79635451520807,0.2234736218138708,0.078625756992389,3154.0,833.0,0.26410906785034877,0.10656418380629518,False,ACS 2024 5-year,descriptive snapshot; no violation history (kept in retailer_universe)
88acbeae3e,200 MOUNT OLIVER ST|15210,42003170600,True,True,Cigarette Vending,False,-79.98702,40.42152,577.5270117627481,0.0,1.0,577.5270117627481,0.0,1.0,190.2377265528728,3.0,29.0,bar_restaurant,7,True,1701.0,289.0,43.0,40.963398296528084,0.025279247501469725,0.023695860311620194,1701.0,316.0,0.18577307466196355,0.08171146391506885,True,ACS 2024 5-year,descriptive snapshot; no violation history (kept in retailer_universe)
e5e79d7988,1220 E CARSON ST|15203,42003170200,True,True,Cigarette/OTP Retail,True,-79.98552,40.42879,628.7786755795138,0.0,2.0,628.7786755795138,0.0,2.0,56.780927579417856,9.0,39.0,other,1,False,3732.0,606.0,300.0,183.24300805214915,0.08038585209003216,0.04733367251793585,3732.0,559.0,0.1497856377277599,0.09168404537105829,True,ACS 2024 5-year,descriptive snapshot; no violation history (kept in retailer_universe)
cd512f8b21,529 MOUNT PLEASANT RD|15214,42003261300,True,True,OTP Retail,True,-80.00023,40.4778,1641.6430884525419,0.0,0.0,1641.6430884525419,0.0,0.0,1012.8239425449993,0.0,0.0,grocery_supermarket,2,False,2815.0,725.0,928.0,266.97752714413997,0.32966252220248665,0.042262268305313384,2794.0,863.0,0.3088761632068719,0.13055643386954113,False,ACS 2024 5-year,descriptive snapshot; no violation history (kept in retailer_universe)
0948faa164,2806 STRAKA ST|15204,42003202200,True,True,Cigarette Vending,False,-80.0547,40.45258,212.50055984051278,1.0,2.0,212.50055984051278,1.0,2.0,237.99645332151175,1.0,19.0,other,7,True,2527.0,569.0,363.0,148.2025640803829,0.14364859517214087,0.048921770098004365,2527.0,605.0,0.23941432528690146,0.10041333675727768,False,ACS 2024 5-year,descriptive snapshot; no violation history (kept in retailer_universe)
48757c8b42,3226 JANE ST|15203,42003160800,True,True,Cigarette Vending,False,-79.96184,40.4214,1212.7678173762083,0.0,0.0,1212.7678173762083,0.0,0.0,339.1991244049811,0.0,12.0,bar_restaurant,4,True,2384.0,553.0,237.0,147.35671006099452,0.09941275167785235,0.05734801657274194,2384.0,385.0,0.16149328859060402,0.05968839775717271,True,ACS 2024 5-year,descriptive snapshot; no violation history (kept in retailer_universe)
a177915793,3021 BANKSVILLE RD|15216,42003202300,True,True,OTP Retail,True,-80.04225,40.40125,742.108949181507,0.0,2.0,742.108949181507,0.0,2.0,277.0427079718449,2.0,28.0,other,7,True,3750.0,808.0,582.0,307.8035087519309,0.1552,0.07496010848678974,3718.0,260.0,0.06993006993006994,0.03591657897803106,False,ACS 2024 5-year,descriptive snapshot; no violation history (kept in retailer_universe)
c4d8434648,3602 BATES ST|15213,42003040600,True,True,OTP Retail,True,-79.95484,40.43722,697.0680842833908,0.0,3.0,723.1192096439663,0.0,2.0,273.564834802252,1.0,30.0,other,1,False,2337.0,456.0,0.0,33.94112549695428,0.0,0.014523374196386083,2337.0,1828.0,0.7821994009413779,0.11599243691196792,True,ACS 2024 5-year,descriptive snapshot; no violation history (kept in retailer_universe)
8ac5af16ac,633 SMITHFIELD ST|15222,42003020100,True,True,Cigarette/OTP Retail,True,-79.99713,40.44238,147.24871557174785,3.0,5.0,147.24871557174785,3.0,5.0,67.15161971806594,9.0,36.0,other,1,False,4600.0,527.0,73.0,49.57822102496216,0.015869565217391305,0.010623421416431543,3395.0,666.0,0.19617083946980854,0.0495007444791057,True,ACS 2024 5-year,descriptive snapshot; no violation history (kept in retailer_universe)
8fac09897a,7900 BENNETT ST|15221,42003130600,True,True,Cigarette/OTP Retail,True,-79.88512,40.45408,795.6287276888634,0.0,1.0,795.6287276888634,0.0,1.0,197.67969271552116,1.0,5.0,other,1,False,3994.0,559.0,1683.0,468.28837269357865,0.4213820731096645,0.10133530895696762,3994.0,2040.0,0.5107661492238358,0.15672456598042236,False,ACS 2024 5-year,descriptive snapshot; no violation history (kept in retailer_universe)
3697813acf,3604 5TH AVE|15213,42003040200,True,True,Cigarette/OTP Retail,True,-79.95898,40.44142,227.91491202346543,1.0,6.0,227.91491202346543,1.0,3.0,279.62437986110433,2.0,41.0,other,1,False,2102.0,259.0,110.0,32.109188716004645,0.05233111322549953,0.013847927237110199,1090.0,690.0,0.6330275229357798,0.09118577272443398,False,ACS 2024 5-year,descriptive snapshot; no violation history (kept in retailer_universe)
cb99d2926a,5013 BUTLER ST|15201,42003090100,True,True,Cigarette/OTP Retail,True,-79.95585,40.47821,1233.9534066444683,0.0,0.0,1233.9534066444683,0.0,0.0,196.6495611396315,1.0,9.0,other,1,False,2019.0,305.0,87.0,52.820450584977024,0.04309063893016345,0.02533891520193912,2008.0,177.0,0.08814741035856574,0.05412429889470475,True,ACS 2024 5-year,descriptive snapshot; no violation history (kept in retailer_universe)
e16b2e022d,1403 LINCOLN AVE|15206,42003120300,True,True,Cigarette/OTP Retail,True,-79.89685,40.46801,233.31152392616016,1.0,2.0,233.31152392616016,1.0,2.0,251.87659896944857,3.0,10.0,gas_convenience,1,False,1507.0,545.0,477.0,207.53794833716555,0.3165228931652289,0.07656698780691255,1507.0,602.0,0.39946914399469147,0.1645627639357805,False,ACS 2024 5-year,descriptive snapshot; no violation history (kept in retailer_universe)
9705468464,1901 5TH AVE|15219,42003030500,True,True,Cigarette/OTP Retail,True,-79.97927,40.43831,819.9253119511162,0.0,1.0,819.9253119511162,0.0,1.0,287.3175503699503,2.0,33.0,other,1,False,2978.0,498.0,447.0,200.61405733397646,0.15010073875083949,0.06251433837032035,2970.0,1028.0,0.3461279461279461,0.15547301510112074,False,ACS 2024 5-year,descriptive snapshot; no violation history (kept in retailer_universe)
2f4028ffa0,4526 LIBERTY AVE|15224,42003090300,True,True,OTP Retail,True,-79.95096,40.46269,526.5341530375855,0.0,1.0,526.5341530375855,0.0,1.0,168.82686034126428,6.0,31.0,other,7,True,1384.0,387.0,171.0,162.53614982520043,0.12355491329479769,0.11224253171934044,1373.0,136.0,0.09905316824471959,0.04316795111868753,True,ACS 2024 5-year,descriptive snapshot; no violation history (kept in retailer_universe)
b3896d7c3d,810 ARCH ST|15212,42003562700,True,True,Cigarette/OTP Retail,True,-80.00857,40.45318,12.265193395306119,2.0,5.0,12.265193395306119,2.0,4.0,115.76841086563628,13.0,52.0,other,1,False,1949.0,230.0,132.0,92.62828941527529,0.06772703950743972,0.04684920051359996,1936.0,335.0,0.17303719008264462,0.07630843041102746,True,ACS 2024 5-year,descriptive snapshot; no violation history (kept in retailer_universe)
96c1a22a35,1321 E CARSON ST|15203,42003170200,True,True,Cigarette/OTP Retail,True,-79.98434,40.42883,530.9993194871874,0.0,2.0,530.9993194871874,0.0,2.0,123.01736407040046,9.0,38.0,other,1,False,3732.0,606.0,300.0,183.24300805214915,0.08038585209003216,0.04733367251793585,3732.0,559.0,0.1497856377277599,0.09168404537105829,True,ACS 2024 5-year,descriptive snapshot; no violation history (kept in retailer_universe)
24ac33171b,605 E OHIO ST|15212,42003563202,True,True,Cigarette/OTP Retail,True,-79.99896,40.45381,305.72735874594133,0.0,6.0,490.7294168775248,0.0,5.0,75.36766221264537,2.0,41.0,other,1,False,1934.0,257.0,145.0,58.92367945062494,0.0749741468459152,0.028792245620539128,1934.0,340.0,0.17580144777662876,0.0932932546083585,False,ACS 2024 5-year,descriptive snapshot; no violation history (kept in retailer_universe)
059db73fe4,293 CORLISS ST|15220,42003562600,True,True,Cigarette Retail,True,-80.04482,40.45016,456.4509409481527,0.0,1.0,456.4509409481527,0.0,1.0,242.71780917632645,1.0,11.0,other,2,False,2639.0,530.0,430.0,202.50432094155423,0.16294050776809396,0.06940779735610321,2639.0,304.0,0.1151951496779083,0.048160794452683266,False,ACS 2024 5-year,descriptive snapshot; no violation history (kept in retailer_universe)
275e73934e,1222 E CARSON STREET|15203,42003170200,True,True,OTP Vending,False,-79.98549,40.42879,626.2654649674338,0.0,2.0,626.2654649674338,0.0,2.0,57.14321638956425,9.0,39.0,other,15,True,3732.0,606.0,300.0,183.24300805214915,0.08038585209003216,0.04733367251793585,3732.0,559.0,0.1497856377277599,0.09168404537105829,True,ACS 2024 5-year,descriptive snapshot; no violation history (kept in retailer_universe)
b20e699c4f,4740 BAUM BLVD APT 19|15213,42003080400,True,True,Cigarette Vending,False,-79.9489,40.454,575.4908887733854,0.0,3.0,1045.3334913755282,0.0,0.0,28.81275866816662,2.0,22.0,other,10,True,1568.0,232.0,71.0,59.86651818838306,0.04528061224489796,0.03758776666602507,1568.0,279.0,0.17793367346938777,0.09660444969088502,True,ACS 2024 5-year,descriptive snapshot; no violation history (kept in retailer_universe)
a3415ba2cf,5857 ELLSWORTH AVE|15232,42003070500,True,True,Cigarette/OTP Retail,True,-79.92927,40.4575,464.52884835148967,0.0,7.0,597.09414073822,0.0,2.0,288.9163624194409,1.0,26.0,other,1,False,2989.0,375.0,185.0,97.30878685915265,0.061893609902977584,0.03161599778651511,2978.0,466.0,0.15648085963734049,0.04493802905868551,True,ACS 2024 5-year,descriptive snapshot; no violation history (kept in retailer_universe)
a83749215f,4327 BUTLER ST|15201,42003090200,True,True,Cigarette/OTP Retail,True,-79.95983,40.47139,405.19846781972313,0.0,3.0,405.19846781972313,0.0,3.0,203.45380564060767,6.0,22.0,other,1,False,2635.0,277.0,195.0,61.28621378417825,0.07400379506641366,0.021918895188747206,2367.0,290.0,0.12251795521757498,0.07339078909322094,False,ACS 2024 5-year,descriptive snapshot; no violation history (kept in retailer_universe)
b17be83909,4934 2ND AVE|15207,42003562300,True,True,Cigarette/OTP Retail,True,-79.94418,40.40881,275.96433631078725,1.0,2.0,726.2138438798328,0.0,1.0,67.39295611454976,3.0,20.0,dollar_discount,10,True,3374.0,398.0,754.0,279.79635451520807,0.2234736218138708,0.078625756992389,3154.0,833.0,0.26410906785034877,0.10656418380629518,False,ACS 2024 5-year,descriptive snapshot; no violation history (kept in retailer_universe)
5f0e2359b4,2208 ARLINGTON AVE|15210,42003161000,True,True,Cigarette Retail,True,-79.97553,40.41718,249.41304798265267,1.0,2.0,249.41304798265267,1.0,2.0,75.08576065763543,7.0,30.0,gas_convenience,2,False,3200.0,782.0,904.0,301.5194852741693,0.2825,0.06412768236881866,3200.0,1242.0,0.388125,0.19572965540254192,False,ACS 2024 5-year,descriptive snapshot; no violation history (kept in retailer_universe)
c7776e2113,4924 LIBERTY AVE|15224,42003080900,True,True,Cigarette Vending,False,-79.94501,40.45951,851.9376512333041,0.0,1.0,851.9376512333041,0.0,1.0,354.3919910495962,0.0,26.0,bar_restaurant,3,True,1877.0,258.0,132.0,69.7137002317335,0.07032498668087374,0.03586106748503789,1809.0,299.0,0.16528468767274737,0.08579569980956943,True,ACS 2024 5-year,descriptive snapshot; no violation history (kept in retailer_universe)
6133020ffe,777 CASINO DR|15212,42003980600,True,True,Cigarette Retail,True,-80.023738,40.447822,435.0037044020556,0.0,3.0,435.0037044020556,0.0,3.0,457.49017532621025,0.0,9.0,other,1,False,5.0,7.0,0.0,33.94112549695428,0.0,6.788225099390855,5.0,5.0,1.0,0.0,True,ACS 2024 5-year,descriptive snapshot; no violation history (kept in retailer_universe)
5eb6bcd58c,1901 MURRAY AVE|15217,42003140800,True,True,Cigarette/OTP Retail,True,-79.92248,40.43541,263.2760990681107,1.0,8.0,653.0192060934177,0.0,2.0,162.61292822275354,5.0,30.0,grocery_supermarket,11,True,4731.0,601.0,1156.0,231.94180304550537,0.24434580426971042,0.037947885673533154,4683.0,514.0,0.10975870168695281,0.03922701018226167,False,ACS 2024 5-year,descriptive snapshot; no violation history (kept in retailer_universe)
224716a0fc,1643 ARLINGTON AVE|15210,42003170600,True,True,Cigarette/OTP Retail,True,-79.98691,40.4179,877.3963692868649,0.0,1.0,877.3963692868649,0.0,1.0,252.5687798315565,1.0,23.0,other,1,False,1701.0,289.0,43.0,40.963398296528084,0.025279247501469725,0.023695860311620194,1701.0,316.0,0.18577307466196355,0.08171146391506885,True,ACS 2024 5-year,descriptive snapshot; no violation history (kept in retailer_universe)
0bc6cd0275,3040 BANKSVILLE RD|15216,42003202300,True,True,Cigarette/OTP Retail,True,-80.04349,40.40055,650.8310489223901,0.0,2.0,650.8310489223901,0.0,2.0,222.24405151730045,5.0,28.0,other,1,False,3750.0,808.0,582.0,307.8035087519309,0.1552,0.07496010848678974,3718.0,260.0,0.06993006993006994,0.03591657897803106,False,ACS 2024 5-year,descriptive snapshot; no violation history (kept in retailer_universe)
a13c461146,MURRAY AVE & LORETTA ST|15217,42003151700,True,True,Cigarette/OTP Retail,True,-79.92887,40.42189,350.287972528952,0.0,1.0,350.287972528952,0.0,1.0,432.77562806630937,0.0,6.0,grocery_supermarket,11,True,4169.0,649.0,429.0,133.63382805263043,0.10290237467018469,0.027764330443750523,4169.0,508.0,0.12185176301271287,0.08399651745585011,False,ACS 2024 5-year,descriptive snapshot; no violation history (kept in retailer_universe)
52a84c03f6,7926 FRANKSTOWN AVE|15221,42003130600,True,True,OTP Retail,True,-79.88496,40.45528,846.0744784398365,0.0,1.0,846.0744784398365,0.0,1.0,68.59336118323053,1.0,4.0,grocery_supermarket,2,False,3994.0,559.0,1683.0,468.28837269357865,0.4213820731096645,0.10133530895696762,3994.0,2040.0,0.5107661492238358,0.15672456598042236,False,ACS 2024 5-year,descriptive snapshot; no violation history (kept in retailer_universe)
ac6fedce50,2350 RAILROAD ST UNIT 1|15222,42003020300,True,True,OTP Retail,True,-79.98268,40.45446,737.6508107697381,0.0,3.0,737.6508107697381,0.0,3.0,561.227897813429,0.0,27.0,other,1,False,1928.0,287.0,55.0,53.71219600798314,0.028526970954356846,0.027533478539593714,1928.0,145.0,0.07520746887966805,0.06491303790944448,True,ACS 2024 5-year,descriptive snapshot; no violation history (kept in retailer_universe)
c4cc794932,601 PENN AVE|15222,42003020100,True,True,Cigarette/OTP Retail,True,-80.00207,40.44279,376.6658533144198,0.0,5.0,376.6658533144198,0.0,5.0,89.01098684662384,7.0,33.0,gas_convenience,1,False,4600.0,527.0,73.0,49.57822102496216,0.015869565217391305,0.010623421416431543,3395.0,666.0,0.19617083946980854,0.0495007444791057,True,ACS 2024 5-year,descriptive snapshot; no violation history (kept in retailer_universe)
f1a7943d37,2525 BROWNSVILLE RD|15210,42003290400,True,True,Cigarette Vending,False,-79.97981,40.38632,426.4160248117943,0.0,3.0,426.4160248117943,0.0,3.0,855.4394308524168,0.0,7.0,bar_restaurant,1,False,3552.0,534.0,439.0,200.70874420413278,0.12359234234234234,0.053363574367280606,3519.0,401.0,0.11395282750781471,0.06311845725900488,False,ACS 2024 5-year,descriptive snapshot; no violation history (kept in retailer_universe)
ee3fa4cc08,3210 BRIGHTON RD|15212,42003271600,True,True,Cigarette/OTP Retail,True,-80.03094,40.47569,890.4990476488912,0.0,1.0,890.4990476488912,0.0,1.0,117.09232734262397,4.0,13.0,dollar_discount,8,True,4472.0,511.0,1037.0,283.26842393743783,0.23188729874776387,0.057534381064102906,4472.0,1386.0,0.3099284436493739,0.0905960362466824,False,ACS 2024 5-year,descriptive snapshot; no violation history (kept in retailer_universe)
7bb1dbfc47,5804 FORBES AVE|15217,42003140300,True,True,Cigarette Retail,True,-79.92256,40.43806,189.76049081205164,1.0,8.0,819.7743087965741,0.0,3.0,43.46032873891493,6.0,20.0,smoke_vape_shop,2,False,3400.0,392.0,573.0,138.1195134656939,0.16852941176470587,0.0356751613183707,3400.0,379.0,0.11147058823529411,0.06970750709085115,False,ACS 2024 5-year,descriptive snapshot; no violation history (kept in retailer_universe)
1f751d85fb,7201 FRANKSTOWN AVE|15208,42003130800,True,True,Cigarette/OTP Retail,True,-79.89615,40.45735,550.1441770463222,0.0,2.0,550.1441770463222,0.0,2.0,342.6795162724506,0.0,19.0,other,1,False,2186.0,458.0,807.0,245.17748673155128,0.36916742909423605,0.08122191990337714,2186.0,695.0,0.31793229643183896,0.09408587398805839,False,ACS 2024 5-year,descriptive snapshot; no violation history (kept in retailer_universe)
c5ccd37cf7,1815 N CHARLES ST|15212,42003261400,True,True,Cigarette Retail,True,-80.01714,40.46016,104.93359427894767,1.0,4.0,104.93359427894767,1.0,4.0,243.09891079449886,4.0,26.0,other,1,False,1870.0,486.0,261.0,171.262955714305,0.139572192513369,0.0840947274213277,1800.0,548.0,0.30444444444444446,0.18772406736259045,True,ACS 2024 5-year,descriptive snapshot; no violation history (kept in retailer_universe)
84bf2885cf,801 E CARSON ST|15203,42003170200,True,True,Cigarette Vending,False,-79.99088,40.42865,483.2406916347456,0.0,1.0,483.2406916347456,0.0,1.0,61.55587239320174,1.0,24.0,other,7,True,3732.0,606.0,300.0,183.24300805214915,0.08038585209003216,0.04733367251793585,3732.0,559.0,0.1497856377277599,0.09168404537105829,True,ACS 2024 5-year,descriptive snapshot; no violation history (kept in retailer_universe)
e9f258302f,6111 PENN AVE|15206,42003111500,True,True,Cigarette/OTP Retail,True,-79.92329,40.4609,470.7227449908612,0.0,8.0,838.826392283238,0.0,3.0,264.8119007417526,2.0,38.0,other,2,False,3718.0,614.0,354.0,214.28019040499288,0.09521247982786445,0.05544683657020124,3718.0,680.0,0.1828940290478752,0.12053372643020774,True,ACS 2024 5-year,descriptive snapshot; no violation history (kept in retailer_universe)
01b91c222b,1042 BROWNSVILLE RD|15210,42003290200,True,True,Cigarette Wholesaler,False,-79.99104,40.40547,859.8030919976438,0.0,1.0,859.8030919976438,0.0,1.0,455.32251000495717,0.0,11.0,other,4,True,3840.0,465.0,514.0,174.0258601472781,0.13385416666666666,0.042321442219257294,3840.0,851.0,0.22161458333333334,0.07916903800063683,False,ACS 2024 5-year,descriptive snapshot; no violation history (kept in retailer_universe)
e141529baa,403 SEMPLE ST|15213,42003040600,True,True,Cigarette Vending,False,-79.95482,40.43699,707.7139823431397,0.0,3.0,747.597566677641,0.0,2.0,271.7137895905765,1.0,30.0,other,10,True,2337.0,456.0,0.0,33.94112549695428,0.0,0.014523374196386083,2337.0,1828.0,0.7821994009413779,0.11599243691196792,True,ACS 2024 5-year,descriptive snapshot; no violation history (kept in retailer_universe)
896109c087,2200 E CARSON ST|15203,42003160900,True,True,Cigarette/OTP Retail,True,-79.97445,40.42841,323.11866912244,0.0,1.0,323.11866912244,0.0,1.0,34.11322199711121,11.0,35.0,gas_convenience,1,False,3603.0,482.0,135.0,102.11757928975794,0.03746877601998335,0.027895615099723044,3603.0,851.0,0.23619206217041355,0.07913162063122248,True,ACS 2024 5-year,descriptive snapshot; no violation history (kept in retailer_universe)
5fe88d25ed,1927 BROWNSVILLE RD|15210,42003290200,True,True,Cigarette/OTP Retail,True,-79.98662,40.39557,322.8197815183033,0.0,3.0,322.8197815183033,0.0,3.0,413.6620035118271,0.0,15.0,gas_convenience,1,False,3840.0,465.0,514.0,174.0258601472781,0.13385416666666666,0.042321442219257294,3840.0,851.0,0.22161458333333334,0.07916903800063683,False,ACS 2024 5-year,descriptive snapshot; no violation history (kept in retailer_universe)
5b87ab3744,1435 SPRING GARDEN AVE|15212,42003241300,True,True,Cigarette Retail,True,-79.98691,40.46269,228.96562327616402,2.0,4.0,228.96562327616402,2.0,4.0,140.01986085977407,3.0,20.0,other,2,False,3766.0,522.0,480.0,201.0024875467963,0.12745618693574085,0.050364317972148145,3766.0,543.0,0.14418481147105683,0.06441656531173982,False,ACS 2024 5-year,descriptive snapshot; no violation history (kept in retailer_universe)
0dfefcf9ce,2269 NOBLESTOWN RD|15205,42003563100,True,True,OTP Retail,True,-80.05348,40.42802,475.67867709780677,0.0,2.0,475.67867709780677,0.0,1.0,377.9184634355783,0.0,11.0,gas_convenience,2,False,3647.0,675.0,727.0,278.3217562462554,0.19934192486975597,0.06680406714191577,3647.0,114.0,0.03125856868659172,0.028203510218541474,False,ACS 2024 5-year,descriptive snapshot; no violation history (kept in retailer_universe)
56c822de3c,700 E WARRINGTON AVE # 19007|15210,42003180300,True,True,OTP Retail,True,-79.99564,40.42152,419.462123646936,0.0,1.0,419.462123646936,0.0,1.0,180.8598336995365,1.0,16.0,dollar_discount,10,True,1837.0,339.0,267.0,123.30855606972291,0.14534567229178008,0.06153321031019651,1837.0,453.0,0.24659771366358194,0.08058012410090297,False,ACS 2024 5-year,descriptive snapshot; no violation history (kept in retailer_universe)
b31ea4bf39,4942 2ND AVE APT 1|15207,42003562300,True,True,Cigarette Retail,True,-79.94376,40.40884,253.181765280543,1.0,2.0,704.9745116754875,0.0,1.0,67.46125130457789,3.0,20.0,grocery_supermarket,2,False,3374.0,398.0,754.0,279.79635451520807,0.2234736218138708,0.078625756992389,3154.0,833.0,0.26410906785034877,0.10656418380629518,False,ACS 2024 5-year,descriptive snapshot; no violation history (kept in retailer_universe)
f826c91371,4501 LIBERTY AVE|15224,42003090300,True,True,OTP Retail,True,-79.9517,40.46309,459.14819381131986,0.0,1.0,459.14819381131986,0.0,1.0,92.20375828523056,7.0,29.0,smoke_vape_shop,2,False,1384.0,387.0,171.0,162.53614982520043,0.12355491329479769,0.11224253171934044,1373.0,136.0,0.09905316824471959,0.04316795111868753,True,ACS 2024 5-year,descriptive snapshot; no violation history (kept in retailer_universe)
b956f8d815,2300 WILNER DR|15221,42003130600,True,True,Cigarette Retail,True,-79.87002,40.45447,266.93186987639064,1.0,2.0,712.7027692469069,0.0,1.0,143.20714122046735,3.0,5.0,other,1,False,3994.0,559.0,1683.0,468.28837269357865,0.4213820731096645,0.10133530895696762,3994.0,2040.0,0.5107661492238358,0.15672456598042236,False,ACS 2024 5-year,descriptive snapshot; no violation history (kept in retailer_universe)
5e5b396c8f,1511 STRATMORE ST BLDG FIRSTFLOOR|15205,42003281500,True,True,Cigarette/OTP Retail,True,-80.05593,40.43815,805.7297465570449,0.0,1.0,805.7297465570449,0.0,1.0,234.37142708814977,2.0,17.0,other,2,False,1552.0,345.0,458.0,145.46477236774544,0.29510309278350516,0.06694401100836322,1552.0,233.0,0.15012886597938144,0.0725932328643307,False,ACS 2024 5-year,descriptive snapshot; no violation history (kept in retailer_universe)
f2b0d285b7,2215 MURRAY AVE|15217,42003140800,True,True,OTP Retail,True,-79.92315,40.43224,399.9250965990626,0.0,7.0,438.80643974434554,0.0,3.0,118.21937728358286,5.0,29.0,other,7,True,4731.0,601.0,1156.0,231.94180304550537,0.24434580426971042,0.037947885673533154,4683.0,514.0,0.10975870168695281,0.03922701018226167,False,ACS 2024 5-year,descriptive snapshot; no violation history (kept in retailer_universe)
0427841589,2316 WEBSTER AVE|15219,42003050100,True,True,Cigarette/OTP Retail,True,-79.97529,40.44845,467.0083069920789,0.0,2.0,467.0083069920789,0.0,2.0,194.7623202308794,4.0,52.0,grocery_supermarket,1,False,1746.0,434.0,539.0,282.78260201080263,0.3087056128293242,0.14262874108111637,1741.0,734.0,0.4215967834577829,0.12848961759201105,False,ACS 2024 5-year,descriptive snapshot; no violation history (kept in retailer_universe)
5a3d32487f,5901 BRYANT ST|15206,42003110200,True,True,Cigarette Retail,True,-79.91968,40.47569,370.5451411387414,0.0,4.0,799.3723152516646,0.0,3.0,211.66809017923964,1.0,34.0,grocery_supermarket,1,False,4241.0,734.0,570.0,183.58649187780674,0.13440226361707144,0.03650759427118618,4240.0,361.0,0.08514150943396226,0.04703726452217028,False,ACS 2024 5-year,descriptive snapshot; no violation history (kept in retailer_universe)
d9822b8b3a,3806 ACORN ST|15207,42003151600,True,True,OTP Vending,False,-79.94986,40.42659,506.8556799853978,0.0,1.0,506.8556799853978,0.0,1.0,19.538381511618756,3.0,44.0,bar_restaurant,1,False,2413.0,325.0,273.0,89.83874442577657,0.11313717364276833,0.03396995176163521,2413.0,180.0,0.07459593866556154,0.04785853982854276,False,ACS 2024 5-year,descriptive snapshot; no violation history (kept in retailer_universe)
b9026142f4,900 WESTERN AVE|15233,42003562700,True,True,OTP Retail,True,-80.01664,40.45195,685.5660831707661,0.0,6.0,685.5660831707661,0.0,6.0,296.81214491420064,1.0,35.0,bar_restaurant,15,True,1949.0,230.0,132.0,92.62828941527529,0.06772703950743972,0.04684920051359996,1936.0,335.0,0.17303719008264462,0.07630843041102746,True,ACS 2024 5-year,descriptive snapshot; no violation history (kept in retailer_universe)
a3786011e9,930 BROOKLINE BLVD|15226,42003191900,True,True,Cigarette/OTP Retail,True,-80.01823,40.39248,577.8380439668913,0.0,2.0,577.8380439668913,0.0,1.0,123.83162343545037,1.0,20.0,other,1,False,2320.0,265.0,306.0,124.23767544509194,0.13189655172413794,0.05138776529717159,2320.0,342.0,0.14741379310344827,0.10948865779336783,False,ACS 2024 5-year,descriptive snapshot; no violation history (kept in retailer_universe)
17d5dbc26f,1019 BROOKLINE BLVD|15226,42003191800,True,True,OTP Retail,True,-80.01698,40.39187,700.4410995509487,0.0,3.0,700.4410995509487,0.0,2.0,17.974266648119997,1.0,18.0,other,2,False,5737.0,752.0,692.0,297.5516761841546,0.12062053337981524,0.049396716856422516,5737.0,248.0,0.04322816803207251,0.03103658581899109,False,ACS 2024 5-year,descriptive snapshot; no violation history (kept in retailer_universe)
93ac71e0f2,1605 5TH AVE|15219,42003030500,True,True,Cigarette Retail,True,-79.9835,40.4385,991.4962439465398,0.0,1.0,991.4962439465398,0.0,1.0,227.05360671668063,1.0,31.0,other,3,True,2978.0,498.0,447.0,200.61405733397646,0.15010073875083949,0.06251433837032035,2970.0,1028.0,0.3461279461279461,0.15547301510112074,False,ACS 2024 5-year,descriptive snapshot; no violation history (kept in retailer_universe)
f922f069cf,2025 E CARSON ST|15203,42003170200,True,True,OTP Retail,True,-79.97651,40.42853,159.5142395543583,1.0,1.0,159.5142395543583,1.0,1.0,51.56077912458907,11.0,35.0,smoke_vape_shop,4,True,3732.0,606.0,300.0,183.24300805214915,0.08038585209003216,0.04733367251793585,3732.0,559.0,0.1497856377277599,0.09168404537105829,True,ACS 2024 5-year,descriptive snapshot; no violation history (kept in retailer_universe)
08f57b4e17,3801 FORBES AVE|15213,42003040500,True,True,Cigarette/OTP Retail,True,-79.95686,40.44162,206.3035546259775,1.0,5.0,206.3035546259775,1.0,2.0,101.36140284877825,3.0,37.0,other,1,False,3081.0,553.0,0.0,33.94112549695428,0.0,0.011016269229780681,2269.0,1810.0,0.7977082415160864,0.10504284695207894,True,ACS 2024 5-year,descriptive snapshot; no violation history (kept in retailer_universe)
5fb3b8b405,738 BELLEFONTE ST FL 2ND|15232,42003070300,True,True,Cigarette/OTP Retail,True,-79.93401,40.45142,202.2756773684604,1.0,5.0,202.2756773684604,1.0,1.0,199.73468169551435,3.0,15.0,other,1,False,2077.0,326.0,125.0,65.18435395092905,0.0601829561868079,0.029928570412857708,1951.0,292.0,0.1496668375192209,0.07756472696730522,False,ACS 2024 5-year,descriptive snapshot; no violation history (kept in retailer_universe)
69062094e6,59 S 2ND ST|15219,42003980700,True,True,OTP Retail,True,-79.99869,40.43086,874.8487073690835,0.0,1.0,874.8487073690835,0.0,1.0,488.9126089567262,0.0,16.0,smoke_vape_shop,1,False,167.0,54.0,14.0,32.93933818400121,0.08383233532934131,0.19536993881382908,167.0,4.0,0.023952095808383235,0.041194420205831,True,ACS 2024 5-year,descriptive snapshot; no violation history (kept in retailer_universe)
4c979787d8,511 LARIMER AVE|15206,42003120900,True,True,Cigarette Retail,True,-79.9141,40.46546,419.06668176989893,0.0,4.0,419.06668176989893,0.0,4.0,123.28695752120866,6.0,22.0,other,2,False,1473.0,303.0,316.0,112.39661916623649,0.21452817379497624,0.062249628871929655,1311.0,430.0,0.32799389778794813,0.0975852871785615,False,ACS 2024 5-year,descriptive snapshot; no violation history (kept in retailer_universe)
51fbab3efd,541 E OHIO ST|15212,42003563202,True,True,Cigarette/OTP Retail,True,-79.99926,40.45375,311.4973866614658,0.0,6.0,467.58661529949165,0.0,5.0,49.542376983387,3.0,40.0,other,1,False,1934.0,257.0,145.0,58.92367945062494,0.0749741468459152,0.028792245620539128,1934.0,340.0,0.17580144777662876,0.0932932546083585,False,ACS 2024 5-year,descriptive snapshot; no violation history (kept in retailer_universe)
36766850c0,649 HILLSBORO ST|15204,42003562500,True,True,Cigarette Retail,True,-80.05407,40.45329,184.63961991283736,1.0,2.0,184.63961991283736,1.0,2.0,162.88474548856374,1.0,19.0,smoke_vape_shop,2,False,2987.0,533.0,951.0,259.6690201005888,0.3183796451288919,0.06580116569176098,2987.0,542.0,0.18145296283896886,0.12821456889909724,False,ACS 2024 5-year,descriptive snapshot; no violation history (kept in retailer_universe)
a866a8e0d3,2104 BROWNSVILLE RD|15210,42003290200,True,True,Cigarette/OTP Retail,True,-79.98652,40.39309,324.9154199947554,0.0,3.0,324.9154199947554,0.0,3.0,314.4601956257691,0.0,15.0,other,1,False,3840.0,465.0,514.0,174.0258601472781,0.13385416666666666,0.042321442219257294,3840.0,851.0,0.22161458333333334,0.07916903800063683,False,ACS 2024 5-year,descriptive snapshot; no violation history (kept in retailer_universe)
