county,legal_name,trade_name,postal_code,country,account,license_type,expiration_date,street_address,city,state,lon,lat,retailer_name_normalized,street_address_normalized,zip5,location_key,retailer_entity_key,match_street,license_id,license_retail,license_vending_or_other,postal_city,coord_source,tract_geoid,in_city_limits,postal_pittsburgh,fda_location_keys,fda_match_tier,fda_match_distance_m,fda_records,fda_violations,fda_first_decision,fda_last_decision,fda_observed,retail_license
ALLEGHENY,SITARAM ENTERPRISE INC,QUICK STOP SUNOCO,15210-3434,USA,02**5707,OTP Retail,2027-02-28,1640 SAW MILL RUN BLVD,PITTSBURGH,PA,-79.99855,40.39648,QUICK STOP SUNOCO,1640 SAW MILL RUN BLVD,15210,1640 SAW MILL RUN BLVD|15210,QUICK STOP SUNOCO|1640 SAW MILL RUN BLVD|15210,1640 SAW MILL RUN BLVD,22ae7229a6,True,False,PITTSBURGH,data.pa.gov,42003320600,True,True,,,,0,0,,,False,True
ALLEGHENY,OM MAYA ENTERPRISE LLC,BP GAS STATION,15220-5308,USA,02**6163,Cigarette/OTP Retail,2027-02-28,910 SAW MILL RUN BLVD,PITTSBURGH,PA,-80.00567,40.41064,BP GAS STATION,910 SAW MILL RUN BLVD,15220,910 SAW MILL RUN BLVD|15220,BP GAS STATION|910 SAW MILL RUN BLVD|15220,910 SAW MILL RUN BLVD,f0479937c3,True,False,PITTSBURGH,data.pa.gov,42003562400,True,True,910 SAW MILL RUN BOULEVARD|15220,address,,5,3,2021-11-23,2024-08-28,True,True
ALLEGHENY,NORTH EAGLE TRADING INC,NORTH EAGLE TRADING INC,15214-3421,USA,02**2517,Cigarette/OTP Retail,2027-02-28,2601 PERRYSVILLE AVE,PITTSBURGH,PA,-80.00867,40.47114,NORTH EAGLE TRADING INC,2601 PERRYSVILLE AVE,15214,2601 PERRYSVILLE AVE|15214,NORTH EAGLE TRADING INC|2601 PERRYSVILLE AVE|15214,2601 PERRYSVILLE AVE,c49c7eaa08,True,False,PITTSBURGH,data.pa.gov,42003261500,True,True,2601 PERRYSVILLE AVENUE|15214,address,,2,0,2017-10-19,2018-06-03,True,True
ALLEGHENY,EIGHTYTWO,BEER & VAPE STOP,15203-1706,USA,02**5579,Cigarette/OTP Retail,2027-02-28,1728 E CARSON ST,PITTSBURGH,PA,-79.98103,40.42879,BEER & VAPE STOP,1728 E CARSON ST,15203,1728 E CARSON ST|15203,BEER & VAPE STOP|1728 E CARSON ST|15203,1728 E CARSON ST,802cbe9711,True,False,PITTSBURGH,data.pa.gov,42003170200,True,True,,,,0,0,,,False,True
ALLEGHENY,DOWNTOWN MINI MART INC,DOWNTOWN MINI MART INC,15222-2250,USA,02**6254,Cigarette/OTP Retail,2027-02-28,413 SMITHFIELD ST,PITTSBURGH,PA,-79.9993,40.43911,DOWNTOWN MINI MART INC,413 SMITHFIELD ST,15222,413 SMITHFIELD ST|15222,DOWNTOWN MINI MART INC|413 SMITHFIELD ST|15222,413 SMITHFIELD ST,34a0a9b4a4,True,False,PITTSBURGH,data.pa.gov,42003020100,True,True,,,,0,0,,,False,True
ALLEGHENY,ELOMBA JEAN,GLOBAL GROCERIES MARKET,15214-3615,USA,02**5390,Cigarette Retail,2027-02-28,2101 PERRYSVILLE AVE,PITTSBURGH,PA,-80.01215,40.46369,GLOBAL GROCERIES MARKET,2101 PERRYSVILLE AVE,15214,2101 PERRYSVILLE AVE|15214,GLOBAL GROCERIES MARKET|2101 PERRYSVILLE AVE|15214,2101 PERRYSVILLE AVE,7201bbbb8b,True,False,PITTSBURGH,data.pa.gov,42003261400,True,True,2101 PERRYSVILLE AVENUE|15214 || 2101 PERRYSVILLE AVE|15214,address,,3,1,2012-08-14,2024-08-28,True,True
ALLEGHENY,H AND R UNITED INC,H AND R UNITED INC,15206-3922,USA,02**6866,Cigarette/OTP Retail,2027-02-28,6015 PENN AVE,PITTSBURGH,PA,-79.92416,40.46122,H AND R UNITED INC,6015 PENN AVE,15206,6015 PENN AVE|15206,H AND R UNITED INC|6015 PENN AVE|15206,6015 PENN AVE,de17a64c29,True,False,PITTSBURGH,data.pa.gov,42003111500,True,True,,,,0,0,,,False,True
ALLEGHENY,H AND R UNITED INC,H & R UNITED INC,15206-3922,USA,02**6891,Cigarette/OTP Retail,2027-02-28,6015 PENN AVE,PITTSBURGH,PA,-79.92416,40.46122,H & R UNITED INC,6015 PENN AVE,15206,6015 PENN AVE|15206,H & R UNITED INC|6015 PENN AVE|15206,6015 PENN AVE,20c733c5f5,True,False,PITTSBURGH,data.pa.gov,42003111500,True,True,,,,0,0,,,False,True
ALLEGHENY,JAG DEV CONVENIENCE STORE INC,JAG DEV CONVENIENCE STORE,15203-1904,USA,02**4150,Cigarette/OTP Retail,2027-02-28,2134 E CARSON ST,PITTSBURGH,PA,-79.97477,40.42842,JAG DEV CONVENIENCE STORE,2134 E CARSON ST,15203,2134 E CARSON ST|15203,JAG DEV CONVENIENCE STORE|2134 E CARSON ST|15203,2134 E CARSON ST,5303807c4b,True,False,PITTSBURGH,data.pa.gov,42003160900,True,True,,,,0,0,,,False,True
ALLEGHENY,LADANI UKANI ASSOCIATES LLC,DUKES BEER,15210-3434,USA,02**1066,Cigarette Retail,2027-02-28,1642 SAW MILL RUN BLVD,PITTSBURGH,PA,-79.99888,40.39706,DUKES BEER,1642 SAW MILL RUN BLVD,15210,1642 SAW MILL RUN BLVD|15210,DUKES BEER|1642 SAW MILL RUN BLVD|15210,1642 SAW MILL RUN BLVD,52e77958aa,True,False,PITTSBURGH,data.pa.gov,42003320600,True,True,,,,0,0,,,False,True
ALLEGHENY,LITTLE TONY'S MINI MART LLC,LITTLE TONYS MINI MART LLC,15219-2113,USA,02**0423,Cigarette/OTP Retail,2027-02-28,304 ROSS ST LBBY 1,PITTSBURGH,PA,-79.99672,40.4372,LITTLE TONYS MINI MART LLC,304 ROSS ST LBBY 1,15219,304 ROSS ST LBBY 1|15219,LITTLE TONYS MINI MART LLC|304 ROSS ST LBBY 1|15219,304 ROSS ST LBBY 1,4cb2e59228,True,False,PITTSBURGH,data.pa.gov,42003020100,True,True,,,,0,0,,,False,True
ALLEGHENY,LADANI UKANI ASSOCIATES LLC,DUKES BEER,15210-3434,USA,02**4487,OTP Retail,2027-02-28,1642 SAW MILL RUN BLVD,PITTSBURGH,PA,-79.99888,40.39706,DUKES BEER,1642 SAW MILL RUN BLVD,15210,1642 SAW MILL RUN BLVD|15210,DUKES BEER|1642 SAW MILL RUN BLVD|15210,1642 SAW MILL RUN BLVD,fe1f8cf26f,True,False,PITTSBURGH,data.pa.gov,42003320600,True,True,,,,0,0,,,False,True
ALLEGHENY,LIT CIGAR AND HOOKAH LOUNGE CORPORATION,LIT CIGAR AND HOOKAH LOUNGE CORPORATION,15206-4128,USA,02**5830,OTP Retail,2027-02-28,6562 HAMILTON AVE,PITTSBURGH,PA,-79.91163,40.45824,LIT CIGAR AND HOOKAH LOUNGE CORPORATION,6562 HAMILTON AVE,15206,6562 HAMILTON AVE|15206,LIT CIGAR AND HOOKAH LOUNGE CORPORATION|6562 HAMILTON AVE|15206,6562 HAMILTON AVE,1bffc1042e,True,False,PITTSBURGH,data.pa.gov,42003120900,True,True,,,,0,0,,,False,True
ALLEGHENY,VIBE SIREAL LLC,VIBE SIREAL,15222-1885,USA,02**6271,Cigarette/OTP Retail,2027-02-28,304 FORBES AVE FL 2,PITTSBURGH,PA,-80.00058,40.43997,VIBE SIREAL,304 FORBES AVE FL 2,15222,304 FORBES AVE FL 2|15222,VIBE SIREAL|304 FORBES AVE FL 2|15222,304 FORBES AVE,3754848f02,True,False,PITTSBURGH,data.pa.gov,42003020100,True,True,,,,0,0,,,False,True
ALLEGHENY,SG II GROUP LLC,CRAFT A PLUS,15213-4202,USA,70**5013,Cigarette/OTP Retail,2027-02-28,301 CRAFT AVE,PITTSBURGH,PA,-79.96118,40.43554,CRAFT A PLUS,301 CRAFT AVE,15213,301 CRAFT AVE|15213,CRAFT A PLUS|301 CRAFT AVE|15213,301 CRAFT AVE,c6f87f3f63,True,False,PITTSBURGH,data.pa.gov,42003040900,True,True,301 CRAFT AVE|15213,address,,4,0,2012-11-14,2025-06-11,True,True
ALLEGHENY,SG II GROUP LLC,CENTER A PLUS,15219-4808,USA,70**5011,Cigarette/OTP Retail,2027-02-28,2350 CENTRE AVE,PITTSBURGH,PA,-79.97224,40.44577,CENTER A PLUS,2350 CENTRE AVE,15219,2350 CENTRE AVE|15219,CENTER A PLUS|2350 CENTRE AVE|15219,2350 CENTRE AVE,15d1bba0af,True,False,PITTSBURGH,data.pa.gov,42003050100,True,True,2350 CENTRE AVE|15219 || 2350 CENTER AVE|15219,address,68.14930301387824,3,0,2011-10-24,2012-06-14,True,True
ALLEGHENY,SG II GROUP LLC,NEGLEY A PLUS,15206-3518,USA,70**5014,Cigarette/OTP Retail,2027-02-28,123 N NEGLEY AVE,PITTSBURGH,PA,-79.93043,40.46392,NEGLEY A PLUS,123 N NEGLEY AVE,15206,123 N NEGLEY AVE|15206,NEGLEY A PLUS|123 N NEGLEY AVE|15206,123 N NEGLEY AVE,a95fcac167,True,False,PITTSBURGH,data.pa.gov,42003111400,True,True,123 N NEGLEY AVE|15206 || 127 NORTH NAGLEY AVE|15206,address,16.941848434438555,5,0,2012-02-27,2022-03-09,True,True
ALLEGHENY,SG II GROUP LLC,FRANSTOWN A PLUS,15206-4007,USA,70**5012,Cigarette/OTP Retail,2027-02-28,6481 FRANKSTOWN AVE,PITTSBURGH,PA,-79.914,40.46067,FRANSTOWN A PLUS,6481 FRANKSTOWN AVE,15206,6481 FRANKSTOWN AVE|15206,FRANSTOWN A PLUS|6481 FRANKSTOWN AVE|15206,6481 FRANKSTOWN AVE,98623ffccd,True,False,PITTSBURGH,data.pa.gov,42003120900,True,True,6481 FRANKSTOWN AVE|15206 || 6481 FRANKSTOWN ROAD|15206,address,16.540363473344037,4,0,2011-10-24,2019-03-22,True,True
ALLEGHENY,SG II GROUP LLC,FRANSTOWN SHELL,15208-1710,USA,70**5006,Cigarette/OTP Retail,2027-02-28,6701 FRANKSTOWN AVE,PITTSBURGH,PA,-79.90765,40.45873,FRANSTOWN SHELL,6701 FRANKSTOWN AVE,15208,6701 FRANKSTOWN AVE|15208,FRANSTOWN SHELL|6701 FRANKSTOWN AVE|15208,6701 FRANKSTOWN AVE,c24d25474f,True,False,PITTSBURGH,data.pa.gov,42003130700,True,True,6701 FRANKSTOWN AVE|15208 || 6680 FRANKSTOWN AV|15206,address,70.64946819912709,4,0,2011-08-03,2019-03-22,True,True
ALLEGHENY,SG II GROUP LLC,BANKSVILLE SUNOCO,15216-3125,USA,70**5010,Cigarette/OTP Retail,2027-02-28,1721 BANKSVILLE RD,PITTSBURGH,PA,-80.03202,40.40892,BANKSVILLE SUNOCO,1721 BANKSVILLE RD,15216,1721 BANKSVILLE RD|15216,BANKSVILLE SUNOCO|1721 BANKSVILLE RD|15216,1721 BANKSVILLE RD,83465e9ee6,True,False,PITTSBURGH,data.pa.gov,42003192000,True,True,1721 BANKSVILLE ROAD|15216,address,,4,0,2012-03-12,2018-09-19,True,True
ALLEGHENY,SG II GROUP LLC,INTERBORO A PLUS,15207-2330,USA,70**5008,Cigarette/OTP Retail,2027-02-28,5204 INTERBORO AVE,PITTSBURGH,PA,-79.91332,40.37012,INTERBORO A PLUS,5204 INTERBORO AVE,15207,5204 INTERBORO AVE|15207,INTERBORO A PLUS|5204 INTERBORO AVE|15207,5204 INTERBORO AVE,6772a2409c,True,False,PITTSBURGH,data.pa.gov,42003310200,True,True,5204 INTERBORO AVE|15207,address,,3,0,2011-08-03,2021-09-27,True,True
ALLEGHENY,SITARAM ENTERPRISE INC,QUICK STOP SUNOCO,15210-3434,USA,02**0569,Cigarette Retail,2027-02-28,1640 SAW MILL RUN BLVD,PITTSBURGH,PA,-79.99855,40.39648,QUICK STOP SUNOCO,1640 SAW MILL RUN BLVD,15210,1640 SAW MILL RUN BLVD|15210,QUICK STOP SUNOCO|1640 SAW MILL RUN BLVD|15210,1640 SAW MILL RUN BLVD,0793816d05,True,False,PITTSBURGH,data.pa.gov,42003320600,True,True,,,,0,0,,,False,True
ALLEGHENY,SEVEN DAYS GROCERY LLC,SEVEN DAYS GROCERY LLC,15210-4252,USA,02**1509,Cigarette/OTP Retail,2027-02-28,2122 BROWNSVILLE RD STE C,PITTSBURGH,PA,-79.9869,40.39219,SEVEN DAYS GROCERY LLC,2122 BROWNSVILLE RD STE C,15210,2122 BROWNSVILLE RD STE C|15210,SEVEN DAYS GROCERY LLC|2122 BROWNSVILLE RD STE C|15210,2122 BROWNSVILLE RD,c2266be5b7,True,False,PITTSBURGH,data.pa.gov,42003290100,True,True,,,,0,0,,,False,True
ALLEGHENY,H & R BROTHERS 4 LLC,H&R BROS 4 LLC,15217-1672,USA,02**3856,Cigarette/OTP Retail,2027-02-28,1936 MURRAY AVE,PITTSBURGH,PA,-79.92289,40.43503,H&R BROS 4 LLC,1936 MURRAY AVE,15217,1936 MURRAY AVE|15217,H&R BROS 4 LLC|1936 MURRAY AVE|15217,1936 MURRAY AVE,353a65cf13,True,False,PITTSBURGH,data.pa.gov,42003141300,True,True,,,,0,0,,,False,True
ALLEGHENY,WESTWOOD ASIAN BAZAAR LLC,WESTWOOD ASIAN BAZAAR LLC,15205-3969,USA,02**8983,Cigarette/OTP Retail,2027-02-28,2165 NOBLESTOWN RD,PITTSBURGH,PA,-80.05299,40.42955,WESTWOOD ASIAN BAZAAR LLC,2165 NOBLESTOWN RD,15205,2165 NOBLESTOWN RD|15205,WESTWOOD ASIAN BAZAAR LLC|2165 NOBLESTOWN RD|15205,2165 NOBLESTOWN RD,5bcd8d61e9,True,False,PITTSBURGH,data.pa.gov,42003563100,True,True,,,,0,0,,,False,True
ALLEGHENY,SMOKEY BRO'S LLC,SMOKEY BRO'S,15217-2913,USA,02**2424,OTP Retail,2027-02-28,4201 MURRAY AVE,PITTSBURGH,PA,-79.9287,40.42308,SMOKEY BRO'S,4201 MURRAY AVE,15217,4201 MURRAY AVE|15217,SMOKEY BRO'S|4201 MURRAY AVE|15217,4201 MURRAY AVE,d532aaa4fe,True,False,PITTSBURGH,data.pa.gov,42003151700,True,True,4209 MURRAY AVE|15217,proximity,7.466198920282198,6,1,2012-11-14,2025-06-16,True,True
ALLEGHENY,NIGHT CLOUD VENDING LLC,NIGHT CLOUD VENDING LLC,15222-1715,USA,02**5371,Cigarette/OTP Retail,2027-02-28,239 4TH AVE STE 1401,PITTSBURGH,PA,-80.00184,40.43957,NIGHT CLOUD VENDING LLC,239 4TH AVE STE 1401,15222,239 4TH AVE STE 1401|15222,NIGHT CLOUD VENDING LLC|239 4TH AVE STE 1401|15222,239 4TH AVE,00602bba0a,True,False,PITTSBURGH,data.pa.gov,42003020100,True,True,,,,0,0,,,False,True
ALLEGHENY,SMOKE PLUG SMOKE SHOP,SMOKE PLUG SMOKE SHOP,15224-1939,USA,02**2099,Cigarette/OTP Retail,2027-02-28,4622 LIBERTY AVE APT 1,PITTSBURGH,PA,-79.95004,40.46218,SMOKE PLUG SMOKE SHOP,4622 LIBERTY AVE APT 1,15224,4622 LIBERTY AVE APT 1|15224,SMOKE PLUG SMOKE SHOP|4622 LIBERTY AVE APT 1|15224,4622 LIBERTY AVE,89a25d71ff,True,False,PITTSBURGH,data.pa.gov,42003090300,True,True,4622 LIBERTY AVENUE|15224,address,,1,1,2026-05-28,2026-05-28,True,True
ALLEGHENY,SMOKEY BROS PGH INC,STORE,15224-2025,USA,02**6315,Cigarette/OTP Retail,2027-02-28,4713 LIBERTY AVE,PITTSBURGH,PA,-79.94951,40.46188,STORE,4713 LIBERTY AVE,15224,4713 LIBERTY AVE|15224,STORE|4713 LIBERTY AVE|15224,4713 LIBERTY AVE,ae25aa9b9c,True,False,PITTSBURGH,data.pa.gov,42003080200,True,True,,,,0,0,,,False,True
ALLEGHENY,CARIBBEAN FOOD SNACKS LLC,CARIBBEAN FOOD SNACKS,15201-2425,USA,02**6323,Cigarette/OTP Retail,2027-02-28,601 52ND ST,PITTSBURGH,PA,-79.95206,40.4787,CARIBBEAN FOOD SNACKS,601 52ND ST,15201,601 52ND ST|15201,CARIBBEAN FOOD SNACKS|601 52ND ST|15201,601 52ND ST,be7341097b,True,False,PITTSBURGH,data.pa.gov,42003101100,True,True,,,,0,0,,,False,True
ALLEGHENY,SAVE MOR BEER & POP WAREHOUSE INC,SAVE MOR BEER & POP WRHS INC,15217-2917,USA,02**7161,Cigarette/OTP Retail,2027-02-28,4516 BROWNS HILL RD,PITTSBURGH,PA,-79.92538,40.41668,SAVE MOR BEER & POP WRHS INC,4516 BROWNS HILL RD,15217,4516 BROWNS HILL RD|15217,SAVE MOR BEER & POP WRHS INC|4516 BROWNS HILL RD|15217,4516 BROWNS HILL RD,a3898b9f36,True,False,PITTSBURGH,data.pa.gov,42003141400,True,True,4516 BROWNS HILL ROAD|15217,address,,3,0,2014-04-26,2019-05-14,True,True
ALLEGHENY,MT WASHINGTON SMOKE SHOP INC,49 BAILEY AVENUE,15211-1762,USA,02**6342,OTP Retail,2027-02-28,49 BAILEY AVE,PITTSBURGH,PA,-80.00359,40.42698,49 BAILEY AVENUE,49 BAILEY AVE,15211,49 BAILEY AVE|15211,49 BAILEY AVENUE|49 BAILEY AVE|15211,49 BAILEY AVE,728f81f9ca,True,False,PITTSBURGH,data.pa.gov,42003180700,True,True,,,,0,0,,,False,True
ALLEGHENY,HAIR DAY OF PITTSBURGH INC,HAIR DAY OF PITTSBURGH,15203,USA,02**5389,Cigarette/OTP Retail,2027-02-28,1945 WHARTON STREET,PITTSBURGH,PA,-79.97833,40.43046,HAIR DAY OF PITTSBURGH,1945 WHARTON STREET,15203,1945 WHARTON STREET|15203,HAIR DAY OF PITTSBURGH|1945 WHARTON STREET|15203,1945 WHARTON ST,531ee641a9,True,False,PITTSBURGH,data.pa.gov,42003170200,True,True,,,,0,0,,,False,True
ALLEGHENY,OAKLAND CONVENIENCE MART LLC,OAKLAND CONVENIENCE MART LLC,15213-3404,USA,02**6354,Cigarette/OTP Retail,2027-02-28,3604 5TH AVE,PITTSBURGH,PA,-79.95898,40.44142,OAKLAND CONVENIENCE MART LLC,3604 5TH AVE,15213,3604 5TH AVE|15213,OAKLAND CONVENIENCE MART LLC|3604 5TH AVE|15213,3604 5TH AVE,198bf5c858,True,False,PITTSBURGH,data.pa.gov,42003040200,True,True,3604 5TH AVENUE|15213,address,,3,2,2023-10-17,2025-03-17,True,True
ALLEGHENY,FRIENDSHIP BEER DISTRIBUTOR INC,5604 BAUM BLVD,15206-3777,USA,02**7720,OTP Retail,2027-02-28,5604 BAUM BLVD,PITTSBURGH,PA,-79.93526,40.45792,5604 BAUM BLVD,5604 BAUM BLVD,15206,5604 BAUM BLVD|15206,5604 BAUM BLVD|5604 BAUM BLVD|15206,5604 BAUM BLVD,bcfaef733e,True,False,PITTSBURGH,data.pa.gov,42003080700,True,True,,,,0,0,,,False,True
ALLEGHENY,N3D LLC,PGH CONVENIENCE,15210-3661,USA,02**5415,Cigarette/OTP Retail,2027-02-28,1150 BROWNSVILLE RD,PITTSBURGH,PA,-79.99019,40.40403,PGH CONVENIENCE,1150 BROWNSVILLE RD,15210,1150 BROWNSVILLE RD|15210,PGH CONVENIENCE|1150 BROWNSVILLE RD|15210,1150 BROWNSVILLE RD,0d90d85f5c,True,False,PITTSBURGH,data.pa.gov,42003290200,True,True,,,,0,0,,,False,True
ALLEGHENY,FRIENDSHIP BEER DISTRIBUTOR INC,5604 BAUM BLVD,15206-3777,USA,02**6675,Cigarette Retail,2027-02-28,5604 BAUM BLVD,PITTSBURGH,PA,-79.93526,40.45792,5604 BAUM BLVD,5604 BAUM BLVD,15206,5604 BAUM BLVD|15206,5604 BAUM BLVD|5604 BAUM BLVD|15206,5604 BAUM BLVD,6e1c40e286,True,False,PITTSBURGH,data.pa.gov,42003080700,True,True,,,,0,0,,,False,True
ALLEGHENY,N3D LLC,PGH CONVENIENCE,15222-1413,USA,02**5414,Cigarette/OTP Retail,2027-02-28,625 STANWIX ST STE 105,PITTSBURGH,PA,-80.00448,40.44305,PGH CONVENIENCE,625 STANWIX ST STE 105,15222,625 STANWIX ST STE 105|15222,PGH CONVENIENCE|625 STANWIX ST STE 105|15222,625 STANWIX ST,4e13a2bd1a,True,False,PITTSBURGH,data.pa.gov,42003020100,True,True,625 STANWIX ST|15222,address,,1,0,2014-07-02,2014-07-02,True,True
ALLEGHENY,PRIYYASH INC.,PITTSBURGH,15201-2717,USA,02**1927,Cigarette/OTP Retail,2027-02-28,4811 BUTLER ST,PITTSBURGH,PA,-79.95755,40.47625,PITTSBURGH,4811 BUTLER ST,15201,4811 BUTLER ST|15201,PITTSBURGH|4811 BUTLER ST|15201,4811 BUTLER ST,05f0a8a31c,True,False,PITTSBURGH,data.pa.gov,42003090100,True,True,,,,0,0,,,False,True
ALLEGHENY,SMOKEY BRO'S LLC,SMOKEY BROS LLC,15217,USA,02**6141,Cigarette Retail,2027-02-28,4201 MURRAY AVE PITTSBURGH PA 15217,PITTSBURGH,PA,-79.9287,40.42308,SMOKEY BROS LLC,4201 MURRAY AVE PITTSBURGH PA 15217,15217,4201 MURRAY AVE PITTSBURGH PA 15217|15217,SMOKEY BROS LLC|4201 MURRAY AVE PITTSBURGH PA 15217|15217,4201 MURRAY AVE PITTSBURGH PA 15217,c026220618,True,False,PITTSBURGH,data.pa.gov,42003151700,True,True,4209 MURRAY AVE|15217,proximity,7.466198920282198,6,1,2012-11-14,2025-06-16,True,True
ALLEGHENY,VVS WHOLESALE LLC,CLUB PITTSBURGH,15222-4223,USA,02**4609,OTP Vending,2027-02-28,1139 PENN AVE,PITTSBURGH,PA,-79.99274,40.44554,CLUB PITTSBURGH,1139 PENN AVE,15222,1139 PENN AVE|15222,CLUB PITTSBURGH|1139 PENN AVE|15222,1139 PENN AVE,80cf7c44a2,False,True,PITTSBURGH,data.pa.gov,42003020300,True,True,,,,0,0,,,False,False
ALLEGHENY,SELECT & SAVE MART,SELECT & SAVE MART,15210-2460,USA,02**2506,Cigarette/OTP Retail,2027-02-28,448 BROWNSVILLE RD APT 1,PITTSBURGH,PA,-79.98953,40.41222,SELECT & SAVE MART,448 BROWNSVILLE RD APT 1,15210,448 BROWNSVILLE RD APT 1|15210,SELECT & SAVE MART|448 BROWNSVILLE RD APT 1|15210,448 BROWNSVILLE RD,d1b68d6773,True,False,PITTSBURGH,data.pa.gov,42003300100,True,True,,,,0,0,,,False,True
ALLEGHENY,FORBES TOBACCO,FORBES TOBACCO,15213-3505,USA,02**3002,Cigarette Wholesaler,2027-02-28,3801 FORBES AVE FL 2,PITTSBURGH,PA,-79.95686,40.44162,FORBES TOBACCO,3801 FORBES AVE FL 2,15213,3801 FORBES AVE FL 2|15213,FORBES TOBACCO|3801 FORBES AVE FL 2|15213,3801 FORBES AVE,d3d9deb1ac,False,True,PITTSBURGH,data.pa.gov,42003040500,True,True,3801 FORBES AVENUE|15213 || 3801 FORBES AVE|15213,address,,9,5,2015-03-16,2024-04-03,True,False
ALLEGHENY,ELECTRIC OASIS VENDING,BLUE MOON,15201-2606,USA,02**5832,OTP Vending,2027-02-28,5115 BUTLER ST,PITTSBURGH,PA,-79.95543,40.47879,BLUE MOON,5115 BUTLER ST,15201,5115 BUTLER ST|15201,BLUE MOON|5115 BUTLER ST|15201,5115 BUTLER ST,ea11250a2a,False,True,PITTSBURGH,data.pa.gov,42003101100,True,True,5115 BUTLER ST|15201,address,,3,0,2015-04-01,2022-04-01,True,False
ALLEGHENY,THE GLASS WHALE LLC,BUTLER STREET,15201-1822,USA,02**0042,Cigarette/OTP Retail,2027-02-28,3818 BUTLER ST,PITTSBURGH,PA,-79.96391,40.46731,BUTLER STREET,3818 BUTLER ST,15201,3818 BUTLER ST|15201,BUTLER STREET|3818 BUTLER ST|15201,3818 BUTLER ST,7de087f394,True,False,PITTSBURGH,data.pa.gov,42003060300,True,True,,,,0,0,,,False,True
ALLEGHENY,SMOKIN INKS,SMOKIN INKS,15212-5604,USA,02**3387,Cigarette/OTP Retail,2027-02-28,607 E OHIO ST,PITTSBURGH,PA,-79.99891,40.45382,SMOKIN INKS,607 E OHIO ST,15212,607 E OHIO ST|15212,SMOKIN INKS|607 E OHIO ST|15212,607 E OHIO ST,48bd609cb9,True,False,PITTSBURGH,data.pa.gov,42003563202,True,True,,,,0,0,,,False,True
ALLEGHENY,MON CITY SMOKE AND GROCERY LLC,MON CITY SMOKE AND GROCERY LLC,15212-1868,USA,02**2995,Cigarette/OTP Retail,2027-02-28,3617 CALIFORNIA AVE,PITTSBURGH,PA,-80.04127,40.48068,MON CITY SMOKE AND GROCERY LLC,3617 CALIFORNIA AVE,15212,3617 CALIFORNIA AVE|15212,MON CITY SMOKE AND GROCERY LLC|3617 CALIFORNIA AVE|15212,3617 CALIFORNIA AVE,43dc2ad991,True,False,PITTSBURGH,data.pa.gov,42003270100,True,True,,,,0,0,,,False,True
ALLEGHENY,PREETIS PITT LLC,BUBS' LOUNGE,15222-4711,USA,02**5456,Cigarette/OTP Retail,2027-02-28,2701 PENN AVE,PITTSBURGH,PA,-79.97691,40.45597,BUBS' LOUNGE,2701 PENN AVE,15222,2701 PENN AVE|15222,BUBS' LOUNGE|2701 PENN AVE|15222,2701 PENN AVE,332722aef7,True,False,PITTSBURGH,data.pa.gov,42003020300,True,True,,,,0,0,,,False,True
ALLEGHENY,LAKAVE LOUNGE LLC,LAKAVE LOUNGE,15206-1221,USA,02**3151,Cigarette/OTP Retail,2027-02-28,1502 LINCOLN AVE STORE FRONT,PITTSBURGH,PA,-79.89594,40.46884,LAKAVE LOUNGE,1502 LINCOLN AVE STORE FRONT,15206,1502 LINCOLN AVE STORE FRONT|15206,LAKAVE LOUNGE|1502 LINCOLN AVE STORE FRONT|15206,1502 LINCOLN AVE STORE FRONT,a3e813339b,True,False,PITTSBURGH,data.pa.gov,42003561900,True,True,,,,0,0,,,False,True
ALLEGHENY,HOKAH LLC,HOKAH,15232-1799,USA,02**5458,OTP Retail,2027-02-28,5744 ELLSWORTH AVE STE 1,PITTSBURGH,PA,-79.93123,40.45569,HOKAH,5744 ELLSWORTH AVE STE 1,15232,5744 ELLSWORTH AVE STE 1|15232,HOKAH|5744 ELLSWORTH AVE STE 1|15232,5744 ELLSWORTH AVE,2ec9de1597,True,False,PITTSBURGH,data.pa.gov,42003070500,True,True,,,,0,0,,,False,True
ALLEGHENY,NASSER INC,SAMBA MARKET,15219-4096,USA,02**7824,Cigarette/OTP Retail,2027-02-28,2520 BEDFORD AVE,PITTSBURGH,PA,-79.9722,40.45083,SAMBA MARKET,2520 BEDFORD AVE,15219,2520 BEDFORD AVE|15219,SAMBA MARKET|2520 BEDFORD AVE|15219,2520 BEDFORD AVE,3d9fdf3086,True,False,PITTSBURGH,data.pa.gov,42003050900,True,True,2520 BEDFORD AVE|15219,address,,1,0,2019-08-28,2019-08-28,True,True
ALLEGHENY,KING SMOKER LLC,KING SMOKER LLC,15224-2040,USA,02**4979,Cigarette/OTP Retail,2027-02-28,4778 LIBERTY AVE,PITTSBURGH,PA,-79.94741,40.46077,KING SMOKER LLC,4778 LIBERTY AVE,15224,4778 LIBERTY AVE|15224,KING SMOKER LLC|4778 LIBERTY AVE|15224,4778 LIBERTY AVE,407f9d40af,True,False,PITTSBURGH,data.pa.gov,42003080200,True,True,,,,0,0,,,False,True
ALLEGHENY,BLUE NILE MINI MART INC,BLUE NILE MINI MART,15219-6343,USA,02**9912,Cigarette/OTP Retail,2027-02-28,2152 WYLIE AVE,PITTSBURGH,PA,-79.97751,40.44561,BLUE NILE MINI MART,2152 WYLIE AVE,15219,2152 WYLIE AVE|15219,BLUE NILE MINI MART|2152 WYLIE AVE|15219,2152 WYLIE AVE,425d298137,True,False,PITTSBURGH,data.pa.gov,42003050100,True,True,,,,0,0,,,False,True
ALLEGHENY,TROY HILL EXPRESS LLC,TROY HILL EXPRESS LLC,15212-4370,USA,02**5872,Cigarette/OTP Retail,2027-02-28,1712 LOWRIE ST,PITTSBURGH,PA,-79.98257,40.46424,TROY HILL EXPRESS LLC,1712 LOWRIE ST,15212,1712 LOWRIE ST|15212,TROY HILL EXPRESS LLC|1712 LOWRIE ST|15212,1712 LOWRIE ST,c208fcae63,True,False,PITTSBURGH,data.pa.gov,42003241300,True,True,,,,0,0,,,False,True
ALLEGHENY,SMOKE GOODIES 3 LLC,SMOKE GOODIES 3 LLC,15206-3924,USA,02**2150,Cigarette/OTP Retail,2027-02-28,6105 PENN AVE,PITTSBURGH,PA,-79.92347,40.46097,SMOKE GOODIES 3 LLC,6105 PENN AVE,15206,6105 PENN AVE|15206,SMOKE GOODIES 3 LLC|6105 PENN AVE|15206,6105 PENN AVE,97f89afed1,True,False,PITTSBURGH,data.pa.gov,42003111500,True,True,,,,0,0,,,False,True
ALLEGHENY,OAKLAND CONVENIENCE STORE LLC,OAKLAND CONVENIENCE STORE LLC,15213-4368,USA,02**3252,Cigarette/OTP Retail,2027-02-28,3459 WARD ST,PITTSBURGH,PA,-79.95421,40.43636,OAKLAND CONVENIENCE STORE LLC,3459 WARD ST,15213,3459 WARD ST|15213,OAKLAND CONVENIENCE STORE LLC|3459 WARD ST|15213,3459 WARD ST,2972dc4c46,True,False,PITTSBURGH,data.pa.gov,42003040600,True,True,3459 WARD STREET|15213,address,,2,0,2012-11-09,2015-03-10,True,True
ALLEGHENY,FALAH DISTRIBUTION LLC,FALAH DISTRIBUTION,15226-1421,USA,02**1326,OTP Wholesaler,2027-02-28,1371 SAW MILL RUN BLVD,PITTSBURGH,PA,-80.00105,40.4032,FALAH DISTRIBUTION,1371 SAW MILL RUN BLVD,15226,1371 SAW MILL RUN BLVD|15226,FALAH DISTRIBUTION|1371 SAW MILL RUN BLVD|15226,1371 SAW MILL RUN BLVD,7967e3e6de,False,True,PITTSBURGH,data.pa.gov,42003562400,True,True,,,,0,0,,,False,False
ALLEGHENY,DAHNTAHN INDUSTRIES,DAHNTAHN INDUSTRIES MARKET SQUARE,15222-1722,USA,02**5892,Cigarette/OTP Retail,2027-02-28,433 MARKET ST FL 2NDFLOOR,PITTSBURGH,PA,-80.00229,40.44108,DAHNTAHN INDUSTRIES MARKET SQUARE,433 MARKET ST FL 2NDFLOOR,15222,433 MARKET ST FL 2NDFLOOR|15222,DAHNTAHN INDUSTRIES MARKET SQUARE|433 MARKET ST FL 2NDFLOOR|15222,433 MARKET ST,8475be0c30,True,False,PITTSBURGH,data.pa.gov,42003020100,True,True,,,,0,0,,,False,True
ALLEGHENY,MIAMI MARKET INC,MIAMI MARKET INC,15219-4626,USA,02**5319,Cigarette/OTP Retail,2027-02-28,646 HERRON AVE,PITTSBURGH,PA,-79.96445,40.4524,MIAMI MARKET INC,646 HERRON AVE,15219,646 HERRON AVE|15219,MIAMI MARKET INC|646 HERRON AVE|15219,646 HERRON AVE,f01b8b3c12,True,False,PITTSBURGH,data.pa.gov,42003050600,True,True,,,,0,0,,,False,True
ALLEGHENY,STEEL CITY SMOKE SHOP INC,STEEL CITY SMOKE SHOP INC,15222-2505,USA,02**5880,Cigarette/OTP Retail,2027-02-28,647 SMITHFIELD ST,PITTSBURGH,PA,-79.9969,40.44272,STEEL CITY SMOKE SHOP INC,647 SMITHFIELD ST,15222,647 SMITHFIELD ST|15222,STEEL CITY SMOKE SHOP INC|647 SMITHFIELD ST|15222,647 SMITHFIELD ST,c0af0bf200,True,False,PITTSBURGH,data.pa.gov,42003020100,True,True,,,,0,0,,,False,True
ALLEGHENY,C6CO LLC,MARY'S BAR,15224-1616,USA,02**5533,OTP Vending,2027-02-28,5128 PENN AVE,PITTSBURGH,PA,-79.94169,40.46485,MARY'S BAR,5128 PENN AVE,15224,5128 PENN AVE|15224,MARY'S BAR|5128 PENN AVE|15224,5128 PENN AVE,6d8e27abe4,False,True,PITTSBURGH,data.pa.gov,42003101900,True,True,,,,0,0,,,False,False
ALLEGHENY,CLOUD 9-1 LLC,STORE,15213-1515,USA,02**5900,Cigarette/OTP Retail,2027-02-28,214 N CRAIG ST,PITTSBURGH,PA,-79.95105,40.45031,STORE,214 N CRAIG ST,15213,214 N CRAIG ST|15213,STORE|214 N CRAIG ST|15213,214 N CRAIG ST,ec75c7fa09,True,False,PITTSBURGH,data.pa.gov,42003562000,True,True,214 NORTH CRAIG STREET|15213,address,,1,1,2024-03-21,2024-03-21,True,True
ALLEGHENY,GLASS UNDER THE FIRE,GLASS UNDER THE FIRE,15226-2204,USA,02**1151,Cigarette/OTP Retail,2027-02-28,1160 BROOKLINE BLVD,PITTSBURGH,PA,-80.01365,40.39214,GLASS UNDER THE FIRE,1160 BROOKLINE BLVD,15226,1160 BROOKLINE BLVD|15226,GLASS UNDER THE FIRE|1160 BROOKLINE BLVD|15226,1160 BROOKLINE BLVD,4e177f6bb4,True,False,PITTSBURGH,data.pa.gov,42003320600,True,True,,,,0,0,,,False,True
ALLEGHENY,SMOKIN BREWS LLC,SMOKIN BREWS,15224-1469,USA,02**2975,OTP Retail,2027-02-28,4055 LIBERTY AVE,PITTSBURGH,PA,-79.95497,40.46321,SMOKIN BREWS,4055 LIBERTY AVE,15224,4055 LIBERTY AVE|15224,SMOKIN BREWS|4055 LIBERTY AVE|15224,4055 LIBERTY AVE,39bc1fe0e0,True,False,PITTSBURGH,data.pa.gov,42003090300,True,True,,,,0,0,,,False,True
ALLEGHENY,K&A2 LLC,K&A2 LLC,15219-6343,USA,02**3229,Cigarette/OTP Retail,2027-02-28,2140 WYLIE AVE,PITTSBURGH,PA,-79.97796,40.44541,K&A2 LLC,2140 WYLIE AVE,15219,2140 WYLIE AVE|15219,K&A2 LLC|2140 WYLIE AVE|15219,2140 WYLIE AVE,aad0d79686,True,False,PITTSBURGH,data.pa.gov,42003050100,True,True,,,,0,0,,,False,True
ALLEGHENY,MS BARREL INC,4073 BEECHWOOD BLVD,15217-2669,USA,02**5944,Cigarette/OTP Retail,2027-02-28,4073 BEECHWOOD BLVD,PITTSBURGH,PA,-79.93879,40.42712,4073 BEECHWOOD BLVD,4073 BEECHWOOD BLVD,15217,4073 BEECHWOOD BLVD|15217,4073 BEECHWOOD BLVD|4073 BEECHWOOD BLVD|15217,4073 BEECHWOOD BLVD,2dd567c586,True,False,PITTSBURGH,data.pa.gov,42003151700,True,True,,,,0,0,,,False,True
ALLEGHENY,OCKY MODE GOURMET DELI,OCKY MODE GOURMET DELI,15222-3786,USA,02**5572,Cigarette/OTP Retail,2027-02-28,808 LIBERTY AVE,PITTSBURGH,PA,-79.99886,40.44272,OCKY MODE GOURMET DELI,808 LIBERTY AVE,15222,808 LIBERTY AVE|15222,OCKY MODE GOURMET DELI|808 LIBERTY AVE|15222,808 LIBERTY AVE,c5eded5bfa,True,False,PITTSBURGH,data.pa.gov,42003020100,True,True,,,,0,0,,,False,True
ALLEGHENY,SKY SMOKE SHOP INC,SKY SMOKE SHOP INC,15203-1512,USA,02**4043,Cigarette/OTP Retail,2027-02-28,1406 E CARSON ST,PITTSBURGH,PA,-79.98382,40.42885,SKY SMOKE SHOP INC,1406 E CARSON ST,15203,1406 E CARSON ST|15203,SKY SMOKE SHOP INC|1406 E CARSON ST|15203,1406 E CARSON ST,5e8c388e1d,True,False,PITTSBURGH,data.pa.gov,42003170200,True,True,,,,0,0,,,False,True
ALLEGHENY,ADAN MARKET 2 INC,ADAN MARKET 2 INC,15210-1580,USA,02**7899,OTP Retail,2027-02-28,707 E WARRINGTON AVE,PITTSBURGH,PA,-79.99543,40.42178,ADAN MARKET 2 INC,707 E WARRINGTON AVE,15210,707 E WARRINGTON AVE|15210,ADAN MARKET 2 INC|707 E WARRINGTON AVE|15210,707 E WARRINGTON AVE,29e358b4d1,True,False,PITTSBURGH,data.pa.gov,42003180300,True,True,707 E WARRINGTON AVE|15210 || 707 EAST WARRINGTON AVENUE|15210,address,,4,1,2019-09-19,2024-08-28,True,True
ALLEGHENY,ADAN MARKET 2 INC,ADAN MARKET 2 INC,15210-1580,USA,02**7503,Cigarette Retail,2027-02-28,707 E WARRINGTON AVE,PITTSBURGH,PA,-79.99543,40.42178,ADAN MARKET 2 INC,707 E WARRINGTON AVE,15210,707 E WARRINGTON AVE|15210,ADAN MARKET 2 INC|707 E WARRINGTON AVE|15210,707 E WARRINGTON AVE,d0ee4894dd,True,False,PITTSBURGH,data.pa.gov,42003180300,True,True,707 E WARRINGTON AVE|15210 || 707 EAST WARRINGTON AVENUE|15210,address,,4,1,2019-09-19,2024-08-28,True,True
ALLEGHENY,ROYAL INK LOUNGE,ROYAL INK LOUNGE,15203-1288,USA,02**5630,OTP Retail,2027-02-28,1205 E CARSON ST STE 1,PITTSBURGH,PA,-79.98612,40.42877,ROYAL INK LOUNGE,1205 E CARSON ST STE 1,15203,1205 E CARSON ST STE 1|15203,ROYAL INK LOUNGE|1205 E CARSON ST STE 1|15203,1205 E CARSON ST,43e0223e79,True,False,PITTSBURGH,data.pa.gov,42003170200,True,True,,,,0,0,,,False,True
ALLEGHENY,CHEERS TO SUNSHINE INC,219 ATWOOD ST,15213-4001,USA,02**6471,Cigarette/OTP Retail,2027-02-28,219 ATWOOD ST,PITTSBURGH,PA,-79.95703,40.4406,219 ATWOOD ST,219 ATWOOD ST,15213,219 ATWOOD ST|15213,219 ATWOOD ST|219 ATWOOD ST|15213,219 ATWOOD ST,9d0e4f3680,True,False,PITTSBURGH,data.pa.gov,42003040500,True,True,,,,0,0,,,False,True
ALLEGHENY,CRAIG BEER INC,CRAIG BEER INC,15213-1210,USA,02**6008,Cigarette/OTP Retail,2027-02-28,314 N CRAIG ST,PITTSBURGH,PA,-79.95231,40.45235,CRAIG BEER INC,314 N CRAIG ST,15213,314 N CRAIG ST|15213,CRAIG BEER INC|314 N CRAIG ST|15213,314 N CRAIG ST,af526f5b4c,True,False,PITTSBURGH,data.pa.gov,42003562000,True,True,,,,0,0,,,False,True
ALLEGHENY,TWB PITTSBURGH LLC,TOM'S WATCH BAR,15212-5845,USA,02**6011,OTP Retail,2027-02-28,271 N SHORE DR,PITTSBURGH,PA,-80.00871,40.44639,TOM'S WATCH BAR,271 N SHORE DR,15212,271 N SHORE DR|15212,TOM'S WATCH BAR|271 N SHORE DR|15212,271 N SHORE DR,b7bdffb651,True,False,PITTSBURGH,data.pa.gov,42003981200,True,True,,,,0,0,,,False,True
ALLEGHENY,PITTSBURGH NEWS INC,PITTSBURGH NEWS,15222-3102,USA,02**5625,Cigarette Retail,2027-02-28,208 6TH ST,PITTSBURGH,PA,-80.002,40.44235,PITTSBURGH NEWS,208 6TH ST,15222,208 6TH ST|15222,PITTSBURGH NEWS|208 6TH ST|15222,208 6TH ST,2f7a39a0e1,True,False,PITTSBURGH,data.pa.gov,42003020100,True,True,,,,0,0,,,False,True
ALLEGHENY,6680 FRANKSTOWN INC,6680 FRANKSTOWN INC,15206-4112,USA,02**6488,Cigarette/OTP Retail,2027-02-28,6680 FRANKSTOWN AVE,PITTSBURGH,PA,-79.90852,40.45866,6680 FRANKSTOWN INC,6680 FRANKSTOWN AVE,15206,6680 FRANKSTOWN AVE|15206,6680 FRANKSTOWN INC|6680 FRANKSTOWN AVE|15206,6680 FRANKSTOWN AVE,8b63a479c2,True,False,PITTSBURGH,data.pa.gov,42003120900,True,True,6680 FRANKSTOWN AVENUE|15206 || 6680 FRANKSTOWN AV|15206,address,6.62016602261289,6,1,2012-11-14,2023-08-08,True,True
ALLEGHENY,SMOKERSTOWN PITTSBURGH LLC,SMOKERSTOWN PITTSBURGH LLC,15213-1210,USA,02**5676,Cigarette Retail,2027-02-28,310 N CRAIG ST,PITTSBURGH,PA,-79.95226,40.45227,SMOKERSTOWN PITTSBURGH LLC,310 N CRAIG ST,15213,310 N CRAIG ST|15213,SMOKERSTOWN PITTSBURGH LLC|310 N CRAIG ST|15213,310 N CRAIG ST,742f836ed5,True,False,PITTSBURGH,data.pa.gov,42003562000,True,True,,,,0,0,,,False,True
ALLEGHENY,CIGGYS TOBACCO DELMONT LLC,CIGGYS TOBACCO BEECHVIEW,15216-3271,USA,02**4579,Cigarette/OTP Retail,2027-02-28,1665 BROADWAY AVE,PITTSBURGH,PA,-80.02466,40.40885,CIGGYS TOBACCO BEECHVIEW,1665 BROADWAY AVE,15216,1665 BROADWAY AVE|15216,CIGGYS TOBACCO BEECHVIEW|1665 BROADWAY AVE|15216,1665 BROADWAY AVE,761791b1ea,True,False,PITTSBURGH,data.pa.gov,42003192000,True,True,,,,0,0,,,False,True
ALLEGHENY,SK & IM INC,VALERO,15233-1407,USA,02**5767,Cigarette/OTP Retail,2027-02-28,820 PENNSYLVANIA AVE,PITTSBURGH,PA,-80.01611,40.45621,VALERO,820 PENNSYLVANIA AVE,15233,820 PENNSYLVANIA AVE|15233,VALERO|820 PENNSYLVANIA AVE|15233,820 PENNSYLVANIA AVE,65de38d620,True,False,PITTSBURGH,data.pa.gov,42003565200,True,True,820 PENNSYLVANIA AVENUE|15233,address,,6,2,2015-06-04,2018-06-07,True,True
ALLEGHENY,SMOKERSTOWN PITTSBURGH LLC,SMOKERSTOWN PITTSBURGH LLC,15213-1210,USA,02**5677,OTP Retail,2027-02-28,310 N CRAIG ST,PITTSBURGH,PA,-79.95226,40.45227,SMOKERSTOWN PITTSBURGH LLC,310 N CRAIG ST,15213,310 N CRAIG ST|15213,SMOKERSTOWN PITTSBURGH LLC|310 N CRAIG ST|15213,310 N CRAIG ST,bb15328b48,True,False,PITTSBURGH,data.pa.gov,42003562000,True,True,,,,0,0,,,False,True
ALLEGHENY,4010 PENN AVENUE INC,4010 PENN AVENUE INC,15224-1304,USA,02**6489,Cigarette/OTP Retail,2027-02-28,4010 PENN AVE,PITTSBURGH,PA,-79.95753,40.46524,4010 PENN AVENUE INC,4010 PENN AVE,15224,4010 PENN AVE|15224,4010 PENN AVENUE INC|4010 PENN AVE|15224,4010 PENN AVE,8bdffcf068,True,False,PITTSBURGH,data.pa.gov,42003090300,True,True,4010 PENN AVE|15201,proximity,5.2678928416278,8,0,2011-10-24,2022-03-28,True,True
ALLEGHENY,FRENCHI'S DELI INC,FRENCHIS DELI,15213-4132,USA,02**6061,Cigarette/OTP Retail,2027-02-28,449 ATWOOD ST,PITTSBURGH,PA,-79.95272,40.43716,FRENCHIS DELI,449 ATWOOD ST,15213,449 ATWOOD ST|15213,FRENCHIS DELI|449 ATWOOD ST|15213,449 ATWOOD ST,354ac58ced,True,False,PITTSBURGH,data.pa.gov,42003040600,True,True,449 ATWOOD ST|15213,address,,2,0,2012-11-14,2015-03-16,True,True
ALLEGHENY,WARRINGTON BEER LLC,WARRINGTON BEER LLC,15210-1560,USA,02**4244,Cigarette/OTP Retail,2027-02-28,812 E WARRINGTON AVE,PITTSBURGH,PA,-79.99319,40.42182,WARRINGTON BEER LLC,812 E WARRINGTON AVE,15210,812 E WARRINGTON AVE|15210,WARRINGTON BEER LLC|812 E WARRINGTON AVE|15210,812 E WARRINGTON AVE,759b3734bf,True,False,PITTSBURGH,data.pa.gov,42003180300,True,True,812 EAST WARRINGTON AVENUE|15210,address,,4,1,2014-10-09,2019-09-23,True,True
ALLEGHENY,BRIGHT DAY AND SUNKISSED INC,223 ATWOOD ST,15213-4001,USA,02**6495,Cigarette/OTP Retail,2027-02-28,223 ATWOOD ST,PITTSBURGH,PA,-79.95696,40.44054,223 ATWOOD ST,223 ATWOOD ST,15213,223 ATWOOD ST|15213,223 ATWOOD ST|223 ATWOOD ST|15213,223 ATWOOD ST,f1f379d1cf,True,False,PITTSBURGH,data.pa.gov,42003040500,True,True,,,,0,0,,,False,True
ALLEGHENY,GREEN BOYS SMOKE SHOP LLC,GREEN BOYS SMOKE SHOP LLC,15222-3787,USA,02**6514,Cigarette/OTP Retail,2027-02-28,808 LIBERTY AVE STE 2,PITTSBURGH,PA,-79.99886,40.44272,GREEN BOYS SMOKE SHOP LLC,808 LIBERTY AVE STE 2,15222,808 LIBERTY AVE STE 2|15222,GREEN BOYS SMOKE SHOP LLC|808 LIBERTY AVE STE 2|15222,808 LIBERTY AVE,265a10ead6,True,False,PITTSBURGH,data.pa.gov,42003020100,True,True,,,,0,0,,,False,True
ALLEGHENY,C6CO LLC,THUNDERBIRD CAFE & MUSIC HALL,15201-3224,USA,02**5533,OTP Vending,2027-02-28,4053 BUTLER ST,PITTSBURGH,PA,-79.96153,40.46933,THUNDERBIRD CAFE & MUSIC HALL,4053 BUTLER ST,15201,4053 BUTLER ST|15201,THUNDERBIRD CAFE & MUSIC HALL|4053 BUTLER ST|15201,4053 BUTLER ST,486a797ebf,False,True,PITTSBURGH,data.pa.gov,42003090100,True,True,,,,0,0,,,False,False
ALLEGHENY,PITA LAND INC,PITALAND INC,15226-2004,USA,02**7371,OTP Retail,2027-02-28,620 BROOKLINE BLVD,PITTSBURGH,PA,-80.02181,40.39508,PITALAND INC,620 BROOKLINE BLVD,15226,620 BROOKLINE BLVD|15226,PITALAND INC|620 BROOKLINE BLVD|15226,620 BROOKLINE BLVD,f29849a0c3,True,False,PITTSBURGH,data.pa.gov,42003191900,True,True,620 BROOKLINE BLVD|15226,address,,1,0,2024-03-11,2024-03-11,True,True
ALLEGHENY,CONVENIENCE UNITED LLC,CARSON MINI MART,15203-1288,USA,02**6524,Cigarette/OTP Retail,2027-02-28,1205 E CARSON ST STE 1,PITTSBURGH,PA,-79.98612,40.42877,CARSON MINI MART,1205 E CARSON ST STE 1,15203,1205 E CARSON ST STE 1|15203,CARSON MINI MART|1205 E CARSON ST STE 1|15203,1205 E CARSON ST,8ef4d77581,True,False,PITTSBURGH,data.pa.gov,42003170200,True,True,,,,0,0,,,False,True
ALLEGHENY,B & M MARKET LLC,B&M MARKET LLC,15204-2260,USA,02**3021,Cigarette Retail,2027-02-28,3038 CHARTIERS AVE,PITTSBURGH,PA,-80.0597,40.45394,B&M MARKET LLC,3038 CHARTIERS AVE,15204,3038 CHARTIERS AVE|15204,B&M MARKET LLC|3038 CHARTIERS AVE|15204,3038 CHARTIERS AVE,a06aadf6be,True,False,PITTSBURGH,data.pa.gov,42003202200,True,True,,,,0,0,,,False,True
ALLEGHENY,C6CO LLC,NEW AMSTERDAM,15201-3011,USA,02**5533,OTP Vending,2027-02-28,4421 BUTLER ST,PITTSBURGH,PA,-79.95934,40.47207,NEW AMSTERDAM,4421 BUTLER ST,15201,4421 BUTLER ST|15201,NEW AMSTERDAM|4421 BUTLER ST|15201,4421 BUTLER ST,633881a701,False,True,PITTSBURGH,data.pa.gov,42003090200,True,True,,,,0,0,,,False,False
ALLEGHENY,FANTASY MARKET LLC,FANTASY MARKET LLC,15213-3304,USA,02**6175,Cigarette/OTP Retail,2027-02-28,226 MEYRAN AVE,PITTSBURGH,PA,-79.95739,40.43981,FANTASY MARKET LLC,226 MEYRAN AVE,15213,226 MEYRAN AVE|15213,FANTASY MARKET LLC|226 MEYRAN AVE|15213,226 MEYRAN AVE,34108c1b94,True,False,PITTSBURGH,data.pa.gov,42003040500,True,True,,,,0,0,,,False,True
ALLEGHENY,BLACK SHEEP VENDING COMPANY,HOME,15224-1455,USA,02**6646,Cigarette Vending,2027-02-28,4053 MINTWOOD ST,PITTSBURGH,PA,-79.95568,40.46477,HOME,4053 MINTWOOD ST,15224,4053 MINTWOOD ST|15224,HOME|4053 MINTWOOD ST|15224,4053 MINTWOOD ST,8c7d1fc30f,False,True,PITTSBURGH,data.pa.gov,42003090300,True,True,,,,0,0,,,False,False
ALLEGHENY,PITTSTOP MART LLC,PITTSTOP MART LLC,15222-2409,USA,02**6638,Cigarette/OTP Retail,2027-02-28,355 5TH AVE,PITTSBURGH,PA,-79.99896,40.44019,PITTSTOP MART LLC,355 5TH AVE,15222,355 5TH AVE|15222,PITTSTOP MART LLC|355 5TH AVE|15222,355 5TH AVE,83b17603a4,True,False,PITTSBURGH,data.pa.gov,42003020100,True,True,,,,0,0,,,False,True
ALLEGHENY,COEN MARKETS LLC,COEN MARKETS #1236,15203-1107,USA,02**2379,Cigarette/OTP Retail,2027-02-28,925 E CARSON ST,PITTSBURGH,PA,-79.98893,40.42871,COEN MARKETS #1236,925 E CARSON ST,15203,925 E CARSON ST|15203,COEN MARKETS #1236|925 E CARSON ST|15203,925 E CARSON ST,459b0738d9,True,False,PITTSBURGH,data.pa.gov,42003170200,True,True,,,,0,0,,,False,True
ALLEGHENY,COEN MARKETS LLC,COEN MARKETS #1227,15211-1728,USA,02**2373,Cigarette/OTP Retail,2027-02-28,20 BAILEY AVE,MOUNT WASHINGTON,PA,-80.00476,40.42687,COEN MARKETS #1227,20 BAILEY AVE,15211,20 BAILEY AVE|15211,COEN MARKETS #1227|20 BAILEY AVE|15211,20 BAILEY AVE,3af07242d0,True,False,MOUNT WASHINGTON,data.pa.gov,42003180700,True,False,20 BAILEY AVENUE|15211,address,,6,2,2014-09-18,2019-08-23,True,True
ALLEGHENY,COEN MARKETS LLC,COEN MARKETS #1231,15210-3435,USA,02**2376,Cigarette/OTP Retail,2027-02-28,1709 SAW MILL RUN BLVD,PITTSBURGH,PA,-79.99759,40.39572,COEN MARKETS #1231,1709 SAW MILL RUN BLVD,15210,1709 SAW MILL RUN BLVD|15210,COEN MARKETS #1231|1709 SAW MILL RUN BLVD|15210,1709 SAW MILL RUN BLVD,71c9a4e88e,True,False,PITTSBURGH,data.pa.gov,42003290100,True,True,1709 SAW MILL RUN BLVD|15210 || 1709 SAW MILL RUN BOULEVARD|15210,address,,7,2,2011-11-16,2021-11-09,True,True
ALLEGHENY,COEN MARKETS LLC,COEN MARKETS #1232,15217-2669,USA,02**2377,Cigarette/OTP Retail,2027-02-28,4071 BEECHWOOD BLVD,PITTSBURGH,PA,-79.9383,40.42678,COEN MARKETS #1232,4071 BEECHWOOD BLVD,15217,4071 BEECHWOOD BLVD|15217,COEN MARKETS #1232|4071 BEECHWOOD BLVD|15217,4071 BEECHWOOD BLVD,f40e1969f9,True,False,PITTSBURGH,data.pa.gov,42003151700,True,True,4071 BEECHWOOD BLVD|15217 || 4071 BEECHWOOD BOULEVARD|15217,address,,7,1,2011-09-29,2024-04-04,True,True
ALLEGHENY,COEN MARKETS LLC,COEN MARKETS #1229,15203-2111,USA,02**2375,Cigarette/OTP Retail,2027-02-28,2401 E CARSON ST,PITTSBURGH,PA,-79.97087,40.42815,COEN MARKETS #1229,2401 E CARSON ST,15203,2401 E CARSON ST|15203,COEN MARKETS #1229|2401 E CARSON ST|15203,2401 E CARSON ST,cf723e21a3,True,False,PITTSBURGH,data.pa.gov,42003160900,True,True,2401 E CARSON ST|15203,address,,1,0,2018-07-01,2018-07-01,True,True
ALLEGHENY,BOBBY LLC,BOBBY LLC,15210-1927,USA,02**6228,Cigarette/OTP Retail,2027-02-28,2401 ARLINGTON AVE,PITTSBURGH,PA,-79.97277,40.41747,BOBBY LLC,2401 ARLINGTON AVE,15210,2401 ARLINGTON AVE|15210,BOBBY LLC|2401 ARLINGTON AVE|15210,2401 ARLINGTON AVE,5f87a88cdb,True,False,PITTSBURGH,data.pa.gov,42003160800,True,True,,,,0,0,,,False,True
ALLEGHENY,CHEERS 2 DORMONT INC,CHEERS 2 DORMONT INC,15226-1350,USA,02**8620,Cigarette/OTP Retail,2027-02-28,2061 W LIBERTY AVE,PITTSBURGH,PA,-80.02091,40.40273,CHEERS 2 DORMONT INC,2061 W LIBERTY AVE,15226,2061 W LIBERTY AVE|15226,CHEERS 2 DORMONT INC|2061 W LIBERTY AVE|15226,2061 W LIBERTY AVE,9fe4c5bfe4,True,False,PITTSBURGH,data.pa.gov,42003191700,True,True,,,,0,0,,,False,True
ALLEGHENY,HARTMAN MUSIC INC,HOMERUN HARRY'S,15219,USA,02**7708,Cigarette Vending,2027-02-28,87 STATION ST,PITTSBURGH,PA,-80.00609,40.43435,HOMERUN HARRY'S,87 STATION ST,15219,87 STATION ST|15219,HOMERUN HARRY'S|87 STATION ST|15219,87 STATION ST,70b6c0b668,False,True,PITTSBURGH,data.pa.gov,42003980700,True,True,,,,0,0,,,False,False
ALLEGHENY,TRUE FRESH GROCERY AND MEAT STORE LLC,TRUE FRESH GROCERY AND MEAT STORE LLC,15234-3120,USA,02**4115,Cigarette/OTP Retail,2027-02-28,2546 LIBRARY RD,PITTSBURGH,PA,-79.99892,40.38124,TRUE FRESH GROCERY AND MEAT STORE LLC,2546 LIBRARY RD,15234,2546 LIBRARY RD|15234,TRUE FRESH GROCERY AND MEAT STORE LLC|2546 LIBRARY RD|15234,2546 LIBRARY RD,2570783591,True,False,PITTSBURGH,data.pa.gov,42003320700,True,True,,,,0,0,,,False,True
ALLEGHENY,RAYARAJ INC,QUICK STOP,15201-1320,USA,02**4074,Cigarette/OTP Retail,2027-02-28,3349 LIBERTY AVE,PITTSBURGH,PA,-79.96646,40.46165,QUICK STOP,3349 LIBERTY AVE,15201,3349 LIBERTY AVE|15201,QUICK STOP|3349 LIBERTY AVE|15201,3349 LIBERTY AVE,73c0635e9e,True,False,PITTSBURGH,data.pa.gov,42003060300,True,True,3349 LIBERTY AVENUE|15201 || 3349 LIBERTY AVE|15201,address,,8,1,2012-11-14,2022-05-10,True,True
ALLEGHENY,SHREE VIJAYALAXMI INC,SHREE VIJAYALAXMI INC,15211-1631,USA,02**8488,Cigarette Retail,2027-02-28,1 VIRGINIA AVE,PITTSBURGH,PA,-80.0069,40.42923,SHREE VIJAYALAXMI INC,1 VIRGINIA AVE,15211,1 VIRGINIA AVE|15211,SHREE VIJAYALAXMI INC|1 VIRGINIA AVE|15211,1 VIRGINIA AVE,5d4179f36f,True,False,PITTSBURGH,data.pa.gov,42003191400,True,True,1 VIRGINIA AVE|15211,address,,3,0,2012-06-11,2018-09-20,True,True
ALLEGHENY,NIKITUK JACOB W,LORENZ CAFE,15220-5709,USA,02**5008,Cigarette Vending,2027-02-28,718 LORENZ AVE,PITTSBURGH,PA,-80.0394,40.44479,LORENZ CAFE,718 LORENZ AVE,15220,718 LORENZ AVE|15220,LORENZ CAFE|718 LORENZ AVE|15220,718 LORENZ AVE,f13a807541,False,True,PITTSBURGH,data.pa.gov,42003562600,True,True,,,,0,0,,,False,False
ALLEGHENY,GOD IS ONE LLC,GOD IS ONE LLC,15222-3701,USA,02**6853,Cigarette/OTP Retail,2027-02-28,967 LIBERTY AVE,PITTSBURGH,PA,-79.99553,40.44357,GOD IS ONE LLC,967 LIBERTY AVE,15222,967 LIBERTY AVE|15222,GOD IS ONE LLC|967 LIBERTY AVE|15222,967 LIBERTY AVE,163efde142,True,False,PITTSBURGH,data.pa.gov,42003020100,True,True,,,,0,0,,,False,True
ALLEGHENY,DOLGENCORP LLC,DOLLAR GENERAL STORE 20881,15210-4549,USA,02**1325,Cigarette/OTP Retail,2027-02-28,2417 BROWNSVILLE RD,PITTSBURGH,PA,-79.98228,40.38699,DOLLAR GENERAL STORE 20881,2417 BROWNSVILLE RD,15210,2417 BROWNSVILLE RD|15210,DOLLAR GENERAL STORE 20881|2417 BROWNSVILLE RD|15210,2417 BROWNSVILLE RD,1d1a7f5816,True,False,PITTSBURGH,data.pa.gov,42003290400,True,True,,,,0,0,,,False,True
ALLEGHENY,LAWRENCE LABAD & WAEL LOBBAD LABAD,LABAD DELI & GROCERY,15222-4320,USA,02**9989,Cigarette Retail,2027-02-28,1727 PENN AVE,PITTSBURGH,PA,-79.98531,40.4502,LABAD DELI & GROCERY,1727 PENN AVE,15222,1727 PENN AVE|15222,LABAD DELI & GROCERY|1727 PENN AVE|15222,1727 PENN AVE,0a83d17002,True,False,PITTSBURGH,data.pa.gov,42003020300,True,True,1727 PENN AVE|15222,address,,2,0,2012-06-26,2014-06-30,True,True
ALLEGHENY,PRAMODCHANDRA MOHANLAL B,DISCOUNT TOBACCO & NEWS,15217-1607,USA,02**5144,Cigarette/OTP Retail,2027-02-28,1929 MURRAY AVE,PITTSBURGH,PA,-79.9229,40.43513,DISCOUNT TOBACCO & NEWS,1929 MURRAY AVE,15217,1929 MURRAY AVE|15217,DISCOUNT TOBACCO & NEWS|1929 MURRAY AVE|15217,1929 MURRAY AVE,8558066346,True,False,PITTSBURGH,data.pa.gov,42003141300,True,True,1929 MURRAY AVE|15217,address,,7,1,2011-12-08,2024-03-30,True,True
ALLEGHENY,CENTER INDEPENDENT OIL STORES LLC,CIO STORES LLC #21,15219-5537,USA,02**8012,OTP Retail,2027-02-28,1605 5TH AVE,PITTSBURGH,PA,-79.9835,40.4385,CIO STORES LLC #21,1605 5TH AVE,15219,1605 5TH AVE|15219,CIO STORES LLC #21|1605 5TH AVE|15219,1605 5TH AVE,ae728091d4,True,False,PITTSBURGH,data.pa.gov,42003030500,True,True,1605 5TH AVENUE|15219,address,,2,1,2024-05-30,2024-10-19,True,True
ALLEGHENY,J2 2026 LLC,J2 2026 LLC,15210-4252,USA,02**5017,Cigarette/OTP Retail,2027-02-28,2122 BROWNSVILLE RD STE C,PITTSBURGH,PA,-79.9869,40.39219,J2 2026 LLC,2122 BROWNSVILLE RD STE C,15210,2122 BROWNSVILLE RD STE C|15210,J2 2026 LLC|2122 BROWNSVILLE RD STE C|15210,2122 BROWNSVILLE RD,8e42755e9c,True,False,PITTSBURGH,data.pa.gov,42003290100,True,True,,,,0,0,,,False,True
ALLEGHENY,NIKITUK JACOB W,WHITE EAGLES,15203-2110,USA,02**5008,Cigarette Vending,2027-02-28,2300 E CARSON ST,PITTSBURGH,PA,-79.9729,40.42832,WHITE EAGLES,2300 E CARSON ST,15203,2300 E CARSON ST|15203,WHITE EAGLES|2300 E CARSON ST|15203,2300 E CARSON ST,0d23b8bca8,False,True,PITTSBURGH,data.pa.gov,42003160900,True,True,,,,0,0,,,False,False
ALLEGHENY,GIANT EAGLE INC,GIANT EAGLE #0006,15205-3936,USA,02**1477,Cigarette/OTP Retail,2027-02-28,2103 NOBLESTOWN RD,PITTSBURGH,PA,-80.05178,40.43037,GIANT EAGLE #0006,2103 NOBLESTOWN RD,15205,2103 NOBLESTOWN RD|15205,GIANT EAGLE #0006|2103 NOBLESTOWN RD|15205,2103 NOBLESTOWN RD,57280e1139,True,False,PITTSBURGH,data.pa.gov,42003563100,True,True,2103 NOBLESTOWN ROAD|15205,address,,4,0,2013-09-14,2019-02-22,True,True
ALLEGHENY,SUPER BEER WORLD LLC,SUPER BEER WORLD LLC,15205-3933,USA,02**9002,Cigarette Retail,2027-02-28,2121 NOBLESTOWN RD STE 222,PITTSBURGH,PA,-80.05229,40.42947,SUPER BEER WORLD LLC,2121 NOBLESTOWN RD STE 222,15205,2121 NOBLESTOWN RD STE 222|15205,SUPER BEER WORLD LLC|2121 NOBLESTOWN RD STE 222|15205,2121 NOBLESTOWN RD,0351df3abb,True,False,PITTSBURGH,data.pa.gov,42003563100,True,True,2121 NOBLESTOWN ROAD|15205,address,,2,0,2018-05-08,2019-09-17,True,True
ALLEGHENY,B C HANNA FOODS INC,MT WASHINGTON SHOP N SAVE,15211-1611,USA,02**3922,Cigarette/OTP Retail,2027-02-28,125 VIRGINIA AVE,MOUNT WASHINGTON,PA,-80.00777,40.42968,MT WASHINGTON SHOP N SAVE,125 VIRGINIA AVE,15211,125 VIRGINIA AVE|15211,MT WASHINGTON SHOP N SAVE|125 VIRGINIA AVE|15211,125 VIRGINIA AVE,ec49270649,True,False,MOUNT WASHINGTON,data.pa.gov,42003191400,True,False,125 VIRGINIA AVE|15211,address,,3,0,2012-03-12,2018-09-20,True,True
ALLEGHENY,BELMONT AMUSEMENT COMPANY INC,ZANOS PUB HOUSE,15207-1004,USA,02**7694,Cigarette Vending,2027-02-28,3806 ACORN ST,PITTSBURGH,PA,-79.94986,40.42659,ZANOS PUB HOUSE,3806 ACORN ST,15207,3806 ACORN ST|15207,ZANOS PUB HOUSE|3806 ACORN ST|15207,3806 ACORN ST,eba03f5fc6,False,True,PITTSBURGH,data.pa.gov,42003151600,True,True,,,,0,0,,,False,False
ALLEGHENY,KISK USA,KISK USA,15210-4202,USA,02**0963,Cigarette/OTP Retail,2027-02-28,1926 BROWNSVILLE RD,PITTSBURGH,PA,-79.9868,40.39522,KISK USA,1926 BROWNSVILLE RD,15210,1926 BROWNSVILLE RD|15210,KISK USA|1926 BROWNSVILLE RD|15210,1926 BROWNSVILLE RD,ee5e1ef71d,True,False,PITTSBURGH,data.pa.gov,42003290200,True,True,1926 BROWNSVILLE ROAD|15210,address,,8,2,2011-11-16,2019-10-09,True,True
ALLEGHENY,SGK VENDING LLC,CONTROVERSY,15219-1039,USA,02**2477,Cigarette Vending,2027-02-28,1635 W CARSON ST,PITTSBURGH,PA,-80.02338,40.44233,CONTROVERSY,1635 W CARSON ST,15219,1635 W CARSON ST|15219,CONTROVERSY|1635 W CARSON ST|15219,1635 W CARSON ST,2eda779538,False,True,PITTSBURGH,data.pa.gov,42003980700,True,True,,,,0,0,,,False,False
ALLEGHENY,FAMILY DOLLAR STORES OF PA LLC,FAMILY DOLLAR #25275,15201-2322,USA,02**4016,Cigarette/OTP Retail,2027-02-28,450 56TH ST,PITTSBURGH,PA,-79.94844,40.48355,FAMILY DOLLAR #25275,450 56TH ST,15201,450 56TH ST|15201,FAMILY DOLLAR #25275|450 56TH ST|15201,450 56TH ST,dcb4cb146a,True,False,PITTSBURGH,data.pa.gov,42003101100,True,True,450 56TH ST UNIT E|15201 || 450 56TH STREET|15201 || 450 56TH ST|15201,address,,13,3,2013-09-02,2024-09-18,True,True
ALLEGHENY,VBD VENDING LLC,MARIO'S OAKLAND SALOON,15213-3503,USA,02**0018,OTP Vending,2027-02-28,116 OAKLAND AVE,PITTSBURGH,PA,-79.95734,40.44187,MARIO'S OAKLAND SALOON,116 OAKLAND AVE,15213,116 OAKLAND AVE|15213,MARIO'S OAKLAND SALOON|116 OAKLAND AVE|15213,116 OAKLAND AVE,7a8549e80d,False,True,PITTSBURGH,data.pa.gov,42003040500,True,True,,,,0,0,,,False,False
ALLEGHENY,AL-LIWAN JAVED INC,AL-LIWAN JAVED INC,15214-1552,USA,02**4386,Cigarette/OTP Retail,2027-02-28,4061 PERRYSVILLE AVE,PITTSBURGH,PA,-80.02151,40.49244,AL-LIWAN JAVED INC,4061 PERRYSVILLE AVE,15214,4061 PERRYSVILLE AVE|15214,AL-LIWAN JAVED INC|4061 PERRYSVILLE AVE|15214,4061 PERRYSVILLE AVE,39a1f5a606,True,False,PITTSBURGH,data.pa.gov,42003260200,True,True,4061 PERRYSVILLE AVE|15214,address,,2,0,2012-08-14,2023-12-01,True,True
ALLEGHENY,HANINIS MARKET AND SUBS LLC,HANINIS MARKET AND SUBS,15212-2365,USA,02**1045,Cigarette Retail,2027-02-28,3245 BRIGHTON RD,PITTSBURGH,PA,-80.03172,40.47642,HANINIS MARKET AND SUBS,3245 BRIGHTON RD,15212,3245 BRIGHTON RD|15212,HANINIS MARKET AND SUBS|3245 BRIGHTON RD|15212,3245 BRIGHTON RD,5287640ab6,True,False,PITTSBURGH,data.pa.gov,42003271600,True,True,3245 BRIGHTON ROAD|15212,address,,6,0,2012-05-02,2024-12-15,True,True
ALLEGHENY,BEER LIME AND SUNSHINE LLC,BEER LIME AND SUNSHINE LLC,15222-1816,USA,02**6821,Cigarette/OTP Retail,2027-02-28,411 WOOD ST,PITTSBURGH,PA,-80.00115,40.43967,BEER LIME AND SUNSHINE LLC,411 WOOD ST,15222,411 WOOD ST|15222,BEER LIME AND SUNSHINE LLC|411 WOOD ST|15222,411 WOOD ST,f71f3398ee,True,False,PITTSBURGH,data.pa.gov,42003020100,True,True,,,,0,0,,,False,True
ALLEGHENY,EL LAYALI,EL LAAYALI,15222-4603,USA,02**7284,OTP Retail,2027-02-28,2531 PENN AVE,PITTSBURGH,PA,-79.97936,40.45429,EL LAAYALI,2531 PENN AVE,15222,2531 PENN AVE|15222,EL LAAYALI|2531 PENN AVE|15222,2531 PENN AVE,12b92f7cc6,True,False,PITTSBURGH,data.pa.gov,42003020300,True,True,,,,0,0,,,False,True
ALLEGHENY,ZENNER ANTHONY J,SATILIOS,15211-1701,USA,63**7782,Cigarette Vending,2027-02-28,27 BAILEY AVE,PITTSBURGH,PA,-80.00424,40.427,SATILIOS,27 BAILEY AVE,15211,27 BAILEY AVE|15211,SATILIOS|27 BAILEY AVE|15211,27 BAILEY AVE,6016573194,False,True,PITTSBURGH,data.pa.gov,42003180700,True,True,,,,0,0,,,False,False
ALLEGHENY,PITTSBURG TOBACCCO & VAPE SHOP INC.,PITTSBURG TOBACCO & VAPE SHOP INC,15224-2040,USA,02**4994,Cigarette/OTP Retail,2027-02-28,4776 LIBERTY AVE,PITTSBURGH,PA,-79.94749,40.46081,PITTSBURG TOBACCO & VAPE SHOP INC,4776 LIBERTY AVE,15224,4776 LIBERTY AVE|15224,PITTSBURG TOBACCO & VAPE SHOP INC|4776 LIBERTY AVE|15224,4776 LIBERTY AVE,522cb3f569,True,False,PITTSBURGH,data.pa.gov,42003080200,True,True,,,,0,0,,,False,True
ALLEGHENY,SK & NK INC,ABE'S MARKET,15219-4369,USA,02**7729,OTP Retail,2027-02-28,1860 CENTRE AVE,PITTSBURGH,PA,-79.98093,40.44253,ABE'S MARKET,1860 CENTRE AVE,15219,1860 CENTRE AVE|15219,ABE'S MARKET|1860 CENTRE AVE|15219,1860 CENTRE AVE,3d0223e20e,True,False,PITTSBURGH,data.pa.gov,42003030500,True,True,1860 CENTER AVE|15219,proximity,63.206483974095114,3,0,2011-09-08,2019-12-30,True,True
ALLEGHENY,MATARANI INC,MATARANI INC,15224-1307,USA,02**4875,Cigarette/OTP Retail,2027-02-28,4201 PENN AVE,PITTSBURGH,PA,-79.95437,40.46584,MATARANI INC,4201 PENN AVE,15224,4201 PENN AVE|15224,MATARANI INC|4201 PENN AVE|15224,4201 PENN AVE,4351151b94,True,False,PITTSBURGH,data.pa.gov,42003090200,True,True,4201 PENN AVENUE|15224,address,,3,1,2015-07-16,2016-12-31,True,True
ALLEGHENY,WILSONS PHARMACY,WILSONS PHARMACY,15224-1326,USA,02**6401,Cigarette/OTP Retail,2027-02-28,4101 PENN AVE,PITTSBURGH,PA,-79.95512,40.46566,WILSONS PHARMACY,4101 PENN AVE,15224,4101 PENN AVE|15224,WILSONS PHARMACY|4101 PENN AVE|15224,4101 PENN AVE,a12fd031de,True,False,PITTSBURGH,data.pa.gov,42003090300,True,True,4101 PENN AVE|15224,address,,2,0,2017-12-14,2019-04-10,True,True
ALLEGHENY,VBD VENDING LLC,BOOTLEGGERS,15213-4719,USA,02**0742,OTP Retail,2027-02-28,403 SEMPLE ST,PITTSBURGH,PA,-79.95482,40.43699,BOOTLEGGERS,403 SEMPLE ST,15213,403 SEMPLE ST|15213,BOOTLEGGERS|403 SEMPLE ST|15213,403 SEMPLE ST,f303445dd6,True,False,PITTSBURGH,data.pa.gov,42003040600,True,True,,,,0,0,,,False,True
ALLEGHENY,PITTSBURGH VAPE EMPIRE LLC,EMPIRE,15203-1706,USA,02**2613,Cigarette/OTP Retail,2027-02-28,1728 E CARSON ST FL 1,PITTSBURGH,PA,-79.98103,40.42879,EMPIRE,1728 E CARSON ST FL 1,15203,1728 E CARSON ST FL 1|15203,EMPIRE|1728 E CARSON ST FL 1|15203,1728 E CARSON ST,6fe4308878,True,False,PITTSBURGH,data.pa.gov,42003170200,True,True,,,,0,0,,,False,True
ALLEGHENY,GIANT EAGLE INC,GIANT EAGLE 17,15206-4096,USA,70**3011,Cigarette/OTP Retail,2027-02-28,6320 SHAKESPEARE ST STE 1,PITTSBURGH,PA,-79.92127,40.45873,GIANT EAGLE 17,6320 SHAKESPEARE ST STE 1,15206,6320 SHAKESPEARE ST STE 1|15206,GIANT EAGLE 17|6320 SHAKESPEARE ST STE 1|15206,6320 SHAKESPEARE ST,9678b7e121,True,False,PITTSBURGH,data.pa.gov,42003070800,True,True,6320 SHAKESPEARE STREET|15206 || 6320 SHAKESPEARE ST|15206,address,,7,1,2011-10-25,2022-06-23,True,True
ALLEGHENY,PENN RETAIL ENTERPRISES LLC,PENN RETAIL ENTERPRISES LLC,15224-1333,USA,02**4967,Cigarette Retail,2027-02-28,4067 PENN AVE,PITTSBURGH,PA,-79.95545,40.46561,PENN RETAIL ENTERPRISES LLC,4067 PENN AVE,15224,4067 PENN AVE|15224,PENN RETAIL ENTERPRISES LLC|4067 PENN AVE|15224,4067 PENN AVE,dd87bb838d,True,False,PITTSBURGH,data.pa.gov,42003090300,True,True,,,,0,0,,,False,True
ALLEGHENY,BELMONT AMUSEMENT COMPANY INC,OLYMPIA CLUB,15220-5541,USA,02**7694,Cigarette Vending,2027-02-28,450 S MAIN ST,PITTSBURGH,PA,-80.03457,40.44103,OLYMPIA CLUB,450 S MAIN ST,15220,450 S MAIN ST|15220,OLYMPIA CLUB|450 S MAIN ST|15220,450 S MAIN ST,d8fa868adc,False,True,PITTSBURGH,data.pa.gov,42003562600,True,True,,,,0,0,,,False,False
ALLEGHENY,KING CITY SMOKE SHOP LLC,STORE,15222-1823,USA,02**3938,Cigarette/OTP Retail,2027-02-28,418 WOOD ST,PITTSBURGH,PA,-80.00098,40.4399,STORE,418 WOOD ST,15222,418 WOOD ST|15222,STORE|418 WOOD ST|15222,418 WOOD ST,b43d54f8b1,True,False,PITTSBURGH,data.pa.gov,42003020100,True,True,418 WOOD ST|15222,address,,2,0,2024-12-16,2026-04-16,True,True
ALLEGHENY,SASSY ASH CIGARS LLC,SASSY ASH CIGARS,15210-1173,USA,02**2847,OTP Retail,2027-02-28,81 LAFFERTY AVE,PITTSBURGH,PA,-80.00682,40.41793,SASSY ASH CIGARS,81 LAFFERTY AVE,15210,81 LAFFERTY AVE|15210,SASSY ASH CIGARS|81 LAFFERTY AVE|15210,81 LAFFERTY AVE,6ec7a8517b,True,False,PITTSBURGH,data.pa.gov,42003562400,True,True,,,,0,0,,,False,True
ALLEGHENY,TIPSY TIKKA MASALA,TIPSY TIKKA MASALA LLC,15222-3701,USA,02**3340,Cigarette/OTP Retail,2027-02-28,969 LIBERTY AVE,PITTSBURGH,PA,-79.99546,40.44359,TIPSY TIKKA MASALA LLC,969 LIBERTY AVE,15222,969 LIBERTY AVE|15222,TIPSY TIKKA MASALA LLC|969 LIBERTY AVE|15222,969 LIBERTY AVE,e5f18ff27e,True,False,PITTSBURGH,data.pa.gov,42003020100,True,True,,,,0,0,,,False,True
ALLEGHENY,BIG DOG VENDING INC,JUST ONE MORE SALOON,15210-3912,USA,02**7778,Cigarette Vending,2027-02-28,1613 BROWNSVILLE RD,PITTSBURGH,PA,-79.98902,40.39936,JUST ONE MORE SALOON,1613 BROWNSVILLE RD,15210,1613 BROWNSVILLE RD|15210,JUST ONE MORE SALOON|1613 BROWNSVILLE RD|15210,1613 BROWNSVILLE RD,1cdaf45bd7,False,True,PITTSBURGH,data.pa.gov,42003290100,True,True,1613 BROWNSVILLE ROAD|15210,address,,1,0,2019-05-23,2019-05-23,True,False
ALLEGHENY,KAUR KAMALJIT,NEW BIG TOM CORNER STORE,15212-2636,USA,02**7709,Cigarette/OTP Retail,2027-02-28,1300 WOODLAND AVE,PITTSBURGH,PA,-80.0301,40.46907,NEW BIG TOM CORNER STORE,1300 WOODLAND AVE,15212,1300 WOODLAND AVE|15212,NEW BIG TOM CORNER STORE|1300 WOODLAND AVE|15212,1300 WOODLAND AVE,5e555b9bcc,True,False,PITTSBURGH,data.pa.gov,42003271600,True,True,1300 WOODLAND AVENUE|15212 || 1300 WOODLAND AVE|15212,address,,6,1,2012-08-28,2024-01-30,True,True
ALLEGHENY,HARTMAN MUSIC INC,B&J'S,15226-1725,USA,02**7708,Cigarette Vending,2027-02-28,2506 W LIBERTY AVE,PITTSBURGH,PA,-80.0256,40.39889,B&J'S,2506 W LIBERTY AVE,15226,2506 W LIBERTY AVE|15226,B&J'S|2506 W LIBERTY AVE|15226,2506 W LIBERTY AVE,363c9ceed0,False,True,PITTSBURGH,data.pa.gov,42003192000,True,True,,,,0,0,,,False,False
ALLEGHENY,RSA LLC,ISALY'S,15212-5516,USA,02**1562,Cigarette/OTP Retail,2027-02-28,537 E OHIO ST,PITTSBURGH,PA,-79.99937,40.45373,ISALY'S,537 E OHIO ST,15212,537 E OHIO ST|15212,ISALY'S|537 E OHIO ST|15212,537 E OHIO ST,5f321efcd2,True,False,PITTSBURGH,data.pa.gov,42003563202,True,True,537 E OHIO STREET|15212,address,,3,0,2012-06-11,2016-04-27,True,True
ALLEGHENY,UNIVERSAL VENTURES,UNIVERSAL VENTURES LLC,15216-3258,USA,02**0981,Cigarette Retail,2027-02-28,1006 HAMPSHIRE AVE,PITTSBURGH,PA,-80.0251,40.41054,UNIVERSAL VENTURES LLC,1006 HAMPSHIRE AVE,15216,1006 HAMPSHIRE AVE|15216,UNIVERSAL VENTURES LLC|1006 HAMPSHIRE AVE|15216,1006 HAMPSHIRE AVE,8c7634a16d,True,False,PITTSBURGH,data.pa.gov,42003191600,True,True,,,,0,0,,,False,True
ALLEGHENY,DOLGENCORP LLC,DOLLAR GENERAL # 14985,15207-2406,USA,02**8553,Cigarette/OTP Retail,2027-02-28,5800 BUTTERMILK HOLLOW RD,PITTSBURGH,PA,-79.90889,40.36499,DOLLAR GENERAL # 14985,5800 BUTTERMILK HOLLOW RD,15207,5800 BUTTERMILK HOLLOW RD|15207,DOLLAR GENERAL # 14985|5800 BUTTERMILK HOLLOW RD|15207,5800 BUTTERMILK HOLLOW RD,e4222983df,True,False,PITTSBURGH,data.pa.gov,42003310200,True,True,,,,0,0,,,False,True
ALLEGHENY,S & S CANDY & CIGAR COMPANY INC,S & S CANDY & CIGAR CO INC,15203-1901,USA,02**3492,OTP Wholesaler,2027-02-28,2025 E CARSON ST,PITTSBURGH,PA,-79.97651,40.42853,S & S CANDY & CIGAR CO INC,2025 E CARSON ST,15203,2025 E CARSON ST|15203,S & S CANDY & CIGAR CO INC|2025 E CARSON ST|15203,2025 E CARSON ST,2c4d9f2f9f,False,True,PITTSBURGH,data.pa.gov,42003170200,True,True,2025 E CARSON ST|15203,address,,1,0,2018-08-31,2018-08-31,True,False
ALLEGHENY,BROOKLYN 2 MARKET INC,BROOKLYN 2 MARKET INC,15221-1328,USA,02**4511,Cigarette Retail,2027-02-28,7926 FRANKSTOWN AVE,PITTSBURGH,PA,-79.88496,40.45528,BROOKLYN 2 MARKET INC,7926 FRANKSTOWN AVE,15221,7926 FRANKSTOWN AVE|15221,BROOKLYN 2 MARKET INC|7926 FRANKSTOWN AVE|15221,7926 FRANKSTOWN AVE,972d8e718e,True,False,PITTSBURGH,data.pa.gov,42003130600,True,True,7926 FRANKSTOWN AVE|15221 || 7926 FRANKSTOWN|15221,address,25.48352270347971,2,0,2016-04-18,2019-04-10,True,True
ALLEGHENY,SONNYS TAVERN INC,SONNYS TAVERN INC,15224-2149,USA,02**8180,Cigarette Retail,2027-02-28,630 S MILLVALE AVE,PITTSBURGH,PA,-79.94741,40.45789,SONNYS TAVERN INC,630 S MILLVALE AVE,15224,630 S MILLVALE AVE|15224,SONNYS TAVERN INC|630 S MILLVALE AVE|15224,630 S MILLVALE AVE,2d81b57125,True,False,PITTSBURGH,data.pa.gov,42003080400,True,True,630 S MILLVALE AVE|15224 || 630 SOUTH MILLVALE AVENUE|15224,address,,4,1,2015-06-22,2019-04-10,True,True
ALLEGHENY,LPK ENTERPRISES INC.,7-ELEVEN STORE #40106A,15213-2781,USA,02**2712,Cigarette/OTP Retail,2027-02-28,195 N CRAIG ST,PITTSBURGH,PA,-79.95062,40.4496,7-ELEVEN STORE #40106A,195 N CRAIG ST,15213,195 N CRAIG ST|15213,7-ELEVEN STORE #40106A|195 N CRAIG ST|15213,195 N CRAIG ST,2226cf5836,True,False,PITTSBURGH,data.pa.gov,42003040400,True,True,195 N CRAIG ST|15213,address,,4,0,2012-11-14,2025-06-11,True,True
ALLEGHENY,SGK VENDING LLC,MEDUSA'S LAIR,15213-1835,USA,02**2478,OTP Vending,2027-02-28,280 MOREWOOD AVE,PITTSBURGH,PA,-79.94512,40.45459,MEDUSA'S LAIR,280 MOREWOOD AVE,15213,280 MOREWOOD AVE|15213,MEDUSA'S LAIR|280 MOREWOOD AVE|15213,280 MOREWOOD AVE,355409f78f,False,True,PITTSBURGH,data.pa.gov,42003080400,True,True,,,,0,0,,,False,False
ALLEGHENY,BEECHWOOD BEER LLC,BEECHWOOD BEER LLC,15217-2669,USA,02**4680,Cigarette/OTP Retail,2027-02-28,4073 BEECHWOOD BLVD,PITTSBURGH,PA,-79.93879,40.42712,BEECHWOOD BEER LLC,4073 BEECHWOOD BLVD,15217,4073 BEECHWOOD BLVD|15217,BEECHWOOD BEER LLC|4073 BEECHWOOD BLVD|15217,4073 BEECHWOOD BLVD,35e392b544,True,False,PITTSBURGH,data.pa.gov,42003151700,True,True,,,,0,0,,,False,True
ALLEGHENY,FARM FRESH MARKET OF PITTSBURGH INC,FARM FRESH MARKET OF PITTSBURGH INC,15206-2850,USA,02**0721,Cigarette/OTP Retail,2027-02-28,226 N NEGLEY AVE,PITTSBURGH,PA,-79.92948,40.46547,FARM FRESH MARKET OF PITTSBURGH INC,226 N NEGLEY AVE,15206,226 N NEGLEY AVE|15206,FARM FRESH MARKET OF PITTSBURGH INC|226 N NEGLEY AVE|15206,226 N NEGLEY AVE,6fc1c3ebfc,True,False,PITTSBURGH,data.pa.gov,42003111500,True,True,226 N NEGLEY AVE|15206,address,,1,0,2024-03-13,2024-03-13,True,True
ALLEGHENY,GIANT EAGLE INC,GIANT EAGLE 40,15232-1206,USA,70**3110,Cigarette/OTP Retail,2027-02-28,5550 CENTRE AVE,PITTSBURGH,PA,-79.93517,40.45694,GIANT EAGLE 40,5550 CENTRE AVE,15232,5550 CENTRE AVE|15232,GIANT EAGLE 40|5550 CENTRE AVE|15232,5550 CENTRE AVE,da7f2aec94,True,False,PITTSBURGH,data.pa.gov,42003070900,True,True,5550 CENTRE AVE|15232,address,,3,0,2012-12-06,2019-05-09,True,True
ALLEGHENY,POLAT GROUP LLC,PUFF HOUSE,15219-2024,USA,02**2419,Cigarette/OTP Retail,2027-02-28,225 ROSS ST UNIT 205,PITTSBURGH,PA,-79.99687,40.43696,PUFF HOUSE,225 ROSS ST UNIT 205,15219,225 ROSS ST UNIT 205|15219,PUFF HOUSE|225 ROSS ST UNIT 205|15219,225 ROSS ST,822da58dd2,True,False,PITTSBURGH,data.pa.gov,42003020100,True,True,,,,0,0,,,False,True
ALLEGHENY,PERRYS VAPOR COMPANY LLC,YOUNG BROTHERS BAR,15212-2347,USA,02**4853,OTP Vending,2027-02-28,1441 WOODS RUN AVE,PITTSBURGH,PA,-80.03503,40.47516,YOUNG BROTHERS BAR,1441 WOODS RUN AVE,15212,1441 WOODS RUN AVE|15212,YOUNG BROTHERS BAR|1441 WOODS RUN AVE|15212,1441 WOODS RUN AVE,1f596aeeea,False,True,PITTSBURGH,data.pa.gov,42003270300,True,True,,,,0,0,,,False,False
ALLEGHENY,BANK TOWER MARKET LLC,BANK TOWER MARKET LLC,15222-1818,USA,02**7122,Cigarette/OTP Retail,2027-02-28,406 WOOD ST,PITTSBURGH,PA,-80.00117,40.43963,BANK TOWER MARKET LLC,406 WOOD ST,15222,406 WOOD ST|15222,BANK TOWER MARKET LLC|406 WOOD ST|15222,406 WOOD ST,5fb82c72a4,True,False,PITTSBURGH,data.pa.gov,42003020100,True,True,,,,0,0,,,False,True
ALLEGHENY,NUZHAT CORPORATION,7-ELEVEN STORE 2701-36154B,15226-2203,USA,02**0906,Cigarette/OTP Retail,2027-02-28,1101 BROOKLINE BLVD,PITTSBURGH,PA,-80.01481,40.39201,7-ELEVEN STORE 2701-36154B,1101 BROOKLINE BLVD,15226,1101 BROOKLINE BLVD|15226,7-ELEVEN STORE 2701-36154B|1101 BROOKLINE BLVD|15226,1101 BROOKLINE BLVD,48a1b9842a,True,False,PITTSBURGH,data.pa.gov,42003320600,True,True,1101 BROOKLINE BLVD|15226,address,,1,0,2016-09-27,2016-09-27,True,True
ALLEGHENY,GOVIND ENTERPRISE INC,SUDZ BEER,15208-1707,USA,02**1611,Cigarette/OTP Retail,2027-02-28,6936 5TH AVE,PITTSBURGH,PA,-79.90856,40.45794,SUDZ BEER,6936 5TH AVE,15208,6936 5TH AVE|15208,SUDZ BEER|6936 5TH AVE|15208,6936 5TH AVE,013858cb97,True,False,PITTSBURGH,data.pa.gov,42003130700,True,True,6936 5TH AVENUE|15208,address,,3,1,2022-12-06,2024-01-30,True,True
ALLEGHENY,SMOKEY BROS UNLIMITED INC,SHOP,15213-3408,USA,02**0328,Cigarette/OTP Retail,2027-02-28,3713 FORBES AVE,PITTSBURGH,PA,-79.95731,40.4413,SHOP,3713 FORBES AVE,15213,3713 FORBES AVE|15213,SHOP|3713 FORBES AVE|15213,3713 FORBES AVE,9d2f07b32a,True,False,PITTSBURGH,data.pa.gov,42003040500,True,True,3713 FORBES AVENUE|15213,address,,1,1,2024-03-21,2024-03-21,True,True
ALLEGHENY,PATTON MICHAEL P,EVERGREEN CAFE,15208-2529,USA,02**5102,Cigarette Vending,2027-02-28,7328 PENN AVE,PITTSBURGH,PA,-79.89848,40.44823,EVERGREEN CAFE,7328 PENN AVE,15208,7328 PENN AVE|15208,EVERGREEN CAFE|7328 PENN AVE|15208,7328 PENN AVE,a1debee8d9,False,True,PITTSBURGH,data.pa.gov,42003141200,True,True,,,,0,0,,,False,False
ALLEGHENY,PRIME STOP,PRIME STOP,15206-4008,USA,02**4699,Cigarette/OTP Retail,2027-02-28,6494 FRANKSTOWN AVE,PITTSBURGH,PA,-79.91388,40.46048,PRIME STOP,6494 FRANKSTOWN AVE,15206,6494 FRANKSTOWN AVE|15206,PRIME STOP|6494 FRANKSTOWN AVE|15206,6494 FRANKSTOWN AVE,008a4b550a,True,False,PITTSBURGH,data.pa.gov,42003120900,True,True,,,,0,0,,,False,True
ALLEGHENY,VBD VENDING LLC,BOOTLEGGERS,15213-4719,USA,02**0743,OTP Vending,2027-02-28,403 SEMPLE ST,PITTSBURGH,PA,-79.95482,40.43699,BOOTLEGGERS,403 SEMPLE ST,15213,403 SEMPLE ST|15213,BOOTLEGGERS|403 SEMPLE ST|15213,403 SEMPLE ST,e413b0e088,False,True,PITTSBURGH,data.pa.gov,42003040600,True,True,,,,0,0,,,False,False
ALLEGHENY,DOLGENCORP LLC,DOLLAR GENERAL STORE #31781,15220-4810,USA,02**5211,Cigarette/OTP Retail,2027-02-28,1211 CHARTIERS AVE,PITTSBURGH,PA,-80.04315,40.44567,DOLLAR GENERAL STORE #31781,1211 CHARTIERS AVE,15220,1211 CHARTIERS AVE|15220,DOLLAR GENERAL STORE #31781|1211 CHARTIERS AVE|15220,1211 CHARTIERS AVE,cd728b665c,True,False,PITTSBURGH,data.pa.gov,42003562600,True,True,,,,0,0,,,False,True
ALLEGHENY,THREE R TOBACCO INC,TOBACCO OUTLET,15212-3140,USA,02**3921,Cigarette/OTP Retail,2027-02-28,1920 SPRING GARDEN AVE,PITTSBURGH,PA,-79.98635,40.46911,TOBACCO OUTLET,1920 SPRING GARDEN AVE,15212,1920 SPRING GARDEN AVE|15212,TOBACCO OUTLET|1920 SPRING GARDEN AVE|15212,1920 SPRING GARDEN AVE,3f72891078,True,False,PITTSBURGH,data.pa.gov,42003241300,True,True,1920 SPRING GARDENS DR|15212,proximity,72.18081391271123,3,0,2015-04-09,2019-03-27,True,True
ALLEGHENY,ARJI FUEL LLC,BROOKLINE MINI MARTT,15226-2201,USA,02**4764,Cigarette/OTP Retail,2027-02-28,1001 BROOKLINE BLVD,PITTSBURGH,PA,-80.01749,40.39203,BROOKLINE MINI MARTT,1001 BROOKLINE BLVD,15226,1001 BROOKLINE BLVD|15226,BROOKLINE MINI MARTT|1001 BROOKLINE BLVD|15226,1001 BROOKLINE BLVD,0764801cc5,True,False,PITTSBURGH,data.pa.gov,42003191800,True,True,1001 BROOKLINE BOULEVARD|15226,address,,2,1,2024-04-18,2024-10-19,True,True
ALLEGHENY,THE A-Z STRIP MARKET INC,THE A-Z STRIP MARKET INC,15222-4401,USA,02**4836,Cigarette/OTP Retail,2027-02-28,57 18TH ST,PITTSBURGH,PA,-79.98524,40.45062,THE A-Z STRIP MARKET INC,57 18TH ST,15222,57 18TH ST|15222,THE A-Z STRIP MARKET INC|57 18TH ST|15222,57 18TH ST,50f84de086,True,False,PITTSBURGH,data.pa.gov,42003020300,True,True,,,,0,0,,,False,True
ALLEGHENY,ACME VENDING INC,BLUE MOON,15201-2606,USA,02**7734,Cigarette Vending,2027-02-28,5115 BUTLER ST,PITTSBURGH,PA,-79.95543,40.47879,BLUE MOON,5115 BUTLER ST,15201,5115 BUTLER ST|15201,BLUE MOON|5115 BUTLER ST|15201,5115 BUTLER ST,49d4d99919,False,True,PITTSBURGH,data.pa.gov,42003101100,True,True,5115 BUTLER ST|15201,address,,3,0,2015-04-01,2022-04-01,True,False
ALLEGHENY,4133 LIBERTY BEER INC,LIBERTY BEER,15224-1448,USA,02**0370,Cigarette/OTP Retail,2027-02-28,4133 LIBERTY AVE,PITTSBURGH,PA,-79.95324,40.46377,LIBERTY BEER,4133 LIBERTY AVE,15224,4133 LIBERTY AVE|15224,LIBERTY BEER|4133 LIBERTY AVE|15224,4133 LIBERTY AVE,9ca7e14808,True,False,PITTSBURGH,data.pa.gov,42003090300,True,True,,,,0,0,,,False,True
ALLEGHENY,SHERADEN TOBACCO OUTLET INC,SHERADEN TOBACCO OUTLET INC,15204-1709,USA,02**8330,OTP Retail,2027-02-28,649 HILLSBORO ST,PITTSBURGH,PA,-80.05407,40.45329,SHERADEN TOBACCO OUTLET INC,649 HILLSBORO ST,15204,649 HILLSBORO ST|15204,SHERADEN TOBACCO OUTLET INC|649 HILLSBORO ST|15204,649 HILLSBORO ST,6f4381a77c,True,False,PITTSBURGH,data.pa.gov,42003562500,True,True,649 HILLSBORO STREET|15204,address,,1,0,2015-06-26,2015-06-26,True,True
ALLEGHENY,AR INVESTMENT LLC,AR INVESTMENT INC,15226-2201,USA,02**7258,Cigarette Retail,2027-02-28,1019 BROOKLINE BLVD,PITTSBURGH,PA,-80.01698,40.39187,AR INVESTMENT INC,1019 BROOKLINE BLVD,15226,1019 BROOKLINE BLVD|15226,AR INVESTMENT INC|1019 BROOKLINE BLVD|15226,1019 BROOKLINE BLVD,9258ef2f26,True,False,PITTSBURGH,data.pa.gov,42003191800,True,True,1019 BROOKLINE BLVD|15226,address,,1,0,2016-09-29,2016-09-29,True,True
ALLEGHENY,BEER BUZZ LLC,BEER BUZZ LLC,15211-1623,USA,02**1970,Cigarette/OTP Retail,2027-02-28,223 SHILOH ST,PITTSBURGH,PA,-80.00736,40.42992,BEER BUZZ LLC,223 SHILOH ST,15211,223 SHILOH ST|15211,BEER BUZZ LLC|223 SHILOH ST|15211,223 SHILOH ST,b08f43b599,True,False,PITTSBURGH,data.pa.gov,42003191400,True,True,,,,0,0,,,False,True
ALLEGHENY,RAFA ENTERPRISE LLC,RAFA ENTERPRISE LLC,15208-2505,USA,02**4932,Cigarette/OTP Retail,2027-02-28,7530 PENN AVE,PITTSBURGH,PA,-79.89544,40.44693,RAFA ENTERPRISE LLC,7530 PENN AVE,15208,7530 PENN AVE|15208,RAFA ENTERPRISE LLC|7530 PENN AVE|15208,7530 PENN AVE,fd2212a772,True,False,PITTSBURGH,data.pa.gov,42003141200,True,True,7530 PENN AVENUE|15208 || 7530 PENN AVE|15208,address,,4,2,2023-01-05,2024-09-28,True,True
ALLEGHENY,ECLIPSE WHOLESALE INC,ECLIPSE WHOLESALE INC,15201-3205,USA,02**0299,Cigarette Stamping Agent,2027-02-28,26 39TH ST,PITTSBURGH,PA,-79.96621,40.47082,ECLIPSE WHOLESALE INC,26 39TH ST,15201,26 39TH ST|15201,ECLIPSE WHOLESALE INC|26 39TH ST|15201,26 39TH ST,3993682184,False,True,PITTSBURGH,data.pa.gov,42003060300,True,True,,,,0,0,,,False,False
ALLEGHENY,CITY COIN MACHINE SERVICE INC,MILLERS,15212-1633,USA,02**6148,Cigarette Vending,2027-02-28,3853 CALIFORNIA AVE,PITTSBURGH,PA,-80.04172,40.48496,MILLERS,3853 CALIFORNIA AVE,15212,3853 CALIFORNIA AVE|15212,MILLERS|3853 CALIFORNIA AVE|15212,3853 CALIFORNIA AVE,255dee753a,False,True,PITTSBURGH,data.pa.gov,42003270100,True,True,,,,0,0,,,False,False
ALLEGHENY,ISHREEKHODIYAR LLC,ISHREEKHODIYAR LLC WEST LIBERTY,15226-1211,USA,02**5394,Cigarette/OTP Retail,2027-02-28,1829 W LIBERTY AVE,PITTSBURGH,PA,-80.01853,40.40565,ISHREEKHODIYAR LLC WEST LIBERTY,1829 W LIBERTY AVE,15226,1829 W LIBERTY AVE|15226,ISHREEKHODIYAR LLC WEST LIBERTY|1829 W LIBERTY AVE|15226,1829 W LIBERTY AVE,a3f9df395b,True,False,PITTSBURGH,data.pa.gov,42003191700,True,True,1829 WEST LIBERTY AVENUE|15226 || 1829 WEST LIBERTY AVE|15226,address,,8,3,2012-05-02,2024-03-14,True,True
ALLEGHENY,SAMS MARKET INC,SAMS MARKET INC,15206-2344,USA,02**4775,OTP Retail,2027-02-28,7356 STRANAHAN ST,PITTSBURGH,PA,-79.88999,40.46169,SAMS MARKET INC,7356 STRANAHAN ST,15206,7356 STRANAHAN ST|15206,SAMS MARKET INC|7356 STRANAHAN ST|15206,7356 STRANAHAN ST,e50c0a37ff,True,False,PITTSBURGH,data.pa.gov,42003130700,True,True,7356 STRANAHAN STREET|15206 || 7356 STRANAHAN ST|15206,address,,2,0,2011-08-03,2024-05-06,True,True
ALLEGHENY,DOLGENCORP LLC,DOLLAR GENERAL #19007,15210-1562,USA,02**5126,Cigarette Retail,2027-02-28,700 E WARRINGTON AVE,PITTSBURGH,PA,-79.99564,40.42152,DOLLAR GENERAL #19007,700 E WARRINGTON AVE,15210,700 E WARRINGTON AVE|15210,DOLLAR GENERAL #19007|700 E WARRINGTON AVE|15210,700 E WARRINGTON AVE,ed7149f5b9,True,False,PITTSBURGH,data.pa.gov,42003180300,True,True,700 E WARRINGTON AVE|15210,address,,3,0,2014-09-22,2024-04-24,True,True
ALLEGHENY,GIANT EAGLE INC,GIANT EAGLE 61,15203,USA,70**3061,Cigarette/OTP Retail,2027-02-28,2021 WHARTON AVE,PITTSBURGH,PA,-79.97712,40.43102,GIANT EAGLE 61,2021 WHARTON AVE,15203,2021 WHARTON AVE|15203,GIANT EAGLE 61|2021 WHARTON AVE|15203,2021 WHARTON AVE,17f1f0e93d,True,False,PITTSBURGH,data.pa.gov,42003170200,True,True,2021 WHARTON AVE|15203,address,,1,0,2018-07-01,2018-07-01,True,True
ALLEGHENY,NOBLESTOWN TOBACCO LLC,NOBLESTOWN TOBACCO LLC,15205-4128,USA,02**4236,Cigarette/OTP Retail,2027-02-28,2350 NOBLESTOWN RD,PITTSBURGH,PA,-80.05586,40.4276,NOBLESTOWN TOBACCO LLC,2350 NOBLESTOWN RD,15205,2350 NOBLESTOWN RD|15205,NOBLESTOWN TOBACCO LLC|2350 NOBLESTOWN RD|15205,2350 NOBLESTOWN RD,abbca40965,True,False,PITTSBURGH,data.pa.gov,42003562800,True,True,2350 NOBLESTOWN RD|15205,address,,3,0,2013-12-24,2019-09-17,True,True
ALLEGHENY,BELMONT AMUSEMENT COMPANY INC,FRANKSTOWNE CLUB,15207-1093,USA,02**7694,Cigarette Vending,2027-02-28,547 GREENFIELD AVE,PITTSBURGH,PA,-79.94072,40.42593,FRANKSTOWNE CLUB,547 GREENFIELD AVE,15207,547 GREENFIELD AVE|15207,FRANKSTOWNE CLUB|547 GREENFIELD AVE|15207,547 GREENFIELD AVE,5d33e4bde0,False,True,PITTSBURGH,data.pa.gov,42003151600,True,True,,,,0,0,,,False,False
ALLEGHENY,FAMILY DOLLAR STORES OF PA LLC,FAMILY DOLLAR #31553,15206-2713,USA,02**3037,Cigarette/OTP Retail,2027-02-28,1111 LINCOLN AVE,PITTSBURGH,PA,-79.90076,40.46469,FAMILY DOLLAR #31553,1111 LINCOLN AVE,15206,1111 LINCOLN AVE|15206,FAMILY DOLLAR #31553|1111 LINCOLN AVE|15206,1111 LINCOLN AVE,f62519672f,True,False,PITTSBURGH,data.pa.gov,42003120300,True,True,,,,0,0,,,False,True
ALLEGHENY,SHERADEN SHOPPE N KITCHEN INC,SHERADEN SHOPPE N KITCHEN,15204-2301,USA,02**3462,Cigarette Retail,2027-02-28,2827 CHARTIERS AVE,PITTSBURGH,PA,-80.05492,40.45347,SHERADEN SHOPPE N KITCHEN,2827 CHARTIERS AVE,15204,2827 CHARTIERS AVE|15204,SHERADEN SHOPPE N KITCHEN|2827 CHARTIERS AVE|15204,2827 CHARTIERS AVE,cb35663a4a,True,False,PITTSBURGH,data.pa.gov,42003562500,True,True,,,,0,0,,,False,True
ALLEGHENY,CALIFORNIA MINI MART LLC,CALIFORNIA MINI MART LLC,15212-1610,USA,02**4048,OTP Retail,2027-02-28,3901 CALIFORNIA AVE,PITTSBURGH,PA,-80.04215,40.48524,CALIFORNIA MINI MART LLC,3901 CALIFORNIA AVE,15212,3901 CALIFORNIA AVE|15212,CALIFORNIA MINI MART LLC|3901 CALIFORNIA AVE|15212,3901 CALIFORNIA AVE,12762c5c5f,True,False,PITTSBURGH,data.pa.gov,42003270100,True,True,3901 CALIFORNIA AVE|15212,address,,1,0,2012-03-13,2012-03-13,True,True
ALLEGHENY,VBD VENDING LLC,NS PUB INC,15233-1718,USA,02**1948,OTP Vending,2027-02-28,900 WESTERN AVE,PITTSBURGH,PA,-80.01664,40.45195,NS PUB INC,900 WESTERN AVE,15233,900 WESTERN AVE|15233,NS PUB INC|900 WESTERN AVE|15233,900 WESTERN AVE,4a41c5f59b,False,True,PITTSBURGH,data.pa.gov,42003562700,True,True,,,,0,0,,,False,False
ALLEGHENY,GIANT EAGLE INC,COMMUNITY MARKET #96,15224-1561,USA,02**1610,Cigarette/OTP Retail,2027-02-28,4401 LIBERTY AVE,PITTSBURGH,PA,-79.95201,40.46326,COMMUNITY MARKET #96,4401 LIBERTY AVE,15224,4401 LIBERTY AVE|15224,COMMUNITY MARKET #96|4401 LIBERTY AVE|15224,4401 LIBERTY AVE,2eca49ab96,True,False,PITTSBURGH,data.pa.gov,42003090300,True,True,4401 LIBERTY AVENUE|15224 || 4401 LIBERTY AVE|15224,address,,5,1,2011-10-24,2019-03-22,True,True
ALLEGHENY,SCHRIM WILLIAM J,REAL LUCK CAFE,15222-4312,USA,02**1545,Cigarette Vending,2027-02-28,1519 PENN AVE,PITTSBURGH,PA,-79.98807,40.44874,REAL LUCK CAFE,1519 PENN AVE,15222,1519 PENN AVE|15222,REAL LUCK CAFE|1519 PENN AVE|15222,1519 PENN AVE,1fb0f431b4,False,True,PITTSBURGH,data.pa.gov,42003020300,True,True,,,,0,0,,,False,False
ALLEGHENY,KEYSTONE R & M LLC,KEYSTONE VAPORS,15201-3010,USA,02**9975,OTP Retail,2027-02-28,4328 BUTLER ST,PITTSBURGH,PA,-79.95984,40.47138,KEYSTONE VAPORS,4328 BUTLER ST,15201,4328 BUTLER ST|15201,KEYSTONE VAPORS|4328 BUTLER ST|15201,4328 BUTLER ST,2db5bea69b,True,False,PITTSBURGH,data.pa.gov,42003090200,True,True,,,,0,0,,,False,True
ALLEGHENY,RIGGS LOUNGE INCORPORATED,RIGGS RESTAURANT LOUNGE,15233-1602,USA,02**9909,Cigarette Vending,2027-02-28,1204 BRIGHTON RD # 8,PITTSBURGH,PA,-80.0148,40.45474,RIGGS RESTAURANT LOUNGE,1204 BRIGHTON RD # 8,15233,1204 BRIGHTON RD # 8|15233,RIGGS RESTAURANT LOUNGE|1204 BRIGHTON RD # 8|15233,1204 BRIGHTON RD 8,41eb6802a6,False,True,PITTSBURGH,data.pa.gov,42003565100,True,True,,,,0,0,,,False,False
ALLEGHENY,7701 PENN AVE LLC,7701 PENN AVE,15221-2115,USA,02**5130,Cigarette/OTP Retail,2027-02-28,7701 PENN AVE,PITTSBURGH,PA,-79.89333,40.44655,7701 PENN AVE,7701 PENN AVE,15221,7701 PENN AVE|15221,7701 PENN AVE|7701 PENN AVE|15221,7701 PENN AVE,cecf92f2d0,True,False,PITTSBURGH,data.pa.gov,42003140500,True,True,7701 PENN AVE|15221,address,,1,0,2011-08-03,2011-08-03,True,True
ALLEGHENY,TAHA ERKAN,SULTAN BEY,15213-1503,USA,02**0504,Cigarette/OTP Retail,2027-02-28,4601 CENTRE AVE,PITTSBURGH,PA,-79.95186,40.45194,SULTAN BEY,4601 CENTRE AVE,15213,4601 CENTRE AVE|15213,SULTAN BEY|4601 CENTRE AVE|15213,4601 CENTRE AVE,458db2bd20,True,False,PITTSBURGH,data.pa.gov,42003562000,True,True,,,,0,0,,,False,True
ALLEGHENY,MARKET IN SMITHFIELD INC,MARKET ON SMITHFIELD INC,15222-2210,USA,02**2439,Cigarette/OTP Retail,2027-02-28,400 SMITHFIELD ST,PITTSBURGH,PA,-79.99948,40.43885,MARKET ON SMITHFIELD INC,400 SMITHFIELD ST,15222,400 SMITHFIELD ST|15222,MARKET ON SMITHFIELD INC|400 SMITHFIELD ST|15222,400 SMITHFIELD ST,6f64106028,True,False,PITTSBURGH,data.pa.gov,42003020100,True,True,,,,0,0,,,False,True
ALLEGHENY,VACCO STEPHEN L,7 ELEVEN STORE 36118A,15219-3030,USA,70**2151,Cigarette/OTP Retail,2027-02-28,1 BIGELOW SQ,PITTSBURGH,PA,-79.99437,40.44019,7 ELEVEN STORE 36118A,1 BIGELOW SQ,15219,1 BIGELOW SQ|15219,7 ELEVEN STORE 36118A|1 BIGELOW SQ|15219,1 BIGELOW SQ,d816419442,True,False,PITTSBURGH,data.pa.gov,42003020100,True,True,1 BIGELOW BLVD|15219 || ONE BIGELOW BLVD/DOUBLETR|15219,proximity,44.07596265346525,3,0,2011-11-16,2024-01-28,True,True
ALLEGHENY,CALIFORNIA MINI MART LLC,CALIFORNIA MINI MART,15212-1610,USA,02**9224,Cigarette Retail,2027-02-28,3901 CALIFORNIA AVE,PITTSBURGH,PA,-80.04215,40.48524,CALIFORNIA MINI MART,3901 CALIFORNIA AVE,15212,3901 CALIFORNIA AVE|15212,CALIFORNIA MINI MART|3901 CALIFORNIA AVE|15212,3901 CALIFORNIA AVE,4da9e55b8c,True,False,PITTSBURGH,data.pa.gov,42003270100,True,True,3901 CALIFORNIA AVE|15212,address,,1,0,2012-03-13,2012-03-13,True,True
ALLEGHENY,BEER LIME AND SUNSHINE ON LIBERTY INC,BEER LIME AND SUNSHINE ON LIBERTY I,15222-3701,USA,02**6814,Cigarette/OTP Retail,2027-02-28,909 LIBERTY AVE,PITTSBURGH,PA,-79.99762,40.44303,BEER LIME AND SUNSHINE ON LIBERTY I,909 LIBERTY AVE,15222,909 LIBERTY AVE|15222,BEER LIME AND SUNSHINE ON LIBERTY I|909 LIBERTY AVE|15222,909 LIBERTY AVE,c2ea44d99c,True,False,PITTSBURGH,data.pa.gov,42003020100,True,True,,,,0,0,,,False,True
ALLEGHENY,BROTHER UNITED INC,SKY IS THE LIMIT,15206-3011,USA,02**4465,Cigarette/OTP Retail,2027-02-28,6113 BROAD ST,PITTSBURGH,PA,-79.92244,40.46205,SKY IS THE LIMIT,6113 BROAD ST,15206,6113 BROAD ST|15206,SKY IS THE LIMIT|6113 BROAD ST|15206,6113 BROAD ST,b0ab4cd337,True,False,PITTSBURGH,data.pa.gov,42003111500,True,True,6113 BROAD STREET|15206,address,,3,0,2018-02-22,2022-05-15,True,True
ALLEGHENY,FAMILY DOLLAR STORES OF PA LLC,FAMILY DOLLAR #23675,15221-2113,USA,02**3984,Cigarette/OTP Retail,2027-02-28,7627 PENN AVE,WILKINSBURG,PA,-79.89378,40.44691,FAMILY DOLLAR #23675,7627 PENN AVE,15221,7627 PENN AVE|15221,FAMILY DOLLAR #23675|7627 PENN AVE|15221,7627 PENN AVE,4173dbcfe1,True,False,WILKINSBURG,data.pa.gov,42003140500,True,False,,,,0,0,,,False,True
ALLEGHENY,EVENT NETWORK LLC,EVENT NETWORK #5016,15219-1162,USA,02**3755,Cigarette/OTP Retail,2027-02-28,300 W STATION SQUARE DR,PITTSBURGH,PA,-80.0064,40.43443,EVENT NETWORK #5016,300 W STATION SQUARE DR,15219,300 W STATION SQUARE DR|15219,EVENT NETWORK #5016|300 W STATION SQUARE DR|15219,300 W STATION SQ DR,131b0100e9,True,False,PITTSBURGH,data.pa.gov,42003980700,True,True,,,,0,0,,,False,True
ALLEGHENY,DHALIWAL BROS LLC,DHALIWAL BROS LLC,15222-3786,USA,02**1064,Cigarette/OTP Retail,2027-02-28,808 LIBERTY AVE,PITTSBURGH,PA,-79.99886,40.44272,DHALIWAL BROS LLC,808 LIBERTY AVE,15222,808 LIBERTY AVE|15222,DHALIWAL BROS LLC|808 LIBERTY AVE|15222,808 LIBERTY AVE,0a44ad48f1,True,False,PITTSBURGH,data.pa.gov,42003020100,True,True,,,,0,0,,,False,True
ALLEGHENY,GIANT EAGLE INC,GIANT EAGLE #91,15212,USA,02**2921,Cigarette Retail,2027-02-28,318-320 CEDAR AVE # 91,PITTSBURGH,PA,-80.0001,40.45161,GIANT EAGLE #91,318-320 CEDAR AVE # 91,15212,318-320 CEDAR AVE # 91|15212,GIANT EAGLE #91|318-320 CEDAR AVE # 91|15212,318-320 CEDAR AVE 91,7f8ea7dc83,True,False,PITTSBURGH,data.pa.gov,42003563202,True,True,,,,0,0,,,False,True
ALLEGHENY,PITTSBURGH BURN LLC,PITTSBURGH BURN LLC,15212-5870,USA,02**2958,Cigarette/OTP Retail,2027-02-28,346 N SHORE DR,PITTSBURGH,PA,-80.01163,40.44587,PITTSBURGH BURN LLC,346 N SHORE DR,15212,346 N SHORE DR|15212,PITTSBURGH BURN LLC|346 N SHORE DR|15212,346 N SHORE DR,da49b9e02d,True,False,PITTSBURGH,data.pa.gov,42003981200,True,True,,,,0,0,,,False,True
ALLEGHENY,OKOYE CLEMENT M,DOLLAR EAGLE DISCOUNTS,15216-3336,USA,02**3546,OTP Retail,2027-02-28,1552 BEECHVIEW AVE,PITTSBURGH,PA,-80.02474,40.41082,DOLLAR EAGLE DISCOUNTS,1552 BEECHVIEW AVE,15216,1552 BEECHVIEW AVE|15216,DOLLAR EAGLE DISCOUNTS|1552 BEECHVIEW AVE|15216,1552 BEECHVIEW AVE,d901d0344a,True,False,PITTSBURGH,data.pa.gov,42003191600,True,True,,,,0,0,,,False,True
ALLEGHENY,BEER LOVER CITY LLC,BEER LOVER CITY LLC,15203-2101,USA,02**6296,Cigarette/OTP Retail,2027-02-28,2504 E CARSON ST,PITTSBURGH,PA,-79.9695,40.42776,BEER LOVER CITY LLC,2504 E CARSON ST,15203,2504 E CARSON ST|15203,BEER LOVER CITY LLC|2504 E CARSON ST|15203,2504 E CARSON ST,0fe6c4322e,True,False,PITTSBURGH,data.pa.gov,42003160900,True,True,,,,0,0,,,False,True
ALLEGHENY,SHREE VIJAYALAXMI INC,SHREE VIJAYALAXMI INC,15211-1631,USA,02**8547,OTP Retail,2027-02-28,1 VIRGINIA AVE,PITTSBURGH,PA,-80.0069,40.42923,SHREE VIJAYALAXMI INC,1 VIRGINIA AVE,15211,1 VIRGINIA AVE|15211,SHREE VIJAYALAXMI INC|1 VIRGINIA AVE|15211,1 VIRGINIA AVE,1cde8330ec,True,False,PITTSBURGH,data.pa.gov,42003191400,True,True,1 VIRGINIA AVE|15211,address,,3,0,2012-06-11,2018-09-20,True,True
ALLEGHENY,BD FRANKSTOWN INC,BD FRANKSTOWN INC,15224-1304,USA,02**4105,Cigarette/OTP Retail,2027-02-28,4010 PENN AVE,PITTSBURGH,PA,-79.95753,40.46524,BD FRANKSTOWN INC,4010 PENN AVE,15224,4010 PENN AVE|15224,BD FRANKSTOWN INC|4010 PENN AVE|15224,4010 PENN AVE,4bf96eafe6,True,False,PITTSBURGH,data.pa.gov,42003090300,True,True,,,,0,0,,,False,True
ALLEGHENY,DAILY MART CONVENIENCE STORE INC,DAILY MART CONVENIENCE STORE INC,15203-1410,USA,02**0148,Cigarette/OTP Retail,2027-02-28,1125 ARLINGTON AVE,PITTSBURGH,PA,-79.99174,40.42226,DAILY MART CONVENIENCE STORE INC,1125 ARLINGTON AVE,15203,1125 ARLINGTON AVE|15203,DAILY MART CONVENIENCE STORE INC|1125 ARLINGTON AVE|15203,1125 ARLINGTON AVE,34460f45e8,True,False,PITTSBURGH,data.pa.gov,42003180300,True,True,1125ARLINGTON AVE|15203,proximity,19.65225616821946,1,0,2018-07-01,2018-07-01,True,True
ALLEGHENY,HAZELWOOD MARKET OF PITTSBURGH INC,HAZELWOOD MARKET OF PITTSBURGH,15207-1624,USA,02**5436,Cigarette/OTP Retail,2027-02-28,5009 2ND AVE,PITTSBURGH,PA,-79.94358,40.40821,HAZELWOOD MARKET OF PITTSBURGH,5009 2ND AVE,15207,5009 2ND AVE|15207,HAZELWOOD MARKET OF PITTSBURGH|5009 2ND AVE|15207,5009 2ND AVE,b3668586d4,True,False,PITTSBURGH,data.pa.gov,42003562300,True,True,5009 2ND AVE|15207,address,,1,0,2023-10-02,2023-10-02,True,True
ALLEGHENY,MERCY MARKET LLC,MERCY MARKET LLC,15214-3918,USA,02**8212,Cigarette/OTP Retail,2027-02-28,6 MERCY ST,PITTSBURGH,PA,-80.00853,40.4624,MERCY MARKET LLC,6 MERCY ST,15214,6 MERCY ST|15214,MERCY MARKET LLC|6 MERCY ST|15214,6 MERCY ST,3c7a0773ed,True,False,PITTSBURGH,data.pa.gov,42003250900,True,True,,,,0,0,,,False,True
ALLEGHENY,RICHIE MART LLC,2501 BRIGHTON ROAD,15212-2741,USA,02**0552,Cigarette/OTP Retail,2027-02-28,2501 BRIGHTON RD,PITTSBURGH,PA,-80.02499,40.46692,2501 BRIGHTON ROAD,2501 BRIGHTON RD,15212,2501 BRIGHTON RD|15212,2501 BRIGHTON ROAD|2501 BRIGHTON RD|15212,2501 BRIGHTON RD,a1cc4679ff,True,False,PITTSBURGH,data.pa.gov,42003261500,True,True,2501 BRIGHTON ROAD|15212,address,,2,0,2019-03-29,2023-04-30,True,True
ALLEGHENY,GIANT EAGLE INC,GIANT EAGLE #0097,15206-4342,USA,02**3706,Cigarette/OTP Retail,2027-02-28,6310 PENN AVE,PITTSBURGH,PA,-79.91921,40.45873,GIANT EAGLE #0097,6310 PENN AVE,15206,6310 PENN AVE|15206,GIANT EAGLE #0097|6310 PENN AVE|15206,6310 PENN AVE,51077382ee,True,False,PITTSBURGH,data.pa.gov,42003111500,True,True,,,,0,0,,,False,True
ALLEGHENY,LAXMI OIL CORPORATION,LAXMI OIL CORPORATION,15224-1423,USA,02**6928,Cigarette/OTP Retail,2027-02-28,4006 LIBERTY AVE,PITTSBURGH,PA,-79.95699,40.46288,LAXMI OIL CORPORATION,4006 LIBERTY AVE,15224,4006 LIBERTY AVE|15224,LAXMI OIL CORPORATION|4006 LIBERTY AVE|15224,4006 LIBERTY AVE,411a26608f,True,False,PITTSBURGH,data.pa.gov,42003090300,True,True,4006 LIBERTY AVENUE|15224 || 4006 LIBERTY AVE|15224,address,,4,1,2013-09-04,2019-03-22,True,True
ALLEGHENY,412 TOBACCO LLC,412 TOBACCO LLC,15210-3969,USA,02**3305,Cigarette/OTP Retail,2027-02-28,1812 BROWNSVILLE RD,PITTSBURGH,PA,-79.98777,40.39687,412 TOBACCO LLC,1812 BROWNSVILLE RD,15210,1812 BROWNSVILLE RD|15210,412 TOBACCO LLC|1812 BROWNSVILLE RD|15210,1812 BROWNSVILLE RD,b2126929f4,True,False,PITTSBURGH,data.pa.gov,42003290100,True,True,,,,0,0,,,False,True
ALLEGHENY,THE PITT MARKET ON FORBES INC,PITT MARKET ON FORBES INC,15213-3124,USA,02**3365,Cigarette/OTP Retail,2027-02-28,3347 FORBES AVE,PITTSBURGH,PA,-79.96161,40.43856,PITT MARKET ON FORBES INC,3347 FORBES AVE,15213,3347 FORBES AVE|15213,PITT MARKET ON FORBES INC|3347 FORBES AVE|15213,3347 FORBES AVE,0a842b47d2,True,False,PITTSBURGH,data.pa.gov,42003040900,True,True,,,,0,0,,,False,True
ALLEGHENY,YASH DISTRIBUTOR LLC,YASH DISTRIBUTOR LLC,15213-4131,USA,02**3125,Cigarette/OTP Retail,2027-02-28,402 SEMPLE ST,PITTSBURGH,PA,-79.95487,40.43703,YASH DISTRIBUTOR LLC,402 SEMPLE ST,15213,402 SEMPLE ST|15213,YASH DISTRIBUTOR LLC|402 SEMPLE ST|15213,402 SEMPLE ST,91f3991554,True,False,PITTSBURGH,data.pa.gov,42003040600,True,True,,,,0,0,,,False,True
ALLEGHENY,GIANT PENN LLC,GP #902,15206-1032,USA,02**2505,Cigarette/OTP Retail,2027-02-28,7338 BUTLER ST,PITTSBURGH,PA,-79.91987,40.4877,GP #902,7338 BUTLER ST,15206,7338 BUTLER ST|15206,GP #902|7338 BUTLER ST|15206,7338 BUTLER ST,e0f7fba5d6,True,False,PITTSBURGH,data.pa.gov,42003101400,True,True,,,,0,0,,,False,True
ALLEGHENY,BLOOM CIGAR CO INC,BLOOM CIGAR CO INC,15203-1131,USA,02**0084,Cigarette Retail,2027-02-28,54 S 12TH ST,PITTSBURGH,PA,-79.98642,40.42899,BLOOM CIGAR CO INC,54 S 12TH ST,15203,54 S 12TH ST|15203,BLOOM CIGAR CO INC|54 S 12TH ST|15203,54 S 12TH ST,74ca89ef11,True,False,PITTSBURGH,data.pa.gov,42003170200,True,True,54 SOUTH 12TH ST|15203,address,,1,0,2019-06-18,2019-06-18,True,True
ALLEGHENY,BELMONT AMUSEMENT COMPANY INC,YESTERDAYS,15207-1051,USA,02**7694,Cigarette Vending,2027-02-28,501 GREENFIELD AVE,PITTSBURGH,PA,-79.94231,40.42555,YESTERDAYS,501 GREENFIELD AVE,15207,501 GREENFIELD AVE|15207,YESTERDAYS|501 GREENFIELD AVE|15207,501 GREENFIELD AVE,5e3567dfbd,False,True,PITTSBURGH,data.pa.gov,42003151600,True,True,,,,0,0,,,False,False
ALLEGHENY,DOLGENCORP LLC,DOLLAR GENERAL STORE 21679,15212-3140,USA,02**1261,Cigarette/OTP Retail,2027-02-28,1930 SPRING GARDEN AVE,PITTSBURGH,PA,-79.98629,40.46961,DOLLAR GENERAL STORE 21679,1930 SPRING GARDEN AVE,15212,1930 SPRING GARDEN AVE|15212,DOLLAR GENERAL STORE 21679|1930 SPRING GARDEN AVE|15212,1930 SPRING GARDEN AVE,058a7b95da,True,False,PITTSBURGH,data.pa.gov,42003241300,True,True,1930 SPRING GARDEN AVE|15212,address,,2,0,2012-06-11,2024-03-27,True,True
ALLEGHENY,819 LIBERTY LLC,819 LIBERTY LLC,15222-3703,USA,02**3036,Cigarette/OTP Retail,2027-02-28,819 LIBERTY AVE,PITTSBURGH,PA,-79.99828,40.44286,819 LIBERTY LLC,819 LIBERTY AVE,15222,819 LIBERTY AVE|15222,819 LIBERTY LLC|819 LIBERTY AVE|15222,819 LIBERTY AVE,f65a12cda5,True,False,PITTSBURGH,data.pa.gov,42003020100,True,True,819 LIBERTY AVENUE|15222,address,,3,2,2022-07-12,2024-10-17,True,True
ALLEGHENY,VBD VENDING LLC,MARIOS SOUTHSIDE SALOON,15203-1702,USA,02**0016,OTP Vending,2027-02-28,1514 E CARSON ST,PITTSBURGH,PA,-79.98293,40.42886,MARIOS SOUTHSIDE SALOON,1514 E CARSON ST,15203,1514 E CARSON ST|15203,MARIOS SOUTHSIDE SALOON|1514 E CARSON ST|15203,1514 E CARSON ST,4225e835a3,False,True,PITTSBURGH,data.pa.gov,42003170200,True,True,,,,0,0,,,False,False
ALLEGHENY,SYED & SINGH LLC,HAZELWOOD FOOD MART,15207-1530,USA,02**4735,Cigarette/OTP Retail,2027-02-28,4563 IRVINE ST,PITTSBURGH,PA,-79.94625,40.41509,HAZELWOOD FOOD MART,4563 IRVINE ST,15207,4563 IRVINE ST|15207,HAZELWOOD FOOD MART|4563 IRVINE ST|15207,4563 IRVINE ST,e8074cef89,True,False,PITTSBURGH,data.pa.gov,42003562901,True,True,,,,0,0,,,False,True
ALLEGHENY,GOLDEN MOON HAIR & BEAUTY INC,GOLDEN MOON HAIR & BEAUTY,15233-1407,USA,02**4933,Cigarette/OTP Retail,2027-02-28,802 PENNSYLVANIA AVE,PITTSBURGH,PA,-80.01573,40.45624,GOLDEN MOON HAIR & BEAUTY,802 PENNSYLVANIA AVE,15233,802 PENNSYLVANIA AVE|15233,GOLDEN MOON HAIR & BEAUTY|802 PENNSYLVANIA AVE|15233,802 PENNSYLVANIA AVE,14e2f48881,True,False,PITTSBURGH,data.pa.gov,42003565200,True,True,802 PENNSYLVANIA AVE|15233,address,,4,0,2012-01-25,2019-01-16,True,True
ALLEGHENY,DOLGENCORP LLC,DOLLAR GENERAL # 15559,15213-1714,USA,02**8554,Cigarette/OTP Retail,2027-02-28,4725 CENTRE AVE,PITTSBURGH,PA,-79.94901,40.45316,DOLLAR GENERAL # 15559,4725 CENTRE AVE,15213,4725 CENTRE AVE|15213,DOLLAR GENERAL # 15559|4725 CENTRE AVE|15213,4725 CENTRE AVE,b76b4687f4,True,False,PITTSBURGH,data.pa.gov,42003080400,True,True,4725 CENTRE AVE|15213,address,,1,0,2012-11-14,2012-11-14,True,True
ALLEGHENY,BASHIR NUMAN,ONE STOP,15213-4305,USA,02**5622,Cigarette Retail,2027-02-28,3601 BLVD OF THE ALLIES,PITTSBURGH,PA,-79.95434,40.43455,ONE STOP,3601 BLVD OF THE ALLIES,15213,3601 BLVD OF THE ALLIES|15213,ONE STOP|3601 BLVD OF THE ALLIES|15213,3601 BLVD OF THE ALLIES,41cbccf648,True,False,PITTSBURGH,data.pa.gov,42003040900,True,True,,,,0,0,,,False,True
ALLEGHENY,S & S CANDY & CIGAR COMPANY INC,S & S CANDY & CIGAR CO INC,15203-1901,USA,02**0125,Cigarette Stamping Agent,2027-02-28,2025 E CARSON ST,PITTSBURGH,PA,-79.97651,40.42853,S & S CANDY & CIGAR CO INC,2025 E CARSON ST,15203,2025 E CARSON ST|15203,S & S CANDY & CIGAR CO INC|2025 E CARSON ST|15203,2025 E CARSON ST,4a3c50fa9a,False,True,PITTSBURGH,data.pa.gov,42003170200,True,True,2025 E CARSON ST|15203,address,,1,0,2018-08-31,2018-08-31,True,False
ALLEGHENY,BRIGHTON BEVERAGES LLC,BRIGHTON BEVERAGES LLC DBA BRIGHTON,15212-1670,USA,02**0378,Cigarette/OTP Retail,2027-02-28,3873 BRIGHTON RD,PITTSBURGH,PA,-80.0368,40.48655,BRIGHTON BEVERAGES LLC DBA BRIGHTON,3873 BRIGHTON RD,15212,3873 BRIGHTON RD|15212,BRIGHTON BEVERAGES LLC DBA BRIGHTON|3873 BRIGHTON RD|15212,3873 BRIGHTON RD,52d9b8a6d8,True,False,PITTSBURGH,data.pa.gov,42003270100,True,True,3873 BRIGHTON ROAD|15212 || 3891 BRIGHTON RD|15212,address,54.044653435206705,5,1,2015-04-01,2023-12-01,True,True
ALLEGHENY,ARSENAL BEER LLC,ARSENAL BEER,15201-3122,USA,02**3132,OTP Retail,2027-02-28,4104 BUTLER ST,PITTSBURGH,PA,-79.96116,40.46961,ARSENAL BEER,4104 BUTLER ST,15201,4104 BUTLER ST|15201,ARSENAL BEER|4104 BUTLER ST|15201,4104 BUTLER ST,6736fc1051,True,False,PITTSBURGH,data.pa.gov,42003090100,True,True,,,,0,0,,,False,True
ALLEGHENY,EXOTIC PUFF SMOKE SHOP INC,EXOTIC PUFF SMOKE SHOP INC,15222-2204,USA,02**0307,Cigarette/OTP Retail,2027-02-28,116 SMITHFIELD ST,PITTSBURGH,PA,-80.0003,40.43766,EXOTIC PUFF SMOKE SHOP INC,116 SMITHFIELD ST,15222,116 SMITHFIELD ST|15222,EXOTIC PUFF SMOKE SHOP INC|116 SMITHFIELD ST|15222,116 SMITHFIELD ST,a2c8408bd5,True,False,PITTSBURGH,data.pa.gov,42003020100,True,True,,,,0,0,,,False,True
ALLEGHENY,CARPENTIERI NOVELTIES - PA INC.,WILD SIDE SMOKE SHOP,15213-1556,USA,02**5199,Cigarette Retail,2027-02-28,4634 CENTRE AVE,PITTSBURGH,PA,-79.95068,40.45229,WILD SIDE SMOKE SHOP,4634 CENTRE AVE,15213,4634 CENTRE AVE|15213,WILD SIDE SMOKE SHOP|4634 CENTRE AVE|15213,4634 CENTRE AVE,a2b76cf8b1,True,False,PITTSBURGH,data.pa.gov,42003562000,True,True,,,,0,0,,,False,True
ALLEGHENY,LATHIA INVESTMENTS LLC,ELLIOTTS TOWN MARKET,15220-5616,USA,02**1651,Cigarette/OTP Retail,2027-02-28,928 CHARTIERS AVE,PITTSBURGH,PA,-80.04051,40.44385,ELLIOTTS TOWN MARKET,928 CHARTIERS AVE,15220,928 CHARTIERS AVE|15220,ELLIOTTS TOWN MARKET|928 CHARTIERS AVE|15220,928 CHARTIERS AVE,b29086fd94,True,False,PITTSBURGH,data.pa.gov,42003562600,True,True,928 CHARTIERS AVENUE|15220 || 928 CHARTIERS AVE|15220,address,,5,1,2012-05-03,2019-08-23,True,True
ALLEGHENY,FAMILY DOLLAR STORES OF PA LLC,FAMILY DOLLAR #25250,15203-1931,USA,02**4014,Cigarette/OTP Retail,2027-02-28,2020 WHARTON ST,PITTSBURGH,PA,-79.97679,40.43037,FAMILY DOLLAR #25250,2020 WHARTON ST,15203,2020 WHARTON ST|15203,FAMILY DOLLAR #25250|2020 WHARTON ST|15203,2020 WHARTON ST,3b780d1653,True,False,PITTSBURGH,data.pa.gov,42003170200,True,True,2020 WHARTON ST|15203,address,,2,0,2018-07-01,2022-05-31,True,True
ALLEGHENY,SGK VENDING LLC,CONTROVERSY,15219-1039,USA,02**2478,OTP Vending,2027-02-28,1635 W CARSON ST,PITTSBURGH,PA,-80.02338,40.44233,CONTROVERSY,1635 W CARSON ST,15219,1635 W CARSON ST|15219,CONTROVERSY|1635 W CARSON ST|15219,1635 W CARSON ST,2f18c45326,False,True,PITTSBURGH,data.pa.gov,42003980700,True,True,,,,0,0,,,False,False
ALLEGHENY,MOMBA PHARMACY SERVICES LLC,MOMBA PHARMACY SERVICES LLC,15212-3711,USA,02**2168,OTP Retail,2027-02-28,1435 SPRING GARDEN AVE,PITTSBURGH,PA,-79.98691,40.46269,MOMBA PHARMACY SERVICES LLC,1435 SPRING GARDEN AVE,15212,1435 SPRING GARDEN AVE|15212,MOMBA PHARMACY SERVICES LLC|1435 SPRING GARDEN AVE|15212,1435 SPRING GARDEN AVE,7f4ef8a566,True,False,PITTSBURGH,data.pa.gov,42003241300,True,True,,,,0,0,,,False,True
ALLEGHENY,UMSTOTT INC,7 ELEVEN STORE 36140B,15233-2023,USA,70**2051,Cigarette/OTP Retail,2027-02-28,1001 WESTERN AVE,PITTSBURGH,PA,-80.01934,40.45114,7 ELEVEN STORE 36140B,1001 WESTERN AVE,15233,1001 WESTERN AVE|15233,7 ELEVEN STORE 36140B|1001 WESTERN AVE|15233,1001 WESTERN AVE,c9a65ffc5a,True,False,PITTSBURGH,data.pa.gov,42003980600,True,True,1001 WESTERN AVE|15233 || 1001 WESTERN AVE E|15233,address,47.50129006923167,4,0,2012-01-25,2018-10-18,True,True
ALLEGHENY,GETGO OPERATING LLC,GETGO #3117,15203-1829,USA,02**1644,Cigarette/OTP Retail,2027-02-28,117 S 18TH ST,PITTSBURGH,PA,-79.98066,40.42756,GETGO #3117,117 S 18TH ST,15203,117 S 18TH ST|15203,GETGO #3117|117 S 18TH ST|15203,117 S 18TH ST,4acf20113b,True,False,PITTSBURGH,data.pa.gov,42003170200,True,True,117 SOUTH 18TH STREET|15203,address,,1,0,2018-07-01,2018-07-01,True,True
ALLEGHENY,FAMILY DOLLAR STORES OF PA LLC,FAMILY DOLLAR #32168,15210-4206,USA,02**7344,Cigarette Retail,2027-02-28,2116 BROWNSVILLE RD,PITTSBURGH,PA,-79.98658,40.39266,FAMILY DOLLAR #32168,2116 BROWNSVILLE RD,15210,2116 BROWNSVILLE RD|15210,FAMILY DOLLAR #32168|2116 BROWNSVILLE RD|15210,2116 BROWNSVILLE RD,7a802670b4,True,False,PITTSBURGH,data.pa.gov,42003290100,True,True,2116 BROWNSVILLE ROAD|15210,address,,2,0,2019-05-31,2024-04-03,True,True
ALLEGHENY,HANINIS MARKET AND SUBS LLC,HANINIS MARKET AND SUBS,15212-2365,USA,02**1046,OTP Retail,2027-02-28,3245 BRIGHTON RD,PITTSBURGH,PA,-80.03172,40.47642,HANINIS MARKET AND SUBS,3245 BRIGHTON RD,15212,3245 BRIGHTON RD|15212,HANINIS MARKET AND SUBS|3245 BRIGHTON RD|15212,3245 BRIGHTON RD,cc38031922,True,False,PITTSBURGH,data.pa.gov,42003271600,True,True,3245 BRIGHTON ROAD|15212,address,,6,0,2012-05-02,2024-12-15,True,True
ALLEGHENY,SADHI LLC,SADHI LLC,15212-1670,USA,02**6768,Cigarette/OTP Retail,2027-02-28,3889 BRIGHTON RD,PITTSBURGH,PA,-80.03711,40.48663,SADHI LLC,3889 BRIGHTON RD,15212,3889 BRIGHTON RD|15212,SADHI LLC|3889 BRIGHTON RD|15212,3889 BRIGHTON RD,f391fe54fa,True,False,PITTSBURGH,data.pa.gov,42003270100,True,True,,,,0,0,,,False,True
ALLEGHENY,SK & NK INC,SK & NK INC ABE'S MARKET,15219-4369,USA,02**8972,Cigarette Retail,2027-02-28,1860 CENTRE AVE,PITTSBURGH,PA,-79.98093,40.44253,SK & NK INC ABE'S MARKET,1860 CENTRE AVE,15219,1860 CENTRE AVE|15219,SK & NK INC ABE'S MARKET|1860 CENTRE AVE|15219,1860 CENTRE AVE,fb5850bb86,True,False,PITTSBURGH,data.pa.gov,42003030500,True,True,1860 CENTER AVE|15219,proximity,63.206483974095114,3,0,2011-09-08,2019-12-30,True,True
ALLEGHENY,MORNINGSIDE MINI MART INC,MORNINGSIDE MINI MART INC,15206-1130,USA,02**0622,Cigarette/OTP Retail,2027-02-28,1748 CHISLETT ST,PITTSBURGH,PA,-79.92591,40.48533,MORNINGSIDE MINI MART INC,1748 CHISLETT ST,15206,1748 CHISLETT ST|15206,MORNINGSIDE MINI MART INC|1748 CHISLETT ST|15206,1748 CHISLETT ST,184a9582d6,True,False,PITTSBURGH,data.pa.gov,42003101400,True,True,1748 CHISLETT STREET|15206,address,,5,1,2012-11-14,2023-09-27,True,True
ALLEGHENY,BIG DOG VENDING INC,NADINES,15222-4729,USA,02**7778,Cigarette Vending,2027-02-28,19 27TH ST,PITTSBURGH,PA,-79.97911,40.45767,NADINES,19 27TH ST,15222,19 27TH ST|15222,NADINES|19 27TH ST|15222,19 27TH ST,982684387a,False,True,PITTSBURGH,data.pa.gov,42003020300,True,True,,,,0,0,,,False,False
ALLEGHENY,CLOUD 9 SMOKES & VAPES LLC,STORE,15213-1515,USA,02**0271,Cigarette/OTP Retail,2027-02-28,214 N CRAIG ST,PITTSBURGH,PA,-79.95105,40.45031,STORE,214 N CRAIG ST,15213,214 N CRAIG ST|15213,STORE|214 N CRAIG ST|15213,214 N CRAIG ST,da6bbafcf8,True,False,PITTSBURGH,data.pa.gov,42003562000,True,True,214 NORTH CRAIG STREET|15213,address,,1,1,2024-03-21,2024-03-21,True,True
ALLEGHENY,KEYSTONE R & M LLC,GWC VAPE SHOP,15217-2104,USA,02**9972,OTP Retail,2027-02-28,2010 MURRAY AVE,PITTSBURGH,PA,-79.9229,40.43436,GWC VAPE SHOP,2010 MURRAY AVE,15217,2010 MURRAY AVE|15217,GWC VAPE SHOP|2010 MURRAY AVE|15217,2010 MURRAY AVE,3c0750017c,True,False,PITTSBURGH,data.pa.gov,42003141300,True,True,2010 MURRAY AVE|15217,address,,1,0,2019-05-14,2019-05-14,True,True
ALLEGHENY,GRINFELD LLC,HIGHLAND APLUS,15206-2523,USA,02**5101,Cigarette Retail,2027-02-28,514 N HIGHLAND AVE,PITTSBURGH,PA,-79.92253,40.46639,HIGHLAND APLUS,514 N HIGHLAND AVE,15206,514 N HIGHLAND AVE|15206,HIGHLAND APLUS|514 N HIGHLAND AVE|15206,514 N HIGHLAND AVE,4459a413be,True,False,PITTSBURGH,data.pa.gov,42003111300,True,True,514 N HIGHLAND AVE|15206,address,,4,0,2012-06-13,2022-05-03,True,True
ALLEGHENY,ARNISH INC,ARNISH INC,15213-2320,USA,02**1568,Cigarette/OTP Retail,2027-02-28,504 OAK HILL DR,PITTSBURGH,PA,-79.96993,40.44328,ARNISH INC,504 OAK HILL DR,15213,504 OAK HILL DR|15213,ARNISH INC|504 OAK HILL DR|15213,504 OAK HILL DR,93d09e4938,True,False,PITTSBURGH,data.pa.gov,42003051000,True,True,504 OAK HILL DR|15213,address,,2,0,2015-04-16,2016-12-30,True,True
ALLEGHENY,THE 1864 CLUB BY VILLAGIO LLC,THE 1864 CLUB BY VILLAGIO LLC,15233-1717,USA,02**2987,OTP Retail,2027-02-28,939 WESTERN AVE,PITTSBURGH,PA,-80.018,40.45168,THE 1864 CLUB BY VILLAGIO LLC,939 WESTERN AVE,15233,939 WESTERN AVE|15233,THE 1864 CLUB BY VILLAGIO LLC|939 WESTERN AVE|15233,939 WESTERN AVE,d0eacac54c,True,False,PITTSBURGH,data.pa.gov,42003562700,True,True,,,,0,0,,,False,True
ALLEGHENY,2176 WEBSTER LLC,JAY'S LOUNGE,15219-4259,USA,02**0610,Cigarette/OTP Retail,2027-02-28,2176 WEBSTER AVE,PITTSBURGH,PA,-79.97797,40.44727,JAY'S LOUNGE,2176 WEBSTER AVE,15219,2176 WEBSTER AVE|15219,JAY'S LOUNGE|2176 WEBSTER AVE|15219,2176 WEBSTER AVE,31b8ce7a65,True,False,PITTSBURGH,data.pa.gov,42003050100,True,True,,,,0,0,,,False,True
ALLEGHENY,QUALITY FOODS CORPORATION,KUHNS MARKETS,15212-2771,USA,02**3229,Cigarette/OTP Retail,2027-02-28,1130 HIGHWOOD ST,PITTSBURGH,PA,-80.02657,40.46827,KUHNS MARKETS,1130 HIGHWOOD ST,15212,1130 HIGHWOOD ST|15212,KUHNS MARKETS|1130 HIGHWOOD ST|15212,1130 HIGHWOOD ST,56956bb122,True,False,PITTSBURGH,data.pa.gov,42003271600,True,True,1130 HIGHWOOD STREET|15212 || 1130 HIGHWOOD ST|15212,address,,7,2,2012-08-28,2023-04-30,True,True
ALLEGHENY,AT VAPE AND WELLNESS 105 INC,AT VAPE AND WELLNESS 105 INC,15201-1420,USA,02**3040,Cigarette/OTP Retail,2027-02-28,3505 BUTLER ST,PITTSBURGH,PA,-79.96618,40.46414,AT VAPE AND WELLNESS 105 INC,3505 BUTLER ST,15201,3505 BUTLER ST|15201,AT VAPE AND WELLNESS 105 INC|3505 BUTLER ST|15201,3505 BUTLER ST,81a3386efa,True,False,PITTSBURGH,data.pa.gov,42003060300,True,True,,,,0,0,,,False,True
ALLEGHENY,MARKET ON LIBERTY INC,MARKET ON LIBERTY INC,15222-3737,USA,02**0929,Cigarette/OTP Retail,2027-02-28,905 LIBERTY AVE,PITTSBURGH,PA,-79.99771,40.44301,MARKET ON LIBERTY INC,905 LIBERTY AVE,15222,905 LIBERTY AVE|15222,MARKET ON LIBERTY INC|905 LIBERTY AVE|15222,905 LIBERTY AVE,ccd4568bd5,True,False,PITTSBURGH,data.pa.gov,42003020100,True,True,,,,0,0,,,False,True
ALLEGHENY,KRAM 786 LLC,KRAM 786 LLC,15227-2005,USA,02**8692,Cigarette/OTP Retail,2027-02-28,2625 BROWNSVILLE RD,PITTSBURGH,PA,-79.97824,40.38501,KRAM 786 LLC,2625 BROWNSVILLE RD,15227,2625 BROWNSVILLE RD|15227,KRAM 786 LLC|2625 BROWNSVILLE RD|15227,2625 BROWNSVILLE RD,2c15a04bf3,True,False,PITTSBURGH,data.pa.gov,42003290400,True,True,2625 BROWNSVILLE ROAD|15227,address,,7,1,2012-05-17,2023-04-26,True,True
ALLEGHENY,VBD VENDING LLC,CHEERLEADERS,15201-1416,USA,02**0013,OTP Vending,2027-02-28,3100 LIBERTY AVE,PITTSBURGH,PA,-79.97053,40.45892,CHEERLEADERS,3100 LIBERTY AVE,15201,3100 LIBERTY AVE|15201,CHEERLEADERS|3100 LIBERTY AVE|15201,3100 LIBERTY AVE,86ebf86486,False,True,PITTSBURGH,data.pa.gov,42003060500,True,True,,,,0,0,,,False,False
ALLEGHENY,ECLIPSE WHOLESALE INC,ECLIPSE WHOLESALE INC,15201-3205,USA,02**8509,OTP Wholesaler,2027-02-28,26 39TH ST,PITTSBURGH,PA,-79.96621,40.47082,ECLIPSE WHOLESALE INC,26 39TH ST,15201,26 39TH ST|15201,ECLIPSE WHOLESALE INC|26 39TH ST|15201,26 39TH ST,f610e6cb8e,False,True,PITTSBURGH,data.pa.gov,42003060300,True,True,,,,0,0,,,False,False
ALLEGHENY,TULSI OIL CORP,MCKEES ROCKS SUNOCO A PLUS,15204-1333,USA,02**8220,Cigarette/OTP Retail,2027-02-28,351 STANHOPE ST,PITTSBURGH,PA,-80.05631,40.46346,MCKEES ROCKS SUNOCO A PLUS,351 STANHOPE ST,15204,351 STANHOPE ST|15204,MCKEES ROCKS SUNOCO A PLUS|351 STANHOPE ST|15204,351 STANHOPE ST,016ad79102,True,False,PITTSBURGH,data.pa.gov,42003562500,True,True,351 STANEHOPE STREET|15204,proximity,28.98841350675119,1,0,2015-06-26,2015-06-26,True,True
ALLEGHENY,SAMS MARKET INC,SAMS MARKET,15206-2344,USA,02**4730,Cigarette Retail,2027-02-28,7356 STRANAHAN ST,PITTSBURGH,PA,-79.88999,40.46169,SAMS MARKET,7356 STRANAHAN ST,15206,7356 STRANAHAN ST|15206,SAMS MARKET|7356 STRANAHAN ST|15206,7356 STRANAHAN ST,f5f9cf0a97,True,False,PITTSBURGH,data.pa.gov,42003130700,True,True,7356 STRANAHAN STREET|15206 || 7356 STRANAHAN ST|15206,address,,2,0,2011-08-03,2024-05-06,True,True
ALLEGHENY,PATTON MICHAEL P,YMR CLUB,15212-4926,USA,02**5102,Cigarette Vending,2027-02-28,631 SUISMON ST,PITTSBURGH,PA,-79.99863,40.45557,YMR CLUB,631 SUISMON ST,15212,631 SUISMON ST|15212,YMR CLUB|631 SUISMON ST|15212,631 SUISMON ST,3eaa4cc87a,False,True,PITTSBURGH,data.pa.gov,42003563202,True,True,,,,0,0,,,False,False
ALLEGHENY,M & M BROTHERS UNITED INC,GO GO'S MARKET,15207-1691,USA,02**4806,Cigarette Retail,2027-02-28,5001 2ND AVE STE A,PITTSBURGH,PA,-79.94365,40.40844,GO GO'S MARKET,5001 2ND AVE STE A,15207,5001 2ND AVE STE A|15207,GO GO'S MARKET|5001 2ND AVE STE A|15207,5001 2ND AVE,73a03a9415,True,False,PITTSBURGH,data.pa.gov,42003562300,True,True,,,,0,0,,,False,True
ALLEGHENY,KESARI LLC,KESARI LLC,15210-1560,USA,02**4601,Cigarette/OTP Retail,2027-02-28,838 E WARRINGTON AVE,PITTSBURGH,PA,-79.99208,40.4218,KESARI LLC,838 E WARRINGTON AVE,15210,838 E WARRINGTON AVE|15210,KESARI LLC|838 E WARRINGTON AVE|15210,838 E WARRINGTON AVE,26d8fef087,True,False,PITTSBURGH,data.pa.gov,42003180300,True,True,838 E WARRINGTON AVE|15210 || 838 EAST WARRINGTON AVENUE|15210,address,,6,1,2011-11-16,2019-09-17,True,True
ALLEGHENY,HDSS LLC,HAPPY DRAGON MT WASHINGTON,15211-1623,USA,02**4553,Cigarette/OTP Retail,2027-02-28,207 SHILOH ST BLDG 1,PITTSBURGH,PA,-80.0074,40.43038,HAPPY DRAGON MT WASHINGTON,207 SHILOH ST BLDG 1,15211,207 SHILOH ST BLDG 1|15211,HAPPY DRAGON MT WASHINGTON|207 SHILOH ST BLDG 1|15211,207 SHILOH ST BLDG 1,c904a57850,True,False,PITTSBURGH,data.pa.gov,42003191400,True,True,,,,0,0,,,False,True
ALLEGHENY,GAJANAN ENTERPRISE LLC,SMOKE CONNECTION,15217-1602,USA,02**5364,OTP Retail,2027-02-28,5804 FORBES AVE,PITTSBURGH,PA,-79.92256,40.43806,SMOKE CONNECTION,5804 FORBES AVE,15217,5804 FORBES AVE|15217,SMOKE CONNECTION|5804 FORBES AVE|15217,5804 FORBES AVE,2b9b48a111,True,False,PITTSBURGH,data.pa.gov,42003140300,True,True,,,,0,0,,,False,True
ALLEGHENY,PATTON MICHAEL P,DUTCH CLUB,15220-5620,USA,02**5102,Cigarette Vending,2027-02-28,925 CHARTIERS AVE,PITTSBURGH,PA,-80.04037,40.44373,DUTCH CLUB,925 CHARTIERS AVE,15220,925 CHARTIERS AVE|15220,DUTCH CLUB|925 CHARTIERS AVE|15220,925 CHARTIERS AVE,41446119e7,False,True,PITTSBURGH,data.pa.gov,42003562600,True,True,,,,0,0,,,False,False
ALLEGHENY,VBD VENDING LLC,YESTERDAY'S BAR AND GRILL,15207-1051,USA,02**0569,OTP Vending,2027-02-28,501 GREENFIELD AVE,PITTSBURGH,PA,-79.94231,40.42555,YESTERDAY'S BAR AND GRILL,501 GREENFIELD AVE,15207,501 GREENFIELD AVE|15207,YESTERDAY'S BAR AND GRILL|501 GREENFIELD AVE|15207,501 GREENFIELD AVE,bc3c29d28f,False,True,PITTSBURGH,data.pa.gov,42003151600,True,True,,,,0,0,,,False,False
ALLEGHENY,J A S WEB INC,SHOP N GO ONE,15207-2409,USA,02**1241,Cigarette/OTP Retail,2027-02-28,6001 BUTTERMILK HOLLOW RD,PITTSBURGH,PA,-79.90737,40.3627,SHOP N GO ONE,6001 BUTTERMILK HOLLOW RD,15207,6001 BUTTERMILK HOLLOW RD|15207,SHOP N GO ONE|6001 BUTTERMILK HOLLOW RD|15207,6001 BUTTERMILK HOLLOW RD,38b6d8b596,True,False,PITTSBURGH,data.pa.gov,42003310200,True,True,6001 BUTTERMILK HOLLOW RD|15207,address,,1,0,2018-08-31,2018-08-31,True,True
ALLEGHENY,HOMIES SMOKE PLUS INC,HOMIES SMOKE PLUS INC,15206-2712,USA,02**6655,Cigarette/OTP Retail,2027-02-28,1006 LINCOLN AVE,PITTSBURGH,PA,-79.90159,40.46401,HOMIES SMOKE PLUS INC,1006 LINCOLN AVE,15206,1006 LINCOLN AVE|15206,HOMIES SMOKE PLUS INC|1006 LINCOLN AVE|15206,1006 LINCOLN AVE,c439e5f780,True,False,PITTSBURGH,data.pa.gov,42003120300,True,True,,,,0,0,,,False,True
ALLEGHENY,BELMONT AMUSEMENT COMPANY INC,GOOSKIS,15219-6748,USA,02**7694,Cigarette Vending,2027-02-28,3117 BRERETON ST,PITTSBURGH,PA,-79.96643,40.4567,GOOSKIS,3117 BRERETON ST,15219,3117 BRERETON ST|15219,GOOSKIS|3117 BRERETON ST|15219,3117 BRERETON ST,3fc515ab26,False,True,PITTSBURGH,data.pa.gov,42003060500,True,True,3117 BRERETON STREET|15219,address,,1,0,2011-10-24,2011-10-24,True,False
ALLEGHENY,MAHAVIR ENTERPRISE INC,MAHAVIR ENTERPRISE INC,15226-2101,USA,02**9573,Cigarette/OTP Retail,2027-02-28,721 BROOKLINE BLVD,PITTSBURGH,PA,-80.02095,40.39446,MAHAVIR ENTERPRISE INC,721 BROOKLINE BLVD,15226,721 BROOKLINE BLVD|15226,MAHAVIR ENTERPRISE INC|721 BROOKLINE BLVD|15226,721 BROOKLINE BLVD,20f2c7b46e,True,False,PITTSBURGH,data.pa.gov,42003191900,True,True,721 BROOKLINE BLVD|15226,address,,5,0,2011-07-29,2021-10-05,True,True
ALLEGHENY,WATER STREET ASSOCIATES LLC,BUDDYS BREWS ON CARSON,15203-1964,USA,02**4351,Cigarette/OTP Retail,2027-02-28,2112 E CARSON ST STE A,PITTSBURGH,PA,-79.97561,40.42848,BUDDYS BREWS ON CARSON,2112 E CARSON ST STE A,15203,2112 E CARSON ST STE A|15203,BUDDYS BREWS ON CARSON|2112 E CARSON ST STE A|15203,2112 E CARSON ST,122af35b54,True,False,PITTSBURGH,data.pa.gov,42003160900,True,True,,,,0,0,,,False,True
ALLEGHENY,SMOKING STARZ INC,SMOKING STARZ,15222-1722,USA,02**0941,Cigarette/OTP Retail,2027-02-28,433 MARKET ST,PITTSBURGH,PA,-80.00229,40.44108,SMOKING STARZ,433 MARKET ST,15222,433 MARKET ST|15222,SMOKING STARZ|433 MARKET ST|15222,433 MARKET ST,47824448f0,True,False,PITTSBURGH,data.pa.gov,42003020100,True,True,,,,0,0,,,False,True
ALLEGHENY,LATHIA INVESTMENTS LLC,BOMBAY FOOD MARKET,15213-1503,USA,02**3080,Cigarette/OTP Retail,2027-02-28,4605 CENTRE AVE,PITTSBURGH,PA,-79.95171,40.45198,BOMBAY FOOD MARKET,4605 CENTRE AVE,15213,4605 CENTRE AVE|15213,BOMBAY FOOD MARKET|4605 CENTRE AVE|15213,4605 CENTRE AVE,fc583edd5e,True,False,PITTSBURGH,data.pa.gov,42003562000,True,True,,,,0,0,,,False,True
ALLEGHENY,VBD VENDING LLC,FINN MCCOOL'S OAKLAND,15213-4162,USA,02**1592,OTP Vending,2027-02-28,418 SEMPLE ST,PITTSBURGH,PA,-79.95442,40.43665,FINN MCCOOL'S OAKLAND,418 SEMPLE ST,15213,418 SEMPLE ST|15213,FINN MCCOOL'S OAKLAND|418 SEMPLE ST|15213,418 SEMPLE ST,91baeffe8c,False,True,PITTSBURGH,data.pa.gov,42003040600,True,True,,,,0,0,,,False,False
ALLEGHENY,GGW SOUTH SIDE LIMITED,GLASS GALLERY & WELLNESS,15203-1586,USA,02**2537,OTP Retail,2027-02-28,1409 E CARSON ST,PITTSBURGH,PA,-79.98373,40.42885,GLASS GALLERY & WELLNESS,1409 E CARSON ST,15203,1409 E CARSON ST|15203,GLASS GALLERY & WELLNESS|1409 E CARSON ST|15203,1409 E CARSON ST,300ab2814d,True,False,PITTSBURGH,data.pa.gov,42003170200,True,True,,,,0,0,,,False,True
ALLEGHENY,HUSHAMI & PATEL LLC,HUSHAMI & PATEL LLC,15224-1609,USA,02**0562,Cigarette/OTP Retail,2027-02-28,4900 PENN AVE,PITTSBURGH,PA,-79.94482,40.46527,HUSHAMI & PATEL LLC,4900 PENN AVE,15224,4900 PENN AVE|15224,HUSHAMI & PATEL LLC|4900 PENN AVE|15224,4900 PENN AVE,04d23544ec,True,False,PITTSBURGH,data.pa.gov,42003101900,True,True,4900 PENN AVENUE|15224 || 4900 PENN AVE|15224,address,,6,1,2013-09-04,2021-09-22,True,True
ALLEGHENY,HARTMAN MUSIC INC,TAGS,15210-2133,USA,02**7708,Cigarette Vending,2027-02-28,1 AMANDA AVE,PITTSBURGH,PA,-79.98823,40.41842,TAGS,1 AMANDA AVE,15210,1 AMANDA AVE|15210,TAGS|1 AMANDA AVE|15210,1 AMANDA AVE,67d04f213f,False,True,PITTSBURGH,data.pa.gov,42003300100,True,True,,,,0,0,,,False,False
ALLEGHENY,K&T FISH AND CHICKEN INC,K & T FISH AND CHICKEN INC,15213-1500,USA,02**8140,Cigarette Retail,2027-02-28,4521 CENTRE AVE,PITTSBURGH,PA,-79.95245,40.45176,K & T FISH AND CHICKEN INC,4521 CENTRE AVE,15213,4521 CENTRE AVE|15213,K & T FISH AND CHICKEN INC|4521 CENTRE AVE|15213,4521 CENTRE AVE,6df6a4ba0c,True,False,PITTSBURGH,data.pa.gov,42003562000,True,True,,,,0,0,,,False,True
ALLEGHENY,YMT FOODS INC.,7-ELEVEN STORE #40243A,15212-5506,USA,02**1999,Cigarette/OTP Retail,2027-02-28,310 CEDAR AVE,PITTSBURGH,PA,-80.00081,40.45117,7-ELEVEN STORE #40243A,310 CEDAR AVE,15212,310 CEDAR AVE|15212,7-ELEVEN STORE #40243A|310 CEDAR AVE|15212,310 CEDAR AVE,3b54bbe53e,True,False,PITTSBURGH,data.pa.gov,42003563202,True,True,310 CEDAR AVE|15212,address,,5,0,2012-12-04,2023-05-12,True,True
ALLEGHENY,SUPER BEER WORLD LLC,SUPER BEER WORLD LLC,15205-3933,USA,02**8908,OTP Retail,2027-02-28,2121 NOBLESTOWN RD STE 222,PITTSBURGH,PA,-80.05229,40.42947,SUPER BEER WORLD LLC,2121 NOBLESTOWN RD STE 222,15205,2121 NOBLESTOWN RD STE 222|15205,SUPER BEER WORLD LLC|2121 NOBLESTOWN RD STE 222|15205,2121 NOBLESTOWN RD,8654e97704,True,False,PITTSBURGH,data.pa.gov,42003563100,True,True,2121 NOBLESTOWN ROAD|15205,address,,2,0,2018-05-08,2019-09-17,True,True
ALLEGHENY,GREENFIELD TOBACCO SHOP LLC,GREENFIELD TOBACCO SHOP LLC,15217-2903,USA,02**5926,Cigarette/OTP Retail,2027-02-28,4205 MURRAY AVE,PITTSBURGH,PA,-79.92873,40.42296,GREENFIELD TOBACCO SHOP LLC,4205 MURRAY AVE,15217,4205 MURRAY AVE|15217,GREENFIELD TOBACCO SHOP LLC|4205 MURRAY AVE|15217,4205 MURRAY AVE,fe32d00e25,True,False,PITTSBURGH,data.pa.gov,42003151700,True,True,4209 MURRAY AVE|15217,proximity,12.801256039001185,6,1,2012-11-14,2025-06-16,True,True
ALLEGHENY,FAMILY DOLLAR STORES OF PA LLC,FAMILY DOLLAR #27199,15219-4307,USA,02**4079,Cigarette/OTP Retail,2027-02-28,1917 CENTRE AVE,PITTSBURGH,PA,-79.98045,40.44355,FAMILY DOLLAR #27199,1917 CENTRE AVE,15219,1917 CENTRE AVE|15219,FAMILY DOLLAR #27199|1917 CENTRE AVE|15219,1917 CENTRE AVE,89d9b9b81c,True,False,PITTSBURGH,data.pa.gov,42003030500,True,True,1917 CENTRE AVENUE|15219 || 1917 CENTRE AVE|15219,address,,2,1,2019-08-28,2026-05-28,True,True
ALLEGHENY,SAAD UNITED CORPORATION,SAAD UNITED INC,15212-4759,USA,02**2218,Cigarette/OTP Retail,2027-02-28,1318 FEDERAL ST,PITTSBURGH,PA,-80.00721,40.45721,SAAD UNITED INC,1318 FEDERAL ST,15212,1318 FEDERAL ST|15212,SAAD UNITED INC|1318 FEDERAL ST|15212,1318 FEDERAL ST,773f744880,True,False,PITTSBURGH,data.pa.gov,42003565100,True,True,,,,0,0,,,False,True
ALLEGHENY,BEER BUDDY LLC,BEER BUDDY LLC,15222-2409,USA,02**2666,Cigarette/OTP Retail,2027-02-28,355 5TH AVE,PITTSBURGH,PA,-79.99896,40.44019,BEER BUDDY LLC,355 5TH AVE,15222,355 5TH AVE|15222,BEER BUDDY LLC|355 5TH AVE|15222,355 5TH AVE,0a086baa89,True,False,PITTSBURGH,data.pa.gov,42003020100,True,True,,,,0,0,,,False,True
ALLEGHENY,GIANT EAGLE INC,GIANT EAGLE INC,15212,USA,02**2612,OTP Retail,2027-02-28,318-320 CEDAR AVE,PITTSBURGH,PA,-80.0001,40.45161,GIANT EAGLE INC,318-320 CEDAR AVE,15212,318-320 CEDAR AVE|15212,GIANT EAGLE INC|318-320 CEDAR AVE|15212,318-320 CEDAR AVE,665ac3dedc,True,False,PITTSBURGH,data.pa.gov,42003563202,True,True,,,,0,0,,,False,True
ALLEGHENY,GETGO OPERATING LLC,GETGO #3038,15217-2301,USA,02**1617,Cigarette/OTP Retail,2027-02-28,5801 FORWARD AVE,PITTSBURGH,PA,-79.92317,40.42999,GETGO #3038,5801 FORWARD AVE,15217,5801 FORWARD AVE|15217,GETGO #3038|5801 FORWARD AVE|15217,5801 FORWARD AVE,0ee2b1a81e,True,False,PITTSBURGH,data.pa.gov,42003140800,True,True,5801 FORWARD AVENUE|15217 || 5801 FORWARD AVE|15217,address,,8,2,2011-08-03,2024-05-10,True,True
ALLEGHENY,VBD VENDING LLC,FINN MCCOOL'S OAKLAND,15213-4162,USA,02**1591,OTP Retail,2027-02-28,418 SEMPLE ST,PITTSBURGH,PA,-79.95442,40.43665,FINN MCCOOL'S OAKLAND,418 SEMPLE ST,15213,418 SEMPLE ST|15213,FINN MCCOOL'S OAKLAND|418 SEMPLE ST|15213,418 SEMPLE ST,e810bac3a0,True,False,PITTSBURGH,data.pa.gov,42003040600,True,True,,,,0,0,,,False,True
ALLEGHENY,VBD VENDING LLC,MCFADDENS,15212-5860,USA,02**0012,OTP Vending,2027-02-28,211 N SHORE DR,PITTSBURGH,PA,-80.00763,40.4466,MCFADDENS,211 N SHORE DR,15212,211 N SHORE DR|15212,MCFADDENS|211 N SHORE DR|15212,211 N SHORE DR,d976c4c2e4,False,True,PITTSBURGH,data.pa.gov,42003981200,True,True,,,,0,0,,,False,False
ALLEGHENY,SANNINE INC,DONUT CONNECTION,15210-4504,USA,02**7653,Cigarette/OTP Retail,2027-02-28,2414 BROWNSVILLE RD,PITTSBURGH,PA,-79.98229,40.38686,DONUT CONNECTION,2414 BROWNSVILLE RD,15210,2414 BROWNSVILLE RD|15210,DONUT CONNECTION|2414 BROWNSVILLE RD|15210,2414 BROWNSVILLE RD,037e34ef6f,True,False,PITTSBURGH,data.pa.gov,42003290400,True,True,2414 BROWNSVILLE ROAD|15210,address,,6,1,2011-07-29,2019-10-08,True,True
ALLEGHENY,DOLGENCORP LLC,DOLLAR GENERAL #19008,15233-1601,USA,02**4751,Cigarette Retail,2027-02-28,1215 BRIGHTON RD # 19008,PITTSBURGH,PA,-80.01531,40.45513,DOLLAR GENERAL #19008,1215 BRIGHTON RD # 19008,15233,1215 BRIGHTON RD # 19008|15233,DOLLAR GENERAL #19008|1215 BRIGHTON RD # 19008|15233,1215 BRIGHTON RD 19008,7a7279d343,True,False,PITTSBURGH,data.pa.gov,42003565100,True,True,,,,0,0,,,False,True
ALLEGHENY,SPEEDWAY LLC,SPEEDWAY 2902,15217-2951,USA,02**6792,Cigarette/OTP Retail,2027-02-28,4420 BROWNS HILL RD,PITTSBURGH,PA,-79.9274,40.4194,SPEEDWAY 2902,4420 BROWNS HILL RD,15217,4420 BROWNS HILL RD|15217,SPEEDWAY 2902|4420 BROWNS HILL RD|15217,4420 BROWNS HILL RD,145c98a000,True,False,PITTSBURGH,data.pa.gov,42003151700,True,True,4420 BROWNS HILL ROAD|15217,address,,5,0,2011-08-03,2025-06-11,True,True
ALLEGHENY,3 EXPRESS LLC,K STOP CONVENIENCE,15212-2609,USA,02**0748,Cigarette/OTP Retail,2027-02-28,2903 BRIGHTON RD,PITTSBURGH,PA,-80.02716,40.47163,K STOP CONVENIENCE,2903 BRIGHTON RD,15212,2903 BRIGHTON RD|15212,K STOP CONVENIENCE|2903 BRIGHTON RD|15212,2903 BRIGHTON RD,4c4169ffde,True,False,PITTSBURGH,data.pa.gov,42003271600,True,True,2903 BRIGHTON RD|15212 || 2903 BRIGHTON ROAD|15212,address,,7,2,2012-03-13,2024-09-12,True,True
ALLEGHENY,DUQUESNE CLUB,DUQUESNE CLUB,15222-2519,USA,02**9286,Cigarette Retail,2027-02-28,325 6TH AVE,PITTSBURGH,PA,-79.99868,40.44181,DUQUESNE CLUB,325 6TH AVE,15222,325 6TH AVE|15222,DUQUESNE CLUB|325 6TH AVE|15222,325 6TH AVE,6d813611a0,True,False,PITTSBURGH,data.pa.gov,42003020100,True,True,,,,0,0,,,False,True
ALLEGHENY,WHITE NILE MINI MART INC,WHITE NILE MINI MARKET,15219-4266,USA,02**2507,Cigarette/OTP Retail,2027-02-28,2222 WEBSTER AVE,PITTSBURGH,PA,-79.97705,40.44766,WHITE NILE MINI MARKET,2222 WEBSTER AVE,15219,2222 WEBSTER AVE|15219,WHITE NILE MINI MARKET|2222 WEBSTER AVE|15219,2222 WEBSTER AVE,2bcdfcf786,True,False,PITTSBURGH,data.pa.gov,42003050100,True,True,2222 WEBSTER AVE|15219,address,,1,0,2011-09-08,2011-09-08,True,True
ALLEGHENY,S R CONVENIENCE STORES LLC,S R CONVENIENCE STORES LLC,15232-1741,USA,02**3511,Cigarette Retail,2027-02-28,5724 ELLSWORTH AVE,PITTSBURGH,PA,-79.93149,40.45515,S R CONVENIENCE STORES LLC,5724 ELLSWORTH AVE,15232,5724 ELLSWORTH AVE|15232,S R CONVENIENCE STORES LLC|5724 ELLSWORTH AVE|15232,5724 ELLSWORTH AVE,188115e37e,True,False,PITTSBURGH,data.pa.gov,42003070500,True,True,5724 ELLSWORTH AVENUE|15232 || 5724 ELLSWORTH AVE|15232,address,,4,1,2012-11-14,2019-05-09,True,True
ALLEGHENY,FRIDAYZZ UNITED INC,TOM FRIDAY MARKET,15212-1868,USA,02**4778,Cigarette/OTP Retail,2027-02-28,3639 CALIFORNIA AVE,PITTSBURGH,PA,-80.04145,40.48126,TOM FRIDAY MARKET,3639 CALIFORNIA AVE,15212,3639 CALIFORNIA AVE|15212,TOM FRIDAY MARKET|3639 CALIFORNIA AVE|15212,3639 CALIFORNIA AVE,64d85fddce,True,False,PITTSBURGH,data.pa.gov,42003270100,True,True,3639 CALIFORNIA AVE|15212,address,,3,0,2012-05-22,2016-04-11,True,True
ALLEGHENY,MEHER INC,MAHER INC,15217-1602,USA,02**4472,Cigarette/OTP Retail,2027-02-28,5880 1/2 FORBES AVE,PITTSBURGH,PA,-79.91977,40.43805,MAHER INC,5880 1/2 FORBES AVE,15217,5880 1/2 FORBES AVE|15217,MAHER INC|5880 1/2 FORBES AVE|15217,5880 1/2 FORBES AVE,3e69cc5879,True,False,PITTSBURGH,data.pa.gov,42003140300,True,True,5880 1/2 FORBES AVENUE|15217 || 5880 1/2 FORBES AVE|15217,address,,11,4,2011-08-03,2025-01-03,True,True
ALLEGHENY,JAY GANESH OIL CORPORATION INC,BROOKLINE SUNOCO,15226-2001,USA,02**4988,Cigarette/OTP Retail,2027-02-28,533 BROOKLINE BLVD,PITTSBURGH,PA,-80.02271,40.39573,BROOKLINE SUNOCO,533 BROOKLINE BLVD,15226,533 BROOKLINE BLVD|15226,BROOKLINE SUNOCO|533 BROOKLINE BLVD|15226,533 BROOKLINE BLVD,8e61ab27bb,True,False,PITTSBURGH,data.pa.gov,42003191900,True,True,533 BROOKLINE BLVD|15226 || 533 BROOKLINE BOULEVARD|15226,address,,4,2,2012-03-09,2024-12-02,True,True
ALLEGHENY,WAAD2 LLC,WAAD 2 LLC,15212-1640,USA,02**0652,Cigarette/OTP Retail,2027-02-28,1312 BENTON AVE,PITTSBURGH,PA,-80.03642,40.48432,WAAD 2 LLC,1312 BENTON AVE,15212,1312 BENTON AVE|15212,WAAD 2 LLC|1312 BENTON AVE|15212,1312 BENTON AVE,cf96bbb6b9,True,False,PITTSBURGH,data.pa.gov,42003270100,True,True,,,,0,0,,,False,True
ALLEGHENY,DEES CAFE 1314 1316 EAST CARASON STREET INC,DEES CAFE 314 1316 E CARSON ST INC,15203-1510,USA,02**0249,Cigarette Retail,2027-02-28,1314 E CARSON ST,PITTSBURGH,PA,-79.98464,40.42882,DEES CAFE 314 1316 E CARSON ST INC,1314 E CARSON ST,15203,1314 E CARSON ST|15203,DEES CAFE 314 1316 E CARSON ST INC|1314 E CARSON ST|15203,1314 E CARSON ST,d8662a142f,True,False,PITTSBURGH,data.pa.gov,42003170200,True,True,,,,0,0,,,False,True
ALLEGHENY,KDK UNITED INC,SMITHFIELD NEWS,15222-2203,USA,02**5141,OTP Retail,2027-02-28,115 SMITHFIELD ST,PITTSBURGH,PA,-80.00031,40.43764,SMITHFIELD NEWS,115 SMITHFIELD ST,15222,115 SMITHFIELD ST|15222,SMITHFIELD NEWS|115 SMITHFIELD ST|15222,115 SMITHFIELD ST,bc2ca661d0,True,False,PITTSBURGH,data.pa.gov,42003020100,True,True,115 SMITHFIELD ST|15222,address,,3,0,2011-07-06,2023-10-19,True,True
ALLEGHENY,PABLA BROS INC,PEOPLE'S GROCERY,15224-1616,USA,02**0938,Cigarette/OTP Retail,2027-02-28,5136 PENN AVE,PITTSBURGH,PA,-79.94128,40.46478,PEOPLE'S GROCERY,5136 PENN AVE,15224,5136 PENN AVE|15224,PEOPLE'S GROCERY|5136 PENN AVE|15224,5136 PENN AVE,b9c81cf95a,True,False,PITTSBURGH,data.pa.gov,42003101900,True,True,5136 PENN AVE|15224,address,,3,0,2015-06-18,2019-04-02,True,True
ALLEGHENY,BELMONT AMUSEMENT COMPANY INC,TAKE A BREAK,15201-1227,USA,02**7694,Cigarette Vending,2027-02-28,3825 PENN AVE,PITTSBURGH,PA,-79.96058,40.46473,TAKE A BREAK,3825 PENN AVE,15201,3825 PENN AVE|15201,TAKE A BREAK|3825 PENN AVE|15201,3825 PENN AVE,beb684ec65,False,True,PITTSBURGH,data.pa.gov,42003060300,True,True,,,,0,0,,,False,False
ALLEGHENY,SGK VENDING LLC,MEDUSA'S LAIR,15213-1835,USA,02**2477,Cigarette Vending,2027-02-28,280 MOREWOOD AVE,PITTSBURGH,PA,-79.94512,40.45459,MEDUSA'S LAIR,280 MOREWOOD AVE,15213,280 MOREWOOD AVE|15213,MEDUSA'S LAIR|280 MOREWOOD AVE|15213,280 MOREWOOD AVE,42e651173f,False,True,PITTSBURGH,data.pa.gov,42003080400,True,True,,,,0,0,,,False,False
ALLEGHENY,GETGO OPERATING LLC,GETGO #3064,15213-1309,USA,02**1632,Cigarette/OTP Retail,2027-02-28,4924 BAUM BLVD,PITTSBURGH,PA,-79.9453,40.45468,GETGO #3064,4924 BAUM BLVD,15213,4924 BAUM BLVD|15213,GETGO #3064|4924 BAUM BLVD|15213,4924 BAUM BLVD,0304e471df,True,False,PITTSBURGH,data.pa.gov,42003080400,True,True,4924 BAUM BLVD|15213,address,,3,0,2012-11-14,2016-12-30,True,True
ALLEGHENY,UKANI BROTHERS INC,BP GAS STATION,15216-2717,USA,02**5916,Cigarette Retail,2027-02-28,2900 BANKSVILLE RD UKANI BROTHERS INC,PITTSBURGH,PA,-80.04132,40.40307,BP GAS STATION,2900 BANKSVILLE RD UKANI BROTHERS INC,15216,2900 BANKSVILLE RD UKANI BROTHERS INC|15216,BP GAS STATION|2900 BANKSVILLE RD UKANI BROTHERS INC|15216,2900 BANKSVILLE RD UKANI BROTHERS INC,808091b81b,True,False,PITTSBURGH,data.pa.gov,42003202300,True,True,,,,0,0,,,False,True
ALLEGHENY,UTSAVS NEWS LLC,UTSAV S NEWS LLC,15219-1616,USA,02**1523,Cigarette/OTP Retail,2027-02-28,400 CHERRY WAY STE 3,PITTSBURGH,PA,-79.99848,40.43869,UTSAV S NEWS LLC,400 CHERRY WAY STE 3,15219,400 CHERRY WAY STE 3|15219,UTSAV S NEWS LLC|400 CHERRY WAY STE 3|15219,400 CHERRY WAY,69f05125cc,True,False,PITTSBURGH,data.pa.gov,42003020100,True,True,400 CHERRY WAY|15219,address,,3,1,2021-10-05,2024-11-01,True,True
ALLEGHENY,STREET MARKET INC,STREET MARKET INC,15233-1932,USA,02**3279,Cigarette/OTP Retail,2027-02-28,1018 W NORTH AVE,PITTSBURGH,PA,-80.02003,40.45313,STREET MARKET INC,1018 W NORTH AVE,15233,1018 W NORTH AVE|15233,STREET MARKET INC|1018 W NORTH AVE|15233,1018 W N AVE,2f1575c8b5,True,False,PITTSBURGH,data.pa.gov,42003565200,True,True,1018 W NORTH AVE|15233,address,,2,0,2012-01-25,2023-12-01,True,True
ALLEGHENY,BASHIR NUMAN,ONE STOP,15213-4305,USA,02**6129,OTP Retail,2027-02-28,3601 BLVD OF THE ALLIES,PITTSBURGH,PA,-79.95434,40.43455,ONE STOP,3601 BLVD OF THE ALLIES,15213,3601 BLVD OF THE ALLIES|15213,ONE STOP|3601 BLVD OF THE ALLIES|15213,3601 BLVD OF THE ALLIES,53e351c198,True,False,PITTSBURGH,data.pa.gov,42003040900,True,True,,,,0,0,,,False,True
ALLEGHENY,LE MY T,GROCERY KART,15206-3455,USA,02**5900,Cigarette Retail,2027-02-28,5482 PENN AVE,PITTSBURGH,PA,-79.9326,40.46415,GROCERY KART,5482 PENN AVE,15206,5482 PENN AVE|15206,GROCERY KART|5482 PENN AVE|15206,5482 PENN AVE,33f8c693f7,True,False,PITTSBURGH,data.pa.gov,42003080700,True,True,5482 PENN AVE|15206,address,,4,0,2012-06-13,2022-03-28,True,True
ALLEGHENY,BRIDGES AND BOTTLES ON SIXTH INC,BRIDGES AND BOTTLES ON SIXTH INC,15222-3308,USA,02**1305,Cigarette/OTP Retail,2027-02-28,137 6TH ST,PITTSBURGH,PA,-80.00236,40.44317,BRIDGES AND BOTTLES ON SIXTH INC,137 6TH ST,15222,137 6TH ST|15222,BRIDGES AND BOTTLES ON SIXTH INC|137 6TH ST|15222,137 6TH ST,9f4a7ff2f8,True,False,PITTSBURGH,data.pa.gov,42003020100,True,True,,,,0,0,,,False,True
ALLEGHENY,MJS CONVENIENCE STORE INC,MJS CONVENIENCE STORE INC,15220-4409,USA,02**0771,Cigarette/OTP Retail,2027-02-28,275 OAKVILLE DR,PITTSBURGH,PA,-80.03849,40.4187,MJS CONVENIENCE STORE INC,275 OAKVILLE DR,15220,275 OAKVILLE DR|15220,MJS CONVENIENCE STORE INC|275 OAKVILLE DR|15220,275 OAKVILLE DR,debdbaf26d,True,False,PITTSBURGH,data.pa.gov,42003202300,True,True,,,,0,0,,,False,True
ALLEGHENY,THREE R TOBACCO INC,THREE,15210-3649,USA,02**8658,Cigarette/OTP Retail,2027-02-28,1100 BROWNSVILLE RD,PITTSBURGH,PA,-79.99087,40.40489,THREE,1100 BROWNSVILLE RD,15210,1100 BROWNSVILLE RD|15210,THREE|1100 BROWNSVILLE RD|15210,1100 BROWNSVILLE RD,cd07ff1465,True,False,PITTSBURGH,data.pa.gov,42003290100,True,True,,,,0,0,,,False,True
ALLEGHENY,CENTRE AVE. MARKET,CENTRE AVE. MARKET,15219-6306,USA,02**2016,Cigarette/OTP Retail,2027-02-28,2228 CENTRE AVE,PITTSBURGH,PA,-79.97495,40.44524,CENTRE AVE. MARKET,2228 CENTRE AVE,15219,2228 CENTRE AVE|15219,CENTRE AVE. MARKET|2228 CENTRE AVE|15219,2228 CENTRE AVE,c54ca7b54f,True,False,PITTSBURGH,data.pa.gov,42003050100,True,True,,,,0,0,,,False,True
ALLEGHENY,MAX BEAUTY OF PITTSBURGH INC,MAX BEAUTY OF PITTSBURGH,15136-3812,USA,02**5187,Cigarette/OTP Retail,2027-02-28,142 CHARTIERS AVE,MC KEES ROCKS,PA,-80.05704,40.46365,MAX BEAUTY OF PITTSBURGH,142 CHARTIERS AVE,15136,142 CHARTIERS AVE|15136,MAX BEAUTY OF PITTSBURGH|142 CHARTIERS AVE|15136,142 CHARTIERS AVE,0753dca377,True,False,MC KEES ROCKS,data.pa.gov,42003562500,True,False,,,,0,0,,,False,True
ALLEGHENY,RED WOLF TRADING INC,RED WOLF TRADING INC,15219-6315,USA,02**6957,Cigarette/OTP Retail,2027-02-28,2168 CENTRE AVE,PITTSBURGH,PA,-79.9765,40.44532,RED WOLF TRADING INC,2168 CENTRE AVE,15219,2168 CENTRE AVE|15219,RED WOLF TRADING INC|2168 CENTRE AVE|15219,2168 CENTRE AVE,8896e009a0,True,False,PITTSBURGH,data.pa.gov,42003050100,True,True,,,,0,0,,,False,True
ALLEGHENY,BD FRANKSTOWN INC,BD FRANKSTOWN INC,15206-4112,USA,02**1867,Cigarette/OTP Retail,2027-02-28,6680 FRANKSTOWN AVE,PITTSBURGH,PA,-79.90852,40.45866,BD FRANKSTOWN INC,6680 FRANKSTOWN AVE,15206,6680 FRANKSTOWN AVE|15206,BD FRANKSTOWN INC|6680 FRANKSTOWN AVE|15206,6680 FRANKSTOWN AVE,efa48c4b2a,True,False,PITTSBURGH,data.pa.gov,42003120900,True,True,6680 FRANKSTOWN AVENUE|15206 || 6680 FRANKSTOWN AV|15206,address,6.62016602261289,6,1,2012-11-14,2023-08-08,True,True
ALLEGHENY,SWISHER INTERNATIONAL INC,SHANNON PLUE,15224-1680,USA,02**1451,OTP Itinerant,2027-02-28,237 S MATHILDA ST,PITTSBURGH,PA,-79.94664,40.46401,SHANNON PLUE,237 S MATHILDA ST,15224,237 S MATHILDA ST|15224,SHANNON PLUE|237 S MATHILDA ST|15224,237 S MATHILDA ST,6f3919f0d8,False,True,PITTSBURGH,data.pa.gov,42003080900,True,True,,,,0,0,,,False,False
ALLEGHENY,DAVES BP LLC,DAVE S BP LLC,15214-1342,USA,02**5629,Cigarette/OTP Retail,2027-02-28,4260 EVERGREEN RD,PITTSBURGH,PA,-80.00793,40.49587,DAVE S BP LLC,4260 EVERGREEN RD,15214,4260 EVERGREEN RD|15214,DAVE S BP LLC|4260 EVERGREEN RD|15214,4260 EVERGREEN RD,2c16edccfc,True,False,PITTSBURGH,data.pa.gov,42003261300,True,True,4260 EVERGREEN RD|15214 || 4260 EVERGREEN ROAD|15214,address,,5,1,2011-10-21,2018-04-10,True,True
ALLEGHENY,GETGO OPERATING LLC,GETGO #3003,15203-2132,USA,02**1605,Cigarette/OTP Retail,2027-02-28,3247 E CARSON ST,PITTSBURGH,PA,-79.96016,40.4231,GETGO #3003,3247 E CARSON ST,15203,3247 E CARSON ST|15203,GETGO #3003|3247 E CARSON ST|15203,3247 E CARSON ST,b39c7d161a,True,False,PITTSBURGH,data.pa.gov,42003160900,True,True,3247 EAST CARSON ST|15203,address,,1,0,2018-07-01,2018-07-01,True,True
ALLEGHENY,GOLDEN TRIANGLE DISTRIBUTORS INC.,GOLDEN TRIANGLE DISTRIBUTORS INC.,15221-1303,USA,02**9353,Cigarette/OTP Retail,2027-02-28,7901 BENNETT ST,PITTSBURGH,PA,-79.88528,40.45406,GOLDEN TRIANGLE DISTRIBUTORS INC.,7901 BENNETT ST,15221,7901 BENNETT ST|15221,GOLDEN TRIANGLE DISTRIBUTORS INC.|7901 BENNETT ST|15221,7901 BENNETT ST,591578e738,True,False,PITTSBURGH,data.pa.gov,42003130600,True,True,,,,0,0,,,False,True
ALLEGHENY,ARSENAL BEER LLC,ARSENAL BEER EMPORIUM,15201-3122,USA,02**3583,Cigarette Retail,2027-02-28,4104 BUTLER ST,PITTSBURGH,PA,-79.96116,40.46961,ARSENAL BEER EMPORIUM,4104 BUTLER ST,15201,4104 BUTLER ST|15201,ARSENAL BEER EMPORIUM|4104 BUTLER ST|15201,4104 BUTLER ST,dd0532428f,True,False,PITTSBURGH,data.pa.gov,42003090100,True,True,,,,0,0,,,False,True
ALLEGHENY,CARPENTIERI NOVELTIES - PA INC.,WILD SIDE SMOKE SHOP,15213-1556,USA,02**1934,OTP Retail,2027-02-28,4634 CENTRE AVE,PITTSBURGH,PA,-79.95068,40.45229,WILD SIDE SMOKE SHOP,4634 CENTRE AVE,15213,4634 CENTRE AVE|15213,WILD SIDE SMOKE SHOP|4634 CENTRE AVE|15213,4634 CENTRE AVE,016aeb87b2,True,False,PITTSBURGH,data.pa.gov,42003562000,True,True,,,,0,0,,,False,True
ALLEGHENY,M & M BROTHERS UNITED INC,GO GO'S MARKET,15207-1691,USA,02**4886,OTP Retail,2027-02-28,5001 2ND AVE STE A,PITTSBURGH,PA,-79.94365,40.40844,GO GO'S MARKET,5001 2ND AVE STE A,15207,5001 2ND AVE STE A|15207,GO GO'S MARKET|5001 2ND AVE STE A|15207,5001 2ND AVE,3cefc30762,True,False,PITTSBURGH,data.pa.gov,42003562300,True,True,,,,0,0,,,False,True
ALLEGHENY,OKOYE CLEMENT M,DOLLAR EAGLE DISCOUNTS,15216-3336,USA,02**3477,Cigarette Retail,2027-02-28,1552 BEECHVIEW AVE,PITTSBURGH,PA,-80.02474,40.41082,DOLLAR EAGLE DISCOUNTS,1552 BEECHVIEW AVE,15216,1552 BEECHVIEW AVE|15216,DOLLAR EAGLE DISCOUNTS|1552 BEECHVIEW AVE|15216,1552 BEECHVIEW AVE,6b23287d6c,True,False,PITTSBURGH,data.pa.gov,42003191600,True,True,,,,0,0,,,False,True
ALLEGHENY,SCHULERS SERVICE CENTER INC,SCHULERS SERVICE CENTER INC,15220-4813,USA,02**7200,OTP Retail,2027-02-28,293 CORLISS ST,PITTSBURGH,PA,-80.04482,40.45016,SCHULERS SERVICE CENTER INC,293 CORLISS ST,15220,293 CORLISS ST|15220,SCHULERS SERVICE CENTER INC|293 CORLISS ST|15220,293 CORLISS ST,5cbd447a66,True,False,PITTSBURGH,data.pa.gov,42003562600,True,True,293 CORLISS STREET|15220 || 293 CORLISS ST|15220,address,,5,1,2016-04-05,2024-09-22,True,True
ALLEGHENY,BELMONT AMUSEMENT COMPANY INC,JAMES STREET,15246,USA,02**7694,Cigarette Vending,2027-02-28,1224 JAMES STREET,PITTSBURGH,PA,-80.00178,40.45707,JAMES STREET,1224 JAMES STREET,15246,1224 JAMES STREET|15246,JAMES STREET|1224 JAMES STREET|15246,1224 JAMES ST,97128766d5,False,True,PITTSBURGH,data.pa.gov,42003563202,True,True,,,,0,0,,,False,False
ALLEGHENY,PATTON MICHAEL P,DALES BAR & GRILL,15217-2905,USA,02**5102,Cigarette Vending,2027-02-28,4377 MURRAY AVE,PITTSBURGH,PA,-79.92824,40.41981,DALES BAR & GRILL,4377 MURRAY AVE,15217,4377 MURRAY AVE|15217,DALES BAR & GRILL|4377 MURRAY AVE|15217,4377 MURRAY AVE,eb69a067cb,False,True,PITTSBURGH,data.pa.gov,42003151700,True,True,,,,0,0,,,False,False
ALLEGHENY,WALGREEN EASTERN CO INC,WALGREENS # 10345,15221-2114,USA,70**9090,Cigarette/OTP Retail,2027-02-28,7628 PENN AVE,PITTSBURGH,PA,-79.89431,40.44687,WALGREENS # 10345,7628 PENN AVE,15221,7628 PENN AVE|15221,WALGREENS # 10345|7628 PENN AVE|15221,7628 PENN AVE,0a4e5f4296,True,False,PITTSBURGH,data.pa.gov,42003140500,True,True,7628 PENN AVENUE|15221 || 7628 PENN AVE|15221,address,,5,1,2013-09-02,2024-01-14,True,True
ALLEGHENY,BELMONT AMUSEMENT COMPANY INC,BELMONT AMUSEMENT CO INC,15203-1225,USA,02**1331,Cigarette Wholesaler,2027-02-28,105 S 12TH ST,PITTSBURGH,PA,-79.98636,40.42734,BELMONT AMUSEMENT CO INC,105 S 12TH ST,15203,105 S 12TH ST|15203,BELMONT AMUSEMENT CO INC|105 S 12TH ST|15203,105 S 12TH ST,c54112d4cf,False,True,PITTSBURGH,data.pa.gov,42003170200,True,True,,,,0,0,,,False,False
ALLEGHENY,KHOKHAR NAEEM N,RN MARKET,15206,USA,02**6677,Cigarette/OTP Retail,2027-02-28,256S HIGHLAND AVENUE,PITTSBURGH,PA,-79.92517,40.45729,RN MARKET,256S HIGHLAND AVENUE,15206,256S HIGHLAND AVENUE|15206,RN MARKET|256S HIGHLAND AVENUE|15206,256S HIGHLAND AVE,38cf96bdfc,True,False,PITTSBURGH,data.pa.gov,42003070600,True,True,256S HIGHLAND AVE|15206 || 256 S HIGHLAND AVE|15206,address,9.42511475755248,4,0,2012-06-13,2022-03-09,True,True
ALLEGHENY,AGAMABAANI INC,AGAMABAANI,15226-1014,USA,02**4096,Cigarette/OTP Retail,2027-02-28,1347 W LIBERTY AVE,PITTSBURGH,PA,-80.0126,40.4111,AGAMABAANI,1347 W LIBERTY AVE,15226,1347 W LIBERTY AVE|15226,AGAMABAANI|1347 W LIBERTY AVE|15226,1347 W LIBERTY AVE,1fd7c9cd7c,True,False,PITTSBURGH,data.pa.gov,42003191700,True,True,,,,0,0,,,False,True
ALLEGHENY,PATTON MICHAEL P,LE MARDI GRAS,15232-4225,USA,02**5102,Cigarette Vending,2027-02-28,731 COPELAND ST,PITTSBURGH,PA,-79.93484,40.45121,LE MARDI GRAS,731 COPELAND ST,15232,731 COPELAND ST|15232,LE MARDI GRAS|731 COPELAND ST|15232,731 COPELAND ST,14b91772b0,False,True,PITTSBURGH,data.pa.gov,42003070300,True,True,,,,0,0,,,False,False
ALLEGHENY,BROOKLYN FOODMART CORPORATION,BROOKLYN FOODMART CORPORATION,15206-1221,USA,02**1692,Cigarette/OTP Retail,2027-02-28,1500 LINCOLN AVE,PITTSBURGH,PA,-79.89599,40.4688,BROOKLYN FOODMART CORPORATION,1500 LINCOLN AVE,15206,1500 LINCOLN AVE|15206,BROOKLYN FOODMART CORPORATION|1500 LINCOLN AVE|15206,1500 LINCOLN AVE,01c17aef4f,True,False,PITTSBURGH,data.pa.gov,42003561900,True,True,1500 LINCOLN AVENUE|15206,address,,3,2,2022-11-08,2024-04-18,True,True
ALLEGHENY,EDNA S MARKET & DELI,EDNAS MARKET & DELI,15214-2427,USA,02**9649,Cigarette Retail,2027-02-28,529 MOUNT PLEASANT RD,PITTSBURGH,PA,-80.00023,40.4778,EDNAS MARKET & DELI,529 MOUNT PLEASANT RD,15214,529 MOUNT PLEASANT RD|15214,EDNAS MARKET & DELI|529 MOUNT PLEASANT RD|15214,529 MOUNT PLEASANT RD,03fca54c0f,True,False,PITTSBURGH,data.pa.gov,42003261300,True,True,,,,0,0,,,False,True
ALLEGHENY,HOOKAH BOOKAH LLC,HOOKAH BOOKAH LLC,15203-5135,USA,02**5103,OTP Retail,2027-02-28,2506 E CARSON ST,PITTSBURGH,PA,-79.96941,40.42774,HOOKAH BOOKAH LLC,2506 E CARSON ST,15203,2506 E CARSON ST|15203,HOOKAH BOOKAH LLC|2506 E CARSON ST|15203,2506 E CARSON ST,b5f3e828b6,True,False,PITTSBURGH,data.pa.gov,42003160900,True,True,,,,0,0,,,False,True
ALLEGHENY,ELITE VAPORS LLC,ELITE VAPORS LLC,15203-2158,USA,02**5883,OTP Retail,2027-02-28,2724 E CARSON ST,PITTSBURGH,PA,-79.96621,40.42654,ELITE VAPORS LLC,2724 E CARSON ST,15203,2724 E CARSON ST|15203,ELITE VAPORS LLC|2724 E CARSON ST|15203,2724 E CARSON ST,94fbd9095b,True,False,PITTSBURGH,data.pa.gov,42003160900,True,True,,,,0,0,,,False,True
ALLEGHENY,MARSHALL WOOD WORKS LIMITED,MARSHALLS,15212-3633,USA,02**2289,Cigarette/OTP Retail,2027-02-28,1500 SPRING GARDEN AVE,PITTSBURGH,PA,-79.98592,40.46416,MARSHALLS,1500 SPRING GARDEN AVE,15212,1500 SPRING GARDEN AVE|15212,MARSHALLS|1500 SPRING GARDEN AVE|15212,1500 SPRING GARDEN AVE,fd0748c19a,True,False,PITTSBURGH,data.pa.gov,42003241300,True,True,1500 SPRING GARDEN AVE|15212,address,,1,0,2012-06-13,2012-06-13,True,True
ALLEGHENY,VBD VENDING LLC,YESTERDAY'S BAR AND GRILL,15207-1051,USA,02**0568,OTP Retail,2027-02-28,501 GREENFIELD AVE,PITTSBURGH,PA,-79.94231,40.42555,YESTERDAY'S BAR AND GRILL,501 GREENFIELD AVE,15207,501 GREENFIELD AVE|15207,YESTERDAY'S BAR AND GRILL|501 GREENFIELD AVE|15207,501 GREENFIELD AVE,c57e40bd16,True,False,PITTSBURGH,data.pa.gov,42003151600,True,True,,,,0,0,,,False,True
ALLEGHENY,GARFIELD MART LLC,GARFIELD MARKET,15206-2828,USA,02**1560,Cigarette/OTP Retail,2027-02-28,340 N AIKEN AVE,PITTSBURGH,PA,-79.93466,40.46765,GARFIELD MARKET,340 N AIKEN AVE,15206,340 N AIKEN AVE|15206,GARFIELD MARKET|340 N AIKEN AVE|15206,340 N AIKEN AVE,d0c3285988,True,False,PITTSBURGH,data.pa.gov,42003101900,True,True,340 N AIKEN AVE|15206 || 340 NORTH AIKEN AVENUE|15206,address,,6,1,2012-11-14,2023-09-28,True,True
ALLEGHENY,TOBACCO OUTLET INC,TOBACCO OUTLET INC,15224-1830,USA,02**7739,Cigarette Retail,2027-02-28,4501 LIBERTY AVE,PITTSBURGH,PA,-79.9517,40.46309,TOBACCO OUTLET INC,4501 LIBERTY AVE,15224,4501 LIBERTY AVE|15224,TOBACCO OUTLET INC|4501 LIBERTY AVE|15224,4501 LIBERTY AVE,a3b0a5e5f3,True,False,PITTSBURGH,data.pa.gov,42003090300,True,True,4501 LIBERTY AVENUE|15224 || 4501 LIBERTY AVE|15224,address,,6,2,2013-09-29,2019-04-10,True,True
ALLEGHENY,PITTS DOGGN IT LLC,PITTS DOGGN IT LLC,15213-4286,USA,02**3659,Cigarette/OTP Retail,2027-02-28,260 ATWOOD ST,PITTSBURGH,PA,-79.95603,40.4398,PITTS DOGGN IT LLC,260 ATWOOD ST,15213,260 ATWOOD ST|15213,PITTS DOGGN IT LLC|260 ATWOOD ST|15213,260 ATWOOD ST,6d7b02c615,True,False,PITTSBURGH,data.pa.gov,42003040500,True,True,,,,0,0,,,False,True
ALLEGHENY,BLUE SLIDE INC,BLUE SLIDE INC,15217-1817,USA,02**2672,Cigarette/OTP Retail,2027-02-28,2333 BEECHWOOD BLVD,PITTSBURGH,PA,-79.91487,40.43296,BLUE SLIDE INC,2333 BEECHWOOD BLVD,15217,2333 BEECHWOOD BLVD|15217,BLUE SLIDE INC|2333 BEECHWOOD BLVD|15217,2333 BEECHWOOD BLVD,01ff392be6,True,False,PITTSBURGH,data.pa.gov,42003140800,True,True,2333 BEECHWOOD BLVD|15217,address,,6,1,2011-08-03,2024-04-04,True,True
ALLEGHENY,NIKITUK JACOB W,HEIGHTS TAVERN,15205-3618,USA,02**5008,Cigarette Vending,2027-02-28,1400 CRAFTON BLVD,PITTSBURGH,PA,-80.05633,40.43772,HEIGHTS TAVERN,1400 CRAFTON BLVD,15205,1400 CRAFTON BLVD|15205,HEIGHTS TAVERN|1400 CRAFTON BLVD|15205,1400 CRAFTON BLVD,d36b961327,False,True,PITTSBURGH,data.pa.gov,42003281500,True,True,,,,0,0,,,False,False
ALLEGHENY,OSMAN AMIN CORPORATION,7-ELEVEN STORE 36145D,15222-3104,USA,02**1779,Cigarette/OTP Retail,2027-02-28,643 LIBERTY AVE,PITTSBURGH,PA,-80.00004,40.44241,7-ELEVEN STORE 36145D,643 LIBERTY AVE,15222,643 LIBERTY AVE|15222,7-ELEVEN STORE 36145D|643 LIBERTY AVE|15222,643 LIBERTY AVE,0c83c1ae43,True,False,PITTSBURGH,data.pa.gov,42003020100,True,True,643 LIBERTY AVE|15222,address,,2,0,2012-06-27,2023-11-08,True,True
ALLEGHENY,D EXPRESS MINI MART LLC,STORE,15222-1811,USA,02**3389,Cigarette/OTP Retail,2027-02-28,506 LIBERTY AVE,PITTSBURGH,PA,-80.00342,40.44151,STORE,506 LIBERTY AVE,15222,506 LIBERTY AVE|15222,STORE|506 LIBERTY AVE|15222,506 LIBERTY AVE,ec554c9647,True,False,PITTSBURGH,data.pa.gov,42003020100,True,True,,,,0,0,,,False,True
ALLEGHENY,HYDRO SC LLC,GOLDEN GOAT LAWRENCEVILLE,15201-3009,USA,02**4128,OTP Retail,2027-02-28,4319 BUTLER ST,PITTSBURGH,PA,-79.96,40.47114,GOLDEN GOAT LAWRENCEVILLE,4319 BUTLER ST,15201,4319 BUTLER ST|15201,GOLDEN GOAT LAWRENCEVILLE|4319 BUTLER ST|15201,4319 BUTLER ST,e1d656e715,True,False,PITTSBURGH,data.pa.gov,42003090200,True,True,4319 BUTLER ST|15201,address,,1,0,2022-10-11,2022-10-11,True,True
ALLEGHENY,BEER AND WINE GREENFIELD LLC,BEER AND WINE GREENFIELD LLC,15207-1051,USA,02**1971,Cigarette/OTP Retail,2027-02-28,503 GREENFIELD AVE,PITTSBURGH,PA,-79.94222,40.42557,BEER AND WINE GREENFIELD LLC,503 GREENFIELD AVE,15207,503 GREENFIELD AVE|15207,BEER AND WINE GREENFIELD LLC|503 GREENFIELD AVE|15207,503 GREENFIELD AVE,3e8c558bb0,True,False,PITTSBURGH,data.pa.gov,42003151600,True,True,,,,0,0,,,False,True
ALLEGHENY,PENN SMART TRADERS INC.,7-ELEVEN STORE 40217A,15224-2039,USA,02**7025,Cigarette/OTP Retail,2027-02-28,4779 LIBERTY AVE,PITTSBURGH,PA,-79.94733,40.46108,7-ELEVEN STORE 40217A,4779 LIBERTY AVE,15224,4779 LIBERTY AVE|15224,7-ELEVEN STORE 40217A|4779 LIBERTY AVE|15224,4779 LIBERTY AVE,70f03421d6,True,False,PITTSBURGH,data.pa.gov,42003080900,True,True,4779 LIBERTY AVE|15224,address,,4,0,2013-09-04,2019-04-10,True,True
ALLEGHENY,MBROS ENTERPRISE INC,MBROS ENTERPRISES INC,15222-2712,USA,02**0033,Cigarette/OTP Retail,2027-02-28,262 5TH AVE,PITTSBURGH,PA,-80.00053,40.44078,MBROS ENTERPRISES INC,262 5TH AVE,15222,262 5TH AVE|15222,MBROS ENTERPRISES INC|262 5TH AVE|15222,262 5TH AVE,2e00f1df31,True,False,PITTSBURGH,data.pa.gov,42003020100,True,True,262 FIFTH AVENUE|15222,address,,2,1,2024-06-04,2024-10-19,True,True
ALLEGHENY,REDWOOD HEALTHCARE LLC,OFFICE,15206-1030,USA,02**5048,OTP Vending,2027-02-28,7232 BUTLER ST,PITTSBURGH,PA,-79.92195,40.48828,OFFICE,7232 BUTLER ST,15206,7232 BUTLER ST|15206,OFFICE|7232 BUTLER ST|15206,7232 BUTLER ST,7ec66bf7c8,False,True,PITTSBURGH,data.pa.gov,42003101400,True,True,,,,0,0,,,False,False
ALLEGHENY,SHREEJI IMPEX INC,WILLIAM PENN SMOKE SHOP,15206-3022,USA,02**3240,Cigarette/OTP Retail,2027-02-28,132 N HIGHLAND AVE,PITTSBURGH,PA,-79.92443,40.46233,WILLIAM PENN SMOKE SHOP,132 N HIGHLAND AVE,15206,132 N HIGHLAND AVE|15206,WILLIAM PENN SMOKE SHOP|132 N HIGHLAND AVE|15206,132 N HIGHLAND AVE,a3bfa0bfeb,True,False,PITTSBURGH,data.pa.gov,42003111500,True,True,132 N HIGHLAND AVE|15206,address,,4,0,2012-06-13,2022-05-27,True,True
ALLEGHENY,CANDYGIRL ENT. LLC,CANDYGIRL ENT. LLC,15212-2572,USA,02**4612,Cigarette Vending,2027-02-28,3037 SHADELAND AVE,PITTSBURGH,PA,-80.0315,40.47275,CANDYGIRL ENT. LLC,3037 SHADELAND AVE,15212,3037 SHADELAND AVE|15212,CANDYGIRL ENT. LLC|3037 SHADELAND AVE|15212,3037 SHADELAND AVE,be32f0ebd1,False,True,PITTSBURGH,data.pa.gov,42003271600,True,True,,,,0,0,,,False,False
ALLEGHENY,SUPER SNACKS MART LLC,4127993681,15210-1559,USA,02**6736,Cigarette/OTP Retail,2027-02-28,817 E WARRINGTON AVE FL 1,PITTSBURGH,PA,-79.99307,40.42182,4127993681,817 E WARRINGTON AVE FL 1,15210,817 E WARRINGTON AVE FL 1|15210,4127993681|817 E WARRINGTON AVE FL 1|15210,817 E WARRINGTON AVE,501b573aba,True,False,PITTSBURGH,data.pa.gov,42003180300,True,True,,,,0,0,,,False,True
ALLEGHENY,KINGZ KORNER MARKET II LLC,KINGZ KORNER MARKET II LLC,15208-1122,USA,02**2904,Cigarette Retail,2027-02-28,1417 N LANG AVE,PITTSBURGH,PA,-79.89756,40.46262,KINGZ KORNER MARKET II LLC,1417 N LANG AVE,15208,1417 N LANG AVE|15208,KINGZ KORNER MARKET II LLC|1417 N LANG AVE|15208,1417 N LANG AVE,3f5e682e9c,True,False,PITTSBURGH,data.pa.gov,42003130700,True,True,,,,0,0,,,False,True
ALLEGHENY,GRAND MART INC,GRAND MART INC,15210-1927,USA,02**1518,Cigarette/OTP Retail,2027-02-28,2401 ARLINGTON AVE,PITTSBURGH,PA,-79.97277,40.41747,GRAND MART INC,2401 ARLINGTON AVE,15210,2401 ARLINGTON AVE|15210,GRAND MART INC|2401 ARLINGTON AVE|15210,2401 ARLINGTON AVE,dc29241562,True,False,PITTSBURGH,data.pa.gov,42003160800,True,True,,,,0,0,,,False,True
ALLEGHENY,DUKE JAMES B,LA GROCERY WEST INDIAN AMERICAN,15206-2634,USA,02**9769,OTP Retail,2027-02-28,511 LARIMER AVE,PITTSBURGH,PA,-79.9141,40.46546,LA GROCERY WEST INDIAN AMERICAN,511 LARIMER AVE,15206,511 LARIMER AVE|15206,LA GROCERY WEST INDIAN AMERICAN|511 LARIMER AVE|15206,511 LARIMER AVE,7ff04a1509,True,False,PITTSBURGH,data.pa.gov,42003120900,True,True,,,,0,0,,,False,True
ALLEGHENY,ACME VENDING INC,REMEDY BAR & GRILL,15201-2606,USA,02**7734,Cigarette Vending,2027-02-28,5121 BUTLER ST,PITTSBURGH,PA,-79.9555,40.47918,REMEDY BAR & GRILL,5121 BUTLER ST,15201,5121 BUTLER ST|15201,REMEDY BAR & GRILL|5121 BUTLER ST|15201,5121 BUTLER ST,6a70d11847,False,True,PITTSBURGH,data.pa.gov,42003101100,True,True,,,,0,0,,,False,False
ALLEGHENY,VBD VENDING LLC,BUTLER STREET DERBY,15201-3132,USA,26**0591,OTP Vending,2027-02-28,4203 BUTLER ST,PITTSBURGH,PA,-79.96049,40.4704,BUTLER STREET DERBY,4203 BUTLER ST,15201,4203 BUTLER ST|15201,BUTLER STREET DERBY|4203 BUTLER ST|15201,4203 BUTLER ST,2596ff9629,False,True,PITTSBURGH,data.pa.gov,42003090200,True,True,,,,0,0,,,False,False
ALLEGHENY,NEW ROAD MART LLC,NEW ROAD NEPALI-INDO MART,15205-4148,USA,02**0043,Cigarette/OTP Retail,2027-02-28,2300 NOBLESTOWN RD,PITTSBURGH,PA,-80.05421,40.42776,NEW ROAD NEPALI-INDO MART,2300 NOBLESTOWN RD,15205,2300 NOBLESTOWN RD|15205,NEW ROAD NEPALI-INDO MART|2300 NOBLESTOWN RD|15205,2300 NOBLESTOWN RD,825b309736,True,False,PITTSBURGH,data.pa.gov,42003562800,True,True,,,,0,0,,,False,True
ALLEGHENY,SERENE SPRING HAVEN,SERENE SPRING HAVEN,15210-1563,USA,02**4862,OTP Retail,2027-02-28,604 E WARRINGTON AVE,PITTSBURGH,PA,-79.99714,40.42169,SERENE SPRING HAVEN,604 E WARRINGTON AVE,15210,604 E WARRINGTON AVE|15210,SERENE SPRING HAVEN|604 E WARRINGTON AVE|15210,604 E WARRINGTON AVE,57a6a15525,True,False,PITTSBURGH,data.pa.gov,42003180300,True,True,,,,0,0,,,False,True
ALLEGHENY,HARTMAN MUSIC INC,CARRICK LIT,15210-3812,USA,02**7708,Cigarette Vending,2027-02-28,210 COPPERFIELD AVE,PITTSBURGH,PA,-79.99029,40.3952,CARRICK LIT,210 COPPERFIELD AVE,15210,210 COPPERFIELD AVE|15210,CARRICK LIT|210 COPPERFIELD AVE|15210,210 COPPERFIELD AVE,23aa171d5b,False,True,PITTSBURGH,data.pa.gov,42003290100,True,True,,,,0,0,,,False,False
ALLEGHENY,VAPE VEND,P-TOWN,15213-1323,USA,04**2389,OTP Vending,2027-02-28,4740 BAUM BLVD,PITTSBURGH,PA,-79.9489,40.454,P-TOWN,4740 BAUM BLVD,15213,4740 BAUM BLVD|15213,P-TOWN|4740 BAUM BLVD|15213,4740 BAUM BLVD,7c5c36fe92,False,True,PITTSBURGH,data.pa.gov,42003080400,True,True,,,,0,0,,,False,False
ALLEGHENY,ARLINGTON MARTLLC,ARLINGTON MART LLC,15210-1924,USA,02**5385,OTP Retail,2027-02-28,2208 ARLINGTON AVE,PITTSBURGH,PA,-79.97553,40.41718,ARLINGTON MART LLC,2208 ARLINGTON AVE,15210,2208 ARLINGTON AVE|15210,ARLINGTON MART LLC|2208 ARLINGTON AVE|15210,2208 ARLINGTON AVE,407afd193c,True,False,PITTSBURGH,data.pa.gov,42003161000,True,True,2208 ARLINGTON AVENUE|15210 || 2208 ARLINGTON AVE|15210,address,,6,1,2011-11-16,2019-05-23,True,True
ALLEGHENY,GETGO OPERATING LLC,GETGO #3107,15201-3225,USA,02**1640,Cigarette/OTP Retail,2027-02-28,4000 BUTLER ST,PITTSBURGH,PA,-79.96218,40.46878,GETGO #3107,4000 BUTLER ST,15201,4000 BUTLER ST|15201,GETGO #3107|4000 BUTLER ST|15201,4000 BUTLER ST,09e2ba9e2d,True,False,PITTSBURGH,data.pa.gov,42003090200,True,True,4000 BUTLER ST|15201,address,,7,0,2012-03-12,2022-04-01,True,True
ALLEGHENY,S & S CANDY & CIGAR COMPANY INC,S & S CANDY & CIGAR CO INC,15203-1901,USA,02**7709,Cigarette Retail,2027-02-28,2025 E CARSON ST,PITTSBURGH,PA,-79.97651,40.42853,S & S CANDY & CIGAR CO INC,2025 E CARSON ST,15203,2025 E CARSON ST|15203,S & S CANDY & CIGAR CO INC|2025 E CARSON ST|15203,2025 E CARSON ST,4820595be4,True,False,PITTSBURGH,data.pa.gov,42003170200,True,True,2025 E CARSON ST|15203,address,,1,0,2018-08-31,2018-08-31,True,True
ALLEGHENY,PAVI PALKAN LLC,7-ELEVEN STORE 2701-36185A,15205-4145,USA,02**5557,Cigarette Retail,2027-02-28,2269 NOBLESTOWN RD,PITTSBURGH,PA,-80.05348,40.42802,7-ELEVEN STORE 2701-36185A,2269 NOBLESTOWN RD,15205,2269 NOBLESTOWN RD|15205,7-ELEVEN STORE 2701-36185A|2269 NOBLESTOWN RD|15205,2269 NOBLESTOWN RD,273c77261e,True,False,PITTSBURGH,data.pa.gov,42003563100,True,True,2269 NOBLESTOWN ROAD|15205,address,,4,0,2011-12-12,2024-05-06,True,True
ALLEGHENY,KEYSTONE R & M LLC,KEYSTONE VAPORS,15203-2110,USA,02**9974,OTP Retail,2027-02-28,2304 1/2 E CARSON ST,PITTSBURGH,PA,-79.97272,40.42831,KEYSTONE VAPORS,2304 1/2 E CARSON ST,15203,2304 1/2 E CARSON ST|15203,KEYSTONE VAPORS|2304 1/2 E CARSON ST|15203,2304 1/2 E CARSON ST,4f5414cfee,True,False,PITTSBURGH,data.pa.gov,42003160900,True,True,,,,0,0,,,False,True
ALLEGHENY,FAMILY DOLLAR STORES OF PA LLC,FAMILY DOLLAR # 32168,15210-4206,USA,02**7538,OTP Retail,2027-02-28,2116 BROWNSVILLE RD # 32168,PITTSBURGH,PA,-79.98658,40.39266,FAMILY DOLLAR # 32168,2116 BROWNSVILLE RD # 32168,15210,2116 BROWNSVILLE RD # 32168|15210,FAMILY DOLLAR # 32168|2116 BROWNSVILLE RD # 32168|15210,2116 BROWNSVILLE RD 32168,afc3af7f52,True,False,PITTSBURGH,data.pa.gov,42003290100,True,True,,,,0,0,,,False,True
ALLEGHENY,PISTELLA BEER LLC,PISTELLA BEER LLC,15206-3513,USA,02**0579,Cigarette/OTP Retail,2027-02-28,5514 PENN AVE,PITTSBURGH,PA,-79.93187,40.46393,PISTELLA BEER LLC,5514 PENN AVE,15206,5514 PENN AVE|15206,PISTELLA BEER LLC|5514 PENN AVE|15206,5514 PENN AVE,17040de4c1,True,False,PITTSBURGH,data.pa.gov,42003111400,True,True,5514 PENN AVENUE|15206,address,,4,1,2018-05-03,2022-03-28,True,True
ALLEGHENY,WAAD MINI MART LLC,WAAD MINI MART,15208-1347,USA,02**3977,Cigarette/OTP Retail,2027-02-28,7006 FRANKSTOWN AVE,PITTSBURGH,PA,-79.90078,40.45841,WAAD MINI MART,7006 FRANKSTOWN AVE,15208,7006 FRANKSTOWN AVE|15208,WAAD MINI MART|7006 FRANKSTOWN AVE|15208,7006 FRANKSTOWN AVE,7bd92412fe,True,False,PITTSBURGH,data.pa.gov,42003130800,True,True,7006 FRANKSTOWN AVENUE|15122,proximity,11.909322461797505,1,0,2021-10-15,2021-10-15,True,True
ALLEGHENY,NOVO VENDING SERVICE LLC,BREHM'S RETURN,15212-5147,USA,02**0974,Cigarette Vending,2027-02-28,1354 GOETTMAN ST,PITTSBURGH,PA,-79.9863,40.45947,BREHM'S RETURN,1354 GOETTMAN ST,15212,1354 GOETTMAN ST|15212,BREHM'S RETURN|1354 GOETTMAN ST|15212,1354 GOETTMAN ST,92f5f09b54,False,True,PITTSBURGH,data.pa.gov,42003241300,True,True,,,,0,0,,,False,False
ALLEGHENY,CLOUD NINE INFUSIONS,CLOUD NINE INFUSIONS,15212-2456,USA,02**7019,OTP Itinerant,2027-02-28,3143 BRIGHTON RD,PITTSBURGH,PA,-80.0298,40.47492,CLOUD NINE INFUSIONS,3143 BRIGHTON RD,15212,3143 BRIGHTON RD|15212,CLOUD NINE INFUSIONS|3143 BRIGHTON RD|15212,3143 BRIGHTON RD,2c6f2da5c4,False,True,PITTSBURGH,data.pa.gov,42003271600,True,True,,,,0,0,,,False,False
ALLEGHENY,PATTON MICHAEL P,SHALES CAFE,15219-6232,USA,02**5102,Cigarette Vending,2027-02-28,1208 5TH AVE,PITTSBURGH,PA,-79.98853,40.43872,SHALES CAFE,1208 5TH AVE,15219,1208 5TH AVE|15219,SHALES CAFE|1208 5TH AVE|15219,1208 5TH AVE,bd47e73414,False,True,PITTSBURGH,data.pa.gov,42003030500,True,True,,,,0,0,,,False,False
ALLEGHENY,CARRICK BEER 4 LESS,CARRICK BEER 4 LESS INC,15210,USA,02**7753,Cigarette/OTP Retail,2027-02-28,2300/02 BROWNSVILLE RD,PITTSBURGH,PA,-79.98533,40.38914,CARRICK BEER 4 LESS INC,2300/02 BROWNSVILLE RD,15210,2300/02 BROWNSVILLE RD|15210,CARRICK BEER 4 LESS INC|2300/02 BROWNSVILLE RD|15210,2300/02 BROWNSVILLE RD,e0949a88c4,True,False,PITTSBURGH,data.pa.gov,42003290400,True,True,2300 2302 BROWNSVILLE ROA|15210,proximity,7.54399746112597,2,0,2014-09-29,2019-10-08,True,True
ALLEGHENY,AT VAPE AND WELLNESS 104 INC,AT VAPE AND WELLNESS 104 INC,15206-4316,USA,02**3038,Cigarette/OTP Retail,2027-02-28,230 SHADY AVE,PITTSBURGH,PA,-79.92248,40.45835,AT VAPE AND WELLNESS 104 INC,230 SHADY AVE,15206,230 SHADY AVE|15206,AT VAPE AND WELLNESS 104 INC|230 SHADY AVE|15206,230 SHADY AVE,3be9685c40,True,False,PITTSBURGH,data.pa.gov,42003070800,True,True,,,,0,0,,,False,True
ALLEGHENY,CENTER INDEPENDENT OIL STORES LLC,CIO STORES LLC BAUM BLVD #17,15206-3703,USA,02**1578,Cigarette/OTP Retail,2027-02-28,5735 BAUM BLVD,PITTSBURGH,PA,-79.93264,40.45889,CIO STORES LLC BAUM BLVD #17,5735 BAUM BLVD,15206,5735 BAUM BLVD|15206,CIO STORES LLC BAUM BLVD #17|5735 BAUM BLVD|15206,5735 BAUM BLVD,195ab491fd,True,False,PITTSBURGH,data.pa.gov,42003111500,True,True,,,,0,0,,,False,True
ALLEGHENY,DOLGENCORP LLC,DOLLAR GENERAL #19008,15233-1601,USA,02**4737,OTP Retail,2027-02-28,1215 BRIGHTON RD,PITTSBURGH,PA,-80.01531,40.45513,DOLLAR GENERAL #19008,1215 BRIGHTON RD,15233,1215 BRIGHTON RD|15233,DOLLAR GENERAL #19008|1215 BRIGHTON RD|15233,1215 BRIGHTON RD,7318846f00,True,False,PITTSBURGH,data.pa.gov,42003565100,True,True,1215 BRIGHTON ROAD|15233,address,,2,0,2016-09-17,2018-10-18,True,True
ALLEGHENY,STAR TRADING OF PITTSBURGH INC,STAR TRADING OF PITTSBURGH INC,15207-1656,USA,02**3745,Cigarette/OTP Retail,2027-02-28,5007 2ND AVE,PITTSBURGH,PA,-79.9436,40.40828,STAR TRADING OF PITTSBURGH INC,5007 2ND AVE,15207,5007 2ND AVE|15207,STAR TRADING OF PITTSBURGH INC|5007 2ND AVE|15207,5007 2ND AVE,429b6886a9,True,False,PITTSBURGH,data.pa.gov,42003562300,True,True,,,,0,0,,,False,True
ALLEGHENY,MOMIN ENTERPRISE LLC,MOMIN ENTERPRISE LLC,15212-2364,USA,02**6188,Cigarette/OTP Retail,2027-02-28,3242 BRIGHTON RD,PITTSBURGH,PA,-80.03166,40.47626,MOMIN ENTERPRISE LLC,3242 BRIGHTON RD,15212,3242 BRIGHTON RD|15212,MOMIN ENTERPRISE LLC|3242 BRIGHTON RD|15212,3242 BRIGHTON RD,8634b73fea,True,False,PITTSBURGH,data.pa.gov,42003271600,True,True,,,,0,0,,,False,True
ALLEGHENY,RAJA TRADING INC,RAJA TRADING INC,15222-1709,USA,02**0176,Cigarette/OTP Retail,2027-02-28,245 4TH AVE,PITTSBURGH,PA,-80.00164,40.4395,RAJA TRADING INC,245 4TH AVE,15222,245 4TH AVE|15222,RAJA TRADING INC|245 4TH AVE|15222,245 4TH AVE,7886aa7efc,True,False,PITTSBURGH,data.pa.gov,42003020100,True,True,,,,0,0,,,False,True
ALLEGHENY,DURGA MAA ENTERPRISE INC,DURGA MAA ENTERPRISE INC,15203,USA,02**1099,Cigarette/OTP Retail,2027-02-28,2001B WHARTON ST,PITTSBURGH,PA,-79.9776,40.4313,DURGA MAA ENTERPRISE INC,2001B WHARTON ST,15203,2001B WHARTON ST|15203,DURGA MAA ENTERPRISE INC|2001B WHARTON ST|15203,2001B WHARTON ST,34967c33f3,True,False,PITTSBURGH,data.pa.gov,42003170200,True,True,,,,0,0,,,False,True
ALLEGHENY,FAT FRIDAY 2 LLC,FAT FRIDAY 2 LLC,15210-3668,USA,02**0984,Cigarette/OTP Retail,2027-02-28,1303 BROWNSVILLE RD,PITTSBURGH,PA,-79.98958,40.40265,FAT FRIDAY 2 LLC,1303 BROWNSVILLE RD,15210,1303 BROWNSVILLE RD|15210,FAT FRIDAY 2 LLC|1303 BROWNSVILLE RD|15210,1303 BROWNSVILLE RD,945967a5ce,True,False,PITTSBURGH,data.pa.gov,42003290200,True,True,,,,0,0,,,False,True
ALLEGHENY,NAINA MINIMART,NAINA MINI MART,15219-5877,USA,02**1374,Cigarette/OTP Retail,2027-02-28,1800 FORBES AVE,PITTSBURGH,PA,-79.98131,40.43749,NAINA MINI MART,1800 FORBES AVE,15219,1800 FORBES AVE|15219,NAINA MINI MART|1800 FORBES AVE|15219,1800 FORBES AVE,e6d39aa098,True,False,PITTSBURGH,data.pa.gov,42003010302,True,True,1800 FORBES AVE|15219,address,,2,0,2011-11-16,2019-12-30,True,True
ALLEGHENY,EL LAYALI,EL LAYALI LLC,15222,USA,02**1664,Cigarette/OTP Retail,2027-02-28,2531 PENN AVE,PITTSBURGH,PA,-79.97936,40.45429,EL LAYALI LLC,2531 PENN AVE,15222,2531 PENN AVE|15222,EL LAYALI LLC|2531 PENN AVE|15222,2531 PENN AVE,70e8d4d7df,True,False,PITTSBURGH,data.pa.gov,42003020300,True,True,,,,0,0,,,False,True
ALLEGHENY,KDK UNITED INC,SMITHFIELD NEWS,15222-2203,USA,02**4989,Cigarette Retail,2027-02-28,115 SMITHFIELD ST,PITTSBURGH,PA,-80.00031,40.43764,SMITHFIELD NEWS,115 SMITHFIELD ST,15222,115 SMITHFIELD ST|15222,SMITHFIELD NEWS|115 SMITHFIELD ST|15222,115 SMITHFIELD ST,78c26b7d78,True,False,PITTSBURGH,data.pa.gov,42003020100,True,True,115 SMITHFIELD ST|15222,address,,3,0,2011-07-06,2023-10-19,True,True
ALLEGHENY,N AND S 1 LLC,N AND S 1 LLC,15204-2218,USA,02**3019,Cigarette/OTP Retail,2027-02-28,3112 CHARTIERS AVE,PITTSBURGH,PA,-80.0615,40.45355,N AND S 1 LLC,3112 CHARTIERS AVE,15204,3112 CHARTIERS AVE|15204,N AND S 1 LLC|3112 CHARTIERS AVE|15204,3112 CHARTIERS AVE,f32d870b19,True,False,PITTSBURGH,data.pa.gov,42003202200,True,True,,,,0,0,,,False,True
ALLEGHENY,S R CONVENIENCE STORES LLC,S R CONVENIENCE STORES LLC,15232-1741,USA,02**4187,OTP Retail,2027-02-28,5724 ELLSWORTH AVE,PITTSBURGH,PA,-79.93149,40.45515,S R CONVENIENCE STORES LLC,5724 ELLSWORTH AVE,15232,5724 ELLSWORTH AVE|15232,S R CONVENIENCE STORES LLC|5724 ELLSWORTH AVE|15232,5724 ELLSWORTH AVE,e64ca0bd1b,True,False,PITTSBURGH,data.pa.gov,42003070500,True,True,5724 ELLSWORTH AVENUE|15232 || 5724 ELLSWORTH AVE|15232,address,,4,1,2012-11-14,2019-05-09,True,True
ALLEGHENY,PENN MANAGEMENT INC,MAIN SUNOCO,15224-1336,USA,02**7279,Cigarette/OTP Retail,2027-02-28,4068 PENN AVE,PITTSBURGH,PA,-79.95529,40.46553,MAIN SUNOCO,4068 PENN AVE,15224,4068 PENN AVE|15224,MAIN SUNOCO|4068 PENN AVE|15224,4068 PENN AVE,fe6a002a6b,True,False,PITTSBURGH,data.pa.gov,42003090300,True,True,4068 PENN AVE|15224,address,,4,0,2013-09-04,2019-04-10,True,True
ALLEGHENY,KEYSTONE R & M LLC,KEYSTONE R&M LLC DBA KEYSTONE VAPO,15206-3912,USA,02**1808,OTP Retail,2027-02-28,215 S HIGHLAND AVE,PITTSBURGH,PA,-79.92512,40.45846,KEYSTONE R&M LLC DBA KEYSTONE VAPO,215 S HIGHLAND AVE,15206,215 S HIGHLAND AVE|15206,KEYSTONE R&M LLC DBA KEYSTONE VAPO|215 S HIGHLAND AVE|15206,215 S HIGHLAND AVE,ba2d2bec70,True,False,PITTSBURGH,data.pa.gov,42003070800,True,True,215 S HIGHLAND AVE|15206,address,,1,0,2023-06-22,2023-06-22,True,True
ALLEGHENY,VBD VENDING LLC,MARIOS EASTSIDE SALOON,15232-2230,USA,02**0017,OTP Vending,2027-02-28,5442 WALNUT ST,PITTSBURGH,PA,-79.93393,40.45114,MARIOS EASTSIDE SALOON,5442 WALNUT ST,15232,5442 WALNUT ST|15232,MARIOS EASTSIDE SALOON|5442 WALNUT ST|15232,5442 WALNUT ST,3b9f4d57a0,False,True,PITTSBURGH,data.pa.gov,42003070300,True,True,,,,0,0,,,False,False
ALLEGHENY,GOBRANDS INC,PITTSBURGH 371,15206-4129,USA,02**2981,Cigarette/OTP Retail,2027-02-28,6601 HAMILTON AVE STE 2,PITTSBURGH,PA,-79.91061,40.45787,PITTSBURGH 371,6601 HAMILTON AVE STE 2,15206,6601 HAMILTON AVE STE 2|15206,PITTSBURGH 371|6601 HAMILTON AVE STE 2|15206,6601 HAMILTON AVE,1912c6264b,True,False,PITTSBURGH,data.pa.gov,42003120900,True,True,,,,0,0,,,False,True
ALLEGHENY,CARSON NEWS AND LOTTERY LLC,CARSON NEWS AND LOTTERY LLC,15203-1564,USA,02**9329,Cigarette/OTP Retail,2027-02-28,1404 E CARSON ST,PITTSBURGH,PA,-79.98389,40.42885,CARSON NEWS AND LOTTERY LLC,1404 E CARSON ST,15203,1404 E CARSON ST|15203,CARSON NEWS AND LOTTERY LLC|1404 E CARSON ST|15203,1404 E CARSON ST,613736d973,True,False,PITTSBURGH,data.pa.gov,42003170200,True,True,,,,0,0,,,False,True
ALLEGHENY,WALGREEN EASTERN CO INC,WALGREENS #09281,15206-3830,USA,70**9049,Cigarette/OTP Retail,2027-02-28,5956 PENN AVE,PITTSBURGH,PA,-79.92538,40.46164,WALGREENS #09281,5956 PENN AVE,15206,5956 PENN AVE|15206,WALGREENS #09281|5956 PENN AVE|15206,5956 PENN AVE,23c14f1cb4,True,False,PITTSBURGH,data.pa.gov,42003111500,True,True,,,,0,0,,,False,True
ALLEGHENY,MCCLINTON INC,NORTHSIDE BEER,15212-4706,USA,02**0493,Cigarette/OTP Retail,2027-02-28,1304 FEDERAL ST,PITTSBURGH,PA,-80.00709,40.45685,NORTHSIDE BEER,1304 FEDERAL ST,15212,1304 FEDERAL ST|15212,NORTHSIDE BEER|1304 FEDERAL ST|15212,1304 FEDERAL ST,d5c890145b,True,False,PITTSBURGH,data.pa.gov,42003565100,True,True,1304 FEDERAL ST|15212,address,,2,0,2015-04-20,2016-04-27,True,True
ALLEGHENY,NILKANTH CONVENIENCE CORP,NILKANTH CONVENIENCE CORP,15212-4362,USA,02**9777,Cigarette/OTP Retail,2027-02-28,1601 LOWRIE ST,PITTSBURGH,PA,-79.98319,40.46262,NILKANTH CONVENIENCE CORP,1601 LOWRIE ST,15212,1601 LOWRIE ST|15212,NILKANTH CONVENIENCE CORP|1601 LOWRIE ST|15212,1601 LOWRIE ST,059b3b432c,True,False,PITTSBURGH,data.pa.gov,42003241300,True,True,1601 LOWRIE STREET|15212,address,,5,0,2012-06-13,2023-05-12,True,True
ALLEGHENY,NEW TRIOS MARKET LLC,NEW TRIOS MARKET LLC,15214-1748,USA,02**5071,Cigarette/OTP Retail,2027-02-28,3900 PERRYSVILLE AVE,PITTSBURGH,PA,-80.01838,40.48957,NEW TRIOS MARKET LLC,3900 PERRYSVILLE AVE,15214,3900 PERRYSVILLE AVE|15214,NEW TRIOS MARKET LLC|3900 PERRYSVILLE AVE|15214,3900 PERRYSVILLE AVE,990bfcf24c,True,False,PITTSBURGH,data.pa.gov,42003260200,True,True,3900 PERRYSVILLE AVE|15214,address,,1,0,2024-03-11,2024-03-11,True,True
ALLEGHENY,HARTMAN MUSIC INC,ORMSBY CAFE,15210-2512,USA,02**7708,Cigarette Vending,2027-02-28,402 ORMSBY AVE,PITTSBURGH,PA,-79.98152,40.41278,ORMSBY CAFE,402 ORMSBY AVE,15210,402 ORMSBY AVE|15210,ORMSBY CAFE|402 ORMSBY AVE|15210,402 ORMSBY AVE,639bb783f9,False,True,PITTSBURGH,data.pa.gov,42003161000,True,True,,,,0,0,,,False,False
ALLEGHENY,SHERADEN SHOPPE N KITCHEN INC,SHERADEN SHOPPE N KITCHEN INC,15204-2301,USA,02**3658,OTP Retail,2027-02-28,2827 CHARTIERS AVE,PITTSBURGH,PA,-80.05492,40.45347,SHERADEN SHOPPE N KITCHEN INC,2827 CHARTIERS AVE,15204,2827 CHARTIERS AVE|15204,SHERADEN SHOPPE N KITCHEN INC|2827 CHARTIERS AVE|15204,2827 CHARTIERS AVE,a9b1ddf953,True,False,PITTSBURGH,data.pa.gov,42003562500,True,True,,,,0,0,,,False,True
ALLEGHENY,SARABJIT AND NEELAM HOLDINGS LLC,SARABJIT AND NEELAM HOLDINGS LLC,15213-2320,USA,02**0225,Cigarette/OTP Retail,2027-02-28,504 OAK HILL DR,PITTSBURGH,PA,-79.96993,40.44328,SARABJIT AND NEELAM HOLDINGS LLC,504 OAK HILL DR,15213,504 OAK HILL DR|15213,SARABJIT AND NEELAM HOLDINGS LLC|504 OAK HILL DR|15213,504 OAK HILL DR,e9965a9e37,True,False,PITTSBURGH,data.pa.gov,42003051000,True,True,504 OAK HILL DR|15213,address,,2,0,2015-04-16,2016-12-30,True,True
ALLEGHENY,SHIV OIL INC,BP CARSON STREET,15203-1110,USA,02**0670,Cigarette/OTP Retail,2027-02-28,1006 E CARSON ST,PITTSBURGH,PA,-79.98829,40.42872,BP CARSON STREET,1006 E CARSON ST,15203,1006 E CARSON ST|15203,BP CARSON STREET|1006 E CARSON ST|15203,1006 E CARSON ST,663aacf159,True,False,PITTSBURGH,data.pa.gov,42003170200,True,True,1006 E CARSON STREET|15203,address,,1,0,2018-07-01,2018-07-01,True,True
ALLEGHENY,MIDNITE LLC,LINX,15203-1797,USA,02**4878,OTP Vending,2027-02-28,1713 E CARSON ST,PITTSBURGH,PA,-79.98138,40.42882,LINX,1713 E CARSON ST,15203,1713 E CARSON ST|15203,LINX|1713 E CARSON ST|15203,1713 E CARSON ST,0b3b57e19e,False,True,PITTSBURGH,data.pa.gov,42003170200,True,True,,,,0,0,,,False,False
ALLEGHENY,PENN RETAIL ENTERPRISES LLC,PENN VAPE WELLNESS,15224-1333,USA,02**4734,OTP Retail,2027-02-28,4067 PENN AVE,PITTSBURGH,PA,-79.95545,40.46561,PENN VAPE WELLNESS,4067 PENN AVE,15224,4067 PENN AVE|15224,PENN VAPE WELLNESS|4067 PENN AVE|15224,4067 PENN AVE,ceb949aa83,True,False,PITTSBURGH,data.pa.gov,42003090300,True,True,,,,0,0,,,False,True
ALLEGHENY,UKANI BROTHERS INC,UKANI BROTHERS,15216-2717,USA,02**1981,OTP Retail,2027-02-28,2900 BANKSVILLE RD,PITTSBURGH,PA,-80.04132,40.40307,UKANI BROTHERS,2900 BANKSVILLE RD,15216,2900 BANKSVILLE RD|15216,UKANI BROTHERS|2900 BANKSVILLE RD|15216,2900 BANKSVILLE RD,6577b1392b,True,False,PITTSBURGH,data.pa.gov,42003202300,True,True,2900 BANKSVILLE ROAD|15216,address,,4,0,2012-03-12,2018-09-19,True,True
ALLEGHENY,QUALITY FOODS CORPORATION,KUHNS MARKET,15216-2720,USA,02**2936,Cigarette/OTP Retail,2027-02-28,3125 BANKSVILLE RD,PITTSBURGH,PA,-80.04363,40.3999,KUHNS MARKET,3125 BANKSVILLE RD,15216,3125 BANKSVILLE RD|15216,KUHNS MARKET|3125 BANKSVILLE RD|15216,3125 BANKSVILLE RD,6a7e7836c9,True,False,PITTSBURGH,data.pa.gov,42003202300,True,True,3125 BANKSVILLE ROAD|15216,address,,3,0,2012-03-12,2018-09-19,True,True
ALLEGHENY,GIANT EAGLE INC,GIANT EAGLE 72,15238-6178,USA,70**3074,Cigarette/OTP Retail,2027-02-28,910 FREEPORT RD STE 1,PITTSBURGH,PA,-79.89452,40.48768,GIANT EAGLE 72,910 FREEPORT RD STE 1,15238,910 FREEPORT RD STE 1|15238,GIANT EAGLE 72|910 FREEPORT RD STE 1|15238,910 FREEPORT RD,47be5c57bb,True,False,PITTSBURGH,data.pa.gov,42003980000,True,True,910 FREEPORT RD|15238,address,,4,0,2013-05-01,2025-06-25,True,True
ALLEGHENY,SAMS NEIGHBORHOOD MARKET,SAMS NEIGHBORHOOD MARKET,15207-4600,USA,02**7291,OTP Retail,2027-02-28,4942 2ND AVE APT 1,PITTSBURGH,PA,-79.94376,40.40884,SAMS NEIGHBORHOOD MARKET,4942 2ND AVE APT 1,15207,4942 2ND AVE APT 1|15207,SAMS NEIGHBORHOOD MARKET|4942 2ND AVE APT 1|15207,4942 2ND AVE,4a057c516e,True,False,PITTSBURGH,data.pa.gov,42003562300,True,True,,,,0,0,,,False,True
ALLEGHENY,HARTMAN MUSIC INC,K & M BAR,15210-1775,USA,02**7708,Cigarette Vending,2027-02-28,200 MOUNT OLIVER ST,PITTSBURGH,PA,-79.98702,40.42152,K & M BAR,200 MOUNT OLIVER ST,15210,200 MOUNT OLIVER ST|15210,K & M BAR|200 MOUNT OLIVER ST|15210,200 MOUNT OLIVER ST,88acbeae3e,False,True,PITTSBURGH,data.pa.gov,42003170600,True,True,,,,0,0,,,False,False
ALLEGHENY,SMOKE GOODIES 5 LLC,STORE,15203-1229,USA,02**3224,Cigarette/OTP Retail,2027-02-28,1220 E CARSON ST,PITTSBURGH,PA,-79.98552,40.42879,STORE,1220 E CARSON ST,15203,1220 E CARSON ST|15203,STORE|1220 E CARSON ST|15203,1220 E CARSON ST,e5e79d7988,True,False,PITTSBURGH,data.pa.gov,42003170200,True,True,,,,0,0,,,False,True
ALLEGHENY,EDNA S MARKET & DELI,EDNA S MARKET & DELI,15214-2427,USA,02**4614,OTP Retail,2027-02-28,529 MOUNT PLEASANT RD,PITTSBURGH,PA,-80.00023,40.4778,EDNA S MARKET & DELI,529 MOUNT PLEASANT RD,15214,529 MOUNT PLEASANT RD|15214,EDNA S MARKET & DELI|529 MOUNT PLEASANT RD|15214,529 MOUNT PLEASANT RD,cd512f8b21,True,False,PITTSBURGH,data.pa.gov,42003261300,True,True,,,,0,0,,,False,True
ALLEGHENY,PATTON MICHAEL P,CORLISS WAR VETS,15204-2426,USA,02**5102,Cigarette Vending,2027-02-28,2806 STRAKA ST,PITTSBURGH,PA,-80.0547,40.45258,CORLISS WAR VETS,2806 STRAKA ST,15204,2806 STRAKA ST|15204,CORLISS WAR VETS|2806 STRAKA ST|15204,2806 STRAKA ST,0948faa164,False,True,PITTSBURGH,data.pa.gov,42003202200,True,True,,,,0,0,,,False,False
ALLEGHENY,BIG DOG VENDING INC,KOLLAR CLUB,15203-2537,USA,02**7778,Cigarette Vending,2027-02-28,3226 JANE ST,PITTSBURGH,PA,-79.96184,40.4214,KOLLAR CLUB,3226 JANE ST,15203,3226 JANE ST|15203,KOLLAR CLUB|3226 JANE ST|15203,3226 JANE ST,48757c8b42,False,True,PITTSBURGH,data.pa.gov,42003160800,True,True,,,,0,0,,,False,False
ALLEGHENY,KEYSTONE R & M LLC,KEYSTONE VAPORS,15216-2718,USA,02**5803,OTP Retail,2027-02-28,3021 BANKSVILLE RD,PITTSBURGH,PA,-80.04225,40.40125,KEYSTONE VAPORS,3021 BANKSVILLE RD,15216,3021 BANKSVILLE RD|15216,KEYSTONE VAPORS|3021 BANKSVILLE RD|15216,3021 BANKSVILLE RD,a177915793,True,False,PITTSBURGH,data.pa.gov,42003202300,True,True,,,,0,0,,,False,True
ALLEGHENY,HEAD OF THE GLASS LLC,HEAD OF THE GLASS LLC,15213-4375,USA,02**2275,OTP Retail,2027-02-28,3602 BATES ST,PITTSBURGH,PA,-79.95484,40.43722,HEAD OF THE GLASS LLC,3602 BATES ST,15213,3602 BATES ST|15213,HEAD OF THE GLASS LLC|3602 BATES ST|15213,3602 BATES ST,c4d8434648,True,False,PITTSBURGH,data.pa.gov,42003040600,True,True,,,,0,0,,,False,True
ALLEGHENY,EXOTICZ OUTLET LLC,EXOTICZ OUTLET LLC,15222-2505,USA,02**3655,Cigarette/OTP Retail,2027-02-28,633 SMITHFIELD ST,PITTSBURGH,PA,-79.99713,40.44238,EXOTICZ OUTLET LLC,633 SMITHFIELD ST,15222,633 SMITHFIELD ST|15222,EXOTICZ OUTLET LLC|633 SMITHFIELD ST|15222,633 SMITHFIELD ST,8ac5af16ac,True,False,PITTSBURGH,data.pa.gov,42003020100,True,True,,,,0,0,,,False,True
ALLEGHENY,PITTSBURGH MARKET FISH & CHICKEN LLC,KING CITY,15221-1304,USA,02**2831,Cigarette/OTP Retail,2027-02-28,7900 BENNETT ST,PITTSBURGH,PA,-79.88512,40.45408,KING CITY,7900 BENNETT ST,15221,7900 BENNETT ST|15221,KING CITY|7900 BENNETT ST|15221,7900 BENNETT ST,8fac09897a,True,False,PITTSBURGH,data.pa.gov,42003130600,True,True,,,,0,0,,,False,True
ALLEGHENY,OAKLAND TOBACCO SHOP LLC,STORE,15213-3404,USA,02**5200,Cigarette/OTP Retail,2027-02-28,3604 5TH AVE,PITTSBURGH,PA,-79.95898,40.44142,STORE,3604 5TH AVE,15213,3604 5TH AVE|15213,STORE|3604 5TH AVE|15213,3604 5TH AVE,3697813acf,True,False,PITTSBURGH,data.pa.gov,42003040200,True,True,3604 5TH AVENUE|15213,address,,3,2,2023-10-17,2025-03-17,True,True
ALLEGHENY,CHENEH A PLUS LLC,CHENEH A PLUS LLC,15201-2719,USA,02**8794,Cigarette/OTP Retail,2027-02-28,5013 BUTLER ST,PITTSBURGH,PA,-79.95585,40.47821,CHENEH A PLUS LLC,5013 BUTLER ST,15201,5013 BUTLER ST|15201,CHENEH A PLUS LLC|5013 BUTLER ST|15201,5013 BUTLER ST,cb99d2926a,True,False,PITTSBURGH,data.pa.gov,42003090100,True,True,5013 BUTLER STREET|15201 || 5013 BUTLER ST|15201,address,,9,1,2012-03-12,2023-07-31,True,True
ALLEGHENY,LINCOLN MINI MART INC,LINCOLN MINI MART,15206-1990,USA,02**6908,Cigarette/OTP Retail,2027-02-28,1403 LINCOLN AVE,PITTSBURGH,PA,-79.89685,40.46801,LINCOLN MINI MART,1403 LINCOLN AVE,15206,1403 LINCOLN AVE|15206,LINCOLN MINI MART|1403 LINCOLN AVE|15206,1403 LINCOLN AVE,e16b2e022d,True,False,PITTSBURGH,data.pa.gov,42003120300,True,True,1407 LINCOLN AVENUE|15206 || 1407 LINCOLN AVE|15206,proximity,7.0897916363187745,3,1,2018-03-22,2019-07-24,True,True
ALLEGHENY,AK & AK UNITED INC,AK & AK UNITED INC,15219-5543,USA,02**2527,Cigarette/OTP Retail,2027-02-28,1901 5TH AVE,PITTSBURGH,PA,-79.97927,40.43831,AK & AK UNITED INC,1901 5TH AVE,15219,1901 5TH AVE|15219,AK & AK UNITED INC|1901 5TH AVE|15219,1901 5TH AVE,9705468464,True,False,PITTSBURGH,data.pa.gov,42003030500,True,True,1901 FIFTH AVE|15219,address,,3,0,2011-09-12,2019-12-30,True,True
ALLEGHENY,KEYSTONE R & M LLC,KEYSTONE VAPORS,15224-1831,USA,02**1369,OTP Retail,2027-02-28,4526 LIBERTY AVE,PITTSBURGH,PA,-79.95096,40.46269,KEYSTONE VAPORS,4526 LIBERTY AVE,15224,4526 LIBERTY AVE|15224,KEYSTONE VAPORS|4526 LIBERTY AVE|15224,4526 LIBERTY AVE,2f4028ffa0,True,False,PITTSBURGH,data.pa.gov,42003090300,True,True,,,,0,0,,,False,True
ALLEGHENY,BEVERAGES AND BEYOND DISTRIBUTERS,PITTSBURGH,15212-5202,USA,02**4007,Cigarette/OTP Retail,2027-02-28,810 ARCH ST,PITTSBURGH,PA,-80.00857,40.45318,PITTSBURGH,810 ARCH ST,15212,810 ARCH ST|15212,PITTSBURGH|810 ARCH ST|15212,810 ARCH ST,b3896d7c3d,True,False,PITTSBURGH,data.pa.gov,42003562700,True,True,,,,0,0,,,False,True
ALLEGHENY,GLASS ZONE LLC,GLASS ZONE LLC,15203-1509,USA,02**6230,Cigarette/OTP Retail,2027-02-28,1321 E CARSON ST,PITTSBURGH,PA,-79.98434,40.42883,GLASS ZONE LLC,1321 E CARSON ST,15203,1321 E CARSON ST|15203,GLASS ZONE LLC|1321 E CARSON ST|15203,1321 E CARSON ST,96c1a22a35,True,False,PITTSBURGH,data.pa.gov,42003170200,True,True,,,,0,0,,,False,True
ALLEGHENY,SUNSHINE QUICKPICKS LLC,SUNSHINE QUICKPICKS LLC,15212-5619,USA,02**3705,Cigarette/OTP Retail,2027-02-28,605 E OHIO ST,PITTSBURGH,PA,-79.99896,40.45381,SUNSHINE QUICKPICKS LLC,605 E OHIO ST,15212,605 E OHIO ST|15212,SUNSHINE QUICKPICKS LLC|605 E OHIO ST|15212,605 E OHIO ST,24ac33171b,True,False,PITTSBURGH,data.pa.gov,42003563202,True,True,605 EAST OHIO STREET|15212,address,,3,1,2023-04-18,2024-02-12,True,True
ALLEGHENY,SCHULERS SERVICE CENTER INC,SCHULERS SERVICE CENTER INC,15220-4813,USA,02**7546,Cigarette Retail,2027-02-28,293 CORLISS ST,PITTSBURGH,PA,-80.04482,40.45016,SCHULERS SERVICE CENTER INC,293 CORLISS ST,15220,293 CORLISS ST|15220,SCHULERS SERVICE CENTER INC|293 CORLISS ST|15220,293 CORLISS ST,059db73fe4,True,False,PITTSBURGH,data.pa.gov,42003562600,True,True,293 CORLISS STREET|15220 || 293 CORLISS ST|15220,address,,5,1,2016-04-05,2024-09-22,True,True
ALLEGHENY,VBD VENDING LLC,TWELVE WHISKEY BBQ,15203,USA,02**0015,OTP Vending,2027-02-28,1222 E CARSON STREET,PITTSBURGH,PA,-79.98549,40.42879,TWELVE WHISKEY BBQ,1222 E CARSON STREET,15203,1222 E CARSON STREET|15203,TWELVE WHISKEY BBQ|1222 E CARSON STREET|15203,1222 E CARSON ST,275e73934e,False,True,PITTSBURGH,data.pa.gov,42003170200,True,True,,,,0,0,,,False,False
ALLEGHENY,BELMONT AMUSEMENT COMPANY INC,P-TOWN,15213-1323,USA,02**7694,Cigarette Vending,2027-02-28,4740 BAUM BLVD APT 19,PITTSBURGH,PA,-79.9489,40.454,P-TOWN,4740 BAUM BLVD APT 19,15213,4740 BAUM BLVD APT 19|15213,P-TOWN|4740 BAUM BLVD APT 19|15213,4740 BAUM BLVD,b20e699c4f,False,True,PITTSBURGH,data.pa.gov,42003080400,True,True,,,,0,0,,,False,False
ALLEGHENY,H & R BROTHERS 2 LLC,SIX PACK TO GO,15232-1739,USA,02**1869,Cigarette/OTP Retail,2027-02-28,5857 ELLSWORTH AVE,PITTSBURGH,PA,-79.92927,40.4575,SIX PACK TO GO,5857 ELLSWORTH AVE,15232,5857 ELLSWORTH AVE|15232,SIX PACK TO GO|5857 ELLSWORTH AVE|15232,5857 ELLSWORTH AVE,a3415ba2cf,True,False,PITTSBURGH,data.pa.gov,42003070500,True,True,5857 ELLSWORTH AVENUE|15236,proximity,22.712373366607984,1,0,2019-10-22,2019-10-22,True,True
ALLEGHENY,BEER & CHEERS LLC,BEERS & CHEERS LLC,15201-3009,USA,02**8691,Cigarette/OTP Retail,2027-02-28,4327 BUTLER ST,PITTSBURGH,PA,-79.95983,40.47139,BEERS & CHEERS LLC,4327 BUTLER ST,15201,4327 BUTLER ST|15201,BEERS & CHEERS LLC|4327 BUTLER ST|15201,4327 BUTLER ST,a83749215f,True,False,PITTSBURGH,data.pa.gov,42003090200,True,True,,,,0,0,,,False,True
ALLEGHENY,DOLGENCORP LLC,DOLLAR GENERAL STORE #31200,15207-1623,USA,02**2101,Cigarette/OTP Retail,2027-02-28,4934 2ND AVE,PITTSBURGH,PA,-79.94418,40.40881,DOLLAR GENERAL STORE #31200,4934 2ND AVE,15207,4934 2ND AVE|15207,DOLLAR GENERAL STORE #31200|4934 2ND AVE|15207,4934 2ND AVE,b17be83909,True,False,PITTSBURGH,data.pa.gov,42003562300,True,True,4934 SECOND AVE|15207,address,,1,0,2019-06-17,2019-06-17,True,True
ALLEGHENY,ARLINGTON MARTLLC,ARLINGTON MART LLC,15210-1924,USA,02**4803,Cigarette Retail,2027-02-28,2208 ARLINGTON AVE,PITTSBURGH,PA,-79.97553,40.41718,ARLINGTON MART LLC,2208 ARLINGTON AVE,15210,2208 ARLINGTON AVE|15210,ARLINGTON MART LLC|2208 ARLINGTON AVE|15210,2208 ARLINGTON AVE,5f0e2359b4,True,False,PITTSBURGH,data.pa.gov,42003161000,True,True,2208 ARLINGTON AVENUE|15210 || 2208 ARLINGTON AVE|15210,address,,6,1,2011-11-16,2019-05-23,True,True
ALLEGHENY,ACME VENDING INC,LOUS LITTLE CORNER BAR,15224-2109,USA,02**7734,Cigarette Vending,2027-02-28,4924 LIBERTY AVE,PITTSBURGH,PA,-79.94501,40.45951,LOUS LITTLE CORNER BAR,4924 LIBERTY AVE,15224,4924 LIBERTY AVE|15224,LOUS LITTLE CORNER BAR|4924 LIBERTY AVE|15224,4924 LIBERTY AVE,c7776e2113,False,True,PITTSBURGH,data.pa.gov,42003080900,True,True,,,,0,0,,,False,False
ALLEGHENY,HOLDINGS ACQUISITION CO LP RIVERS CASINO,RIVERS CASINO,15212-5840,USA,02**9990,Cigarette Retail,2027-02-28,777 CASINO DR,PITTSBURGH,PA,-80.023738,40.447822,RIVERS CASINO,777 CASINO DR,15212,777 CASINO DR|15212,RIVERS CASINO|777 CASINO DR|15212,777 CASINO DR,6133020ffe,True,False,PITTSBURGH,data.pa.gov,42003980600,True,True,,,,0,0,,,False,True
ALLEGHENY,GIANT EAGLE INC,GIANT EAGLE 38,15217-1607,USA,70**3013,Cigarette/OTP Retail,2027-02-28,1901 MURRAY AVE,PITTSBURGH,PA,-79.92248,40.43541,GIANT EAGLE 38,1901 MURRAY AVE,15217,1901 MURRAY AVE|15217,GIANT EAGLE 38|1901 MURRAY AVE|15217,1901 MURRAY AVE,5eb6bcd58c,True,False,PITTSBURGH,data.pa.gov,42003140800,True,True,1901 MURRAY AVENUE|15217 || 1901 MURRAY AVE|15217,address,,8,1,2011-09-29,2024-03-30,True,True
ALLEGHENY,ATHWAL PETROLEUM INC,ATHWAL PETROLEUM INC,15210-1722,USA,02**8556,Cigarette/OTP Retail,2027-02-28,1643 ARLINGTON AVE,PITTSBURGH,PA,-79.98691,40.4179,ATHWAL PETROLEUM INC,1643 ARLINGTON AVE,15210,1643 ARLINGTON AVE|15210,ATHWAL PETROLEUM INC|1643 ARLINGTON AVE|15210,1643 ARLINGTON AVE,224716a0fc,True,False,PITTSBURGH,data.pa.gov,42003170600,True,True,1643 ARLINGTON AVE|15210,address,,4,0,2011-11-16,2019-05-23,True,True
ALLEGHENY,BANKSVILLE BEER INC,BANKSVILLE BEER INC,15216-2719,USA,02**6412,Cigarette/OTP Retail,2027-02-28,3040 BANKSVILLE RD,PITTSBURGH,PA,-80.04349,40.40055,BANKSVILLE BEER INC,3040 BANKSVILLE RD,15216,3040 BANKSVILLE RD|15216,BANKSVILLE BEER INC|3040 BANKSVILLE RD|15216,3040 BANKSVILLE RD,0bc6cd0275,True,False,PITTSBURGH,data.pa.gov,42003202300,True,True,3040 BANKSVILLE RD|15216,address,,2,0,2014-03-24,2018-09-19,True,True
ALLEGHENY,GIANT EAGLE INC,GIANT EAGLE 63,15217,USA,70**3031,Cigarette/OTP Retail,2027-02-28,MURRAY AVE & LORETTA ST,PITTSBURGH,PA,-79.92887,40.42189,GIANT EAGLE 63,MURRAY AVE & LORETTA ST,15217,MURRAY AVE & LORETTA ST|15217,GIANT EAGLE 63|MURRAY AVE & LORETTA ST|15217,MURRAY AVE & LORETTA ST,a13c461146,True,False,PITTSBURGH,data.pa.gov,42003151700,True,True,,,,0,0,,,False,True
ALLEGHENY,BROOKLYN 2 MARKET INC,BROOKLYN 2 MARKET INC,15221-1328,USA,02**4545,OTP Retail,2027-02-28,7926 FRANKSTOWN AVE,PITTSBURGH,PA,-79.88496,40.45528,BROOKLYN 2 MARKET INC,7926 FRANKSTOWN AVE,15221,7926 FRANKSTOWN AVE|15221,BROOKLYN 2 MARKET INC|7926 FRANKSTOWN AVE|15221,7926 FRANKSTOWN AVE,52a84c03f6,True,False,PITTSBURGH,data.pa.gov,42003130600,True,True,7926 FRANKSTOWN AVE|15221 || 7926 FRANKSTOWN|15221,address,25.48352270347971,2,0,2016-04-18,2019-04-10,True,True
ALLEGHENY,RAILROAD STREET DINING VENTURE LLC,RAILROAD STREET DINING VENTURE LLC,15222-4624,USA,02**5031,OTP Retail,2027-02-28,2350 RAILROAD ST UNIT 1,PITTSBURGH,PA,-79.98268,40.45446,RAILROAD STREET DINING VENTURE LLC,2350 RAILROAD ST UNIT 1,15222,2350 RAILROAD ST UNIT 1|15222,RAILROAD STREET DINING VENTURE LLC|2350 RAILROAD ST UNIT 1|15222,2350 RAILROAD ST,ac6fedce50,True,False,PITTSBURGH,data.pa.gov,42003020300,True,True,,,,0,0,,,False,True
ALLEGHENY,ODD GROUP LLC,7-ELEVEN STORE #36143B,15222-3204,USA,02**0575,Cigarette/OTP Retail,2027-02-28,601 PENN AVE,PITTSBURGH,PA,-80.00207,40.44279,7-ELEVEN STORE #36143B,601 PENN AVE,15222,601 PENN AVE|15222,7-ELEVEN STORE #36143B|601 PENN AVE|15222,601 PENN AVE,c4cc794932,True,False,PITTSBURGH,data.pa.gov,42003020100,True,True,601 PENN AVE|15222 || SIXTH ST & PENN AVE|15222,address,8.630390750667916,3,0,2012-06-14,2023-12-11,True,True
ALLEGHENY,JMR VENDING LLC,PARK SOCIAL BAR,15210-4514,USA,02**5139,Cigarette Vending,2027-02-28,2525 BROWNSVILLE RD,PITTSBURGH,PA,-79.97981,40.38632,PARK SOCIAL BAR,2525 BROWNSVILLE RD,15210,2525 BROWNSVILLE RD|15210,PARK SOCIAL BAR|2525 BROWNSVILLE RD|15210,2525 BROWNSVILLE RD,f1a7943d37,False,True,PITTSBURGH,data.pa.gov,42003290400,True,True,,,,0,0,,,False,False
ALLEGHENY,FAMILY DOLLAR STORES OF PA LLC,FAMILY DOLLAR #31692,15212-2340,USA,02**4005,Cigarette/OTP Retail,2027-02-28,3210 BRIGHTON RD,PITTSBURGH,PA,-80.03094,40.47569,FAMILY DOLLAR #31692,3210 BRIGHTON RD,15212,3210 BRIGHTON RD|15212,FAMILY DOLLAR #31692|3210 BRIGHTON RD|15212,3210 BRIGHTON RD,ee3fa4cc08,True,False,PITTSBURGH,data.pa.gov,42003271600,True,True,3210 BRIGHTON RD|15212,address,,1,0,2024-04-24,2024-04-24,True,True
ALLEGHENY,GAJANAN ENTERPRISE LLC,SMOKE CONNECTION,15217-1602,USA,02**5324,Cigarette Retail,2027-02-28,5804 FORBES AVE,PITTSBURGH,PA,-79.92256,40.43806,SMOKE CONNECTION,5804 FORBES AVE,15217,5804 FORBES AVE|15217,SMOKE CONNECTION|5804 FORBES AVE|15217,5804 FORBES AVE,7bb1dbfc47,True,False,PITTSBURGH,data.pa.gov,42003140300,True,True,,,,0,0,,,False,True
ALLEGHENY,JHA & THAKUR ENTERPRISE INC,JHA & THAKUR ENTERPRISE INC,15208-1407,USA,02**4799,Cigarette/OTP Retail,2027-02-28,7201 FRANKSTOWN AVE,PITTSBURGH,PA,-79.89615,40.45735,JHA & THAKUR ENTERPRISE INC,7201 FRANKSTOWN AVE,15208,7201 FRANKSTOWN AVE|15208,JHA & THAKUR ENTERPRISE INC|7201 FRANKSTOWN AVE|15208,7201 FRANKSTOWN AVE,1f751d85fb,True,False,PITTSBURGH,data.pa.gov,42003130800,True,True,7201 FRANKSTOWN AVENUE|15208 || 7201 FRANKSTOWN AVE|15208,address,,4,2,2021-11-23,2024-12-03,True,True
ALLEGHENY,ABDALLA WASIL B,WASIL B ABDALLA,15212-3817,USA,02**0760,Cigarette Retail,2027-02-28,1815 N CHARLES ST,PITTSBURGH,PA,-80.01714,40.46016,WASIL B ABDALLA,1815 N CHARLES ST,15212,1815 N CHARLES ST|15212,WASIL B ABDALLA|1815 N CHARLES ST|15212,1815 N CHARLES ST,c5ccd37cf7,True,False,PITTSBURGH,data.pa.gov,42003261400,True,True,,,,0,0,,,False,True
ALLEGHENY,HARTMAN MUSIC INC,BREWSKI'S,15203-1023,USA,02**7708,Cigarette Vending,2027-02-28,801 E CARSON ST,PITTSBURGH,PA,-79.99088,40.42865,BREWSKI'S,801 E CARSON ST,15203,801 E CARSON ST|15203,BREWSKI'S|801 E CARSON ST|15203,801 E CARSON ST,84bf2885cf,False,True,PITTSBURGH,data.pa.gov,42003170200,True,True,,,,0,0,,,False,False
ALLEGHENY,HYDRO SC LLC,GOLDEN GOAT PENN AVE,15206-3924,USA,02**1107,Cigarette/OTP Retail,2027-02-28,6111 PENN AVE,PITTSBURGH,PA,-79.92329,40.4609,GOLDEN GOAT PENN AVE,6111 PENN AVE,15206,6111 PENN AVE|15206,GOLDEN GOAT PENN AVE|6111 PENN AVE|15206,6111 PENN AVE,e9f258302f,True,False,PITTSBURGH,data.pa.gov,42003111500,True,True,,,,0,0,,,False,True
ALLEGHENY,BIG DOG VENDING INC,BIG DOG VENDING INC,15210-3647,USA,02**2157,Cigarette Wholesaler,2027-02-28,1042 BROWNSVILLE RD,PITTSBURGH,PA,-79.99104,40.40547,BIG DOG VENDING INC,1042 BROWNSVILLE RD,15210,1042 BROWNSVILLE RD|15210,BIG DOG VENDING INC|1042 BROWNSVILLE RD|15210,1042 BROWNSVILLE RD,01b91c222b,False,True,PITTSBURGH,data.pa.gov,42003290200,True,True,,,,0,0,,,False,False
ALLEGHENY,BELMONT AMUSEMENT COMPANY INC,BOOTLEGGERS,15213-4719,USA,02**7694,Cigarette Vending,2027-02-28,403 SEMPLE ST,PITTSBURGH,PA,-79.95482,40.43699,BOOTLEGGERS,403 SEMPLE ST,15213,403 SEMPLE ST|15213,BOOTLEGGERS|403 SEMPLE ST|15213,403 SEMPLE ST,e141529baa,False,True,PITTSBURGH,data.pa.gov,42003040600,True,True,,,,0,0,,,False,False
ALLEGHENY,CARSON CONVENIENCE LLC,CARSON CONVENIENCE,15203-2108,USA,02**2157,Cigarette/OTP Retail,2027-02-28,2200 E CARSON ST,PITTSBURGH,PA,-79.97445,40.42841,CARSON CONVENIENCE,2200 E CARSON ST,15203,2200 E CARSON ST|15203,CARSON CONVENIENCE|2200 E CARSON ST|15203,2200 E CARSON ST,896109c087,True,False,PITTSBURGH,data.pa.gov,42003160900,True,True,,,,0,0,,,False,True
ALLEGHENY,ARTH ENERGY CORPORATION,BP-CARRICK,15210-4201,USA,02**5407,Cigarette/OTP Retail,2027-02-28,1927 BROWNSVILLE RD,PITTSBURGH,PA,-79.98662,40.39557,BP-CARRICK,1927 BROWNSVILLE RD,15210,1927 BROWNSVILLE RD|15210,BP-CARRICK|1927 BROWNSVILLE RD|15210,1927 BROWNSVILLE RD,5fe88d25ed,True,False,PITTSBURGH,data.pa.gov,42003290200,True,True,1927 BROWNSVILLE ROAD|15210,address,,10,3,2011-07-29,2023-08-30,True,True
ALLEGHENY,MOMBA PHARMACY SERVICES LLC,WALTMIRE PHARMACY,15212-3711,USA,02**7420,Cigarette Retail,2027-02-28,1435 SPRING GARDEN AVE,PITTSBURGH,PA,-79.98691,40.46269,WALTMIRE PHARMACY,1435 SPRING GARDEN AVE,15212,1435 SPRING GARDEN AVE|15212,WALTMIRE PHARMACY|1435 SPRING GARDEN AVE|15212,1435 SPRING GARDEN AVE,5b87ab3744,True,False,PITTSBURGH,data.pa.gov,42003241300,True,True,,,,0,0,,,False,True
ALLEGHENY,PAVI PALKAN LLC,7-ELEVEN STORE 2701-36185A,15205-4145,USA,02**5581,OTP Retail,2027-02-28,2269 NOBLESTOWN RD,PITTSBURGH,PA,-80.05348,40.42802,7-ELEVEN STORE 2701-36185A,2269 NOBLESTOWN RD,15205,2269 NOBLESTOWN RD|15205,7-ELEVEN STORE 2701-36185A|2269 NOBLESTOWN RD|15205,2269 NOBLESTOWN RD,0dfefcf9ce,True,False,PITTSBURGH,data.pa.gov,42003563100,True,True,2269 NOBLESTOWN ROAD|15205,address,,4,0,2011-12-12,2024-05-06,True,True
ALLEGHENY,DOLGENCORP LLC,DOLLAR GENERAL #19007,15210-1562,USA,02**5084,OTP Retail,2027-02-28,700 E WARRINGTON AVE # 19007,PITTSBURGH,PA,-79.99564,40.42152,DOLLAR GENERAL #19007,700 E WARRINGTON AVE # 19007,15210,700 E WARRINGTON AVE # 19007|15210,DOLLAR GENERAL #19007|700 E WARRINGTON AVE # 19007|15210,700 E WARRINGTON AVE 19007,56c822de3c,True,False,PITTSBURGH,data.pa.gov,42003180300,True,True,,,,0,0,,,False,True
ALLEGHENY,SAMS NEIGHBORHOOD MARKET,SAMS NEIGHBORHOOD MARKET,15207-4600,USA,02**6769,Cigarette Retail,2027-02-28,4942 2ND AVE APT 1,PITTSBURGH,PA,-79.94376,40.40884,SAMS NEIGHBORHOOD MARKET,4942 2ND AVE APT 1,15207,4942 2ND AVE APT 1|15207,SAMS NEIGHBORHOOD MARKET|4942 2ND AVE APT 1|15207,4942 2ND AVE,b31ea4bf39,True,False,PITTSBURGH,data.pa.gov,42003562300,True,True,,,,0,0,,,False,True
ALLEGHENY,TOBACCO OUTLET INC,TOBACCO OUTLET INC,15224-1830,USA,02**2811,OTP Retail,2027-02-28,4501 LIBERTY AVE,PITTSBURGH,PA,-79.9517,40.46309,TOBACCO OUTLET INC,4501 LIBERTY AVE,15224,4501 LIBERTY AVE|15224,TOBACCO OUTLET INC|4501 LIBERTY AVE|15224,4501 LIBERTY AVE,f826c91371,True,False,PITTSBURGH,data.pa.gov,42003090300,True,True,4501 LIBERTY AVENUE|15224 || 4501 LIBERTY AVE|15224,address,,6,2,2013-09-29,2019-04-10,True,True
ALLEGHENY,DWMERCHANDISELLC,DWMERCHANDISELLC,15221-1122,USA,02**0905,Cigarette Retail,2027-02-28,2300 WILNER DR,PITTSBURGH,PA,-79.87002,40.45447,DWMERCHANDISELLC,2300 WILNER DR,15221,2300 WILNER DR|15221,DWMERCHANDISELLC|2300 WILNER DR|15221,2300 WILNER DR,b956f8d815,True,False,PITTSBURGH,data.pa.gov,42003130600,True,True,,,,0,0,,,False,True
ALLEGHENY,CARIBBEAN FOOD SNACKS LLC,CRATTON,15205-3641,USA,02**0252,Cigarette/OTP Retail,2027-02-28,1511 STRATMORE ST BLDG FIRSTFLOOR,PITTSBURGH,PA,-80.05593,40.43815,CRATTON,1511 STRATMORE ST BLDG FIRSTFLOOR,15205,1511 STRATMORE ST BLDG FIRSTFLOOR|15205,CRATTON|1511 STRATMORE ST BLDG FIRSTFLOOR|15205,1511 STRATMORE ST BLDG FIRSTFLOOR,5e5b396c8f,True,False,PITTSBURGH,data.pa.gov,42003281500,True,True,,,,0,0,,,False,True
ALLEGHENY,KEYSTONE R & M LLC,KEYSTONE VAPORS,15217-2307,USA,02**7117,OTP Retail,2027-02-28,2215 MURRAY AVE,PITTSBURGH,PA,-79.92315,40.43224,KEYSTONE VAPORS,2215 MURRAY AVE,15217,2215 MURRAY AVE|15217,KEYSTONE VAPORS|2215 MURRAY AVE|15217,2215 MURRAY AVE,f2b0d285b7,True,False,PITTSBURGH,data.pa.gov,42003140800,True,True,,,,0,0,,,False,True
ALLEGHENY,GARRETT JESSE,ANNS MARKET,15219-4206,USA,02**0702,Cigarette/OTP Retail,2027-02-28,2316 WEBSTER AVE,PITTSBURGH,PA,-79.97529,40.44845,ANNS MARKET,2316 WEBSTER AVE,15219,2316 WEBSTER AVE|15219,ANNS MARKET|2316 WEBSTER AVE|15219,2316 WEBSTER AVE,0427841589,True,False,PITTSBURGH,data.pa.gov,42003050100,True,True,2316 WEBSTER AVE|15219,address,,1,0,2011-09-12,2011-09-12,True,True
ALLEGHENY,BRYANT STREET MARKET,BRYANT STREET MARKET,15206-1656,USA,02**0322,Cigarette Retail,2027-02-28,5901 BRYANT ST,PITTSBURGH,PA,-79.91968,40.47569,BRYANT STREET MARKET,5901 BRYANT ST,15206,5901 BRYANT ST|15206,BRYANT STREET MARKET|5901 BRYANT ST|15206,5901 BRYANT ST,5a3d32487f,True,False,PITTSBURGH,data.pa.gov,42003110200,True,True,5901 BRYANT STREET|15206,address,,3,0,2015-03-16,2022-05-12,True,True
ALLEGHENY,SMART VENDING NOW INC,ZANOS PUB HOUSE,15207-1004,USA,02**4726,OTP Vending,2027-02-28,3806 ACORN ST,PITTSBURGH,PA,-79.94986,40.42659,ZANOS PUB HOUSE,3806 ACORN ST,15207,3806 ACORN ST|15207,ZANOS PUB HOUSE|3806 ACORN ST|15207,3806 ACORN ST,d9822b8b3a,False,True,PITTSBURGH,data.pa.gov,42003151600,True,True,,,,0,0,,,False,False
ALLEGHENY,VBD VENDING LLC,NS PUB INC,15233-1718,USA,02**1947,OTP Retail,2027-02-28,900 WESTERN AVE,PITTSBURGH,PA,-80.01664,40.45195,NS PUB INC,900 WESTERN AVE,15233,900 WESTERN AVE|15233,NS PUB INC|900 WESTERN AVE|15233,900 WESTERN AVE,b9026142f4,True,False,PITTSBURGH,data.pa.gov,42003562700,True,True,,,,0,0,,,False,True
ALLEGHENY,CLOUD KING 2 LLC,CLOUD KING 2 LLC,15226-2168,USA,02**9287,Cigarette/OTP Retail,2027-02-28,930 BROOKLINE BLVD,PITTSBURGH,PA,-80.01823,40.39248,CLOUD KING 2 LLC,930 BROOKLINE BLVD,15226,930 BROOKLINE BLVD|15226,CLOUD KING 2 LLC|930 BROOKLINE BLVD|15226,930 BROOKLINE BLVD,a3786011e9,True,False,PITTSBURGH,data.pa.gov,42003191900,True,True,,,,0,0,,,False,True
ALLEGHENY,AR INVESTMENT LLC,AR INVESTMENT INC,15226-2201,USA,02**7327,OTP Retail,2027-02-28,1019 BROOKLINE BLVD,PITTSBURGH,PA,-80.01698,40.39187,AR INVESTMENT INC,1019 BROOKLINE BLVD,15226,1019 BROOKLINE BLVD|15226,AR INVESTMENT INC|1019 BROOKLINE BLVD|15226,1019 BROOKLINE BLVD,17d5dbc26f,True,False,PITTSBURGH,data.pa.gov,42003191800,True,True,1019 BROOKLINE BLVD|15226,address,,1,0,2016-09-29,2016-09-29,True,True
ALLEGHENY,CENTER INDEPENDENT OIL STORES LLC,CIO STORES LLC #21,15219-5537,USA,02**8208,Cigarette Retail,2027-02-28,1605 5TH AVE,PITTSBURGH,PA,-79.9835,40.4385,CIO STORES LLC #21,1605 5TH AVE,15219,1605 5TH AVE|15219,CIO STORES LLC #21|1605 5TH AVE|15219,1605 5TH AVE,93ac71e0f2,True,False,PITTSBURGH,data.pa.gov,42003030500,True,True,1605 5TH AVENUE|15219,address,,2,1,2024-05-30,2024-10-19,True,True
ALLEGHENY,S & S CANDY & CIGAR COMPANY INC,S & S CANDY & CIGAR CO INC,15203-1901,USA,02**8056,OTP Retail,2027-02-28,2025 E CARSON ST,PITTSBURGH,PA,-79.97651,40.42853,S & S CANDY & CIGAR CO INC,2025 E CARSON ST,15203,2025 E CARSON ST|15203,S & S CANDY & CIGAR CO INC|2025 E CARSON ST|15203,2025 E CARSON ST,f922f069cf,True,False,PITTSBURGH,data.pa.gov,42003170200,True,True,2025 E CARSON ST|15203,address,,1,0,2018-08-31,2018-08-31,True,True
ALLEGHENY,ALSAIDI ESAM,FORBES DELI,15213-3505,USA,02**8187,Cigarette/OTP Retail,2027-02-28,3801 FORBES AVE,PITTSBURGH,PA,-79.95686,40.44162,FORBES DELI,3801 FORBES AVE,15213,3801 FORBES AVE|15213,FORBES DELI|3801 FORBES AVE|15213,3801 FORBES AVE,08f57b4e17,True,False,PITTSBURGH,data.pa.gov,42003040500,True,True,3801 FORBES AVENUE|15213 || 3801 FORBES AVE|15213,address,,9,5,2015-03-16,2024-04-03,True,True
ALLEGHENY,ENIGMA INC,ENIGMA INC,15232-2202,USA,02**8760,Cigarette/OTP Retail,2027-02-28,738 BELLEFONTE ST FL 2ND,PITTSBURGH,PA,-79.93401,40.45142,ENIGMA INC,738 BELLEFONTE ST FL 2ND,15232,738 BELLEFONTE ST FL 2ND|15232,ENIGMA INC|738 BELLEFONTE ST FL 2ND|15232,738 BELLEFONTE ST,5fb3b8b405,True,False,PITTSBURGH,data.pa.gov,42003070300,True,True,738 BELLEFONTE STREET|15232,address,,2,1,2024-01-11,2024-07-17,True,True
ALLEGHENY,TDR CIGAR LLC,THE DRAWING ROOM CIGAR CLUB,15219-1102,USA,02**6562,OTP Retail,2027-02-28,59 S 2ND ST,PITTSBURGH,PA,-79.99869,40.43086,THE DRAWING ROOM CIGAR CLUB,59 S 2ND ST,15219,59 S 2ND ST|15219,THE DRAWING ROOM CIGAR CLUB|59 S 2ND ST|15219,59 S 2ND ST,69062094e6,True,False,PITTSBURGH,data.pa.gov,42003980700,True,True,,,,0,0,,,False,True
ALLEGHENY,DUKE JAMES B,L A GROCERY WEST INDIAN AMERICAN,15206-2634,USA,02**2455,Cigarette Retail,2027-02-28,511 LARIMER AVE,PITTSBURGH,PA,-79.9141,40.46546,L A GROCERY WEST INDIAN AMERICAN,511 LARIMER AVE,15206,511 LARIMER AVE|15206,L A GROCERY WEST INDIAN AMERICAN|511 LARIMER AVE|15206,511 LARIMER AVE,4c979787d8,True,False,PITTSBURGH,data.pa.gov,42003120900,True,True,,,,0,0,,,False,True
ALLEGHENY,CLASSY CLOUDS LLC,CLASSY CLOUDS LLC,15212-5549,USA,02**4577,Cigarette/OTP Retail,2027-02-28,541 E OHIO ST,PITTSBURGH,PA,-79.99926,40.45375,CLASSY CLOUDS LLC,541 E OHIO ST,15212,541 E OHIO ST|15212,CLASSY CLOUDS LLC|541 E OHIO ST|15212,541 E OHIO ST,51fbab3efd,True,False,PITTSBURGH,data.pa.gov,42003563202,True,True,,,,0,0,,,False,True
ALLEGHENY,SHERADEN TOBACCO OUTLET INC,SHERADEN TOBACCO OUTLET INC,15204-1709,USA,02**8183,Cigarette Retail,2027-02-28,649 HILLSBORO ST,PITTSBURGH,PA,-80.05407,40.45329,SHERADEN TOBACCO OUTLET INC,649 HILLSBORO ST,15204,649 HILLSBORO ST|15204,SHERADEN TOBACCO OUTLET INC|649 HILLSBORO ST|15204,649 HILLSBORO ST,36766850c0,True,False,PITTSBURGH,data.pa.gov,42003562500,True,True,649 HILLSBORO STREET|15204,address,,1,0,2015-06-26,2015-06-26,True,True
ALLEGHENY,KPS HOLDINGS LLC,BROWNSVILLE,15210-4206,USA,02**2581,Cigarette/OTP Retail,2027-02-28,2104 BROWNSVILLE RD,PITTSBURGH,PA,-79.98652,40.39309,BROWNSVILLE,2104 BROWNSVILLE RD,15210,2104 BROWNSVILLE RD|15210,BROWNSVILLE|2104 BROWNSVILLE RD|15210,2104 BROWNSVILLE RD,a866a8e0d3,True,False,PITTSBURGH,data.pa.gov,42003290200,True,True,,,,0,0,,,False,True
