license_id,location_key,trade_name,street_address,tract_geoid,retail_license,lon,lat,fda_observed,p_raw,p,calibration_shift,outlet_type,n_prior_checks,n_prior_viol,viol_12m,viol_24m,viol_36m,days_since_check,days_since_viol,severity_points,site,youth,severity,h,deterrence,targeted,prize
22ae7229a6,1640 SAW MILL RUN BLVD|15210,QUICK STOP SUNOCO,1640 SAW MILL RUN BLVD,42003320600,True,-79.99855,40.39648,False,0.2399238093167278,0.36640753930238856,0.6054375354034237,convenience_gas,0,0,0,0,0,1825.0,1825.0,0.0,0.02984596904907776,0.7570785135956848,0.0,0.23906194169833656,0.25,False,0.15009409779853858
f0479937c3,910 SAW MILL RUN BLVD|15220,BP GAS STATION,910 SAW MILL RUN BLVD,42003562400,True,-80.00567,40.41064,True,0.284746114105461,0.42174792846219494,0.6054375354034237,convenience_gas,5,3,0,0,1,703.0,886.0,4.0,0.03696446055043198,0.7990033505262567,0.5,0.4044867893780498,0.6,False,0.32059146551051665
c49c7eaa08,2601 PERRYSVILLE AVE|15214,NORTH EAGLE TRADING INC,2601 PERRYSVILLE AVE,42003261500,True,-80.00867,40.47114,True,0.058619161686066824,0.10239900895059396,0.6054375354034237,other,2,0,0,0,0,1825.0,1825.0,0.0,0.12492303795471914,0.9784646737076842,0.0,0.3435086172941929,0.25,False,0.09767494197691422
802cbe9711,1728 E CARSON ST|15203,BEER & VAPE STOP,1728 E CARSON ST,42003170200,True,-79.98103,40.42879,False,0.2677229550831438,0.40112766847798,0.6054375354034237,tobacco_shop,0,0,0,0,0,1825.0,1825.0,0.0,0.4053634128671346,0.6863226990771011,0.0,0.36804217486998414,0.25,False,0.21013189950716174
34a0a9b4a4,413 SMITHFIELD ST|15222,DOWNTOWN MINI MART INC,413 SMITHFIELD ST,42003020100,True,-79.9993,40.43911,False,0.2625579131432911,0.39477642475829994,0.6054375354034237,convenience_independent,0,0,0,0,0,1825.0,1825.0,0.0,0.2908254680064717,0.09332508171326724,0.0,0.14432771171656886,0.25,False,0.11947717802501365
7201bbbb8b,2101 PERRYSVILLE AVE|15214,GLOBAL GROCERIES MARKET,2101 PERRYSVILLE AVE,42003261400,True,-80.01215,40.46369,True,0.22913760151723894,0.35257270445061756,0.6054375354034237,convenience_independent,3,1,0,0,1,703.0,956.0,1.0,0.12165467873515909,0.7252868702205035,0.125,0.30374793256021465,0.6,False,0.25709323005403867
de17a64c29,6015 PENN AVE|15206,H AND R UNITED INC,6015 PENN AVE,42003111500,True,-79.92416,40.46122,False,0.17317796542490652,0.27731243945528994,0.6054375354034237,other,0,0,0,0,0,1825.0,1825.0,0.0,0.16192965035816212,0.7047202739385593,0.0,0.2761879423248326,0.25,False,0.13909035203423625
20c733c5f5,6015 PENN AVE|15206,H & R UNITED INC,6015 PENN AVE,42003111500,True,-79.92416,40.46122,False,0.17317796542490652,0.27731243945528994,0.6054375354034237,other,0,0,0,0,0,1825.0,1825.0,0.0,0.16192965035816212,0.7047202739385593,0.0,0.2761879423248326,0.25,False,0.13909035203423625
5303807c4b,2134 E CARSON ST|15203,JAG DEV CONVENIENCE STORE,2134 E CARSON ST,42003160900,True,-79.97477,40.42842,False,0.2625579131432911,0.39477642475829994,0.6054375354034237,convenience_independent,0,0,0,0,0,1825.0,1825.0,0.0,0.5023469285333831,0.5408875170120783,0.0,0.3632050265169767,0.25,False,0.2058847818226156
52e77958aa,1642 SAW MILL RUN BLVD|15210,DUKES BEER,1642 SAW MILL RUN BLVD,42003320600,True,-79.99888,40.39706,False,0.1572771132399075,0.25479665269895696,0.6054375354034237,beer_distributor,0,0,0,0,0,1825.0,1825.0,0.0,0.027537547506904892,0.7570785135956848,0.0,0.2381385730814674,0.25,False,0.12317691129966384
4cb2e59228,304 ROSS ST LBBY 1|15219,LITTLE TONYS MINI MART LLC,304 ROSS ST LBBY 1,42003020100,True,-79.99672,40.4372,False,0.2625579131432911,0.39477642475829994,0.6054375354034237,convenience_independent,0,0,0,0,0,1825.0,1825.0,0.0,0.1553872017822716,0.09332508171326724,0.0,0.09015240522688882,0.25,False,0.09809004421883263
fe1f8cf26f,1642 SAW MILL RUN BLVD|15210,DUKES BEER,1642 SAW MILL RUN BLVD,42003320600,True,-79.99888,40.39706,False,0.1572771132399075,0.25479665269895696,0.6054375354034237,beer_distributor,0,0,0,0,0,1825.0,1825.0,0.0,0.027537547506904892,0.7570785135956848,0.0,0.2381385730814674,0.25,False,0.12317691129966384
1bffc1042e,6562 HAMILTON AVE|15206,LIT CIGAR AND HOOKAH LOUNGE CORPORATION,6562 HAMILTON AVE,42003120900,True,-79.91163,40.45824,False,0.2677229550831438,0.40112766847798,0.6054375354034237,tobacco_shop,0,0,0,0,0,1825.0,1825.0,0.0,0.3610674455189694,0.7822631966402399,0.0,0.37910593719965974,0.25,False,0.214569880695059
3754848f02,304 FORBES AVE FL 2|15222,VIBE SIREAL,304 FORBES AVE FL 2,42003020100,True,-80.00058,40.43997,False,0.17317796542490652,0.27731243945528994,0.6054375354034237,other,0,0,0,0,0,1825.0,1825.0,0.0,0.36572840068241397,0.09332508171326724,0.0,0.17428888478694576,0.25,False,0.1108324758102099
c6f87f3f63,301 CRAFT AVE|15213,CRAFT A PLUS,301 CRAFT AVE,42003040900,True,-79.96118,40.43554,True,0.04188375643791862,0.07414922204926644,0.6054375354034237,convenience_gas,4,0,0,0,0,416.0,1825.0,0.0,0.2077669911350682,0.36793733695546643,0.0,0.1934879975406672,0.25,False,0.07684698449351085
15d1bba0af,2350 CENTRE AVE|15219,CENTER A PLUS,2350 CENTRE AVE,42003050100,True,-79.97224,40.44577,True,0.0760259552781877,0.1309970578761132,0.6054375354034237,convenience_gas,3,0,0,0,0,1825.0,1825.0,0.0,0.48028012429192274,0.7391637989572319,0.0,0.4138611894039387,0.25,False,0.11671459818102481
a95fcac167,123 N NEGLEY AVE|15206,NEGLEY A PLUS,123 N NEGLEY AVE,42003111400,True,-79.93043,40.46392,True,0.05957514479672219,0.10399010016987535,0.6054375354034237,convenience_gas,5,0,0,0,0,1606.0,1825.0,0.0,0.30857113450909557,0.668634123727988,0.0,0.3240186909220346,0.25,False,0.09619473612589427
98623ffccd,6481 FRANKSTOWN AVE|15206,FRANSTOWN A PLUS,6481 FRANKSTOWN AVE,42003120900,True,-79.914,40.46067,True,0.0680465290671371,0.11798478489354776,0.6054375354034237,convenience_gas,4,0,0,0,0,1825.0,1825.0,0.0,0.39826986456383917,0.7822631966402399,0.0,0.3939869048176077,0.25,False,0.10898446021578012
c24d25474f,6701 FRANKSTOWN AVE|15208,FRANSTOWN SHELL,6701 FRANKSTOWN AVE,42003130700,True,-79.90765,40.45873,True,0.0680465290671371,0.11798478489354776,0.6054375354034237,convenience_gas,4,0,0,0,0,1825.0,1825.0,0.0,0.19282488828468405,0.7676684643568161,0.0,0.3074304946209184,0.25,False,0.09877212077756606
83465e9ee6,1721 BANKSVILLE RD|15216,BANKSVILLE SUNOCO,1721 BANKSVILLE RD,42003192000,True,-80.03202,40.40892,True,0.0680465290671371,0.11798478489354776,0.6054375354034237,convenience_gas,4,0,0,0,0,1825.0,1825.0,0.0,0.09338227694497855,0.7528346113221592,0.0,0.26320329417463917,0.25,False,0.09355398404646798
6772a2409c,5204 INTERBORO AVE|15207,INTERBORO A PLUS,5204 INTERBORO AVE,42003310200,True,-79.91332,40.37012,True,0.07526939629031466,0.12977029358878775,0.6054375354034237,convenience_gas,3,0,0,0,0,1769.0,1825.0,0.0,0.33988113401510084,0.7620167804815162,0.0,0.3645574877504952,0.25,False,0.10980873221537266
0793816d05,1640 SAW MILL RUN BLVD|15210,QUICK STOP SUNOCO,1640 SAW MILL RUN BLVD,42003320600,True,-79.99855,40.39648,False,0.2399238093167278,0.36640753930238856,0.6054375354034237,convenience_gas,0,0,0,0,0,1825.0,1825.0,0.0,0.02984596904907776,0.7570785135956848,0.0,0.23906194169833656,0.25,False,0.15009409779853858
c2266be5b7,2122 BROWNSVILLE RD STE C|15210,SEVEN DAYS GROCERY LLC,2122 BROWNSVILLE RD STE C,42003290100,True,-79.9869,40.39219,False,0.2625579131432911,0.39477642475829994,0.6054375354034237,convenience_independent,0,0,0,0,0,1825.0,1825.0,0.0,0.33924629485731844,0.7862311005289967,0.0,0.37156784810162635,0.25,False,0.20918622662869513
353a65cf13,1936 MURRAY AVE|15217,H&R BROS 4 LLC,1936 MURRAY AVE,42003141300,True,-79.92289,40.43503,False,0.17317796542490652,0.27731243945528994,0.6054375354034237,other,0,0,0,0,0,1825.0,1825.0,0.0,0.36072810537884525,0.6941456169145654,0.0,0.35253492722590773,0.25,False,0.16026232066220958
5bcd8d61e9,2165 NOBLESTOWN RD|15205,WESTWOOD ASIAN BAZAAR LLC,2165 NOBLESTOWN RD,42003563100,True,-80.05299,40.42955,False,0.17317796542490652,0.27731243945528994,0.6054375354034237,other,0,0,0,0,0,1825.0,1825.0,0.0,0.274153252302189,0.7652306849873745,0.0,0.33923050641708796,0.25,False,0.15657283927217605
d532aaa4fe,4201 MURRAY AVE|15217,SMOKEY BRO'S,4201 MURRAY AVE,42003151700,True,-79.9287,40.42308,True,0.09279868428453471,0.1578258800038801,0.6054375354034237,other,6,1,0,0,0,411.0,1825.0,1.0,0.2641090283521903,0.7053639394313544,0.125,0.3547527931702824,0.25,False,0.11848917176593429
00602bba0a,239 4TH AVE STE 1401|15222,NIGHT CLOUD VENDING LLC,239 4TH AVE STE 1401,42003020100,True,-80.00184,40.43957,False,0.17317796542490652,0.27731243945528994,0.6054375354034237,other,0,0,0,0,0,1825.0,1825.0,0.0,0.5183304820775128,0.09332508171326724,0.0,0.23532971734498528,0.25,False,0.12775985799326173
89a25d71ff,4622 LIBERTY AVE APT 1|15224,SMOKE PLUG SMOKE SHOP,4622 LIBERTY AVE APT 1,42003090300,True,-79.95004,40.46218,True,0.094724625080528,0.1608620911319787,0.6054375354034237,tobacco_shop,1,1,1,1,1,65.0,65.0,1.0,0.19238428863963725,0.7168281444256652,0.125,0.32950215878355443,0.10684931506849314,True,0.07971673506154713
ae25aa9b9c,4713 LIBERTY AVE|15224,STORE,4713 LIBERTY AVE,42003080200,True,-79.94951,40.46188,False,0.2625579131432911,0.39477642475829994,0.6054375354034237,convenience_independent,0,0,0,0,0,1825.0,1825.0,0.0,0.08944404507426788,0.6451164368486644,0.0,0.22931254908430648,0.25,False,0.15302718827971468
be7341097b,601 52ND ST|15201,CARIBBEAN FOOD SNACKS,601 52ND ST,42003101100,True,-79.95206,40.4787,False,0.2625579131432911,0.39477642475829994,0.6054375354034237,convenience_independent,0,0,0,0,0,1825.0,1825.0,0.0,0.10243001183540518,0.6373000001288536,0.0,0.23216200477281815,0.25,False,0.1541520862089325
a3898b9f36,4516 BROWNS HILL RD|15217,SAVE MOR BEER & POP WRHS INC,4516 BROWNS HILL RD,42003141400,True,-79.92538,40.41668,True,0.04540415727382841,0.08015471053884206,0.6054375354034237,beer_distributor,3,0,0,0,0,1825.0,1825.0,0.0,0.027812834267578766,0.8148451262735935,0.0,0.2555786715891096,0.25,False,0.08298583444112685
728f81f9ca,49 BAILEY AVE|15211,49 BAILEY AVENUE,49 BAILEY AVE,42003180700,True,-80.00359,40.42698,False,0.17317796542490652,0.27731243945528994,0.6054375354034237,other,0,0,0,0,0,1825.0,1825.0,0.0,0.02263409358541922,0.7132328591666252,0.0,0.2230234951841552,0.25,False,0.12434718950536319
531ee641a9,1945 WHARTON STREET|15203,HAIR DAY OF PITTSBURGH,1945 WHARTON STREET,42003170200,True,-79.97833,40.43046,False,0.17317796542490652,0.27731243945528994,0.6054375354034237,other,0,0,0,0,0,1825.0,1825.0,0.0,0.4110699862855131,0.6863226990771011,0.0,0.3703248042373356,0.25,False,0.16519567485385822
198bf5c858,3604 5TH AVE|15213,OAKLAND CONVENIENCE MART LLC,3604 5TH AVE,42003040200,True,-79.95898,40.44142,True,0.341795507852849,0.4875362080642297,0.6054375354034237,convenience_independent,3,2,0,0,2,502.0,752.0,3.0,0.3636502453422254,0.4070765568906302,0.375,0.38008306520407925,0.8,False,0.3853042563590262
bcfaef733e,5604 BAUM BLVD|15206,5604 BAUM BLVD,5604 BAUM BLVD,42003080700,True,-79.93526,40.45792,False,0.17317796542490652,0.27731243945528994,0.6054375354034237,other,0,0,0,0,0,1825.0,1825.0,0.0,0.20659869160093564,0.6683028173355946,0.0,0.28313032184105263,0.25,False,0.14101556023350365
0d90d85f5c,1150 BROWNSVILLE RD|15210,PGH CONVENIENCE,1150 BROWNSVILLE RD,42003290200,True,-79.99019,40.40403,False,0.2625579131432911,0.39477642475829994,0.6054375354034237,convenience_independent,0,0,0,0,0,1825.0,1825.0,0.0,0.04071709645418565,0.7488479434255809,0.0,0.24094122160934853,0.25,False,0.15761791404383585
6e1c40e286,5604 BAUM BLVD|15206,5604 BAUM BLVD,5604 BAUM BLVD,42003080700,True,-79.93526,40.45792,False,0.17317796542490652,0.27731243945528994,0.6054375354034237,other,0,0,0,0,0,1825.0,1825.0,0.0,0.20659869160093564,0.6683028173355946,0.0,0.28313032184105263,0.25,False,0.14101556023350365
4e13a2bd1a,625 STANWIX ST STE 105|15222,PGH CONVENIENCE,625 STANWIX ST STE 105,42003020100,True,-80.00448,40.44305,True,0.11622994113581407,0.19416215158450695,0.6054375354034237,convenience_independent,1,0,0,0,0,1825.0,1825.0,0.0,0.28777782469372665,0.09332508171326724,0.0,0.14310865439147083,0.25,False,0.09028628424701157
05f0a8a31c,4811 BUTLER ST|15201,PITTSBURGH,4811 BUTLER ST,42003090100,True,-79.95755,40.47625,False,0.17317796542490652,0.27731243945528994,0.6054375354034237,other,0,0,0,0,0,1825.0,1825.0,0.0,0.028210713060459143,0.5314299337229274,0.0,0.17071326534106185,0.25,False,0.10984091205910806
c026220618,4201 MURRAY AVE PITTSBURGH PA 15217|15217,SMOKEY BROS LLC,4201 MURRAY AVE PITTSBURGH PA 15217,42003151700,True,-79.9287,40.42308,True,0.09279868428453471,0.1578258800038801,0.6054375354034237,other,6,1,0,0,0,411.0,1825.0,1.0,0.2641090283521903,0.7053639394313544,0.125,0.3547527931702824,0.25,False,0.11848917176593429
80cf7c44a2,1139 PENN AVE|15222,CLUB PITTSBURGH,1139 PENN AVE,42003020300,False,-79.99274,40.44554,False,0.17502213815100676,0.27989015367798864,0.6054375354034237,bar_tavern,0,0,0,0,0,1825.0,1825.0,0.0,0.1586353318734803,0.5146018581037464,0.0,0.21783469018051604,0.25,False,0.12346978491102167
d1b68d6773,448 BROWNSVILLE RD APT 1|15210,SELECT & SAVE MART,448 BROWNSVILLE RD APT 1,42003300100,True,-79.98953,40.41222,False,0.2625579131432911,0.39477642475829994,0.6054375354034237,convenience_independent,0,0,0,0,0,1825.0,1825.0,0.0,0.1146262847169506,0.7989329321808858,0.0,0.285530393541046,0.25,False,0.1752206679219645
d3d9deb1ac,3801 FORBES AVE FL 2|15213,FORBES TOBACCO,3801 FORBES AVE FL 2,42003040500,False,-79.95686,40.44162,True,0.33806479805028916,0.48338298534861224,0.6054375354034237,tobacco_shop,9,5,0,0,1,850.0,850.0,8.0,0.4589430673172492,0.0,1.0,0.4835772269268997,0.6,False,0.3837530035985281
ea11250a2a,5115 BUTLER ST|15201,BLUE MOON,5115 BUTLER ST,42003101100,False,-79.95543,40.47879,True,0.04660820112880854,0.08220092871650504,0.6054375354034237,other,3,0,0,0,0,1583.0,1825.0,0.0,0.07254098139963727,0.6373000001288536,0.0,0.220206392598511,0.25,False,0.08060116998090892
7de087f394,3818 BUTLER ST|15201,BUTLER STREET,3818 BUTLER ST,42003060300,True,-79.96391,40.46731,False,0.17317796542490652,0.27731243945528994,0.6054375354034237,other,0,0,0,0,0,1825.0,1825.0,0.0,0.727496614426078,0.5723470496343308,0.0,0.46270276066073046,0.25,False,0.19081323130152433
48bd609cb9,607 E OHIO ST|15212,SMOKIN INKS,607 E OHIO ST,42003563202,True,-79.99891,40.45382,False,0.17317796542490652,0.27731243945528994,0.6054375354034237,other,0,0,0,0,0,1825.0,1825.0,0.0,0.2748119173571919,0.6388011900037978,0.0,0.3015651239440161,0.25,False,0.14612776017555196
43dc2ad991,3617 CALIFORNIA AVE|15212,MON CITY SMOKE AND GROCERY LLC,3617 CALIFORNIA AVE,42003270100,True,-80.04127,40.48068,False,0.2677229550831438,0.40112766847798,0.6054375354034237,tobacco_shop,0,0,0,0,0,1825.0,1825.0,0.0,0.5236882525121209,0.7440346537526287,0.0,0.432685697130637,0.25,False,0.2360622048737818
332722aef7,2701 PENN AVE|15222,BUBS' LOUNGE,2701 PENN AVE,42003020300,True,-79.97691,40.45597,False,0.17502213815100676,0.27989015367798864,0.6054375354034237,bar_tavern,0,0,0,0,0,1825.0,1825.0,0.0,0.03150462290504961,0.5146018581037464,0.0,0.16698240659314376,0.25,False,0.10923673144287539
a3e813339b,1502 LINCOLN AVE STORE FRONT|15206,LAKAVE LOUNGE,1502 LINCOLN AVE STORE FRONT,42003561900,True,-79.89594,40.46884,False,0.17502213815100676,0.27989015367798864,0.6054375354034237,bar_tavern,0,0,0,0,0,1825.0,1825.0,0.0,0.34652933969208166,0.7228611928764856,0.0,0.35547009373977834,0.25,False,0.16199257916475557
2ec9de1597,5744 ELLSWORTH AVE STE 1|15232,HOKAH,5744 ELLSWORTH AVE STE 1,42003070500,True,-79.93123,40.45569,False,0.17317796542490652,0.27731243945528994,0.6054375354034237,other,0,0,0,0,0,1825.0,1825.0,0.0,0.1647500818141573,0.6216395123842237,0.0,0.25239188644093,0.25,False,0.13249140972765683
3d9fdf3086,2520 BEDFORD AVE|15219,SAMBA MARKET,2520 BEDFORD AVE,42003050900,True,-79.9722,40.45083,True,0.11622994113581407,0.19416215158450695,0.6054375354034237,convenience_independent,1,0,0,0,0,1825.0,1825.0,0.0,0.16279432744470992,0.7744443260671601,0.0,0.297451028798032,0.25,False,0.12025373174245102
407f9d40af,4778 LIBERTY AVE|15224,KING SMOKER LLC,4778 LIBERTY AVE,42003080200,True,-79.94741,40.46077,False,0.17317796542490652,0.27731243945528994,0.6054375354034237,other,0,0,0,0,0,1825.0,1825.0,0.0,0.08244091894137576,0.6451164368486644,0.0,0.22651129863114963,0.25,False,0.12531440078758976
425d298137,2152 WYLIE AVE|15219,BLUE NILE MINI MART,2152 WYLIE AVE,42003050100,True,-79.97751,40.44561,False,0.2625579131432911,0.39477642475829994,0.6054375354034237,convenience_independent,0,0,0,0,0,1825.0,1825.0,0.0,0.2972393093803034,0.7391637989572319,0.0,0.34064486343929096,0.25,False,0.1969785613008426
c208fcae63,1712 LOWRIE ST|15212,TROY HILL EXPRESS LLC,1712 LOWRIE ST,42003241300,True,-79.98257,40.46424,False,0.2625579131432911,0.39477642475829994,0.6054375354034237,convenience_independent,0,0,0,0,0,1825.0,1825.0,0.0,0.39171055474218636,0.7333797691870505,0.0,0.37669815265298967,0.25,False,0.21121154991740357
97f89afed1,6105 PENN AVE|15206,SMOKE GOODIES 3 LLC,6105 PENN AVE,42003111500,True,-79.92347,40.46097,False,0.2677229550831438,0.40112766847798,0.6054375354034237,tobacco_shop,0,0,0,0,0,1825.0,1825.0,0.0,0.15765941217601648,0.7047202739385593,0.0,0.27447984705197437,0.25,False,0.17260146109215102
2972dc4c46,3459 WARD ST|15213,OAKLAND CONVENIENCE STORE LLC,3459 WARD ST,42003040600,True,-79.95421,40.43636,True,0.0957182233825691,0.1624249566355434,0.6054375354034237,convenience_independent,2,0,0,0,0,1825.0,1825.0,0.0,0.08721248243529046,0.13266940387646875,0.0,0.07468581413705681,0.25,False,0.07463084012250171
7967e3e6de,1371 SAW MILL RUN BLVD|15226,FALAH DISTRIBUTION,1371 SAW MILL RUN BLVD,42003562400,False,-80.00105,40.4032,False,0.17317796542490652,0.27731243945528994,0.6054375354034237,other,0,0,0,0,0,1825.0,1825.0,0.0,0.051982206715915434,0.7990033505262567,0.0,0.2604938878442432,0.25,False,0.1347381955012798
8475be0c30,433 MARKET ST FL 2NDFLOOR|15222,DAHNTAHN INDUSTRIES MARKET SQUARE,433 MARKET ST FL 2NDFLOOR,42003020100,True,-80.00229,40.44108,False,0.2625579131432911,0.39477642475829994,0.6054375354034237,convenience_independent,0,0,0,0,0,1825.0,1825.0,0.0,0.5113200897732927,0.09332508171326724,0.0,0.23252556042329725,0.25,False,0.15429560940882933
f01b8b3c12,646 HERRON AVE|15219,MIAMI MARKET INC,646 HERRON AVE,42003050600,True,-79.96445,40.4524,False,0.2625579131432911,0.39477642475829994,0.6054375354034237,convenience_independent,0,0,0,0,0,1825.0,1825.0,0.0,0.286847907203864,0.7404239293511433,0.0,0.3368663416868886,0.25,False,0.19548688999255773
c0af0bf200,647 SMITHFIELD ST|15222,STEEL CITY SMOKE SHOP INC,647 SMITHFIELD ST,42003020100,True,-79.9969,40.44272,False,0.2677229550831438,0.40112766847798,0.6054375354034237,tobacco_shop,0,0,0,0,0,1825.0,1825.0,0.0,0.811399781925298,0.09332508171326724,0.0,0.35255743728409944,0.25,False,0.20392054282234245
6d8e27abe4,5128 PENN AVE|15224,MARY'S BAR,5128 PENN AVE,42003101900,False,-79.94169,40.46485,False,0.17502213815100676,0.27989015367798864,0.6054375354034237,bar_tavern,0,0,0,0,0,1825.0,1825.0,0.0,0.2652027813116353,0.7693237966830971,0.0,0.3368782515295833,0.25,False,0.1567889055913872
ec75c7fa09,214 N CRAIG ST|15213,STORE,214 N CRAIG ST,42003562000,True,-79.95105,40.45031,True,0.39927144045902807,0.549075451299473,0.6054375354034237,convenience_independent,1,1,0,0,1,863.0,863.0,1.0,0.5112344086186307,0.6402979720944241,0.125,0.4340831550757795,0.6,False,0.3883444042747327
4e177f6bb4,1160 BROOKLINE BLVD|15226,GLASS UNDER THE FIRE,1160 BROOKLINE BLVD,42003320600,True,-80.01365,40.39214,False,0.17317796542490652,0.27731243945528994,0.6054375354034237,other,0,0,0,0,0,1825.0,1825.0,0.0,0.07620202979800725,0.7570785135956848,0.0,0.2576043659979083,0.25,False,0.1339368951492133
39bc1fe0e0,4055 LIBERTY AVE|15224,SMOKIN BREWS,4055 LIBERTY AVE,42003090300,True,-79.95497,40.46321,False,0.17317796542490652,0.27731243945528994,0.6054375354034237,other,0,0,0,0,0,1825.0,1825.0,0.0,0.536626775120603,0.7168281444256652,0.0,0.4296991533759408,0.25,False,0.18166092045455492
aad0d79686,2140 WYLIE AVE|15219,K&A2 LLC,2140 WYLIE AVE,42003050100,True,-79.97796,40.44541,False,0.17317796542490652,0.27731243945528994,0.6054375354034237,other,0,0,0,0,0,1825.0,1825.0,0.0,0.243060056236532,0.7391637989572319,0.0,0.3189731621817824,0.25,False,0.1509552257253979
2dd567c586,4073 BEECHWOOD BLVD|15217,4073 BEECHWOOD BLVD,4073 BEECHWOOD BLVD,42003151700,True,-79.93879,40.42712,False,0.17317796542490652,0.27731243945528994,0.6054375354034237,other,0,0,0,0,0,1825.0,1825.0,0.0,0.23665719433635252,0.7053639394313544,0.0,0.3062720595639473,0.25,False,0.1474330519746741
c5eded5bfa,808 LIBERTY AVE|15222,OCKY MODE GOURMET DELI,808 LIBERTY AVE,42003020100,True,-79.99886,40.44272,False,0.27905506302397937,0.41490707342704614,0.6054375354034237,restaurant_deli,0,0,0,0,0,1825.0,1825.0,0.0,0.7621908964712019,0.09332508171326724,0.0,0.33287388310246097,0.25,False,0.20061172865833873
5e8c388e1d,1406 E CARSON ST|15203,SKY SMOKE SHOP INC,1406 E CARSON ST,42003170200,True,-79.98382,40.42885,False,0.2677229550831438,0.40112766847798,0.6054375354034237,tobacco_shop,0,0,0,0,0,1825.0,1825.0,0.0,0.2691150088032881,0.6863226990771011,0.0,0.31354281324444555,0.25,False,0.18827069764477114
29e358b4d1,707 E WARRINGTON AVE|15210,ADAN MARKET 2 INC,707 E WARRINGTON AVE,42003180300,True,-79.99543,40.42178,True,0.18680130805913825,0.29619310264358284,0.6054375354034237,convenience_independent,4,1,0,0,0,703.0,1367.0,1.0,0.17898751134080854,0.738801928635012,0.125,0.330735583126827,0.25,False,0.16046159852096947
d0ee4894dd,707 E WARRINGTON AVE|15210,ADAN MARKET 2 INC,707 E WARRINGTON AVE,42003180300,True,-79.99543,40.42178,True,0.18680130805913825,0.29619310264358284,0.6054375354034237,convenience_independent,4,1,0,0,0,703.0,1367.0,1.0,0.17898751134080854,0.738801928635012,0.125,0.330735583126827,0.25,False,0.16046159852096947
43e0223e79,1205 E CARSON ST STE 1|15203,ROYAL INK LOUNGE,1205 E CARSON ST STE 1,42003170200,True,-79.98612,40.42877,False,0.17502213815100676,0.27989015367798864,0.6054375354034237,bar_tavern,0,0,0,0,0,1825.0,1825.0,0.0,0.3153417404992243,0.6863226990771011,0.0,0.33203350592282005,0.25,False,0.15543290899897944
9d0e4f3680,219 ATWOOD ST|15213,219 ATWOOD ST,219 ATWOOD ST,42003040500,True,-79.95703,40.4406,False,0.17317796542490652,0.27731243945528994,0.6054375354034237,other,0,0,0,0,0,1825.0,1825.0,0.0,0.19789244028641823,0.0,0.0,0.07915697611456729,0.25,False,0.08445121414623477
af526f5b4c,314 N CRAIG ST|15213,CRAIG BEER INC,314 N CRAIG ST,42003562000,True,-79.95231,40.45235,False,0.1572771132399075,0.25479665269895696,0.6054375354034237,beer_distributor,0,0,0,0,0,1825.0,1825.0,0.0,0.19096317772245205,0.6402979720944241,0.0,0.268474662717308,0.25,False,0.13090644539485152
b7bdffb651,271 N SHORE DR|15212,TOM'S WATCH BAR,271 N SHORE DR,42003981200,True,-80.00871,40.44639,False,0.17502213815100676,0.27989015367798864,0.6054375354034237,bar_tavern,0,0,0,0,0,1825.0,1825.0,0.0,0.2296905604639629,0.7132328591666252,0.0,0.3058460819355727,0.25,False,0.14810330687475814
2f7a39a0e1,208 6TH ST|15222,PITTSBURGH NEWS,208 6TH ST,42003020100,True,-80.002,40.44235,False,0.21590649395268088,0.3353144484930771,0.6054375354034237,news,0,0,0,0,0,1825.0,1825.0,0.0,0.3408392004876426,0.09332508171326724,0.0,0.1643332047090372,0.25,False,0.11760329790611075
8b63a479c2,6680 FRANKSTOWN AVE|15206,6680 FRANKSTOWN INC,6680 FRANKSTOWN AVE,42003120900,True,-79.90852,40.45866,True,0.11685276269808573,0.1951103809682404,0.6054375354034237,other,6,1,0,0,0,1089.0,1544.0,1.0,0.20996909064373193,0.7822631966402399,0.125,0.35616659524956473,0.25,False,0.13199180008730366
742f836ed5,310 N CRAIG ST|15213,SMOKERSTOWN PITTSBURGH LLC,310 N CRAIG ST,42003562000,True,-79.95226,40.45227,False,0.17317796542490652,0.27731243945528994,0.6054375354034237,other,0,0,0,0,0,1825.0,1825.0,0.0,0.19464864984751623,0.6402979720944241,0.0,0.2699488515673337,0.25,False,0.1373601745562913
761791b1ea,1665 BROADWAY AVE|15216,CIGGYS TOBACCO BEECHVIEW,1665 BROADWAY AVE,42003192000,True,-80.02466,40.40885,False,0.2677229550831438,0.40112766847798,0.6054375354034237,tobacco_shop,0,0,0,0,0,1825.0,1825.0,0.0,0.04922746288355635,0.7528346113221592,0.0,0.2455413685500703,0.25,False,0.1609934366813821
65de38d620,820 PENNSYLVANIA AVE|15233,VALERO,820 PENNSYLVANIA AVE,42003565200,True,-80.01611,40.45621,True,0.18291052743633865,0.2908387477242036,0.6054375354034237,other,6,2,0,0,0,1825.0,1825.0,2.0,0.21654234686758894,0.7731626331339565,0.25,0.39356572868722256,0.25,False,0.1769641636785555
bb15328b48,310 N CRAIG ST|15213,SMOKERSTOWN PITTSBURGH LLC,310 N CRAIG ST,42003562000,True,-79.95226,40.45227,False,0.17317796542490652,0.27731243945528994,0.6054375354034237,other,0,0,0,0,0,1825.0,1825.0,0.0,0.19464864984751623,0.6402979720944241,0.0,0.2699488515673337,0.25,False,0.1373601745562913
8bdffcf068,4010 PENN AVE|15224,4010 PENN AVENUE INC,4010 PENN AVE,42003090300,True,-79.95753,40.46524,True,0.03189020495507514,0.05691437884229974,0.6054375354034237,other,8,0,0,0,0,1587.0,1825.0,0.0,0.46564790929349187,0.7168281444256652,0.0,0.4013076070450963,0.25,False,0.08534017317966136
354ac58ced,449 ATWOOD ST|15213,FRENCHIS DELI,449 ATWOOD ST,42003040600,True,-79.95272,40.43716,True,0.10319943969300012,0.17411600670510452,0.6054375354034237,restaurant_deli,2,0,0,0,0,1825.0,1825.0,0.0,0.25377242395278665,0.13266940387646875,0.0,0.14130979074405528,0.25,False,0.08710429647268884
759b3734bf,812 E WARRINGTON AVE|15210,WARRINGTON BEER LLC,812 E WARRINGTON AVE,42003180300,True,-79.99319,40.42182,True,0.16158340408129596,0.2609462644424791,0.6054375354034237,beer_distributor,4,1,0,0,0,1825.0,1825.0,1.0,0.2771159294369465,0.738801928635012,0.125,0.3699869503652822,0.25,False,0.1590467125902853
f1f379d1cf,223 ATWOOD ST|15213,223 ATWOOD ST,223 ATWOOD ST,42003040500,True,-79.95696,40.44054,False,0.17317796542490652,0.27731243945528994,0.6054375354034237,other,0,0,0,0,0,1825.0,1825.0,0.0,0.19398279440980265,0.0,0.0,0.07759311776392107,0.25,False,0.08401753677205454
265a10ead6,808 LIBERTY AVE STE 2|15222,GREEN BOYS SMOKE SHOP LLC,808 LIBERTY AVE STE 2,42003020100,True,-79.99886,40.44272,False,0.2677229550831438,0.40112766847798,0.6054375354034237,tobacco_shop,0,0,0,0,0,1825.0,1825.0,0.0,0.7621908964712019,0.09332508171326724,0.0,0.33287388310246097,0.25,False,0.19602492462610183
486a797ebf,4053 BUTLER ST|15201,THUNDERBIRD CAFE & MUSIC HALL,4053 BUTLER ST,42003090100,False,-79.96153,40.46933,False,0.27905506302397937,0.41490707342704614,0.6054375354034237,restaurant_deli,0,0,0,0,0,1825.0,1825.0,0.0,0.6467030017110567,0.5314299337229274,0.0,0.4181101808013009,0.25,False,0.2359768714863209
f29849a0c3,620 BROOKLINE BLVD|15226,PITALAND INC,620 BROOKLINE BLVD,42003191900,True,-80.02181,40.39508,True,0.056512785776919316,0.09888472896046506,0.6054375354034237,other,1,0,0,0,0,873.0,1825.0,0.0,0.4365052879732834,0.7366812573162415,0.0,0.39560649238418577,0.25,False,0.10161944077441049
8ef4d77581,1205 E CARSON ST STE 1|15203,CARSON MINI MART,1205 E CARSON ST STE 1,42003170200,True,-79.98612,40.42877,False,0.2625579131432911,0.39477642475829994,0.6054375354034237,convenience_independent,0,0,0,0,0,1825.0,1825.0,0.0,0.3153417404992243,0.6863226990771011,0.0,0.33203350592282005,0.25,False,0.19357900036817471
a06aadf6be,3038 CHARTIERS AVE|15204,B&M MARKET LLC,3038 CHARTIERS AVE,42003202200,True,-80.0597,40.45394,False,0.2625579131432911,0.39477642475829994,0.6054375354034237,convenience_independent,0,0,0,0,0,1825.0,1825.0,0.0,0.19717717682349933,0.7504922186251624,0.0,0.3040185363169484,0.25,False,0.18251935082745627
633881a701,4421 BUTLER ST|15201,NEW AMSTERDAM,4421 BUTLER ST,42003090200,False,-79.95934,40.47207,False,0.17317796542490652,0.27731243945528994,0.6054375354034237,other,0,0,0,0,0,1825.0,1825.0,0.0,0.28383843175022877,0.6008505317545023,0.0,0.2937905322264422,0.25,False,0.14397176918058266
34108c1b94,226 MEYRAN AVE|15213,FANTASY MARKET LLC,226 MEYRAN AVE,42003040500,True,-79.95739,40.43981,False,0.2625579131432911,0.39477642475829994,0.6054375354034237,convenience_independent,0,0,0,0,0,1825.0,1825.0,0.0,0.1488359566865092,0.0,0.0,0.05953438267460368,0.25,False,0.08600277074247252
8c7d1fc30f,4053 MINTWOOD ST|15224,HOME,4053 MINTWOOD ST,42003090300,False,-79.95568,40.46477,False,0.17317796542490652,0.27731243945528994,0.6054375354034237,other,0,0,0,0,0,1825.0,1825.0,0.0,0.3833262845549585,0.7168281444256652,0.0,0.36837895714968294,0.25,False,0.1646560672511743
83b17603a4,355 5TH AVE|15222,PITTSTOP MART LLC,355 5TH AVE,42003020100,True,-79.99896,40.44019,False,0.2625579131432911,0.39477642475829994,0.6054375354034237,convenience_independent,0,0,0,0,0,1825.0,1825.0,0.0,0.3304029296687595,0.09332508171326724,0.0,0.16015869638148397,0.25,False,0.1257268775514323
459b0738d9,925 E CARSON ST|15203,COEN MARKETS #1236,925 E CARSON ST,42003170200,True,-79.98893,40.42871,False,0.2625579131432911,0.39477642475829994,0.6054375354034237,convenience_independent,0,0,0,0,0,1825.0,1825.0,0.0,0.25104233084735267,0.6863226990771011,0.0,0.3063137420620714,0.25,False,0.18342544394560062
3af07242d0,20 BAILEY AVE|15211,COEN MARKETS #1227,20 BAILEY AVE,42003180700,True,-80.00476,40.42687,True,0.3091765991219362,0.45052887518562396,0.6054375354034237,convenience_independent,6,2,0,0,0,1825.0,1825.0,2.0,0.02298782715223561,0.7132328591666252,0.25,0.29816498861088175,0.25,False,0.19683193693859494
71c9a4e88e,1709 SAW MILL RUN BLVD|15210,COEN MARKETS #1231,1709 SAW MILL RUN BLVD,42003290100,True,-79.99759,40.39572,True,0.27865846847465753,0.41442839181234165,0.6054375354034237,convenience_independent,7,2,0,0,0,1726.0,1726.0,2.0,0.0377775049609286,0.7862311005289967,0.25,0.32598033214307043,0.25,False,0.19759550481250565
f40e1969f9,4071 BEECHWOOD BLVD|15217,COEN MARKETS #1232,4071 BEECHWOOD BLVD,42003151700,True,-79.9383,40.42678,True,0.17022708024279154,0.27317339023038206,0.6054375354034237,convenience_independent,7,1,0,0,0,849.0,1825.0,1.0,0.27910568328785995,0.7053639394313544,0.125,0.3607514551445503,0.25,False,0.16104769803238042
cf723e21a3,2401 E CARSON ST|15203,COEN MARKETS #1229,2401 E CARSON ST,42003160900,True,-79.97087,40.42815,True,0.11622994113581407,0.19416215158450695,0.6054375354034237,convenience_independent,1,0,0,0,0,1825.0,1825.0,0.0,0.24457146344521635,0.5408875170120783,0.0,0.26009484048171,0.25,False,0.11300057384395792
5f87a88cdb,2401 ARLINGTON AVE|15210,BOBBY LLC,2401 ARLINGTON AVE,42003160800,True,-79.97277,40.41747,False,0.17317796542490652,0.27731243945528994,0.6054375354034237,other,0,0,0,0,0,1825.0,1825.0,0.0,0.5003300905014034,0.7083450483286996,0.0,0.41263555069917124,0.25,False,0.17692897117036416
9fe4c5bfe4,2061 W LIBERTY AVE|15226,CHEERS 2 DORMONT INC,2061 W LIBERTY AVE,42003191700,True,-80.02091,40.40273,False,0.17317796542490652,0.27731243945528994,0.6054375354034237,other,0,0,0,0,0,1825.0,1825.0,0.0,0.023022260126636766,0.883716881358148,0.0,0.2743239684580991,0.25,False,0.13857344889417147
70b6c0b668,87 STATION ST|15219,HOMERUN HARRY'S,87 STATION ST,42003980700,False,-80.00609,40.43435,False,0.17317796542490652,0.27731243945528994,0.6054375354034237,other,0,0,0,0,0,1825.0,1825.0,0.0,0.11091046297567815,0.7117114026775146,0.0,0.25787760599352566,0.25,False,0.1340126679989547
2570783591,2546 LIBRARY RD|15234,TRUE FRESH GROCERY AND MEAT STORE LLC,2546 LIBRARY RD,42003320700,True,-79.99892,40.38124,False,0.2625579131432911,0.39477642475829994,0.6054375354034237,convenience_independent,0,0,0,0,0,1825.0,1825.0,0.0,0.014951575209293598,0.8228282109191379,0.0,0.2528290933594588,0.25,False,0.16231096555132957
73c0635e9e,3349 LIBERTY AVE|15201,QUICK STOP,3349 LIBERTY AVE,42003060300,True,-79.96646,40.46165,True,0.16203394081716546,0.26158741083521536,0.6054375354034237,convenience_gas,8,1,0,0,0,1544.0,1825.0,1.0,0.09048324926471657,0.5723470496343308,0.125,0.2453974145961859,0.25,False,0.12669287430987214
5d4179f36f,1 VIRGINIA AVE|15211,SHREE VIJAYALAXMI INC,1 VIRGINIA AVE,42003191400,True,-80.0069,40.42923,True,0.05067467785840949,0.08908264219485475,0.6054375354034237,other,3,0,0,0,0,1825.0,1825.0,0.0,0.17433709108632023,0.6748394542863636,0.0,0.2721866727204372,0.25,False,0.08674710797616274
f13a807541,718 LORENZ AVE|15220,LORENZ CAFE,718 LORENZ AVE,42003562600,False,-80.0394,40.44479,False,0.27905506302397937,0.41490707342704614,0.6054375354034237,restaurant_deli,0,0,0,0,0,1825.0,1825.0,0.0,0.14634087052093198,0.742739580275734,0.0,0.281358222291093,0.25,False,0.1792375165954337
163efde142,967 LIBERTY AVE|15222,GOD IS ONE LLC,967 LIBERTY AVE,42003020100,True,-79.99553,40.44357,False,0.17317796542490652,0.27731243945528994,0.6054375354034237,other,0,0,0,0,0,1825.0,1825.0,0.0,0.7389237228450366,0.09332508171326724,0.0,0.32356701365199486,0.25,False,0.1522291578830978
1d1a7f5816,2417 BROWNSVILLE RD|15210,DOLLAR GENERAL STORE 20881,2417 BROWNSVILLE RD,42003290400,True,-79.98228,40.38699,False,0.11873352609842774,0.1979683650611523,0.6054375354034237,dollar_store,0,0,0,0,0,1825.0,1825.0,0.0,0.2956994578178706,0.7281021089553952,0.0,0.3367104158137668,0.25,False,0.1291580105177122
0a83d17002,1727 PENN AVE|15222,LABAD DELI & GROCERY,1727 PENN AVE,42003020300,True,-79.98531,40.4502,True,0.10319943969300012,0.17411600670510452,0.6054375354034237,restaurant_deli,2,0,0,0,0,1825.0,1825.0,0.0,0.08868397691716005,0.5146018581037464,0.0,0.18985414819798793,0.25,False,0.09555664614063278
8558066346,1929 MURRAY AVE|15217,DISCOUNT TOBACCO & NEWS,1929 MURRAY AVE,42003141300,True,-79.9229,40.43513,True,0.17429737514705318,0.2788779316759791,0.6054375354034237,tobacco_shop,7,1,0,0,0,854.0,1825.0,1.0,0.39871485017284514,0.6941456169145654,0.125,0.4052296251435077,0.25,False,0.17550959971385374
ae728091d4,1605 5TH AVE|15219,CIO STORES LLC #21,1605 5TH AVE,42003030500,True,-79.9835,40.4385,True,0.2548461080997616,0.3852097023918653,0.6054375354034237,convenience_independent,2,1,0,0,1,651.0,793.0,1.0,0.07585930981284322,0.7410580842057994,0.125,0.2901611491868771,0.6,False,0.26177288992395853
8e42755e9c,2122 BROWNSVILLE RD STE C|15210,J2 2026 LLC,2122 BROWNSVILLE RD STE C,42003290100,True,-79.9869,40.39219,False,0.17317796542490652,0.27731243945528994,0.6054375354034237,other,0,0,0,0,0,1825.0,1825.0,0.0,0.33924629485731844,0.7862311005289967,0.0,0.37156784810162635,0.25,False,0.16554038638021462
0d23b8bca8,2300 E CARSON ST|15203,WHITE EAGLES,2300 E CARSON ST,42003160900,False,-79.9729,40.42832,False,0.17317796542490652,0.27731243945528994,0.6054375354034237,other,0,0,0,0,0,1825.0,1825.0,0.0,0.29474981978372994,0.5408875170120783,0.0,0.28016618301711543,0.25,False,0.1401935676653535
57280e1139,2103 NOBLESTOWN RD|15205,GIANT EAGLE #0006,2103 NOBLESTOWN RD,42003563100,True,-80.05178,40.43037,True,0.035909025382242804,0.0638786778838834,0.6054375354034237,supermarket,4,0,0,0,0,1825.0,1825.0,0.0,0.5241663293676162,0.7652306849873745,0.0,0.4392357372432588,0.25,False,0.09055779817445218
0351df3abb,2121 NOBLESTOWN RD STE 222|15205,SUPER BEER WORLD LLC,2121 NOBLESTOWN RD STE 222,42003563100,True,-80.05229,40.42947,True,0.05256811395275722,0.09227168706445066,0.6054375354034237,beer_distributor,2,0,0,0,0,1825.0,1825.0,0.0,0.43996576382903485,0.7652306849873745,0.0,0.4055555110278263,0.25,False,0.09992129120082295
ec49270649,125 VIRGINIA AVE|15211,MT WASHINGTON SHOP N SAVE,125 VIRGINIA AVE,42003191400,True,-80.00777,40.42968,True,0.049280603635924916,0.08672848451583992,0.6054375354034237,supermarket,3,0,0,0,0,1825.0,1825.0,0.0,0.17559580821690907,0.6748394542863636,0.0,0.27269015957267273,0.25,False,0.08615000428212047
eba03f5fc6,3806 ACORN ST|15207,ZANOS PUB HOUSE,3806 ACORN ST,42003151600,False,-79.94986,40.42659,False,0.17502213815100676,0.27989015367798864,0.6054375354034237,bar_tavern,0,0,0,0,0,1825.0,1825.0,0.0,0.28629352536173114,0.7264264341858245,0.0,0.3324453404004398,0.25,False,0.15554817741421034
ee5e1ef71d,1926 BROWNSVILLE RD|15210,KISK USA,1926 BROWNSVILLE RD,42003290200,True,-79.9868,40.39522,True,0.17937978359798928,0.28595375522155797,0.6054375354034237,other,8,2,0,0,0,1825.0,1825.0,3.0,0.11747176242037106,0.7488479434255809,0.375,0.3841430879958227,0.25,False,0.1723471585548109
2eda779538,1635 W CARSON ST|15219,CONTROVERSY,1635 W CARSON ST,42003980700,False,-80.02338,40.44233,False,0.17317796542490652,0.27731243945528994,0.6054375354034237,other,0,0,0,0,0,1825.0,1825.0,0.0,0.033484758164786424,0.7117114026775146,0.0,0.22690732406916897,0.25,False,0.1254242235678933
dcb4cb146a,450 56TH ST|15201,FAMILY DOLLAR #25275,450 56TH ST,42003101100,True,-79.94844,40.48355,True,0.08957951815706618,0.1527307034281555,0.6054375354034237,dollar_store,13,3,0,0,1,682.0,1023.0,4.0,0.05585070632688632,0.6373000001288536,0.5,0.36353028256941056,0.6,False,0.2055222357742622
7a8549e80d,116 OAKLAND AVE|15213,MARIO'S OAKLAND SALOON,116 OAKLAND AVE,42003040500,False,-79.95734,40.44187,False,0.17502213815100676,0.27989015367798864,0.6054375354034237,bar_tavern,0,0,0,0,0,1825.0,1825.0,0.0,0.46957583386673896,0.0,0.0,0.1878303335466956,0.25,False,0.11507186092177249
39a1f5a606,4061 PERRYSVILLE AVE|15214,AL-LIWAN JAVED INC,4061 PERRYSVILLE AVE,42003260200,True,-80.02151,40.49244,True,0.04768697360869856,0.08403090447923857,0.6054375354034237,other,2,0,0,0,0,974.0,1825.0,0.0,0.15630044634702628,0.7963979376172272,0.0,0.3014395598239787,0.25,False,0.08783023885783248
5287640ab6,3245 BRIGHTON RD|15212,HANINIS MARKET AND SUBS,3245 BRIGHTON RD,42003271600,True,-80.03172,40.47642,True,0.04718445152241234,0.0831788443936435,0.6054375354034237,restaurant_deli,6,0,0,0,0,594.0,1825.0,0.0,0.21898262615196892,0.805935761962737,0.0,0.32937377904960863,0.25,False,0.0898969303149137
f71f3398ee,411 WOOD ST|15222,BEER LIME AND SUNSHINE LLC,411 WOOD ST,42003020100,True,-80.00115,40.43967,False,0.1572771132399075,0.25479665269895696,0.6054375354034237,beer_distributor,0,0,0,0,0,1825.0,1825.0,0.0,0.3917098432681747,0.09332508171326724,0.0,0.18468146182125006,0.25,False,0.10955621828760473
12b92f7cc6,2531 PENN AVE|15222,EL LAAYALI,2531 PENN AVE,42003020300,True,-79.97936,40.45429,False,0.17317796542490652,0.27731243945528994,0.6054375354034237,other,0,0,0,0,0,1825.0,1825.0,0.0,0.0375049209005793,0.5146018581037464,0.0,0.16938252579135563,0.25,False,0.10947188142829939
6016573194,27 BAILEY AVE|15211,SATILIOS,27 BAILEY AVE,42003180700,False,-80.00424,40.427,False,0.17317796542490652,0.27731243945528994,0.6054375354034237,other,0,0,0,0,0,1825.0,1825.0,0.0,0.023105525177459056,0.7132328591666252,0.0,0.22321206782097114,0.25,False,0.12439948304329312
522cb3f569,4776 LIBERTY AVE|15224,PITTSBURG TOBACCO & VAPE SHOP INC,4776 LIBERTY AVE,42003080200,True,-79.94749,40.46081,False,0.2677229550831438,0.40112766847798,0.6054375354034237,tobacco_shop,0,0,0,0,0,1825.0,1825.0,0.0,0.08309843700164744,0.6451164368486644,0.0,0.2267743058552583,0.25,False,0.15346544857843208
3d0223e20e,1860 CENTRE AVE|15219,ABE'S MARKET,1860 CENTRE AVE,42003030500,True,-79.98093,40.44253,True,0.08319013163820144,0.14254220306024612,0.6054375354034237,convenience_independent,3,0,0,0,0,1825.0,1825.0,0.0,0.2942001231956316,0.7410580842057994,0.0,0.3399974745399925,0.25,False,0.11096398905585048
4351151b94,4201 PENN AVE|15224,MATARANI INC,4201 PENN AVE,42003090200,True,-79.95437,40.46584,True,0.20420961565802198,0.31978690206569965,0.6054375354034237,other,3,1,0,0,0,1825.0,1825.0,1.0,0.19596928563870963,0.6008505317545023,0.125,0.2961428737818345,0.25,False,0.15720261217552636
a12fd031de,4101 PENN AVE|15224,WILSONS PHARMACY,4101 PENN AVE,42003090300,True,-79.95512,40.46566,True,0.03230679325083681,0.057638400641450205,0.6054375354034237,pharmacy,2,0,0,0,0,1825.0,1825.0,0.0,0.14714548570897434,0.7168281444256652,0.0,0.2739066376112893,0.25,False,0.07828754051699201
f303445dd6,403 SEMPLE ST|15213,BOOTLEGGERS,403 SEMPLE ST,42003040600,True,-79.95482,40.43699,False,0.17317796542490652,0.27731243945528994,0.6054375354034237,other,0,0,0,0,0,1825.0,1825.0,0.0,0.08759175785973473,0.13266940387646875,0.0,0.07483752430683452,0.25,False,0.08325337642832284
6fe4308878,1728 E CARSON ST FL 1|15203,EMPIRE,1728 E CARSON ST FL 1,42003170200,True,-79.98103,40.42879,False,0.17317796542490652,0.27731243945528994,0.6054375354034237,other,0,0,0,0,0,1825.0,1825.0,0.0,0.4053634128671346,0.6863226990771011,0.0,0.36804217486998414,0.25,False,0.16456267333562571
9678b7e121,6320 SHAKESPEARE ST STE 1|15206,GIANT EAGLE 17,6320 SHAKESPEARE ST STE 1,42003070800,True,-79.92127,40.45873,True,0.09518001645030293,0.16157868936959918,0.6054375354034237,supermarket,7,1,0,0,0,1500.0,1500.0,1.0,0.4222034912415861,0.6874414781645605,0.125,0.4126138399460026,0.25,False,0.12916960347423267
dd87bb838d,4067 PENN AVE|15224,PENN RETAIL ENTERPRISES LLC,4067 PENN AVE,42003090300,True,-79.95545,40.46561,False,0.17317796542490652,0.27731243945528994,0.6054375354034237,other,0,0,0,0,0,1825.0,1825.0,0.0,0.2700106464781472,0.7168281444256652,0.0,0.32305270191895846,0.25,False,0.15208653284176898
d8fa868adc,450 S MAIN ST|15220,OLYMPIA CLUB,450 S MAIN ST,42003562600,False,-80.03457,40.44103,False,0.17502213815100676,0.27989015367798864,0.6054375354034237,bar_tavern,0,0,0,0,0,1825.0,1825.0,0.0,0.24455842360568683,0.742739580275734,0.0,0.3206452435249949,0.25,False,0.15224544648632693
b43d54f8b1,418 WOOD ST|15222,STORE,418 WOOD ST,42003020100,True,-80.00098,40.4399,True,0.03812626986772132,0.06770166407679959,0.6054375354034237,convenience_independent,2,0,0,0,0,107.0,1825.0,0.0,0.3902176619665368,0.09332508171326724,0.0,0.18408458930059488,0.07328767123287672,False,0.030784750834763668
6ec7a8517b,81 LAFFERTY AVE|15210,SASSY ASH CIGARS,81 LAFFERTY AVE,42003562400,True,-80.00682,40.41793,False,0.2677229550831438,0.40112766847798,0.6054375354034237,tobacco_shop,0,0,0,0,0,1825.0,1825.0,0.0,0.020010515240858895,0.7990033505262567,0.0,0.24770521125422057,0.25,False,0.161861413860251
e5f18ff27e,969 LIBERTY AVE|15222,TIPSY TIKKA MASALA LLC,969 LIBERTY AVE,42003020100,True,-79.99546,40.44359,False,0.17317796542490652,0.27731243945528994,0.6054375354034237,other,0,0,0,0,0,1825.0,1825.0,0.0,0.7394922686789156,0.09332508171326724,0.0,0.3237944319855464,0.25,False,0.15229222381595184
1cdaf45bd7,1613 BROWNSVILLE RD|15210,JUST ONE MORE SALOON,1613 BROWNSVILLE RD,42003290100,False,-79.98902,40.39936,True,0.07267176614495482,0.12554713791283917,0.6054375354034237,bar_tavern,1,0,0,0,0,1825.0,1825.0,0.0,0.43856665811827095,0.7862311005289967,0.0,0.41129599340600737,0.25,False,0.1141370348071422
5e555b9bcc,1300 WOODLAND AVE|15212,NEW BIG TOM CORNER STORE,1300 WOODLAND AVE,42003271600,True,-80.0301,40.46907,True,0.15629189796535492,0.2533842313807537,0.6054375354034237,convenience_independent,6,1,0,0,0,914.0,1171.0,1.0,0.16529252426771357,0.805935761962737,0.125,0.3453977382959065,0.25,False,0.150018340438759
363c9ceed0,2506 W LIBERTY AVE|15226,B&J'S,2506 W LIBERTY AVE,42003192000,False,-80.0256,40.39889,False,0.17317796542490652,0.27731243945528994,0.6054375354034237,other,0,0,0,0,0,1825.0,1825.0,0.0,0.06835252343410192,0.7528346113221592,0.0,0.2531913927702885,0.25,False,0.13271312277821118
5f321efcd2,537 E OHIO ST|15212,ISALY'S,537 E OHIO ST,42003563202,True,-79.99937,40.45373,True,0.05067467785840949,0.08908264219485475,0.6054375354034237,other,3,0,0,0,0,1825.0,1825.0,0.0,0.35754856114003863,0.6388011900037978,0.0,0.3346597814571548,0.25,False,0.09231237756855601
8c7634a16d,1006 HAMPSHIRE AVE|15216,UNIVERSAL VENTURES LLC,1006 HAMPSHIRE AVE,42003191600,True,-80.0251,40.41054,False,0.17317796542490652,0.27731243945528994,0.6054375354034237,other,0,0,0,0,0,1825.0,1825.0,0.0,0.062471638575712266,0.7745058484358244,0.0,0.2573404099610322,0.25,False,0.13386369685671823
e4222983df,5800 BUTTERMILK HOLLOW RD|15207,DOLLAR GENERAL # 14985,5800 BUTTERMILK HOLLOW RD,42003310200,True,-79.90889,40.36499,False,0.12606641379207106,0.20903401285490059,0.6054375354034237,dollar_store,0,0,0,0,0,1825.0,1825.0,0.0,0.14263095345833957,0.7620167804815162,0.0,0.28565741552779067,0.25,False,0.12221211586953387
2c4d9f2f9f,2025 E CARSON ST|15203,S & S CANDY & CIGAR CO INC,2025 E CARSON ST,42003170200,False,-79.97651,40.42853,True,0.11898085305432012,0.19834359441316654,0.6054375354034237,tobacco_shop,1,0,0,0,0,1825.0,1825.0,0.0,0.578692724910509,0.6863226990771011,0.0,0.437373899687334,0.25,False,0.14925031136648956
972d8e718e,7926 FRANKSTOWN AVE|15221,BROOKLYN 2 MARKET INC,7926 FRANKSTOWN AVE,42003130600,True,-79.88496,40.45528,True,0.0957182233825691,0.1624249566355434,0.6054375354034237,convenience_independent,2,0,0,0,0,1825.0,1825.0,0.0,0.14580650086904948,0.7921429099753402,0.0,0.29596547334022183,0.25,False,0.1105721791729036
2d81b57125,630 S MILLVALE AVE|15224,SONNYS TAVERN INC,630 S MILLVALE AVE,42003080400,True,-79.94741,40.45789,True,0.1797106822334655,0.2864126333743425,0.6054375354034237,bar_tavern,4,1,0,0,0,1825.0,1825.0,1.0,0.019959200892572,0.6181006386162866,0.125,0.23091387194191476,0.25,False,0.12863665014554948
2226cf5836,195 N CRAIG ST|15213,7-ELEVEN STORE #40106A,195 N CRAIG ST,42003040400,True,-79.95062,40.4496,True,0.03667730933687147,0.06520490742630926,0.6054375354034237,convenience_gas,4,0,0,0,0,416.0,1825.0,0.0,0.5836718190216899,0.35516517834204586,0.0,0.34001828111128973,0.25,False,0.08467086054311444
355409f78f,280 MOREWOOD AVE|15213,MEDUSA'S LAIR,280 MOREWOOD AVE,42003080400,False,-79.94512,40.45459,False,0.17317796542490652,0.27731243945528994,0.6054375354034237,other,0,0,0,0,0,1825.0,1825.0,0.0,0.04876389765411099,0.6181006386162866,0.0,0.20493575064653036,0.25,False,0.11933123294339035
35e392b544,4073 BEECHWOOD BLVD|15217,BEECHWOOD BEER LLC,4073 BEECHWOOD BLVD,42003151700,True,-79.93879,40.42712,False,0.1572771132399075,0.25479665269895696,0.6054375354034237,beer_distributor,0,0,0,0,0,1825.0,1825.0,0.0,0.23665719433635252,0.7053639394313544,0.0,0.3062720595639473,0.25,False,0.14053709559210936
6fc1c3ebfc,226 N NEGLEY AVE|15206,FARM FRESH MARKET OF PITTSBURGH INC,226 N NEGLEY AVE,42003111500,True,-79.92948,40.46547,True,0.09234289866811952,0.15710601981036595,0.6054375354034237,convenience_independent,1,0,0,0,0,871.0,1825.0,0.0,0.2526419828344961,0.7047202739385593,0.0,0.31247287531536627,0.25,False,0.11159136973949794
da7f2aec94,5550 CENTRE AVE|15232,GIANT EAGLE 40,5550 CENTRE AVE,42003070900,True,-79.93517,40.45694,True,0.040282764010695776,0.07140681163031302,0.6054375354034237,supermarket,3,0,0,0,0,1825.0,1825.0,0.0,0.1773521013023228,0.7208909549586837,0.0,0.2872081270085342,0.25,False,0.08300861662399342
822da58dd2,225 ROSS ST UNIT 205|15219,PUFF HOUSE,225 ROSS ST UNIT 205,42003020100,True,-79.99687,40.43696,False,0.17317796542490652,0.27731243945528994,0.6054375354034237,other,0,0,0,0,0,1825.0,1825.0,0.0,0.1645429087601539,0.09332508171326724,0.0,0.09381468801804174,0.25,False,0.08851597999102012
1f596aeeea,1441 WOODS RUN AVE|15212,YOUNG BROTHERS BAR,1441 WOODS RUN AVE,42003270300,False,-80.03503,40.47516,False,0.17502213815100676,0.27989015367798864,0.6054375354034237,bar_tavern,0,0,0,0,0,1825.0,1825.0,0.0,0.05500335270358846,0.8540953641752365,0.0,0.27822995033400627,0.25,False,0.14037382355680417
5fb82c72a4,406 WOOD ST|15222,BANK TOWER MARKET LLC,406 WOOD ST,42003020100,True,-80.00117,40.43963,False,0.2625579131432911,0.39477642475829994,0.6054375354034237,convenience_independent,0,0,0,0,0,1825.0,1825.0,0.0,0.38950611542636726,0.09332508171326724,0.0,0.18379997068452708,0.25,False,0.13505989529751794
48a1b9842a,1101 BROOKLINE BLVD|15226,7-ELEVEN STORE 2701-36154B,1101 BROOKLINE BLVD,42003320600,True,-80.01481,40.39201,True,0.09574262177890605,0.16246330361808997,0.6054375354034237,convenience_gas,1,0,0,0,0,1825.0,1825.0,0.0,0.09044402660136086,0.7570785135956848,0.0,0.2633011647192498,0.25,False,0.10527677706678021
013858cb97,6936 5TH AVE|15208,SUDZ BEER,6936 5TH AVE,42003130700,True,-79.90856,40.45794,True,0.13393381625031792,0.22077116834351157,0.6054375354034237,beer_distributor,3,1,0,0,0,914.0,1334.0,1.0,0.17173676648284333,0.7676684643568161,0.125,0.33649524590018215,0.25,False,0.13678844857942044
9d2f07b32a,3713 FORBES AVE|15213,SHOP,3713 FORBES AVE,42003040500,True,-79.95731,40.4413,True,0.39927144045902807,0.549075451299473,0.6054375354034237,convenience_independent,1,1,0,0,1,863.0,863.0,1.0,0.36514716169701195,0.0,0.125,0.18355886467880478,0.6,False,0.2507876664635336
a1debee8d9,7328 PENN AVE|15208,EVERGREEN CAFE,7328 PENN AVE,42003141200,False,-79.89848,40.44823,False,0.27905506302397937,0.41490707342704614,0.6054375354034237,restaurant_deli,0,0,0,0,0,1825.0,1825.0,0.0,0.09462193604681396,0.866116814112842,0.0,0.2976838186525782,0.25,False,0.18601112200372877
008a4b550a,6494 FRANKSTOWN AVE|15206,PRIME STOP,6494 FRANKSTOWN AVE,42003120900,True,-79.91388,40.46048,False,0.17317796542490652,0.27731243945528994,0.6054375354034237,other,0,0,0,0,0,1825.0,1825.0,0.0,0.4011384973514107,0.7822631966402399,0.0,0.3951343579326363,0.25,False,0.17207567271089907
e413b0e088,403 SEMPLE ST|15213,BOOTLEGGERS,403 SEMPLE ST,42003040600,False,-79.95482,40.43699,False,0.17317796542490652,0.27731243945528994,0.6054375354034237,other,0,0,0,0,0,1825.0,1825.0,0.0,0.08759175785973473,0.13266940387646875,0.0,0.07483752430683452,0.25,False,0.08325337642832284
cd728b665c,1211 CHARTIERS AVE|15220,DOLLAR GENERAL STORE #31781,1211 CHARTIERS AVE,42003562600,True,-80.04315,40.44567,False,0.11873352609842774,0.1979683650611523,0.6054375354034237,dollar_store,0,0,0,0,0,1825.0,1825.0,0.0,0.05244331336216172,0.742739580275734,0.0,0.24379919942758485,0.25,False,0.11076452891389679
3f72891078,1920 SPRING GARDEN AVE|15212,TOBACCO OUTLET,1920 SPRING GARDEN AVE,42003241300,True,-79.98635,40.46911,True,0.07746260185174961,0.13332259400684815,0.6054375354034237,tobacco_shop,3,0,0,0,0,1825.0,1825.0,0.0,0.0707074196032297,0.7333797691870505,0.0,0.24829689859740703,0.25,False,0.09560358660486165
0764801cc5,1001 BROOKLINE BLVD|15226,BROOKLINE MINI MARTT,1001 BROOKLINE BLVD,42003191800,True,-80.01749,40.39203,True,0.2595958050331541,0.39111378441705835,0.6054375354034237,convenience_independent,2,1,0,0,1,651.0,835.0,1.0,0.1816555698538943,0.7274470120328971,0.125,0.32839633155142683,0.6,False,0.27844033202175755
50f84de086,57 18TH ST|15222,THE A-Z STRIP MARKET INC,57 18TH ST,42003020300,True,-79.98524,40.45062,False,0.2625579131432911,0.39477642475829994,0.6054375354034237,convenience_independent,0,0,0,0,0,1825.0,1825.0,0.0,0.07941357350069772,0.5146018581037464,0.0,0.18614598683140302,0.25,False,0.13598604716440688
49d4d99919,5115 BUTLER ST|15201,BLUE MOON,5115 BUTLER ST,42003101100,False,-79.95543,40.47879,True,0.04660820112880854,0.08220092871650504,0.6054375354034237,other,3,0,0,0,0,1583.0,1825.0,0.0,0.07254098139963727,0.6373000001288536,0.0,0.220206392598511,0.25,False,0.08060116998090892
9ca7e14808,4133 LIBERTY AVE|15224,LIBERTY BEER,4133 LIBERTY AVE,42003090300,True,-79.95324,40.46377,False,0.1572771132399075,0.25479665269895696,0.6054375354034237,beer_distributor,0,0,0,0,0,1825.0,1825.0,0.0,0.36502218369161266,0.7168281444256652,0.0,0.3610573168043446,0.25,False,0.15449619575421386
6f4381a77c,649 HILLSBORO ST|15204,SHERADEN TOBACCO OUTLET INC,649 HILLSBORO ST,42003562500,True,-80.05407,40.45329,True,0.11898085305432012,0.19834359441316654,0.6054375354034237,tobacco_shop,1,0,0,0,0,1825.0,1825.0,0.0,0.3864426931610527,0.8349702950825326,0.0,0.4050681657891808,0.25,False,0.14284267598497458
9258ef2f26,1019 BROOKLINE BLVD|15226,AR INVESTMENT INC,1019 BROOKLINE BLVD,42003191800,True,-80.01698,40.39187,True,0.0718121626825991,0.12414582479008617,0.6054375354034237,other,1,0,0,0,0,1825.0,1825.0,0.0,0.19695121298286106,0.7274470120328971,0.0,0.29701458880301357,0.25,False,0.0993731211016384
b08f43b599,223 SHILOH ST|15211,BEER BUZZ LLC,223 SHILOH ST,42003191400,True,-80.00736,40.42992,False,0.1572771132399075,0.25479665269895696,0.6054375354034237,beer_distributor,0,0,0,0,0,1825.0,1825.0,0.0,0.1847780977784764,0.6748394542863636,0.0,0.27636307539729965,0.25,False,0.1329163865408214
fd2212a772,7530 PENN AVE|15208,RAFA ENTERPRISE LLC,7530 PENN AVE,42003141200,True,-79.89544,40.44693,True,0.18235184882712793,0.2900674425557524,0.6054375354034237,other,4,2,0,0,1,672.0,862.0,3.0,0.11987900880750799,0.866116814112842,0.375,0.4202866477568558,0.6,False,0.2719114730551615
3993682184,26 39TH ST|15201,ECLIPSE WHOLESALE INC,26 39TH ST,42003060300,False,-79.96621,40.47082,False,0.17317796542490652,0.27731243945528994,0.6054375354034237,other,0,0,0,0,0,1825.0,1825.0,0.0,0.0808561050846889,0.5723470496343308,0.0,0.2040465569241748,0.25,False,0.1190846484630956
255dee753a,3853 CALIFORNIA AVE|15212,MILLERS,3853 CALIFORNIA AVE,42003270100,False,-80.04172,40.48496,False,0.17317796542490652,0.27731243945528994,0.6054375354034237,other,0,0,0,0,0,1825.0,1825.0,0.0,0.2422128165302206,0.7440346537526287,0.0,0.32009552273787684,0.25,False,0.15126647026915685
a3f9df395b,1829 W LIBERTY AVE|15226,ISHREEKHODIYAR LLC WEST LIBERTY,1829 W LIBERTY AVE,42003191700,True,-80.01853,40.40565,True,0.16480422786825125,0.26552043889098503,0.6054375354034237,other,8,3,0,0,0,870.0,1328.0,4.0,0.042627103374371325,0.883716881358148,0.5,0.43216590575719294,0.25,False,0.17724888097036995
e50c0a37ff,7356 STRANAHAN ST|15206,SAMS MARKET INC,7356 STRANAHAN ST,42003130700,True,-79.88999,40.46169,True,0.07414675505300991,0.12794724412972017,0.6054375354034237,convenience_independent,2,0,0,0,0,817.0,1825.0,0.0,0.02718177918044591,0.7676684643568161,0.0,0.2411732509792232,0.25,False,0.09335745282059695
ed7149f5b9,700 E WARRINGTON AVE|15210,DOLLAR GENERAL #19007,700 E WARRINGTON AVE,42003180300,True,-79.99564,40.42152,True,0.02719555818699467,0.048721248536995845,0.6054375354034237,dollar_store,3,0,0,0,0,829.0,1825.0,0.0,0.16138471700106494,0.738801928635012,0.0,0.2861944653909296,0.25,False,0.07644375167822413
17f1f0e93d,2021 WHARTON AVE|15203,GIANT EAGLE 61,2021 WHARTON AVE,42003170200,True,-79.97712,40.43102,True,0.05734741320639665,0.10027862870196537,0.6054375354034237,supermarket,1,0,0,0,0,1825.0,1825.0,0.0,0.2377013249964185,0.6863226990771011,0.0,0.3009773397216977,0.25,False,0.09268159489765741
abbca40965,2350 NOBLESTOWN RD|15205,NOBLESTOWN TOBACCO LLC,2350 NOBLESTOWN RD,42003562800,True,-80.05586,40.4276,True,0.08523448007326748,0.1458131212564446,0.6054375354034237,tobacco_shop,3,0,0,0,0,1825.0,1825.0,0.0,0.04696522733198372,0.7619205460105308,0.0,0.24736225473595272,0.25,False,0.09856866244408101
5d33e4bde0,547 GREENFIELD AVE|15207,FRANKSTOWNE CLUB,547 GREENFIELD AVE,42003151600,False,-79.94072,40.42593,False,0.17502213815100676,0.27989015367798864,0.6054375354034237,bar_tavern,0,0,0,0,0,1825.0,1825.0,0.0,0.39858517604221333,0.7264264341858245,0.0,0.3773620006726327,0.25,False,0.16811990836049642
f62519672f,1111 LINCOLN AVE|15206,FAMILY DOLLAR #31553,1111 LINCOLN AVE,42003120300,True,-79.90076,40.46469,False,0.12106162218380062,0.2014948547843486,0.6054375354034237,dollar_store,0,0,0,0,0,1825.0,1825.0,0.0,0.1014195618603789,0.8037488140900677,0.0,0.28169246897117184,0.25,False,0.11925958312919088
cb35663a4a,2827 CHARTIERS AVE|15204,SHERADEN SHOPPE N KITCHEN,2827 CHARTIERS AVE,42003562500,True,-80.05492,40.45347,False,0.27905506302397937,0.41490707342704614,0.6054375354034237,restaurant_deli,0,0,0,0,0,1825.0,1825.0,0.0,0.4702240840840303,0.8349702950825326,0.0,0.4385807221583719,0.25,False,0.24447024389225053
12762c5c5f,3901 CALIFORNIA AVE|15212,CALIFORNIA MINI MART LLC,3901 CALIFORNIA AVE,42003270100,True,-80.04215,40.48524,True,0.11622994113581407,0.19416215158450695,0.6054375354034237,convenience_independent,1,0,0,0,0,1825.0,1825.0,0.0,0.2301183765974402,0.7440346537526287,0.0,0.3152577467647647,0.25,False,0.12371112241553034
4a41c5f59b,900 WESTERN AVE|15233,NS PUB INC,900 WESTERN AVE,42003562700,False,-80.01664,40.45195,False,0.17502213815100676,0.27989015367798864,0.6054375354034237,bar_tavern,0,0,0,0,0,1825.0,1825.0,0.0,0.08634941497632329,0.672284505936273,0.0,0.23622511777141122,0.25,False,0.12861708451564124
2eca49ab96,4401 LIBERTY AVE|15224,COMMUNITY MARKET #96,4401 LIBERTY AVE,42003090300,True,-79.95201,40.46326,True,0.24433041232907768,0.3720002519432241,0.6054375354034237,convenience_independent,5,1,0,0,0,1825.0,1825.0,1.0,0.33344695741016145,0.7168281444256652,0.125,0.3859272262917641,0.25,False,0.2060650254122859
1fb0f431b4,1519 PENN AVE|15222,REAL LUCK CAFE,1519 PENN AVE,42003020300,False,-79.98807,40.44874,False,0.27905506302397937,0.41490707342704614,0.6054375354034237,restaurant_deli,0,0,0,0,0,1825.0,1825.0,0.0,0.1012810154770248,0.5146018581037464,0.0,0.19489296362193384,0.25,False,0.14336246916790035
2db5bea69b,4328 BUTLER ST|15201,KEYSTONE VAPORS,4328 BUTLER ST,42003090200,True,-79.95984,40.47138,False,0.17317796542490652,0.27731243945528994,0.6054375354034237,other,0,0,0,0,0,1825.0,1825.0,0.0,0.27937367532395935,0.6008505317545023,0.0,0.29200462965593443,0.25,False,0.14347651618212567
41eb6802a6,1204 BRIGHTON RD # 8|15233,RIGGS RESTAURANT LOUNGE,1204 BRIGHTON RD # 8,42003565100,False,-80.0148,40.45474,False,0.17502213815100676,0.27989015367798864,0.6054375354034237,bar_tavern,0,0,0,0,0,1825.0,1825.0,0.0,0.24333808223572811,0.7334047471335758,0.0,0.317356657034364,0.25,False,0.15132500350808087
cecf92f2d0,7701 PENN AVE|15221,7701 PENN AVE,7701 PENN AVE,42003140500,True,-79.89333,40.44655,True,0.014597236269885348,0.026422006257186593,0.6054375354034237,other,6,0,0,0,0,107.0,1825.0,0.0,0.0971505960888391,0.6879702125725599,0.0,0.24525130220730357,0.07328767123287672,False,0.024801949249723714
458db2bd20,4601 CENTRE AVE|15213,SULTAN BEY,4601 CENTRE AVE,42003562000,True,-79.95186,40.45194,False,0.17317796542490652,0.27731243945528994,0.6054375354034237,other,0,0,0,0,0,1825.0,1825.0,0.0,0.23503275186267097,0.6402979720944241,0.0,0.28610249237339563,0.25,False,0.1418397800943048
6f64106028,400 SMITHFIELD ST|15222,MARKET ON SMITHFIELD INC,400 SMITHFIELD ST,42003020100,True,-79.99948,40.43885,False,0.2625579131432911,0.39477642475829994,0.6054375354034237,convenience_independent,0,0,0,0,0,1825.0,1825.0,0.0,0.2786746796636524,0.09332508171326724,0.0,0.13946739637944114,0.25,False,0.11755844011302444
d816419442,1 BIGELOW SQ|15219,7 ELEVEN STORE 36118A,1 BIGELOW SQ,42003020100,True,-79.99437,40.44019,True,0.053402255084031944,0.09367354754362102,0.6054375354034237,convenience_gas,3,0,0,0,0,916.0,1825.0,0.0,0.3439235569037617,0.09332508171326724,0.0,0.16556694727548485,0.25,False,0.07800924330726232
4da9e55b8c,3901 CALIFORNIA AVE|15212,CALIFORNIA MINI MART,3901 CALIFORNIA AVE,42003270100,True,-80.04215,40.48524,True,0.11622994113581407,0.19416215158450695,0.6054375354034237,convenience_independent,1,0,0,0,0,1825.0,1825.0,0.0,0.2301183765974402,0.7440346537526287,0.0,0.3152577467647647,0.25,False,0.12371112241553034
c2ea44d99c,909 LIBERTY AVE|15222,BEER LIME AND SUNSHINE ON LIBERTY I,909 LIBERTY AVE,42003020100,True,-79.99762,40.44303,False,0.1572771132399075,0.25479665269895696,0.6054375354034237,beer_distributor,0,0,0,0,0,1825.0,1825.0,0.0,0.835435330064668,0.09332508171326724,0.0,0.3621716565398474,0.25,False,0.1547801257887894
b0ab4cd337,6113 BROAD ST|15206,SKY IS THE LIMIT,6113 BROAD ST,42003111500,True,-79.92244,40.46205,True,0.04790265539404684,0.08439639732932903,0.6054375354034237,other,3,0,0,0,0,1539.0,1825.0,0.0,0.22471805903116177,0.7047202739385593,0.0,0.3013033057940325,0.25,False,0.0879289135124335
4173dbcfe1,7627 PENN AVE|15221,FAMILY DOLLAR #23675,7627 PENN AVE,42003140500,True,-79.89378,40.44691,False,0.12106162218380062,0.2014948547843486,0.6054375354034237,dollar_store,0,0,0,0,0,1825.0,1825.0,0.0,0.09365110659173312,0.6879702125725599,0.0,0.2438515064084612,0.25,False,0.11163482387271753
131b0100e9,300 W STATION SQUARE DR|15219,EVENT NETWORK #5016,300 W STATION SQUARE DR,42003980700,True,-80.0064,40.43443,False,0.17317796542490652,0.27731243945528994,0.6054375354034237,other,0,0,0,0,0,1825.0,1825.0,0.0,0.10572861648553361,0.7117114026775146,0.0,0.25580486739746783,0.25,False,0.13343787180252875
0a44ad48f1,808 LIBERTY AVE|15222,DHALIWAL BROS LLC,808 LIBERTY AVE,42003020100,True,-79.99886,40.44272,False,0.17317796542490652,0.27731243945528994,0.6054375354034237,other,0,0,0,0,0,1825.0,1825.0,0.0,0.7621908964712019,0.09332508171326724,0.0,0.33287388310246097,0.25,False,0.15481006855409846
7f8ea7dc83,318-320 CEDAR AVE # 91|15212,GIANT EAGLE #91,318-320 CEDAR AVE # 91,42003563202,True,-80.0001,40.45161,False,0.14140617871277453,0.23179166828741837,0.6054375354034237,supermarket,0,0,0,0,0,1825.0,1825.0,0.0,0.27612458836240666,0.6388011900037978,0.0,0.302090192346102,0.25,False,0.1325219896571701
da49b9e02d,346 N SHORE DR|15212,PITTSBURGH BURN LLC,346 N SHORE DR,42003981200,True,-80.01163,40.44587,False,0.17317796542490652,0.27731243945528994,0.6054375354034237,other,0,0,0,0,0,1825.0,1825.0,0.0,0.14884647221301825,0.7132328591666252,0.0,0.2735084466351948,0.25,False,0.13834729454803285
d901d0344a,1552 BEECHVIEW AVE|15216,DOLLAR EAGLE DISCOUNTS,1552 BEECHVIEW AVE,42003191600,True,-80.02474,40.41082,False,0.1542037006870596,0.2503837713623321,0.6054375354034237,dollar_store,0,0,0,0,0,1825.0,1825.0,0.0,0.06702059827973783,0.7745058484358244,0.0,0.25915999384264243,0.25,False,0.12738945664455958
0fe6c4322e,2504 E CARSON ST|15203,BEER LOVER CITY LLC,2504 E CARSON ST,42003160900,True,-79.9695,40.42776,False,0.1572771132399075,0.25479665269895696,0.6054375354034237,beer_distributor,0,0,0,0,0,1825.0,1825.0,0.0,0.11074668526384178,0.5408875170120783,0.0,0.2065649292091602,0.25,False,0.11513205252749102
1cde8330ec,1 VIRGINIA AVE|15211,SHREE VIJAYALAXMI INC,1 VIRGINIA AVE,42003191400,True,-80.0069,40.42923,True,0.05067467785840949,0.08908264219485475,0.6054375354034237,other,3,0,0,0,0,1825.0,1825.0,0.0,0.17433709108632023,0.6748394542863636,0.0,0.2721866727204372,0.25,False,0.08674710797616274
4bf96eafe6,4010 PENN AVE|15224,BD FRANKSTOWN INC,4010 PENN AVE,42003090300,True,-79.95753,40.46524,False,0.17317796542490652,0.27731243945528994,0.6054375354034237,other,0,0,0,0,0,1825.0,1825.0,0.0,0.46564790929349187,0.7168281444256652,0.0,0.4013076070450963,0.25,False,0.17378759148164058
34460f45e8,1125 ARLINGTON AVE|15203,DAILY MART CONVENIENCE STORE INC,1125 ARLINGTON AVE,42003180300,True,-79.99174,40.42226,True,0.11622994113581407,0.19416215158450695,0.6054375354034237,convenience_independent,1,0,0,0,0,1825.0,1825.0,0.0,0.3758099554113271,0.738801928635012,0.0,0.3719645607550345,0.25,False,0.13472143942938355
b3668586d4,5009 2ND AVE|15207,HAZELWOOD MARKET OF PITTSBURGH,5009 2ND AVE,42003562300,True,-79.94358,40.40821,True,0.09745465395253362,0.16515051011777165,0.6054375354034237,convenience_independent,1,0,0,0,0,1034.0,1825.0,0.0,0.5148880394111431,0.7612387700676759,0.0,0.4343268467847601,0.25,False,0.13422930030434638
3c7a0773ed,6 MERCY ST|15214,MERCY MARKET LLC,6 MERCY ST,42003250900,True,-80.00853,40.4624,False,0.2625579131432911,0.39477642475829994,0.6054375354034237,convenience_independent,0,0,0,0,0,1825.0,1825.0,0.0,0.14098264351831702,0.8044671723089767,0.0,0.29773320910001977,0.25,False,0.18003805182032112
a1cc4679ff,2501 BRIGHTON RD|15212,2501 BRIGHTON ROAD,2501 BRIGHTON RD,42003261500,True,-80.02499,40.46692,True,0.05093066093707115,0.0895143486216065,0.6054375354034237,other,2,0,0,0,0,1189.0,1825.0,0.0,0.25954602517996983,0.9784646737076842,0.0,0.39735781218429317,0.25,False,0.09806922572738366
51077382ee,6310 PENN AVE|15206,GIANT EAGLE #0097,6310 PENN AVE,42003111500,True,-79.91921,40.45873,False,0.14140617871277453,0.23179166828741837,0.6054375354034237,supermarket,0,0,0,0,0,1825.0,1825.0,0.0,0.1702909177318506,0.7047202739385593,0.0,0.27953244927430804,0.25,False,0.12729329275776002
411a26608f,4006 LIBERTY AVE|15224,LAXMI OIL CORPORATION,4006 LIBERTY AVE,42003090300,True,-79.95699,40.46288,True,0.17782775614891252,0.28379852281962514,0.6054375354034237,other,4,1,0,0,0,1825.0,1825.0,1.0,0.5633876514659419,0.7168281444256652,0.125,0.4779035039140763,0.25,False,0.1981283084611378
b2126929f4,1812 BROWNSVILLE RD|15210,412 TOBACCO LLC,1812 BROWNSVILLE RD,42003290100,True,-79.98777,40.39687,False,0.2677229550831438,0.40112766847798,0.6054375354034237,tobacco_shop,0,0,0,0,0,1825.0,1825.0,0.0,0.34930327880778234,0.7862311005289967,0.0,0.3755906416818119,0.25,False,0.21315979839997362
0a842b47d2,3347 FORBES AVE|15213,PITT MARKET ON FORBES INC,3347 FORBES AVE,42003040900,True,-79.96161,40.43856,False,0.2625579131432911,0.39477642475829994,0.6054375354034237,convenience_independent,0,0,0,0,0,1825.0,1825.0,0.0,0.45589274338473523,0.36793733695546643,0.0,0.292738298440534,0.25,False,0.1780661788481822
91f3991554,402 SEMPLE ST|15213,YASH DISTRIBUTOR LLC,402 SEMPLE ST,42003040600,True,-79.95487,40.43703,False,0.1572771132399075,0.25479665269895696,0.6054375354034237,beer_distributor,0,0,0,0,0,1825.0,1825.0,0.0,0.08755254714194753,0.13266940387646875,0.0,0.07482184001971964,0.25,False,0.08156435438580142
e0f7fba5d6,7338 BUTLER ST|15206,GP #902,7338 BUTLER ST,42003101400,True,-79.91987,40.4877,False,0.17317796542490652,0.27731243945528994,0.6054375354034237,other,0,0,0,0,0,1825.0,1825.0,0.0,0.013828052122572935,0.7948557042257414,0.0,0.24398793211675157,0.25,False,0.13016088865294806
74ca89ef11,54 S 12TH ST|15203,BLOOM CIGAR CO INC,54 S 12TH ST,42003170200,True,-79.98642,40.42899,True,0.11898085305432012,0.19834359441316654,0.6054375354034237,tobacco_shop,1,0,0,0,0,1825.0,1825.0,0.0,0.2905083091047773,0.6863226990771011,0.0,0.3221001333650413,0.25,False,0.1263864982125826
5e3567dfbd,501 GREENFIELD AVE|15207,YESTERDAYS,501 GREENFIELD AVE,42003151600,False,-79.94231,40.42555,False,0.17317796542490652,0.27731243945528994,0.6054375354034237,other,0,0,0,0,0,1825.0,1825.0,0.0,0.5290530553289843,0.7264264341858245,0.0,0.4295491523873411,0.25,False,0.18161932331448566
058a7b95da,1930 SPRING GARDEN AVE|15212,DOLLAR GENERAL STORE 21679,1930 SPRING GARDEN AVE,42003241300,True,-79.98629,40.46961,True,0.02989107765919249,0.053433122984607964,0.6054375354034237,dollar_store,2,0,0,0,0,857.0,1825.0,0.0,0.06253621412411803,0.7333797691870505,0.0,0.24502841640576234,0.25,False,0.07559263350853283
f65a12cda5,819 LIBERTY AVE|15222,819 LIBERTY LLC,819 LIBERTY AVE,42003020100,True,-79.99828,40.44286,True,0.22069194596646335,0.3415935061215425,0.6054375354034237,other,3,2,0,1,1,653.0,653.0,3.0,0.801858840421156,0.09332508171326724,0.375,0.4612410606824426,0.6,True,0.30755695108573466
4225e835a3,1514 E CARSON ST|15203,MARIOS SOUTHSIDE SALOON,1514 E CARSON ST,42003170200,False,-79.98293,40.42886,False,0.17502213815100676,0.27989015367798864,0.6054375354034237,bar_tavern,0,0,0,0,0,1825.0,1825.0,0.0,0.26892772134915777,0.6863226990771011,0.0,0.3134678982627934,0.25,False,0.15023657821788935
e8074cef89,4563 IRVINE ST|15207,HAZELWOOD FOOD MART,4563 IRVINE ST,42003562901,True,-79.94625,40.41509,False,0.2625579131432911,0.39477642475829994,0.6054375354034237,convenience_independent,0,0,0,0,0,1825.0,1825.0,0.0,0.2022768751571738,0.8261577208340903,0.0,0.3287580663130966,0.25,False,0.19228593402953637
14e2f48881,802 PENNSYLVANIA AVE|15233,GOLDEN MOON HAIR & BEAUTY,802 PENNSYLVANIA AVE,42003565200,True,-80.01573,40.45624,True,0.04522579816275306,0.07985126127424139,0.6054375354034237,other,4,0,0,0,0,1825.0,1825.0,0.0,0.3218634459087245,0.7731626331339565,0.0,0.36069416830367673,0.25,False,0.0913018842733121
b76b4687f4,4725 CENTRE AVE|15213,DOLLAR GENERAL # 15559,4725 CENTRE AVE,42003080400,True,-79.94901,40.45316,True,0.050589074620914026,0.08893823598205049,0.6054375354034237,dollar_store,1,0,0,0,0,1825.0,1825.0,0.0,0.21970714749483383,0.6181006386162866,0.0,0.2733130505828195,0.25,False,0.0868079805897089
41cbccf648,3601 BLVD OF THE ALLIES|15213,ONE STOP,3601 BLVD OF THE ALLIES,42003040900,True,-79.95434,40.43455,False,0.1660042587849657,0.26721919993107585,0.6054375354034237,other,0,0,0,0,0,1825.0,1825.0,0.0,0.03195274186623695,0.36793733695546643,0.0,0.1231622978331347,0.25,False,0.09541133068864313
4a3c50fa9a,2025 E CARSON ST|15203,S & S CANDY & CIGAR CO INC,2025 E CARSON ST,42003170200,False,-79.97651,40.42853,True,0.11898085305432012,0.19834359441316654,0.6054375354034237,tobacco_shop,1,0,0,0,0,1825.0,1825.0,0.0,0.578692724910509,0.6863226990771011,0.0,0.437373899687334,0.25,False,0.14925031136648956
52d9b8a6d8,3873 BRIGHTON RD|15212,BRIGHTON BEVERAGES LLC DBA BRIGHTON,3873 BRIGHTON RD,42003270100,True,-80.0368,40.48655,True,0.11994562838111637,0.19980595038236193,0.6054375354034237,beer_distributor,5,1,0,0,0,974.0,1825.0,1.0,0.5356753210133498,0.7440346537526287,0.125,0.4749805245311285,0.25,False,0.15740393511705492
6736fc1051,4104 BUTLER ST|15201,ARSENAL BEER,4104 BUTLER ST,42003090100,True,-79.96116,40.46961,False,0.1572771132399075,0.25479665269895696,0.6054375354034237,beer_distributor,0,0,0,0,0,1825.0,1825.0,0.0,0.462342500547382,0.5314299337229274,0.0,0.344365980335831,0.25,False,0.15024329909296458
a2c8408bd5,116 SMITHFIELD ST|15222,EXOTIC PUFF SMOKE SHOP INC,116 SMITHFIELD ST,42003020100,True,-80.0003,40.43766,False,0.2677229550831438,0.40112766847798,0.6054375354034237,tobacco_shop,0,0,0,0,0,1825.0,1825.0,0.0,0.2622238747215618,0.09332508171326724,0.0,0.1328870744026049,0.25,False,0.11580468232597675
a2b76cf8b1,4634 CENTRE AVE|15213,WILD SIDE SMOKE SHOP,4634 CENTRE AVE,42003562000,True,-79.95068,40.45229,False,0.2677229550831438,0.40112766847798,0.6054375354034237,tobacco_shop,0,0,0,0,0,1825.0,1825.0,0.0,0.20016135011318342,0.6402979720944241,0.0,0.2721539316736006,0.25,False,0.17166847207934688
b29086fd94,928 CHARTIERS AVE|15220,ELLIOTTS TOWN MARKET,928 CHARTIERS AVE,42003562600,True,-80.04051,40.44385,True,0.24433041232907768,0.3720002519432241,0.6054375354034237,convenience_independent,5,1,0,0,0,1825.0,1825.0,1.0,0.19431287924751542,0.742739580275734,0.125,0.3380470257817263,0.25,False,0.18825357875945975
3b780d1653,2020 WHARTON ST|15203,FAMILY DOLLAR #25250,2020 WHARTON ST,42003170200,True,-79.97679,40.43037,True,0.03703226043403495,0.06581707669454338,0.6054375354034237,dollar_store,2,0,0,0,0,1523.0,1825.0,0.0,0.4378489297607596,0.6863226990771011,0.0,0.38103638162743414,0.25,False,0.08757870075298413
2f18c45326,1635 W CARSON ST|15219,CONTROVERSY,1635 W CARSON ST,42003980700,False,-80.02338,40.44233,False,0.17317796542490652,0.27731243945528994,0.6054375354034237,other,0,0,0,0,0,1825.0,1825.0,0.0,0.033484758164786424,0.7117114026775146,0.0,0.22690732406916897,0.25,False,0.1254242235678933
7f4ef8a566,1435 SPRING GARDEN AVE|15212,MOMBA PHARMACY SERVICES LLC,1435 SPRING GARDEN AVE,42003241300,True,-79.98691,40.46269,False,0.10095836455840984,0.17062791910983868,0.6054375354034237,pharmacy,0,0,0,0,0,1825.0,1825.0,0.0,0.5454688738126491,0.7333797691870505,0.0,0.4382014802811748,0.25,False,0.13726940673122787
c9a65ffc5a,1001 WESTERN AVE|15233,7 ELEVEN STORE 36140B,1001 WESTERN AVE,42003980600,True,-80.01934,40.45114,True,0.06087777945177497,0.10615426320328238,0.6054375354034237,convenience_gas,4,0,0,0,0,1825.0,1825.0,0.0,0.1532922898123245,0.7132267923784239,0.0,0.27528495363845695,0.25,False,0.09172267142444014
4acf20113b,117 S 18TH ST|15203,GETGO #3117,117 S 18TH ST,42003170200,True,-79.98066,40.42756,True,0.09409552633828074,0.15987132069842733,0.6054375354034237,convenience_gas,1,0,0,0,0,1825.0,1825.0,0.0,0.4285537589190166,0.6863226990771011,0.0,0.37731831329073695,0.25,False,0.12282237706949309
7a802670b4,2116 BROWNSVILLE RD|15210,FAMILY DOLLAR #32168,2116 BROWNSVILLE RD,42003290100,True,-79.98658,40.39266,True,0.0304534072978784,0.05441349868641432,0.6054375354034237,dollar_store,2,0,0,0,0,850.0,1825.0,0.0,0.30365025922914,0.7862311005289967,0.0,0.357329433850355,0.25,False,0.08194354467943346
cc38031922,3245 BRIGHTON RD|15212,HANINIS MARKET AND SUBS,3245 BRIGHTON RD,42003271600,True,-80.03172,40.47642,True,0.04718445152241234,0.0831788443936435,0.6054375354034237,restaurant_deli,6,0,0,0,0,594.0,1825.0,0.0,0.21898262615196892,0.805935761962737,0.0,0.32937377904960863,0.25,False,0.0898969303149137
f391fe54fa,3889 BRIGHTON RD|15212,SADHI LLC,3889 BRIGHTON RD,42003270100,True,-80.03711,40.48663,False,0.17317796542490652,0.27731243945528994,0.6054375354034237,other,0,0,0,0,0,1825.0,1825.0,0.0,0.5089128015361272,0.7440346537526287,0.0,0.4267755167402395,0.25,False,0.18085015964702775
fb5850bb86,1860 CENTRE AVE|15219,SK & NK INC ABE'S MARKET,1860 CENTRE AVE,42003030500,True,-79.98093,40.44253,True,0.08319013163820144,0.14254220306024612,0.6054375354034237,convenience_independent,3,0,0,0,0,1825.0,1825.0,0.0,0.2942001231956316,0.7410580842057994,0.0,0.3399974745399925,0.25,False,0.11096398905585048
184a9582d6,1748 CHISLETT ST|15206,MORNINGSIDE MINI MART INC,1748 CHISLETT ST,42003101400,True,-79.92591,40.48533,True,0.19699081188977205,0.3100743922550394,0.6054375354034237,convenience_independent,5,1,0,0,0,1039.0,1544.0,1.0,0.1808113348577302,0.7948557042257414,0.125,0.34828124521081444,0.25,False,0.17049309544257163
982684387a,19 27TH ST|15222,NADINES,19 27TH ST,42003020300,False,-79.97911,40.45767,False,0.17317796542490652,0.27731243945528994,0.6054375354034237,other,0,0,0,0,0,1825.0,1825.0,0.0,0.04742463624492034,0.5146018581037464,0.0,0.17335041192909206,0.25,False,0.11057222561263591
da6bbafcf8,214 N CRAIG ST|15213,STORE,214 N CRAIG ST,42003562000,True,-79.95105,40.45031,True,0.39927144045902807,0.549075451299473,0.6054375354034237,convenience_independent,1,1,0,0,1,863.0,863.0,1.0,0.5112344086186307,0.6402979720944241,0.125,0.4340831550757795,0.6,False,0.3883444042747327
3c0750017c,2010 MURRAY AVE|15217,GWC VAPE SHOP,2010 MURRAY AVE,42003141300,True,-79.9229,40.43436,True,0.11898085305432012,0.19834359441316654,0.6054375354034237,tobacco_shop,1,0,0,0,0,1825.0,1825.0,0.0,0.2597159767390399,0.6941456169145654,0.0,0.3121300757699856,0.25,False,0.12440900115267296
4459a413be,514 N HIGHLAND AVE|15206,HIGHLAND APLUS,514 N HIGHLAND AVE,42003111300,True,-79.92253,40.46639,True,0.04284886615858956,0.07579899273596735,0.6054375354034237,other,4,0,0,0,0,1551.0,1825.0,0.0,0.46139752364839726,0.7597830659714352,0.0,0.4124939292507894,0.25,False,0.09376662434691121
93d09e4938,504 OAK HILL DR|15213,ARNISH INC,504 OAK HILL DR,42003051000,True,-79.96993,40.44328,True,0.058619161686066824,0.10239900895059396,0.6054375354034237,other,2,0,0,0,0,1825.0,1825.0,0.0,0.34358622546040324,0.4969584242035692,0.0,0.2865220174452321,0.25,False,0.09183957062891657
d0eacac54c,939 WESTERN AVE|15233,THE 1864 CLUB BY VILLAGIO LLC,939 WESTERN AVE,42003562700,True,-80.018,40.45168,False,0.17502213815100676,0.27989015367798864,0.6054375354034237,bar_tavern,0,0,0,0,0,1825.0,1825.0,0.0,0.06050963045752986,0.672284505936273,0.0,0.22588920396389384,0.25,False,0.12572416401165276
31b8ce7a65,2176 WEBSTER AVE|15219,JAY'S LOUNGE,2176 WEBSTER AVE,42003050100,True,-79.97797,40.44727,False,0.17502213815100676,0.27989015367798864,0.6054375354034237,bar_tavern,0,0,0,0,0,1825.0,1825.0,0.0,0.43653198595916964,0.7391637989572319,0.0,0.3963619340708374,0.25,False,0.1734378026391915
56956bb122,1130 HIGHWOOD ST|15212,KUHNS MARKETS,1130 HIGHWOOD ST,42003271600,True,-80.02657,40.46827,True,0.2542347449320463,0.38444695308481236,0.6054375354034237,convenience_independent,7,2,0,0,0,1189.0,1825.0,2.0,0.08874960609556319,0.805935761962737,0.25,0.35228057102704635,0.25,False,0.1979331921623258
81a3386efa,3505 BUTLER ST|15201,AT VAPE AND WELLNESS 105 INC,3505 BUTLER ST,42003060300,True,-79.96618,40.46414,False,0.2677229550831438,0.40112766847798,0.6054375354034237,tobacco_shop,0,0,0,0,0,1825.0,1825.0,0.0,0.17831832044277618,0.5723470496343308,0.0,0.2430314430674097,0.25,False,0.159986636124469
ccd4568bd5,905 LIBERTY AVE|15222,MARKET ON LIBERTY INC,905 LIBERTY AVE,42003020100,True,-79.99771,40.44301,False,0.2625579131432911,0.39477642475829994,0.6054375354034237,convenience_independent,0,0,0,0,0,1825.0,1825.0,0.0,0.8325757216858856,0.09332508171326724,0.0,0.36102781318833443,0.25,False,0.20502526932879808
2c15a04bf3,2625 BROWNSVILLE RD|15227,KRAM 786 LLC,2625 BROWNSVILLE RD,42003290400,True,-79.97824,40.38501,True,0.11956772911644781,0.1992334048425903,0.6054375354034237,other,7,1,0,0,0,1193.0,1825.0,1.0,0.04835927391914745,0.7281021089553952,0.125,0.27527434225427755,0.25,False,0.11734384447312424
86ebf86486,3100 LIBERTY AVE|15201,CHEERLEADERS,3100 LIBERTY AVE,42003060500,False,-79.97053,40.45892,False,0.17317796542490652,0.27731243945528994,0.6054375354034237,other,0,0,0,0,0,1825.0,1825.0,0.0,0.2073768248600337,0.4981340128189892,0.0,0.23239093378971024,0.25,False,0.12694489675651732
f610e6cb8e,26 39TH ST|15201,ECLIPSE WHOLESALE INC,26 39TH ST,42003060300,False,-79.96621,40.47082,False,0.17317796542490652,0.27731243945528994,0.6054375354034237,other,0,0,0,0,0,1825.0,1825.0,0.0,0.0808561050846889,0.5723470496343308,0.0,0.2040465569241748,0.25,False,0.1190846484630956
016ad79102,351 STANHOPE ST|15204,MCKEES ROCKS SUNOCO A PLUS,351 STANHOPE ST,42003562500,True,-80.05631,40.46346,True,0.10655112118181435,0.17931038207888245,0.6054375354034237,convenience_gas,1,0,0,0,0,1825.0,1825.0,0.0,0.1010699513157366,0.8349702950825326,0.0,0.2909190690510544,0.25,False,0.11466480942557736
f5f9cf0a97,7356 STRANAHAN ST|15206,SAMS MARKET,7356 STRANAHAN ST,42003130700,True,-79.88999,40.46169,True,0.07414675505300991,0.12794724412972017,0.6054375354034237,convenience_independent,2,0,0,0,0,817.0,1825.0,0.0,0.02718177918044591,0.7676684643568161,0.0,0.2411732509792232,0.25,False,0.09335745282059695
3eaa4cc87a,631 SUISMON ST|15212,YMR CLUB,631 SUISMON ST,42003563202,False,-79.99863,40.45557,False,0.17502213815100676,0.27989015367798864,0.6054375354034237,bar_tavern,0,0,0,0,0,1825.0,1825.0,0.0,0.5364303750860762,0.6388011900037978,0.0,0.40621250703556977,0.25,False,0.17619488102010666
73a03a9415,5001 2ND AVE STE A|15207,GO GO'S MARKET,5001 2ND AVE STE A,42003562300,True,-79.94365,40.40844,False,0.2625579131432911,0.39477642475829994,0.6054375354034237,convenience_independent,0,0,0,0,0,1825.0,1825.0,0.0,0.49990504144271,0.7612387700676759,0.0,0.4283336475973868,0.25,False,0.23159602600217793
26d8fef087,838 E WARRINGTON AVE|15210,KESARI LLC,838 E WARRINGTON AVE,42003180300,True,-79.99208,40.4218,True,0.14644476883575772,0.23915380219267168,0.6054375354034237,other,6,1,0,0,0,1825.0,1825.0,1.0,0.2215823284987541,0.738801928635012,0.125,0.3477735099900052,0.25,False,0.14567135721600083
c904a57850,207 SHILOH ST BLDG 1|15211,HAPPY DRAGON MT WASHINGTON,207 SHILOH ST BLDG 1,42003191400,True,-80.0074,40.43038,False,0.17317796542490652,0.27731243945528994,0.6054375354034237,other,0,0,0,0,0,1825.0,1825.0,0.0,0.1528779647953365,0.6748394542863636,0.0,0.2636030222040437,0.25,False,0.13560039713519031
2b9b48a111,5804 FORBES AVE|15217,SMOKE CONNECTION,5804 FORBES AVE,42003140300,True,-79.92256,40.43806,False,0.2677229550831438,0.40112766847798,0.6054375354034237,tobacco_shop,0,0,0,0,0,1825.0,1825.0,0.0,0.564871082701365,0.820061040995748,0.0,0.4719667453792704,0.25,False,0.2518189201731272
41446119e7,925 CHARTIERS AVE|15220,DUTCH CLUB,925 CHARTIERS AVE,42003562600,False,-80.04037,40.44373,False,0.17502213815100676,0.27989015367798864,0.6054375354034237,bar_tavern,0,0,0,0,0,1825.0,1825.0,0.0,0.20389880229481191,0.742739580275734,0.0,0.3043813950006449,0.25,False,0.14769335542345108
bc3c29d28f,501 GREENFIELD AVE|15207,YESTERDAY'S BAR AND GRILL,501 GREENFIELD AVE,42003151600,False,-79.94231,40.42555,False,0.17502213815100676,0.27989015367798864,0.6054375354034237,bar_tavern,0,0,0,0,0,1825.0,1825.0,0.0,0.5290530553289843,0.7264264341858245,0.0,0.4295491523873411,0.25,False,0.18272657827394267
38b6d8b596,6001 BUTTERMILK HOLLOW RD|15207,SHOP N GO ONE,6001 BUTTERMILK HOLLOW RD,42003310200,True,-79.90737,40.3627,True,0.11622994113581407,0.19416215158450695,0.6054375354034237,convenience_independent,1,0,0,0,0,1825.0,1825.0,0.0,0.11311561056008808,0.7620167804815162,0.0,0.2738512783684901,0.25,False,0.11567155342219379
c439e5f780,1006 LINCOLN AVE|15206,HOMIES SMOKE PLUS INC,1006 LINCOLN AVE,42003120300,True,-79.90159,40.46401,False,0.2677229550831438,0.40112766847798,0.6054375354034237,tobacco_shop,0,0,0,0,0,1825.0,1825.0,0.0,0.16965063601503275,0.8037488140900677,0.0,0.3089848986330334,0.25,False,0.18644239198357368
3fc515ab26,3117 BRERETON ST|15219,GOOSKIS,3117 BRERETON ST,42003060500,False,-79.96643,40.4567,True,0.07032394471453625,0.12171527602172699,0.6054375354034237,other,1,0,0,0,0,1825.0,1825.0,0.0,0.2373133428988853,0.4981340128189892,0.0,0.24436554100525087,0.25,False,0.09224301927365275
20f2c7b46e,721 BROOKLINE BLVD|15226,MAHAVIR ENTERPRISE INC,721 BROOKLINE BLVD,42003191900,True,-80.02095,40.39446,True,0.04070591483185849,0.0721323323884537,0.6054375354034237,other,5,0,0,0,0,1761.0,1825.0,0.0,0.2959907418836151,0.7366812573162415,0.0,0.33940067394831847,0.25,False,0.0869817622261053
122af35b54,2112 E CARSON ST STE A|15203,BUDDYS BREWS ON CARSON,2112 E CARSON ST STE A,42003160900,True,-79.97561,40.42848,False,0.17317796542490652,0.27731243945528994,0.6054375354034237,other,0,0,0,0,0,1825.0,1825.0,0.0,0.5409875032852982,0.5408875170120783,0.0,0.37866125641774273,0.25,False,0.1675074767444093
47824448f0,433 MARKET ST|15222,SMOKING STARZ,433 MARKET ST,42003020100,True,-80.00229,40.44108,False,0.17317796542490652,0.27731243945528994,0.6054375354034237,other,0,0,0,0,0,1825.0,1825.0,0.0,0.5113200897732927,0.09332508171326724,0.0,0.23252556042329725,0.25,False,0.12698223039669299
fc583edd5e,4605 CENTRE AVE|15213,BOMBAY FOOD MARKET,4605 CENTRE AVE,42003562000,True,-79.95171,40.45198,False,0.2625579131432911,0.39477642475829994,0.6054375354034237,convenience_independent,0,0,0,0,0,1825.0,1825.0,0.0,0.2589741082164452,0.6402979720944241,0.0,0.2956790349149053,0.25,False,0.17922711227969085
91baeffe8c,418 SEMPLE ST|15213,FINN MCCOOL'S OAKLAND,418 SEMPLE ST,42003040600,False,-79.95442,40.43665,False,0.17317796542490652,0.27731243945528994,0.6054375354034237,other,0,0,0,0,0,1825.0,1825.0,0.0,0.08817125407162538,0.13266940387646875,0.0,0.07506932279159079,0.25,False,0.08331765703159263
300ab2814d,1409 E CARSON ST|15203,GLASS GALLERY & WELLNESS,1409 E CARSON ST,42003170200,True,-79.98373,40.42885,False,0.17317796542490652,0.27731243945528994,0.6054375354034237,other,0,0,0,0,0,1825.0,1825.0,0.0,0.2685241988721006,0.6863226990771011,0.0,0.3133064892719706,0.25,False,0.14938378683718279
04d23544ec,4900 PENN AVE|15224,HUSHAMI & PATEL LLC,4900 PENN AVE,42003101900,True,-79.94482,40.46527,True,0.14521908232508848,0.23736796007072913,0.6054375354034237,other,6,1,0,0,0,1774.0,1825.0,1.0,0.21643861061614417,0.7693237966830971,0.125,0.35487258325138676,0.25,False,0.14673538117141166
67d04f213f,1 AMANDA AVE|15210,TAGS,1 AMANDA AVE,42003300100,False,-79.98823,40.41842,False,0.17317796542490652,0.27731243945528994,0.6054375354034237,other,0,0,0,0,0,1825.0,1825.0,0.0,0.10326682517993477,0.7989329321808858,0.0,0.2809866097262397,0.25,False,0.14042108219745503
6df6a4ba0c,4521 CENTRE AVE|15213,K & T FISH AND CHICKEN INC,4521 CENTRE AVE,42003562000,True,-79.95245,40.45176,False,0.17317796542490652,0.27731243945528994,0.6054375354034237,other,0,0,0,0,0,1825.0,1825.0,0.0,0.2316218754448428,0.6402979720944241,0.0,0.28473814180626433,0.25,False,0.14146142871026143
3b54bbe53e,310 CEDAR AVE|15212,7-ELEVEN STORE #40243A,310 CEDAR AVE,42003563202,True,-80.00081,40.45117,True,0.04719486328779122,0.08319650519942837,0.6054375354034237,convenience_gas,5,0,0,0,0,1177.0,1825.0,0.0,0.2687264200461344,0.6388011900037978,0.0,0.2991309250195931,0.25,False,0.0873866475587024
8654e97704,2121 NOBLESTOWN RD STE 222|15205,SUPER BEER WORLD LLC,2121 NOBLESTOWN RD STE 222,42003563100,True,-80.05229,40.42947,True,0.05256811395275722,0.09227168706445066,0.6054375354034237,beer_distributor,2,0,0,0,0,1825.0,1825.0,0.0,0.43996576382903485,0.7652306849873745,0.0,0.4055555110278263,0.25,False,0.09992129120082295
fe32d00e25,4205 MURRAY AVE|15217,GREENFIELD TOBACCO SHOP LLC,4205 MURRAY AVE,42003151700,True,-79.92873,40.42296,True,0.15150206005903488,0.24648813634295821,0.6054375354034237,tobacco_shop,6,1,0,0,0,411.0,1825.0,1.0,0.261238008287541,0.7053639394313544,0.125,0.3536043851444227,0.25,False,0.14965928589694638
89d9b9b81c,1917 CENTRE AVE|15219,FAMILY DOLLAR #27199,1917 CENTRE AVE,42003030500,True,-79.98045,40.44355,True,0.022768132885525053,0.04093691874223396,0.6054375354034237,dollar_store,2,1,1,1,1,65.0,65.0,1.0,0.33914145531653916,0.7410580842057994,0.125,0.3954740073883555,0.10684931506849314,True,0.042901816072246024
773f744880,1318 FEDERAL ST|15212,SAAD UNITED INC,1318 FEDERAL ST,42003565100,True,-80.00721,40.45721,False,0.17317796542490652,0.27731243945528994,0.6054375354034237,other,0,0,0,0,0,1825.0,1825.0,0.0,0.30840464945415225,0.7334047471335758,0.0,0.3433832839217337,0.25,False,0.1577244561325044
0a086baa89,355 5TH AVE|15222,BEER BUDDY LLC,355 5TH AVE,42003020100,True,-79.99896,40.44019,False,0.1572771132399075,0.25479665269895696,0.6054375354034237,beer_distributor,0,0,0,0,0,1825.0,1825.0,0.0,0.3304029296687595,0.09332508171326724,0.0,0.16015869638148397,0.25,False,0.10330789973863067
665ac3dedc,318-320 CEDAR AVE|15212,GIANT EAGLE INC,318-320 CEDAR AVE,42003563202,True,-80.0001,40.45161,False,0.15846285862091888,0.25649384444370454,0.6054375354034237,supermarket,0,0,0,0,0,1825.0,1825.0,0.0,0.27612458836240666,0.6388011900037978,0.0,0.302090192346102,0.25,False,0.13998427480358988
0ee2b1a81e,5801 FORWARD AVE|15217,GETGO #3038,5801 FORWARD AVE,42003140800,True,-79.92317,40.42999,True,0.181437556970919,0.2888038377869996,0.6054375354034237,convenience_gas,8,2,0,0,0,813.0,1825.0,3.0,0.16794439432363037,0.9264890885139383,0.375,0.4576244842836336,0.25,False,0.19466370732640986
e810bac3a0,418 SEMPLE ST|15213,FINN MCCOOL'S OAKLAND,418 SEMPLE ST,42003040600,True,-79.95442,40.43665,False,0.17317796542490652,0.27731243945528994,0.6054375354034237,other,0,0,0,0,0,1825.0,1825.0,0.0,0.08817125407162538,0.13266940387646875,0.0,0.07506932279159079,0.25,False,0.08331765703159263
d976c4c2e4,211 N SHORE DR|15212,MCFADDENS,211 N SHORE DR,42003981200,False,-80.00763,40.4466,False,0.17317796542490652,0.27731243945528994,0.6054375354034237,other,0,0,0,0,0,1825.0,1825.0,0.0,0.2284100971468148,0.7132328591666252,0.0,0.30533389660871346,0.25,False,0.1471728877169516
037e34ef6f,2414 BROWNSVILLE RD|15210,DONUT CONNECTION,2414 BROWNSVILLE RD,42003290400,True,-79.98229,40.38686,True,0.24073651435718021,0.3674415669285279,0.6054375354034237,restaurant_deli,6,1,0,0,0,1825.0,1825.0,1.0,0.293605165459153,0.7281021089553952,0.125,0.37337269887027974,0.25,False,0.199692649521229
7a7279d343,1215 BRIGHTON RD # 19008|15233,DOLLAR GENERAL #19008,1215 BRIGHTON RD # 19008,42003565100,True,-80.01531,40.45513,False,0.12606641379207106,0.20903401285490059,0.6054375354034237,dollar_store,0,0,0,0,0,1825.0,1825.0,0.0,0.2610859658982792,0.7334047471335758,0.0,0.32445581049938443,0.25,False,0.1303223000627755
145c98a000,4420 BROWNS HILL RD|15217,SPEEDWAY 2902,4420 BROWNS HILL RD,42003151700,True,-79.9274,40.4194,True,0.030815402320038314,0.0550441341365543,0.6054375354034237,convenience_gas,5,0,0,0,0,416.0,1825.0,0.0,0.07087179089659155,0.7053639394313544,0.0,0.23995789818804295,0.25,False,0.07570827473498827
4c4169ffde,2903 BRIGHTON RD|15212,K STOP CONVENIENCE,2903 BRIGHTON RD,42003271600,True,-80.02716,40.47163,True,0.21513624415407623,0.33429983052539475,0.6054375354034237,convenience_independent,7,2,0,1,1,688.0,688.0,2.0,0.1429578656225276,0.805935761962737,0.25,0.3739638748378321,0.6,True,0.27501605998090717
6d813611a0,325 6TH AVE|15222,DUQUESNE CLUB,325 6TH AVE,42003020100,True,-79.99868,40.44181,False,0.17502213815100676,0.27989015367798864,0.6054375354034237,bar_tavern,0,0,0,0,0,1825.0,1825.0,0.0,0.6112304769611608,0.09332508171326724,0.0,0.2724897152984445,0.25,False,0.138767188290553
2bcdfcf786,2222 WEBSTER AVE|15219,WHITE NILE MINI MARKET,2222 WEBSTER AVE,42003050100,True,-79.97705,40.44766,True,0.11622994113581407,0.19416215158450695,0.6054375354034237,convenience_independent,1,0,0,0,0,1825.0,1825.0,0.0,0.2962975645180228,0.7391637989572319,0.0,0.3402681654943787,0.25,False,0.12856719912810166
188115e37e,5724 ELLSWORTH AVE|15232,S R CONVENIENCE STORES LLC,5724 ELLSWORTH AVE,42003070500,True,-79.93149,40.45515,True,0.2688272709880781,0.4024798124432795,0.6054375354034237,convenience_independent,4,1,0,0,0,1825.0,1825.0,1.0,0.3777540317578362,0.6216395123842237,0.125,0.3750934664184016,0.25,False,0.21346754801277784
64d85fddce,3639 CALIFORNIA AVE|15212,TOM FRIDAY MARKET,3639 CALIFORNIA AVE,42003270100,True,-80.04145,40.48126,True,0.08319013163820144,0.14254220306024612,0.6054375354034237,convenience_independent,3,0,0,0,0,1825.0,1825.0,0.0,0.44775460354008795,0.7440346537526287,0.0,0.40231223754182377,0.25,False,0.1198464726573086
3e69cc5879,5880 1/2 FORBES AVE|15217,MAHER INC,5880 1/2 FORBES AVE,42003140300,True,-79.91977,40.43805,True,0.1857060996237755,0.29468895207183987,0.6054375354034237,other,11,4,0,0,2,575.0,794.0,6.0,0.3960991185382572,0.820061040995748,0.75,0.6294579597140273,0.8,False,0.38549430652140515
8e61ab27bb,533 BROOKLINE BLVD|15226,BROOKLINE SUNOCO,533 BROOKLINE BLVD,42003191900,True,-80.02271,40.39573,True,0.2988634267705017,0.43849347667032523,0.6054375354034237,convenience_gas,4,2,0,1,2,607.0,607.0,3.0,0.4757692516858719,0.7366812573162415,0.375,0.5238120778692212,0.8,True,0.4296881791467819
cf96bbb6b9,1312 BENTON AVE|15212,WAAD 2 LLC,1312 BENTON AVE,42003270100,True,-80.03642,40.48432,False,0.17317796542490652,0.27731243945528994,0.6054375354034237,other,0,0,0,0,0,1825.0,1825.0,0.0,0.4188022783379302,0.7440346537526287,0.0,0.39073130746096074,0.25,False,0.17085465204355393
d8662a142f,1314 E CARSON ST|15203,DEES CAFE 314 1316 E CARSON ST INC,1314 E CARSON ST,42003170200,True,-79.98464,40.42882,False,0.27905506302397937,0.41490707342704614,0.6054375354034237,restaurant_deli,0,0,0,0,0,1825.0,1825.0,0.0,0.28138291304889146,0.6863226990771011,0.0,0.3184499749426869,0.25,False,0.1946271471363864
bc2ca661d0,115 SMITHFIELD ST|15222,SMITHFIELD NEWS,115 SMITHFIELD ST,42003020100,True,-80.00031,40.43764,True,0.054182252466626266,0.0949827292387795,0.6054375354034237,news,3,0,0,0,0,1017.0,1825.0,0.0,0.26183916185750694,0.09332508171326724,0.0,0.13273318925698294,0.25,False,0.07510736057619569
b9c81cf95a,5136 PENN AVE|15224,PEOPLE'S GROCERY,5136 PENN AVE,42003101900,True,-79.94128,40.46478,True,0.08319013163820144,0.14254220306024612,0.6054375354034237,convenience_independent,3,0,0,0,0,1825.0,1825.0,0.0,0.24628710185386457,0.7693237966830971,0.0,0.32931197974647497,0.25,False,0.1094408550871937
beb684ec65,3825 PENN AVE|15201,TAKE A BREAK,3825 PENN AVE,42003060300,False,-79.96058,40.46473,False,0.17317796542490652,0.27731243945528994,0.6054375354034237,other,0,0,0,0,0,1825.0,1825.0,0.0,0.3316780599447928,0.5723470496343308,0.0,0.3043753388682164,0.25,False,0.1469070677315756
42e651173f,280 MOREWOOD AVE|15213,MEDUSA'S LAIR,280 MOREWOOD AVE,42003080400,False,-79.94512,40.45459,False,0.17317796542490652,0.27731243945528994,0.6054375354034237,other,0,0,0,0,0,1825.0,1825.0,0.0,0.04876389765411099,0.6181006386162866,0.0,0.20493575064653036,0.25,False,0.11933123294339035
0304e471df,4924 BAUM BLVD|15213,GETGO #3064,4924 BAUM BLVD,42003080400,True,-79.9453,40.45468,True,0.06687160905166736,0.1160549854476912,0.6054375354034237,convenience_gas,3,0,0,0,0,1825.0,1825.0,0.0,0.048150111345601404,0.6181006386162866,0.0,0.20469023612312653,0.25,False,0.08625532237455392
808091b81b,2900 BANKSVILLE RD UKANI BROTHERS INC|15216,BP GAS STATION,2900 BANKSVILLE RD UKANI BROTHERS INC,42003202300,True,-80.04132,40.40307,False,0.23012053839518093,0.3538420909761143,0.6054375354034237,convenience_gas,0,0,0,0,0,1825.0,1825.0,0.0,0.05675821778640699,0.7352578798418624,0.0,0.24328065106712152,0.25,False,0.14858293426762073
69f05125cc,400 CHERRY WAY STE 3|15219,UTSAV S NEWS LLC,400 CHERRY WAY STE 3,42003020100,True,-79.99848,40.43869,True,0.18080366702352196,0.28792678388303183,0.6054375354034237,news,3,1,0,0,1,638.0,942.0,1.0,0.2734675829470592,0.09332508171326724,0.125,0.17488455769280387,0.6,False,0.20035394824729555
2f1575c8b5,1018 W NORTH AVE|15233,STREET MARKET INC,1018 W NORTH AVE,42003565200,True,-80.02003,40.45313,True,0.07844377319603864,0.13490784147484616,0.6054375354034237,convenience_independent,2,0,0,0,0,974.0,1825.0,0.0,0.21315927201087947,0.7731626331339565,0.0,0.3172124987445387,0.25,False,0.10529445349446806
53e351c198,3601 BLVD OF THE ALLIES|15213,ONE STOP,3601 BLVD OF THE ALLIES,42003040900,True,-79.95434,40.43455,False,0.1660042587849657,0.26721919993107585,0.6054375354034237,other,0,0,0,0,0,1825.0,1825.0,0.0,0.03195274186623695,0.36793733695546643,0.0,0.1231622978331347,0.25,False,0.09541133068864313
33f8c693f7,5482 PENN AVE|15206,GROCERY KART,5482 PENN AVE,42003080700,True,-79.9326,40.46415,True,0.07124217705358367,0.12321559906027137,0.6054375354034237,convenience_independent,4,0,0,0,0,1587.0,1825.0,0.0,0.13410175080153716,0.6683028173355946,0.0,0.25413154552129325,0.25,False,0.09381297062151878
9f4a7ff2f8,137 6TH ST|15222,BRIDGES AND BOTTLES ON SIXTH INC,137 6TH ST,42003020100,True,-80.00236,40.44317,False,0.17317796542490652,0.27731243945528994,0.6054375354034237,other,0,0,0,0,0,1825.0,1825.0,0.0,0.3311600589310381,0.09332508171326724,0.0,0.1604615480863954,0.25,False,0.10699798333861062
debdbaf26d,275 OAKVILLE DR|15220,MJS CONVENIENCE STORE INC,275 OAKVILLE DR,42003202300,True,-80.03849,40.4187,False,0.2625579131432911,0.39477642475829994,0.6054375354034237,convenience_independent,0,0,0,0,0,1825.0,1825.0,0.0,0.25315365771198906,0.7352578798418624,0.0,0.32183882703735434,0.25,False,0.18955438148621162
cd07ff1465,1100 BROWNSVILLE RD|15210,THREE,1100 BROWNSVILLE RD,42003290100,True,-79.99087,40.40489,False,0.17317796542490652,0.27731243945528994,0.6054375354034237,other,0,0,0,0,0,1825.0,1825.0,0.0,0.031118356237887942,0.7862311005289967,0.0,0.24831667265385415,0.25,False,0.13136130225106096
c54ca7b54f,2228 CENTRE AVE|15219,CENTRE AVE. MARKET,2228 CENTRE AVE,42003050100,True,-79.97495,40.44524,False,0.2625579131432911,0.39477642475829994,0.6054375354034237,convenience_independent,0,0,0,0,0,1825.0,1825.0,0.0,0.5686435594887307,0.7391637989572319,0.0,0.44920656348266186,0.25,False,0.23983616110964753
0753dca377,142 CHARTIERS AVE|15136,MAX BEAUTY OF PITTSBURGH,142 CHARTIERS AVE,42003562500,True,-80.05704,40.46365,False,0.17317796542490652,0.27731243945528994,0.6054375354034237,other,0,0,0,0,0,1825.0,1825.0,0.0,0.11444156285401676,0.8349702950825326,0.0,0.29626771366636645,0.25,False,0.14465872240866143
8896e009a0,2168 CENTRE AVE|15219,RED WOLF TRADING INC,2168 CENTRE AVE,42003050100,True,-79.9765,40.44532,False,0.17317796542490652,0.27731243945528994,0.6054375354034237,other,0,0,0,0,0,1825.0,1825.0,0.0,0.5458635151462579,0.7391637989572319,0.0,0.44009454574567275,0.25,False,0.18454369207170018
efa48c4b2a,6680 FRANKSTOWN AVE|15206,BD FRANKSTOWN INC,6680 FRANKSTOWN AVE,42003120900,True,-79.90852,40.45866,True,0.11685276269808573,0.1951103809682404,0.6054375354034237,other,6,1,0,0,0,1089.0,1544.0,1.0,0.20996909064373193,0.7822631966402399,0.125,0.35616659524956473,0.25,False,0.13199180008730366
6f3919f0d8,237 S MATHILDA ST|15224,SHANNON PLUE,237 S MATHILDA ST,42003080900,False,-79.94664,40.46401,False,0.17317796542490652,0.27731243945528994,0.6054375354034237,other,0,0,0,0,0,1825.0,1825.0,0.0,0.16370851554823435,0.6527780596703082,0.0,0.2613168241203862,0.25,False,0.13496640596753323
2c16edccfc,4260 EVERGREEN RD|15214,DAVE S BP LLC,4260 EVERGREEN RD,42003261300,True,-80.00793,40.49587,True,0.22672085201798622,0.3494442330206389,0.6054375354034237,convenience_gas,5,1,0,0,0,1825.0,1825.0,1.0,0.007195413708297909,1.0,0.125,0.3403781654833191,0.25,False,0.18144318697429054
b39c7d161a,3247 E CARSON ST|15203,GETGO #3003,3247 E CARSON ST,42003160900,True,-79.96016,40.4231,True,0.09409552633828074,0.15987132069842733,0.6054375354034237,convenience_gas,1,0,0,0,0,1825.0,1825.0,0.0,0.012525208186519655,0.5408875170120783,0.0,0.16727633837823133,0.25,False,0.08924268913812487
591578e738,7901 BENNETT ST|15221,GOLDEN TRIANGLE DISTRIBUTORS INC.,7901 BENNETT ST,42003130600,True,-79.88528,40.45406,False,0.1572771132399075,0.25479665269895696,0.6054375354034237,beer_distributor,0,0,0,0,0,1825.0,1825.0,0.0,0.0944181851902266,0.7921429099753402,0.0,0.2754101470686927,0.25,False,0.13267358359243037
dd0532428f,4104 BUTLER ST|15201,ARSENAL BEER EMPORIUM,4104 BUTLER ST,42003090100,True,-79.96116,40.46961,False,0.1572771132399075,0.25479665269895696,0.6054375354034237,beer_distributor,0,0,0,0,0,1825.0,1825.0,0.0,0.462342500547382,0.5314299337229274,0.0,0.344365980335831,0.25,False,0.15024329909296458
016aeb87b2,4634 CENTRE AVE|15213,WILD SIDE SMOKE SHOP,4634 CENTRE AVE,42003562000,True,-79.95068,40.45229,False,0.2677229550831438,0.40112766847798,0.6054375354034237,tobacco_shop,0,0,0,0,0,1825.0,1825.0,0.0,0.20016135011318342,0.6402979720944241,0.0,0.2721539316736006,0.25,False,0.17166847207934688
3cefc30762,5001 2ND AVE STE A|15207,GO GO'S MARKET,5001 2ND AVE STE A,42003562300,True,-79.94365,40.40844,False,0.2625579131432911,0.39477642475829994,0.6054375354034237,convenience_independent,0,0,0,0,0,1825.0,1825.0,0.0,0.49990504144271,0.7612387700676759,0.0,0.4283336475973868,0.25,False,0.23159602600217793
6b23287d6c,1552 BEECHVIEW AVE|15216,DOLLAR EAGLE DISCOUNTS,1552 BEECHVIEW AVE,42003191600,True,-80.02474,40.41082,False,0.1542037006870596,0.2503837713623321,0.6054375354034237,dollar_store,0,0,0,0,0,1825.0,1825.0,0.0,0.06702059827973783,0.7745058484358244,0.0,0.25915999384264243,0.25,False,0.12738945664455958
5cbd447a66,293 CORLISS ST|15220,SCHULERS SERVICE CENTER INC,293 CORLISS ST,42003562600,True,-80.04482,40.45016,True,0.10512152500487236,0.1770980780772854,0.6054375354034237,other,5,1,0,0,1,678.0,800.0,1.0,0.1361748856540717,0.742739580275734,0.125,0.3147918283443488,0.6,False,0.20574902779421889
97128766d5,1224 JAMES STREET|15246,JAMES STREET,1224 JAMES STREET,42003563202,False,-80.00178,40.45707,False,0.17317796542490652,0.27731243945528994,0.6054375354034237,other,0,0,0,0,0,1825.0,1825.0,0.0,0.4742786718551222,0.6388011900037978,0.0,0.3813518257431882,0.25,False,0.16825360508757214
eb69a067cb,4377 MURRAY AVE|15217,DALES BAR & GRILL,4377 MURRAY AVE,42003151700,False,-79.92824,40.41981,False,0.17502213815100676,0.27989015367798864,0.6054375354034237,bar_tavern,0,0,0,0,0,1825.0,1825.0,0.0,0.07345920871300671,0.7053639394313544,0.0,0.240992865314609,0.25,False,0.12995153010820473
0a4e5f4296,7628 PENN AVE|15221,WALGREENS # 10345,7628 PENN AVE,42003140500,True,-79.89431,40.44687,True,0.04958405113311555,0.08724135952279961,0.6054375354034237,pharmacy,5,1,0,0,0,930.0,1199.0,1.0,0.10155401954314758,0.6879702125725599,0.125,0.284512671589027,0.25,False,0.08732127227089052
c54112d4cf,105 S 12TH ST|15203,BELMONT AMUSEMENT CO INC,105 S 12TH ST,42003170200,False,-79.98636,40.42734,False,0.17317796542490652,0.27731243945528994,0.6054375354034237,other,0,0,0,0,0,1825.0,1825.0,0.0,0.29309200263810004,0.6863226990771011,0.0,0.32313361077837033,0.25,False,0.15210896987494604
38cf96bdfc,256S HIGHLAND AVENUE|15206,RN MARKET,256S HIGHLAND AVENUE,42003070600,True,-79.92517,40.45729,True,0.0715160230816908,0.12366262412848332,0.6054375354034237,convenience_independent,4,0,0,0,0,1606.0,1825.0,0.0,0.6466927625900888,0.559986989876767,0.0,0.4266732019990656,0.25,False,0.11526352780450688
1fd7c9cd7c,1347 W LIBERTY AVE|15226,AGAMABAANI,1347 W LIBERTY AVE,42003191700,True,-80.0126,40.4111,False,0.17317796542490652,0.27731243945528994,0.6054375354034237,other,0,0,0,0,0,1825.0,1825.0,0.0,0.028132455816916847,0.883716881358148,0.0,0.2763680467342111,0.25,False,0.13914029722735766
14b91772b0,731 COPELAND ST|15232,LE MARDI GRAS,731 COPELAND ST,42003070300,False,-79.93484,40.45121,False,0.17317796542490652,0.27731243945528994,0.6054375354034237,other,0,0,0,0,0,1825.0,1825.0,0.0,0.38989568834149374,0.6096159700795001,0.0,0.33884306636044753,0.25,False,0.1564653973249264
01c17aef4f,1500 LINCOLN AVE|15206,BROOKLYN FOODMART CORPORATION,1500 LINCOLN AVE,42003561900,True,-79.89599,40.4688,True,0.33458389674274874,0.47948967376662743,0.6054375354034237,convenience_independent,3,2,0,0,1,835.0,835.0,3.0,0.34517667483625847,0.7228611928764856,0.375,0.46742902779744905,0.6,False,0.37412739204765066
03fca54c0f,529 MOUNT PLEASANT RD|15214,EDNAS MARKET & DELI,529 MOUNT PLEASANT RD,42003261300,True,-80.00023,40.4778,False,0.27905506302397937,0.41490707342704614,0.6054375354034237,restaurant_deli,0,0,0,0,0,1825.0,1825.0,0.0,0.0016460281334435855,1.0,0.0,0.30065841125337744,0.25,False,0.1872453015143641
b5f3e828b6,2506 E CARSON ST|15203,HOOKAH BOOKAH LLC,2506 E CARSON ST,42003160900,True,-79.96941,40.42774,False,0.2677229550831438,0.40112766847798,0.6054375354034237,tobacco_shop,0,0,0,0,0,1825.0,1825.0,0.0,0.10737809774350818,0.5408875170120783,0.0,0.20521749420102675,0.25,False,0.14481841497975123
94fbd9095b,2724 E CARSON ST|15203,ELITE VAPORS LLC,2724 E CARSON ST,42003160900,True,-79.96621,40.42654,False,0.17317796542490652,0.27731243945528994,0.6054375354034237,other,0,0,0,0,0,1825.0,1825.0,0.0,0.07342188412257196,0.5408875170120783,0.0,0.19163500875265227,0.25,False,0.11564277176223384
fd0748c19a,1500 SPRING GARDEN AVE|15212,MARSHALLS,1500 SPRING GARDEN AVE,42003241300,True,-79.98592,40.46416,True,0.0718121626825991,0.12414582479008617,0.6054375354034237,other,1,0,0,0,0,1825.0,1825.0,0.0,0.5380079452874931,0.7333797691870505,0.0,0.43521710887111237,0.25,False,0.11653038694356097
c57e40bd16,501 GREENFIELD AVE|15207,YESTERDAY'S BAR AND GRILL,501 GREENFIELD AVE,42003151600,True,-79.94231,40.42555,False,0.17502213815100676,0.27989015367798864,0.6054375354034237,bar_tavern,0,0,0,0,0,1825.0,1825.0,0.0,0.5290530553289843,0.7264264341858245,0.0,0.4295491523873411,0.25,False,0.18272657827394267
d0c3285988,340 N AIKEN AVE|15206,GARFIELD MARKET,340 N AIKEN AVE,42003101900,True,-79.93466,40.46765,True,0.1811362010612768,0.2883869802131483,0.6054375354034237,convenience_independent,6,1,0,0,0,1038.0,1544.0,1.0,0.15118782609026227,0.7693237966830971,0.125,0.328772269441034,0.25,False,0.15731364196192332
a3b0a5e5f3,4501 LIBERTY AVE|15224,TOBACCO OUTLET INC,4501 LIBERTY AVE,42003090300,True,-79.9517,40.46309,True,0.31486715541034965,0.4570996423591394,0.6054375354034237,tobacco_shop,6,2,0,0,0,1825.0,1825.0,3.0,0.30687119366464927,0.7168281444256652,0.375,0.45029692079355926,0.25,False,0.26833056145015766
6d7b02c615,260 ATWOOD ST|15213,PITTS DOGGN IT LLC,260 ATWOOD ST,42003040500,True,-79.95603,40.4398,False,0.17317796542490652,0.27731243945528994,0.6054375354034237,other,0,0,0,0,0,1825.0,1825.0,0.0,0.14577798711547285,0.0,0.0,0.05831119484618914,0.25,False,0.07867041969034944
01ff392be6,2333 BEECHWOOD BLVD|15217,BLUE SLIDE INC,2333 BEECHWOOD BLVD,42003140800,True,-79.91487,40.43296,True,0.11625634301545014,0.1942023659372544,0.6054375354034237,other,6,1,0,0,0,849.0,1825.0,1.0,0.5756454382623851,0.9264890885139383,0.125,0.5457049018591354,0.25,False,0.16847718304460133
d36b961327,1400 CRAFTON BLVD|15205,HEIGHTS TAVERN,1400 CRAFTON BLVD,42003281500,False,-80.05633,40.43772,False,0.17502213815100676,0.27989015367798864,0.6054375354034237,bar_tavern,0,0,0,0,0,1825.0,1825.0,0.0,0.13061593240596112,0.8181669787100756,0.0,0.2976964665754071,0.25,False,0.14582230977918492
0c83c1ae43,643 LIBERTY AVE|15222,7-ELEVEN STORE 36145D,643 LIBERTY AVE,42003020100,True,-80.00004,40.44241,True,0.06376023596209274,0.11092726513665983,0.6054375354034237,convenience_gas,2,0,0,0,0,997.0,1825.0,0.0,0.47836614049035064,0.09332508171326724,0.0,0.21934398071012043,0.25,False,0.08683122790436193
ec554c9647,506 LIBERTY AVE|15222,STORE,506 LIBERTY AVE,42003020100,True,-80.00342,40.44151,False,0.2625579131432911,0.39477642475829994,0.6054375354034237,convenience_independent,0,0,0,0,0,1825.0,1825.0,0.0,0.523413012204821,0.09332508171326724,0.0,0.23736272939590855,0.25,False,0.15620520968178858
e1d656e715,4319 BUTLER ST|15201,GOLDEN GOAT LAWRENCEVILLE,4319 BUTLER ST,42003090200,True,-79.96,40.47114,True,0.06576141635040522,0.11422821305424342,0.6054375354034237,other,1,0,0,0,0,1390.0,1825.0,0.0,0.2822905860913688,0.6008505317545023,0.0,0.2931713939628982,0.25,False,0.09598844445100346
3e8c558bb0,503 GREENFIELD AVE|15207,BEER AND WINE GREENFIELD LLC,503 GREENFIELD AVE,42003151600,True,-79.94222,40.42557,False,0.1572771132399075,0.25479665269895696,0.6054375354034237,beer_distributor,0,0,0,0,0,1825.0,1825.0,0.0,0.522173179866362,0.7264264341858245,0.0,0.42679720220229217,0.25,False,0.17124649850242396
70f03421d6,4779 LIBERTY AVE|15224,7-ELEVEN STORE 40217A,4779 LIBERTY AVE,42003080900,True,-79.94733,40.46108,True,0.059790817515310374,0.10434872186935513,0.6054375354034237,convenience_gas,4,0,0,0,0,1825.0,1825.0,0.0,0.12103615262671782,0.6527780596703082,0.0,0.2442478789517796,0.25,False,0.08798695398791917
2e00f1df31,262 5TH AVE|15222,MBROS ENTERPRISES INC,262 5TH AVE,42003020100,True,-80.00053,40.44078,True,0.16707072398773426,0.26872638608381477,0.6054375354034237,other,2,1,0,0,1,651.0,788.0,1.0,0.34285250133399,0.09332508171326724,0.125,0.20263852504757615,0.6,False,0.2044543185173897
7ec66bf7c8,7232 BUTLER ST|15206,OFFICE,7232 BUTLER ST,42003101400,False,-79.92195,40.48828,False,0.17317796542490652,0.27731243945528994,0.6054375354034237,other,0,0,0,0,0,1825.0,1825.0,0.0,0.019711970443089012,0.7948557042257414,0.0,0.24634149944495798,0.25,False,0.13081356215015524
a3bfa0bfeb,132 N HIGHLAND AVE|15206,WILLIAM PENN SMOKE SHOP,132 N HIGHLAND AVE,42003111500,True,-79.92443,40.46233,True,0.07211590965767933,0.12464120476308366,0.6054375354034237,tobacco_shop,4,0,0,0,0,1527.0,1825.0,0.0,0.15393394542899994,0.7047202739385593,0.0,0.27298966035316774,0.25,False,0.09652576015428384
be32f0ebd1,3037 SHADELAND AVE|15212,CANDYGIRL ENT. LLC,3037 SHADELAND AVE,42003271600,False,-80.0315,40.47275,False,0.17317796542490652,0.27731243945528994,0.6054375354034237,other,0,0,0,0,0,1825.0,1825.0,0.0,0.15472746087559924,0.805935761962737,0.0,0.30367171293906076,0.25,False,0.14671194350869748
501b573aba,817 E WARRINGTON AVE FL 1|15210,4127993681,817 E WARRINGTON AVE FL 1,42003180300,True,-79.99307,40.42182,False,0.1600235926965803,0.258723263229148,0.6054375354034237,other,0,0,0,0,0,1825.0,1825.0,0.0,0.27028899632771497,0.738801928635012,0.0,0.32975617712158956,0.25,False,0.14781559421486656
3f5e682e9c,1417 N LANG AVE|15208,KINGZ KORNER MARKET II LLC,1417 N LANG AVE,42003130700,True,-79.89756,40.46262,False,0.2625579131432911,0.39477642475829994,0.6054375354034237,convenience_independent,0,0,0,0,0,1825.0,1825.0,0.0,0.11431286089565061,0.7676684643568161,0.0,0.2760256836653051,0.25,False,0.17146843253885463
dc29241562,2401 ARLINGTON AVE|15210,GRAND MART INC,2401 ARLINGTON AVE,42003160800,True,-79.97277,40.41747,False,0.2625579131432911,0.39477642475829994,0.6054375354034237,convenience_independent,0,0,0,0,0,1825.0,1825.0,0.0,0.5003300905014034,0.7083450483286996,0.0,0.41263555069917124,0.25,False,0.22539878743319103
7ff04a1509,511 LARIMER AVE|15206,LA GROCERY WEST INDIAN AMERICAN,511 LARIMER AVE,42003120900,True,-79.9141,40.46546,False,0.2625579131432911,0.39477642475829994,0.6054375354034237,convenience_independent,0,0,0,0,0,1825.0,1825.0,0.0,0.3025163516546787,0.7822631966402399,0.0,0.35568549965394347,0.25,False,0.20291624989175333
6a70d11847,5121 BUTLER ST|15201,REMEDY BAR & GRILL,5121 BUTLER ST,42003101100,False,-79.9555,40.47918,False,0.17502213815100676,0.27989015367798864,0.6054375354034237,bar_tavern,0,0,0,0,0,1825.0,1825.0,0.0,0.06374431789396351,0.6373000001288536,0.0,0.2166877271962415,0.25,False,0.12314876126509011
2596ff9629,4203 BUTLER ST|15201,BUTLER STREET DERBY,4203 BUTLER ST,42003090200,False,-79.96049,40.4704,False,0.17317796542490652,0.27731243945528994,0.6054375354034237,other,0,0,0,0,0,1825.0,1825.0,0.0,0.27087942347454846,0.6008505317545023,0.0,0.28860692891617007,0.25,False,0.1425342915014426
825b309736,2300 NOBLESTOWN RD|15205,NEW ROAD NEPALI-INDO MART,2300 NOBLESTOWN RD,42003562800,True,-80.05421,40.42776,False,0.2625579131432911,0.39477642475829994,0.6054375354034237,convenience_independent,0,0,0,0,0,1825.0,1825.0,0.0,0.06763210248688312,0.7619205460105308,0.0,0.2556290047979125,0.25,False,0.1634163045786422
57a6a15525,604 E WARRINGTON AVE|15210,SERENE SPRING HAVEN,604 E WARRINGTON AVE,42003180300,True,-79.99714,40.42169,False,0.17317796542490652,0.27731243945528994,0.6054375354034237,other,0,0,0,0,0,1825.0,1825.0,0.0,0.08689622366543225,0.738801928635012,0.0,0.2563990680566765,0.25,False,0.13360265103685987
23aa171d5b,210 COPPERFIELD AVE|15210,CARRICK LIT,210 COPPERFIELD AVE,42003290100,False,-79.99029,40.3952,False,0.17317796542490652,0.27731243945528994,0.6054375354034237,other,0,0,0,0,0,1825.0,1825.0,0.0,0.21704316967951628,0.7862311005289967,0.0,0.3226865980305055,0.25,False,0.151985007679368
7c5c36fe92,4740 BAUM BLVD|15213,P-TOWN,4740 BAUM BLVD,42003080400,False,-79.9489,40.454,False,0.17317796542490652,0.27731243945528994,0.6054375354034237,other,0,0,0,0,0,1825.0,1825.0,0.0,0.23518509070616875,0.6181006386162866,0.0,0.27950422786735346,0.25,False,0.14000999926796304
407afd193c,2208 ARLINGTON AVE|15210,ARLINGTON MART LLC,2208 ARLINGTON AVE,42003161000,True,-79.97553,40.41718,True,0.22579519585155097,0.34824316987654874,0.6054375354034237,convenience_independent,6,1,0,0,0,1825.0,1825.0,1.0,0.5100015313320352,0.8194218011079707,0.125,0.4873271528652053,0.25,False,0.23220835248069252
09e2ba9e2d,4000 BUTLER ST|15201,GETGO #3107,4000 BUTLER ST,42003090200,True,-79.96218,40.46878,True,0.044946307439426667,0.07937557826297875,0.6054375354034237,convenience_gas,7,0,0,0,0,1583.0,1825.0,0.0,0.7272551313115267,0.6008505317545023,0.0,0.4711572120509614,0.25,False,0.09989837615931796
4820595be4,2025 E CARSON ST|15203,S & S CANDY & CIGAR CO INC,2025 E CARSON ST,42003170200,True,-79.97651,40.42853,True,0.11898085305432012,0.19834359441316654,0.6054375354034237,tobacco_shop,1,0,0,0,0,1825.0,1825.0,0.0,0.578692724910509,0.6863226990771011,0.0,0.437373899687334,0.25,False,0.14925031136648956
273c77261e,2269 NOBLESTOWN RD|15205,7-ELEVEN STORE 2701-36185A,2269 NOBLESTOWN RD,42003563100,True,-80.05348,40.42802,True,0.04590507840516741,0.08100648310248004,0.6054375354034237,convenience_gas,4,0,0,0,0,817.0,1825.0,0.0,0.08376452078365546,0.7652306849873745,0.0,0.2630750138096745,0.25,False,0.0838107816608581
4f5414cfee,2304 1/2 E CARSON ST|15203,KEYSTONE VAPORS,2304 1/2 E CARSON ST,42003160900,True,-79.97272,40.42831,False,0.17317796542490652,0.27731243945528994,0.6054375354034237,other,0,0,0,0,0,1825.0,1825.0,0.0,0.29207522529303903,0.5408875170120783,0.0,0.2790963452208391,0.25,False,0.13989688833624664
afc3af7f52,2116 BROWNSVILLE RD # 32168|15210,FAMILY DOLLAR # 32168,2116 BROWNSVILLE RD # 32168,42003290100,True,-79.98658,40.39266,False,0.12106162218380062,0.2014948547843486,0.6054375354034237,dollar_store,0,0,0,0,0,1825.0,1825.0,0.0,0.30365025922914,0.7862311005289967,0.0,0.357329433850355,0.25,False,0.13450004238385077
17040de4c1,5514 PENN AVE|15206,PISTELLA BEER LLC,5514 PENN AVE,42003111400,True,-79.93187,40.46393,True,0.1551189898327613,0.2517000561319364,0.6054375354034237,beer_distributor,4,1,0,0,0,1587.0,1825.0,1.0,0.2646054625109986,0.668634123727988,0.125,0.34393242212279584,0.25,False,0.14906780995390057
7bd92412fe,7006 FRANKSTOWN AVE|15208,WAAD MINI MART,7006 FRANKSTOWN AVE,42003130800,True,-79.90078,40.45841,True,0.11476194721439824,0.19192362037587282,0.6054375354034237,convenience_independent,1,0,0,0,0,1751.0,1825.0,0.0,0.3662510152681252,0.8142831089608061,0.0,0.39078533879549193,0.25,False,0.13750093701144284
92f5f09b54,1354 GOETTMAN ST|15212,BREHM'S RETURN,1354 GOETTMAN ST,42003241300,False,-79.9863,40.45947,False,0.17317796542490652,0.27731243945528994,0.6054375354034237,other,0,0,0,0,0,1825.0,1825.0,0.0,0.5208372003010435,0.7333797691870505,0.0,0.42834881087653254,0.25,False,0.18128645368194388
2c6f2da5c4,3143 BRIGHTON RD|15212,CLOUD NINE INFUSIONS,3143 BRIGHTON RD,42003271600,False,-80.0298,40.47492,False,0.17317796542490652,0.27731243945528994,0.6054375354034237,other,0,0,0,0,0,1825.0,1825.0,0.0,0.1826568318090302,0.805935761962737,0.0,0.3148434613124331,0.25,False,0.14981000830309804
bd47e73414,1208 5TH AVE|15219,SHALES CAFE,1208 5TH AVE,42003030500,False,-79.98853,40.43872,False,0.27905506302397937,0.41490707342704614,0.6054375354034237,restaurant_deli,0,0,0,0,0,1825.0,1825.0,0.0,0.21132094605462984,0.7410580842057994,0.0,0.30684580368359177,0.25,False,0.189812494399729
e0949a88c4,2300/02 BROWNSVILLE RD|15210,CARRICK BEER 4 LESS INC,2300/02 BROWNSVILLE RD,42003290400,True,-79.98533,40.38914,True,0.05256811395275722,0.09227168706445066,0.6054375354034237,beer_distributor,2,0,0,0,0,1825.0,1825.0,0.0,0.31099560918504765,0.7281021089553952,0.0,0.34282887636063764,0.25,False,0.094133398796206
3be9685c40,230 SHADY AVE|15206,AT VAPE AND WELLNESS 104 INC,230 SHADY AVE,42003070800,True,-79.92248,40.45835,False,0.2677229550831438,0.40112766847798,0.6054375354034237,tobacco_shop,0,0,0,0,0,1825.0,1825.0,0.0,0.49384095290995444,0.6874414781645605,0.0,0.40376882461334995,0.25,False,0.22446284722124749
195ab491fd,5735 BAUM BLVD|15206,CIO STORES LLC BAUM BLVD #17,5735 BAUM BLVD,42003111500,True,-79.93264,40.45889,False,0.2625579131432911,0.39477642475829994,0.6054375354034237,convenience_independent,0,0,0,0,0,1825.0,1825.0,0.0,0.4490570618411942,0.7047202739385593,0.0,0.3910389069180455,0.25,False,0.21687294161449963
7318846f00,1215 BRIGHTON RD|15233,DOLLAR GENERAL #19008,1215 BRIGHTON RD,42003565100,True,-80.01531,40.45513,True,0.041122340700347856,0.07284584048668509,0.6054375354034237,dollar_store,2,0,0,0,0,1825.0,1825.0,0.0,0.2610859658982792,0.7334047471335758,0.0,0.32445581049938443,0.25,False,0.08613525621661629
429b6886a9,5007 2ND AVE|15207,STAR TRADING OF PITTSBURGH INC,5007 2ND AVE,42003562300,True,-79.9436,40.40828,False,0.17317796542490652,0.27731243945528994,0.6054375354034237,other,0,0,0,0,0,1825.0,1825.0,0.0,0.512481210130016,0.7612387700676759,0.0,0.4333641150723092,0.25,False,0.18267725992308503
8634b73fea,3242 BRIGHTON RD|15212,MOMIN ENTERPRISE LLC,3242 BRIGHTON RD,42003271600,True,-80.03166,40.47626,False,0.17317796542490652,0.27731243945528994,0.6054375354034237,other,0,0,0,0,0,1825.0,1825.0,0.0,0.20594244843966264,0.805935761962737,0.0,0.3241577079646861,0.25,False,0.15239296476392258
7886aa7efc,245 4TH AVE|15222,RAJA TRADING INC,245 4TH AVE,42003020100,True,-80.00164,40.4395,False,0.17317796542490652,0.27731243945528994,0.6054375354034237,other,0,0,0,0,0,1825.0,1825.0,0.0,0.5167797152554001,0.09332508171326724,0.0,0.23470941061614023,0.25,False,0.12758783922107517
34967c33f3,2001B WHARTON ST|15203,DURGA MAA ENTERPRISE INC,2001B WHARTON ST,42003170200,True,-79.9776,40.4313,False,0.17317796542490652,0.27731243945528994,0.6054375354034237,other,0,0,0,0,0,1825.0,1825.0,0.0,0.16436792867992672,0.6863226990771011,0.0,0.271643981195101,0.25,False,0.13783025508856037
945967a5ce,1303 BROWNSVILLE RD|15210,FAT FRIDAY 2 LLC,1303 BROWNSVILLE RD,42003290200,True,-79.98958,40.40265,False,0.17317796542490652,0.27731243945528994,0.6054375354034237,other,0,0,0,0,0,1825.0,1825.0,0.0,0.06593750236923385,0.7488479434255809,0.0,0.2510293839753678,0.25,False,0.1321135708451679
e6d39aa098,1800 FORBES AVE|15219,NAINA MINI MART,1800 FORBES AVE,42003010302,True,-79.98131,40.43749,True,0.0957182233825691,0.1624249566355434,0.6054375354034237,convenience_independent,2,0,0,0,0,1825.0,1825.0,0.0,0.022573248713525475,0.29359248482470146,0.0,0.09710704493282063,0.25,False,0.07827260756221915
70e8d4d7df,2531 PENN AVE|15222,EL LAYALI LLC,2531 PENN AVE,42003020300,True,-79.97936,40.45429,False,0.17317796542490652,0.27731243945528994,0.6054375354034237,other,0,0,0,0,0,1825.0,1825.0,0.0,0.0375049209005793,0.5146018581037464,0.0,0.16938252579135563,0.25,False,0.10947188142829939
78c26b7d78,115 SMITHFIELD ST|15222,SMITHFIELD NEWS,115 SMITHFIELD ST,42003020100,True,-80.00031,40.43764,True,0.054182252466626266,0.0949827292387795,0.6054375354034237,news,3,0,0,0,0,1017.0,1825.0,0.0,0.26183916185750694,0.09332508171326724,0.0,0.13273318925698294,0.25,False,0.07510736057619569
f32d870b19,3112 CHARTIERS AVE|15204,N AND S 1 LLC,3112 CHARTIERS AVE,42003202200,True,-80.0615,40.45355,False,0.17317796542490652,0.27731243945528994,0.6054375354034237,other,0,0,0,0,0,1825.0,1825.0,0.0,0.12293666191245439,0.7504922186251624,0.0,0.27432233035253045,0.25,False,0.13857299462712014
e64ca0bd1b,5724 ELLSWORTH AVE|15232,S R CONVENIENCE STORES LLC,5724 ELLSWORTH AVE,42003070500,True,-79.93149,40.45515,True,0.2688272709880781,0.4024798124432795,0.6054375354034237,convenience_independent,4,1,0,0,0,1825.0,1825.0,1.0,0.3777540317578362,0.6216395123842237,0.125,0.3750934664184016,0.25,False,0.21346754801277784
fe6a002a6b,4068 PENN AVE|15224,MAIN SUNOCO,4068 PENN AVE,42003090300,True,-79.95529,40.46553,True,0.0680465290671371,0.11798478489354776,0.6054375354034237,convenience_gas,4,0,0,0,0,1825.0,1825.0,0.0,0.27177583670471295,0.7168281444256652,0.0,0.32375877800958475,0.25,False,0.10069860978085873
ba2d2bec70,215 S HIGHLAND AVE|15206,KEYSTONE R&M LLC DBA KEYSTONE VAPO,215 S HIGHLAND AVE,42003070800,True,-79.92512,40.45846,True,0.06158715768346835,0.10733092875740465,0.6054375354034237,other,1,0,0,0,0,1136.0,1825.0,0.0,0.4928254483259211,0.6874414781645605,0.0,0.4033626227797366,0.25,False,0.1057932849289718
3b9f4d57a0,5442 WALNUT ST|15232,MARIOS EASTSIDE SALOON,5442 WALNUT ST,42003070300,False,-79.93393,40.45114,False,0.17502213815100676,0.27989015367798864,0.6054375354034237,bar_tavern,0,0,0,0,0,1825.0,1825.0,0.0,0.40074748776253843,0.6096159700795001,0.0,0.3431837861288654,0.25,False,0.15855376263940213
1912c6264b,6601 HAMILTON AVE STE 2|15206,PITTSBURGH 371,6601 HAMILTON AVE STE 2,42003120900,True,-79.91061,40.45787,False,0.17317796542490652,0.27731243945528994,0.6054375354034237,other,0,0,0,0,0,1825.0,1825.0,0.0,0.32066039796121926,0.7822631966402399,0.0,0.36294311817655966,0.25,False,0.16314864148505134
613736d973,1404 E CARSON ST|15203,CARSON NEWS AND LOTTERY LLC,1404 E CARSON ST,42003170200,True,-79.98389,40.42885,False,0.21590649395268088,0.3353144484930771,0.6054375354034237,news,0,0,0,0,0,1825.0,1825.0,0.0,0.26966756199780717,0.6863226990771011,0.0,0.3137638345222532,0.25,False,0.16770954712990244
23c14f1cb4,5956 PENN AVE|15206,WALGREENS #09281,5956 PENN AVE,42003111500,True,-79.92538,40.46164,False,0.08163032369784473,0.1400395322168164,0.6054375354034237,pharmacy,0,0,0,0,0,1825.0,1825.0,0.0,0.21183024580192247,0.7047202739385593,0.0,0.2961481805023368,0.25,False,0.10397245266440855
d5c890145b,1304 FEDERAL ST|15212,NORTHSIDE BEER,1304 FEDERAL ST,42003565100,True,-80.00709,40.45685,True,0.05256811395275722,0.09227168706445066,0.6054375354034237,beer_distributor,2,0,0,0,0,1825.0,1825.0,0.0,0.37637839148424307,0.7334047471335758,0.0,0.37057278073377,0.25,False,0.09669337565846972
059b3b432c,1601 LOWRIE ST|15212,NILKANTH CONVENIENCE CORP,1601 LOWRIE ST,42003241300,True,-79.98319,40.46262,True,0.05901539560479133,0.10305877394283817,0.6054375354034237,convenience_independent,5,0,0,0,0,1177.0,1825.0,0.0,0.560408418572345,0.7333797691870505,0.0,0.44417729818505314,0.25,False,0.10827636776419403
990bfcf24c,3900 PERRYSVILLE AVE|15214,NEW TRIOS MARKET LLC,3900 PERRYSVILLE AVE,42003260200,True,-80.01838,40.48957,True,0.0924096195393183,0.1572114293179965,0.6054375354034237,convenience_independent,1,0,0,0,0,873.0,1825.0,0.0,0.5796639507194732,0.7963979376172272,0.0,0.47078496157295746,0.25,False,0.1365127767103027
639bb783f9,402 ORMSBY AVE|15210,ORMSBY CAFE,402 ORMSBY AVE,42003161000,False,-79.98152,40.41278,False,0.27905506302397937,0.41490707342704614,0.6054375354034237,restaurant_deli,0,0,0,0,0,1825.0,1825.0,0.0,0.2374581769431529,0.8194218011079707,0.0,0.34080981110965236,0.25,False,0.20390440132273024
a9b1ddf953,2827 CHARTIERS AVE|15204,SHERADEN SHOPPE N KITCHEN INC,2827 CHARTIERS AVE,42003562500,True,-80.05492,40.45347,False,0.27905506302397937,0.41490707342704614,0.6054375354034237,restaurant_deli,0,0,0,0,0,1825.0,1825.0,0.0,0.4702240840840303,0.8349702950825326,0.0,0.4385807221583719,0.25,False,0.24447024389225053
e9965a9e37,504 OAK HILL DR|15213,SARABJIT AND NEELAM HOLDINGS LLC,504 OAK HILL DR,42003051000,True,-79.96993,40.44328,True,0.058619161686066824,0.10239900895059396,0.6054375354034237,other,2,0,0,0,0,1825.0,1825.0,0.0,0.34358622546040324,0.4969584242035692,0.0,0.2865220174452321,0.25,False,0.09183957062891657
663aacf159,1006 E CARSON ST|15203,BP CARSON STREET,1006 E CARSON ST,42003170200,True,-79.98829,40.42872,True,0.10655112118181435,0.17931038207888245,0.6054375354034237,convenience_gas,1,0,0,0,0,1825.0,1825.0,0.0,0.24390617697503297,0.6863226990771011,0.0,0.3034592805131435,0.25,False,0.11691339953419452
0b3b57e19e,1713 E CARSON ST|15203,LINX,1713 E CARSON ST,42003170200,False,-79.98138,40.42882,False,0.17317796542490652,0.27731243945528994,0.6054375354034237,other,0,0,0,0,0,1825.0,1825.0,0.0,0.3803308387111337,0.6863226990771011,0.0,0.3580291452075838,0.25,False,0.16178593565360727
ceb949aa83,4067 PENN AVE|15224,PENN VAPE WELLNESS,4067 PENN AVE,42003090300,True,-79.95545,40.46561,False,0.2677229550831438,0.40112766847798,0.6054375354034237,tobacco_shop,0,0,0,0,0,1825.0,1825.0,0.0,0.2700106464781472,0.7168281444256652,0.0,0.32305270191895846,0.25,False,0.19208537711626367
6577b1392b,2900 BANKSVILLE RD|15216,UKANI BROTHERS,2900 BANKSVILLE RD,42003202300,True,-80.04132,40.40307,True,0.04522579816275306,0.07985126127424139,0.6054375354034237,other,4,0,0,0,0,1825.0,1825.0,0.0,0.05675821778640699,0.7352578798418624,0.0,0.24328065106712152,0.25,False,0.08192626683132827
6a7e7836c9,3125 BANKSVILLE RD|15216,KUHNS MARKET,3125 BANKSVILLE RD,42003202300,True,-80.04363,40.3999,True,0.07802965236010456,0.1342390559927972,0.6054375354034237,convenience_independent,3,0,0,0,0,1825.0,1825.0,0.0,0.24980049140340926,0.7352578798418624,0.0,0.3204975605139224,0.25,False,0.10552328997138334
47be5c57bb,910 FREEPORT RD STE 1|15238,GIANT EAGLE 72,910 FREEPORT RD STE 1,42003980000,True,-79.89452,40.48768,True,0.021561701192850485,0.03880599415303151,0.6054375354034237,supermarket,4,0,0,0,0,402.0,1825.0,0.0,0.0024256374239298383,0.7132328591666252,0.0,0.21494011271955946,0.25,False,0.07084096475744715
4a057c516e,4942 2ND AVE APT 1|15207,SAMS NEIGHBORHOOD MARKET,4942 2ND AVE APT 1,42003562300,True,-79.94376,40.40884,False,0.2625579131432911,0.39477642475829994,0.6054375354034237,convenience_independent,0,0,0,0,0,1825.0,1825.0,0.0,0.4528402432623786,0.7612387700676759,0.0,0.4095077283252542,0.25,False,0.22416399689913705
88acbeae3e,200 MOUNT OLIVER ST|15210,K & M BAR,200 MOUNT OLIVER ST,42003170600,False,-79.98702,40.42152,False,0.17502213815100676,0.27989015367798864,0.6054375354034237,bar_tavern,0,0,0,0,0,1825.0,1825.0,0.0,0.18325038039243818,0.45737871663995644,0.0,0.2105137671489622,0.25,False,0.12142073063865536
e5e79d7988,1220 E CARSON ST|15203,STORE,1220 E CARSON ST,42003170200,True,-79.98552,40.42879,False,0.2625579131432911,0.39477642475829994,0.6054375354034237,convenience_independent,0,0,0,0,0,1825.0,1825.0,0.0,0.295763727084696,0.6863226990771011,0.0,0.3242023005570087,0.25,False,0.1904874251123117
cd512f8b21,529 MOUNT PLEASANT RD|15214,EDNA S MARKET & DELI,529 MOUNT PLEASANT RD,42003261300,True,-80.00023,40.4778,False,0.27905506302397937,0.41490707342704614,0.6054375354034237,restaurant_deli,0,0,0,0,0,1825.0,1825.0,0.0,0.0016460281334435855,1.0,0.0,0.30065841125337744,0.25,False,0.1872453015143641
0948faa164,2806 STRAKA ST|15204,CORLISS WAR VETS,2806 STRAKA ST,42003202200,False,-80.0547,40.45258,False,0.17317796542490652,0.27731243945528994,0.6054375354034237,other,0,0,0,0,0,1825.0,1825.0,0.0,0.349720546076688,0.7504922186251624,0.0,0.3650358840182239,0.25,False,0.16372899148581194
48757c8b42,3226 JANE ST|15203,KOLLAR CLUB,3226 JANE ST,42003160800,False,-79.96184,40.4214,False,0.17502213815100676,0.27989015367798864,0.6054375354034237,bar_tavern,0,0,0,0,0,1825.0,1825.0,0.0,0.021775179685680848,0.7083450483286996,0.0,0.22121358637288221,0.25,False,0.12441550468556502
a177915793,3021 BANKSVILLE RD|15216,KEYSTONE VAPORS,3021 BANKSVILLE RD,42003202300,True,-80.04225,40.40125,False,0.17317796542490652,0.27731243945528994,0.6054375354034237,other,0,0,0,0,0,1825.0,1825.0,0.0,0.11315305693093612,0.7352578798418624,0.0,0.26583858672493316,0.25,False,0.13622034698603785
c4d8434648,3602 BATES ST|15213,HEAD OF THE GLASS LLC,3602 BATES ST,42003040600,True,-79.95484,40.43722,False,0.17317796542490652,0.27731243945528994,0.6054375354034237,other,0,0,0,0,0,1825.0,1825.0,0.0,0.0884860310946217,0.13266940387646875,0.0,0.07519523360078931,0.25,False,0.08335257366524526
8ac5af16ac,633 SMITHFIELD ST|15222,EXOTICZ OUTLET LLC,633 SMITHFIELD ST,42003020100,True,-79.99713,40.44238,False,0.17317796542490652,0.27731243945528994,0.6054375354034237,other,0,0,0,0,0,1825.0,1825.0,0.0,0.8101081649332886,0.09332508171326724,0.0,0.35204079048729564,0.25,False,0.1601252903978006
8fac09897a,7900 BENNETT ST|15221,KING CITY,7900 BENNETT ST,42003130600,True,-79.88512,40.45408,False,0.17317796542490652,0.27731243945528994,0.6054375354034237,other,0,0,0,0,0,1825.0,1825.0,0.0,0.09483210716923096,0.7921429099753402,0.0,0.27557571586029445,0.25,False,0.13892057401985608
3697813acf,3604 5TH AVE|15213,STORE,3604 5TH AVE,42003040200,True,-79.95898,40.44142,True,0.341795507852849,0.4875362080642297,0.6054375354034237,convenience_independent,3,2,0,0,2,502.0,752.0,3.0,0.3636502453422254,0.4070765568906302,0.375,0.38008306520407925,0.8,False,0.3853042563590262
cb99d2926a,5013 BUTLER ST|15201,CHENEH A PLUS LLC,5013 BUTLER ST,42003090100,True,-79.95585,40.47821,True,0.1400588089295572,0.2298135906319487,0.6054375354034237,convenience_gas,9,1,0,0,0,1097.0,1537.0,1.0,0.07615717353310135,0.5314299337229274,0.125,0.22739184953011873,0.25,False,0.11475773742095638
e16b2e022d,1403 LINCOLN AVE|15206,LINCOLN MINI MART,1403 LINCOLN AVE,42003120300,True,-79.89685,40.46801,True,0.3037222550978408,0.44418423660738704,0.6054375354034237,convenience_independent,3,1,0,0,0,1825.0,1825.0,1.0,0.3954564998859474,0.8037488140900677,0.125,0.43680724418139927,0.25,False,0.2565228923012913
9705468464,1901 5TH AVE|15219,AK & AK UNITED INC,1901 5TH AVE,42003030500,True,-79.97927,40.43831,True,0.05067467785840949,0.08908264219485475,0.6054375354034237,other,3,0,0,0,0,1825.0,1825.0,0.0,0.10484777776567185,0.7410580842057994,0.0,0.2642565363680086,0.25,False,0.08604067047692293
2f4028ffa0,4526 LIBERTY AVE|15224,KEYSTONE VAPORS,4526 LIBERTY AVE,42003090300,True,-79.95096,40.46269,False,0.17317796542490652,0.27731243945528994,0.6054375354034237,other,0,0,0,0,0,1825.0,1825.0,0.0,0.25918356926496905,0.7168281444256652,0.0,0.3187218710336872,0.25,False,0.1508855395641061
b3896d7c3d,810 ARCH ST|15212,PITTSBURGH,810 ARCH ST,42003562700,True,-80.00857,40.45318,False,0.17317796542490652,0.27731243945528994,0.6054375354034237,other,0,0,0,0,0,1825.0,1825.0,0.0,0.7886403011684068,0.672284505936273,0.0,0.5171414722482446,0.25,False,0.20590976321266083
96c1a22a35,1321 E CARSON ST|15203,GLASS ZONE LLC,1321 E CARSON ST,42003170200,True,-79.98434,40.42883,False,0.17317796542490652,0.27731243945528994,0.6054375354034237,other,0,0,0,0,0,1825.0,1825.0,0.0,0.27567378225406874,0.6863226990771011,0.0,0.31616632262475786,0.25,False,0.15017685420067983
24ac33171b,605 E OHIO ST|15212,SUNSHINE QUICKPICKS LLC,605 E OHIO ST,42003563202,True,-79.99896,40.45381,True,0.2181826921351338,0.33830635705199225,0.6054375354034237,convenience_independent,3,1,0,0,0,901.0,1201.0,1.0,0.2770798533847621,0.6388011900037978,0.125,0.33997229835504417,0.25,False,0.177514789755088
059db73fe4,293 CORLISS ST|15220,SCHULERS SERVICE CENTER INC,293 CORLISS ST,42003562600,True,-80.04482,40.45016,True,0.10512152500487236,0.1770980780772854,0.6054375354034237,other,5,1,0,0,1,678.0,800.0,1.0,0.1361748856540717,0.742739580275734,0.125,0.3147918283443488,0.6,False,0.20574902779421889
275e73934e,1222 E CARSON STREET|15203,TWELVE WHISKEY BBQ,1222 E CARSON STREET,42003170200,False,-79.98549,40.42879,False,0.17317796542490652,0.27731243945528994,0.6054375354034237,other,0,0,0,0,0,1825.0,1825.0,0.0,0.2958779399871855,0.6863226990771011,0.0,0.3242479857180045,0.25,False,0.15241799990792385
b20e699c4f,4740 BAUM BLVD APT 19|15213,P-TOWN,4740 BAUM BLVD APT 19,42003080400,False,-79.9489,40.454,False,0.17317796542490652,0.27731243945528994,0.6054375354034237,other,0,0,0,0,0,1825.0,1825.0,0.0,0.23518509070616875,0.6181006386162866,0.0,0.27950422786735346,0.25,False,0.14000999926796304
a3415ba2cf,5857 ELLSWORTH AVE|15232,SIX PACK TO GO,5857 ELLSWORTH AVE,42003070500,True,-79.92927,40.4575,True,0.0718121626825991,0.12414582479008617,0.6054375354034237,other,1,0,0,0,0,1825.0,1825.0,0.0,0.12626065905163913,0.6216395123842237,0.0,0.23699611733592274,0.25,False,0.09192207845871617
a83749215f,4327 BUTLER ST|15201,BEERS & CHEERS LLC,4327 BUTLER ST,42003090200,True,-79.95983,40.47139,False,0.1572771132399075,0.25479665269895696,0.6054375354034237,beer_distributor,0,0,0,0,0,1825.0,1825.0,0.0,0.27931364383850993,0.6008505317545023,0.0,0.29198061706175465,0.25,False,0.13689568388031104
b17be83909,4934 2ND AVE|15207,DOLLAR GENERAL STORE #31200,4934 2ND AVE,42003562300,True,-79.94418,40.40881,True,0.04740830722060701,0.08355849149353053,0.6054375354034237,dollar_store,1,0,0,0,0,1825.0,1825.0,0.0,0.44187741476550496,0.7612387700676759,0.0,0.40512259692650476,0.25,False,0.09635143306912035
5f0e2359b4,2208 ARLINGTON AVE|15210,ARLINGTON MART LLC,2208 ARLINGTON AVE,42003161000,True,-79.97553,40.41718,True,0.22579519585155097,0.34824316987654874,0.6054375354034237,convenience_independent,6,1,0,0,0,1825.0,1825.0,1.0,0.5100015313320352,0.8194218011079707,0.125,0.4873271528652053,0.25,False,0.23220835248069252
c7776e2113,4924 LIBERTY AVE|15224,LOUS LITTLE CORNER BAR,4924 LIBERTY AVE,42003080900,False,-79.94501,40.45951,False,0.17502213815100676,0.27989015367798864,0.6054375354034237,bar_tavern,0,0,0,0,0,1825.0,1825.0,0.0,0.03457930334152538,0.6527780596703082,0.0,0.2096651392377026,0.25,False,0.12118320804215746
6133020ffe,777 CASINO DR|15212,RIVERS CASINO,777 CASINO DR,42003980600,True,-80.023738,40.447822,False,0.17317796542490652,0.27731243945528994,0.6054375354034237,other,0,0,0,0,0,1825.0,1825.0,0.0,0.08920289103254678,0.7132267923784239,0.0,0.24964919412654588,0.25,False,0.1317308270312797
5eb6bcd58c,1901 MURRAY AVE|15217,GIANT EAGLE 38,1901 MURRAY AVE,42003140800,True,-79.92248,40.43541,True,0.08113536941898188,0.13924411922618818,0.6054375354034237,supermarket,8,1,0,0,0,854.0,1825.0,1.0,0.46292301994974794,0.9264890885139383,0.125,0.5006159345340806,0.25,False,0.13220782487479313
224716a0fc,1643 ARLINGTON AVE|15210,ATHWAL PETROLEUM INC,1643 ARLINGTON AVE,42003170600,True,-79.98691,40.4179,True,0.0680465290671371,0.11798478489354776,0.6054375354034237,convenience_gas,4,0,0,0,0,1825.0,1825.0,0.0,0.0766394228587701,0.45737871663995644,0.0,0.16786938413549496,0.25,False,0.0823060331774387
0bc6cd0275,3040 BANKSVILLE RD|15216,BANKSVILLE BEER INC,3040 BANKSVILLE RD,42003202300,True,-80.04349,40.40055,True,0.05256811395275722,0.09227168706445066,0.6054375354034237,beer_distributor,2,0,0,0,0,1825.0,1825.0,0.0,0.22407482086487918,0.7352578798418624,0.0,0.3102072922985104,0.25,False,0.09112335020007872
a13c461146,MURRAY AVE & LORETTA ST|15217,GIANT EAGLE 63,MURRAY AVE & LORETTA ST,42003151700,True,-79.92887,40.42189,False,0.14140617871277453,0.23179166828741837,0.6054375354034237,supermarket,0,0,0,0,0,1825.0,1825.0,0.0,0.11726334416717742,0.7053639394313544,0.0,0.2585145194962773,0.25,False,0.12242151175056246
52a84c03f6,7926 FRANKSTOWN AVE|15221,BROOKLYN 2 MARKET INC,7926 FRANKSTOWN AVE,42003130600,True,-79.88496,40.45528,True,0.0957182233825691,0.1624249566355434,0.6054375354034237,convenience_independent,2,0,0,0,0,1825.0,1825.0,0.0,0.14580650086904948,0.7921429099753402,0.0,0.29596547334022183,0.25,False,0.1105721791729036
ac6fedce50,2350 RAILROAD ST UNIT 1|15222,RAILROAD STREET DINING VENTURE LLC,2350 RAILROAD ST UNIT 1,42003020300,True,-79.98268,40.45446,False,0.17317796542490652,0.27731243945528994,0.6054375354034237,other,0,0,0,0,0,1825.0,1825.0,0.0,0.033494764299814656,0.5146018581037464,0.0,0.16777846315104977,0.25,False,0.10902705490447709
c4cc794932,601 PENN AVE|15222,7-ELEVEN STORE #36143B,601 PENN AVE,42003020100,True,-80.00207,40.44279,True,0.05529836280727582,0.09685323213408849,0.6054375354034237,convenience_gas,3,0,0,0,0,964.0,1825.0,0.0,0.3325877218951558,0.09332508171326724,0.0,0.1610326132720425,0.25,False,0.07809652907439603
f1a7943d37,2525 BROWNSVILLE RD|15210,PARK SOCIAL BAR,2525 BROWNSVILLE RD,42003290400,False,-79.97981,40.38632,False,0.17502213815100676,0.27989015367798864,0.6054375354034237,bar_tavern,0,0,0,0,0,1825.0,1825.0,0.0,0.08498309500560021,0.7281021089553952,0.0,0.25242387068885863,0.25,False,0.13315095595909737
ee3fa4cc08,3210 BRIGHTON RD|15212,FAMILY DOLLAR #31692,3210 BRIGHTON RD,42003271600,True,-80.03094,40.47569,True,0.0372477685694937,0.06618858342123386,0.6054375354034237,dollar_store,1,0,0,0,0,829.0,1825.0,0.0,0.20670475890683798,0.805935761962737,0.0,0.32446263215155624,0.25,False,0.0839757219952364
7bb1dbfc47,5804 FORBES AVE|15217,SMOKE CONNECTION,5804 FORBES AVE,42003140300,True,-79.92256,40.43806,False,0.2677229550831438,0.40112766847798,0.6054375354034237,tobacco_shop,0,0,0,0,0,1825.0,1825.0,0.0,0.564871082701365,0.820061040995748,0.0,0.4719667453792704,0.25,False,0.2518189201731272
1f751d85fb,7201 FRANKSTOWN AVE|15208,JHA & THAKUR ENTERPRISE INC,7201 FRANKSTOWN AVE,42003130800,True,-79.89615,40.45735,True,0.1894104213704821,0.29976689726024447,0.6054375354034237,other,4,2,0,0,1,606.0,1023.0,3.0,0.07120430918475619,0.8142831089608061,0.375,0.3852666563621443,0.6,False,0.2654901901955088
c5ccd37cf7,1815 N CHARLES ST|15212,WASIL B ABDALLA,1815 N CHARLES ST,42003261400,True,-80.01714,40.46016,False,0.17317796542490652,0.27731243945528994,0.6054375354034237,other,0,0,0,0,0,1825.0,1825.0,0.0,0.5130273356490841,0.7252868702205035,0.0,0.42279699532578474,0.25,False,0.17974686616816019
84bf2885cf,801 E CARSON ST|15203,BREWSKI'S,801 E CARSON ST,42003170200,False,-79.99088,40.42865,False,0.17317796542490652,0.27731243945528994,0.6054375354034237,other,0,0,0,0,0,1825.0,1825.0,0.0,0.19941502231185826,0.6863226990771011,0.0,0.28566281864787363,0.25,False,0.14171785310091592
e9f258302f,6111 PENN AVE|15206,GOLDEN GOAT PENN AVE,6111 PENN AVE,42003111500,True,-79.92329,40.4609,False,0.17317796542490652,0.27731243945528994,0.6054375354034237,other,0,0,0,0,0,1825.0,1825.0,0.0,0.1585505636646672,0.7047202739385593,0.0,0.27483630764743466,0.25,False,0.13871552692459466
01b91c222b,1042 BROWNSVILLE RD|15210,BIG DOG VENDING INC,1042 BROWNSVILLE RD,42003290200,False,-79.99104,40.40547,False,0.17317796542490652,0.27731243945528994,0.6054375354034237,other,0,0,0,0,0,1825.0,1825.0,0.0,0.027131670798261977,0.7488479434255809,0.0,0.23550705134697905,0.25,False,0.12780903491795298
e141529baa,403 SEMPLE ST|15213,BOOTLEGGERS,403 SEMPLE ST,42003040600,False,-79.95482,40.43699,False,0.17317796542490652,0.27731243945528994,0.6054375354034237,other,0,0,0,0,0,1825.0,1825.0,0.0,0.08759175785973473,0.13266940387646875,0.0,0.07483752430683452,0.25,False,0.08325337642832284
896109c087,2200 E CARSON ST|15203,CARSON CONVENIENCE,2200 E CARSON ST,42003160900,True,-79.97445,40.42841,False,0.2625579131432911,0.39477642475829994,0.6054375354034237,convenience_independent,0,0,0,0,0,1825.0,1825.0,0.0,0.38869587111103615,0.5408875170120783,0.0,0.3177446035480379,0.25,False,0.18793807857493783
5fe88d25ed,1927 BROWNSVILLE RD|15210,BP-CARRICK,1927 BROWNSVILLE RD,42003290200,True,-79.98662,40.39557,True,0.24061568654794763,0.3672879080248088,0.6054375354034237,convenience_gas,10,3,0,0,0,1067.0,1717.0,4.0,0.12884213313054949,0.7488479434255809,0.5,0.4261912362798941,0.25,False,0.2190348875917493
5b87ab3744,1435 SPRING GARDEN AVE|15212,WALTMIRE PHARMACY,1435 SPRING GARDEN AVE,42003241300,True,-79.98691,40.46269,False,0.10095836455840984,0.17062791910983868,0.6054375354034237,pharmacy,0,0,0,0,0,1825.0,1825.0,0.0,0.5454688738126491,0.7333797691870505,0.0,0.4382014802811748,0.25,False,0.13726940673122787
0dfefcf9ce,2269 NOBLESTOWN RD|15205,7-ELEVEN STORE 2701-36185A,2269 NOBLESTOWN RD,42003563100,True,-80.05348,40.42802,True,0.04590507840516741,0.08100648310248004,0.6054375354034237,convenience_gas,4,0,0,0,0,817.0,1825.0,0.0,0.08376452078365546,0.7652306849873745,0.0,0.2630750138096745,0.25,False,0.0838107816608581
56c822de3c,700 E WARRINGTON AVE # 19007|15210,DOLLAR GENERAL #19007,700 E WARRINGTON AVE # 19007,42003180300,True,-79.99564,40.42152,False,0.12606641379207106,0.20903401285490059,0.6054375354034237,dollar_store,0,0,0,0,0,1825.0,1825.0,0.0,0.16138471700106494,0.738801928635012,0.0,0.2861944653909296,0.25,False,0.12232437755752898
b31ea4bf39,4942 2ND AVE APT 1|15207,SAMS NEIGHBORHOOD MARKET,4942 2ND AVE APT 1,42003562300,True,-79.94376,40.40884,False,0.2625579131432911,0.39477642475829994,0.6054375354034237,convenience_independent,0,0,0,0,0,1825.0,1825.0,0.0,0.4528402432623786,0.7612387700676759,0.0,0.4095077283252542,0.25,False,0.22416399689913705
f826c91371,4501 LIBERTY AVE|15224,TOBACCO OUTLET INC,4501 LIBERTY AVE,42003090300,True,-79.9517,40.46309,True,0.31486715541034965,0.4570996423591394,0.6054375354034237,tobacco_shop,6,2,0,0,0,1825.0,1825.0,3.0,0.30687119366464927,0.7168281444256652,0.375,0.45029692079355926,0.25,False,0.26833056145015766
b956f8d815,2300 WILNER DR|15221,DWMERCHANDISELLC,2300 WILNER DR,42003130600,True,-79.87002,40.45447,False,0.17317796542490652,0.27731243945528994,0.6054375354034237,other,0,0,0,0,0,1825.0,1825.0,0.0,0.4081671414866013,0.7921429099753402,0.0,0.4009097295872426,0.25,False,0.17367725511319887
5e5b396c8f,1511 STRATMORE ST BLDG FIRSTFLOOR|15205,CRATTON,1511 STRATMORE ST BLDG FIRSTFLOOR,42003281500,True,-80.05593,40.43815,False,0.17317796542490652,0.27731243945528994,0.6054375354034237,other,0,0,0,0,0,1825.0,1825.0,0.0,0.11530159605485765,0.8181669787100756,0.0,0.29157073203496575,0.25,False,0.14335619097438101
f2b0d285b7,2215 MURRAY AVE|15217,KEYSTONE VAPORS,2215 MURRAY AVE,42003140800,True,-79.92315,40.43224,False,0.17317796542490652,0.27731243945528994,0.6054375354034237,other,0,0,0,0,0,1825.0,1825.0,0.0,0.3104862339177662,0.9264890885139383,0.0,0.40214122012128795,0.25,False,0.17401876275736108
0427841589,2316 WEBSTER AVE|15219,ANNS MARKET,2316 WEBSTER AVE,42003050100,True,-79.97529,40.44845,True,0.11622994113581407,0.19416215158450695,0.6054375354034237,convenience_independent,1,0,0,0,0,1825.0,1825.0,0.0,0.23473574501414673,0.7391637989572319,0.0,0.31564343769282827,0.25,False,0.1237860089959698
5a3d32487f,5901 BRYANT ST|15206,BRYANT STREET MARKET,5901 BRYANT ST,42003110200,True,-79.91968,40.47569,True,0.07883613409429495,0.1355410866672082,0.6054375354034237,convenience_independent,3,0,0,0,0,1542.0,1825.0,0.0,0.1683573286364971,0.7599292113565964,0.0,0.2953216948615778,0.25,False,0.10252822343793994
d9822b8b3a,3806 ACORN ST|15207,ZANOS PUB HOUSE,3806 ACORN ST,42003151600,False,-79.94986,40.42659,False,0.17502213815100676,0.27989015367798864,0.6054375354034237,bar_tavern,0,0,0,0,0,1825.0,1825.0,0.0,0.28629352536173114,0.7264264341858245,0.0,0.3324453404004398,0.25,False,0.15554817741421034
b9026142f4,900 WESTERN AVE|15233,NS PUB INC,900 WESTERN AVE,42003562700,True,-80.01664,40.45195,False,0.17502213815100676,0.27989015367798864,0.6054375354034237,bar_tavern,0,0,0,0,0,1825.0,1825.0,0.0,0.08634941497632329,0.672284505936273,0.0,0.23622511777141122,0.25,False,0.12861708451564124
a3786011e9,930 BROOKLINE BLVD|15226,CLOUD KING 2 LLC,930 BROOKLINE BLVD,42003191900,True,-80.01823,40.39248,False,0.17317796542490652,0.27731243945528994,0.6054375354034237,other,0,0,0,0,0,1825.0,1825.0,0.0,0.1466985044994932,0.7366812573162415,0.0,0.27968377899466973,0.25,False,0.14005979102908606
17d5dbc26f,1019 BROOKLINE BLVD|15226,AR INVESTMENT INC,1019 BROOKLINE BLVD,42003191800,True,-80.01698,40.39187,True,0.0718121626825991,0.12414582479008617,0.6054375354034237,other,1,0,0,0,0,1825.0,1825.0,0.0,0.19695121298286106,0.7274470120328971,0.0,0.29701458880301357,0.25,False,0.0993731211016384
93ac71e0f2,1605 5TH AVE|15219,CIO STORES LLC #21,1605 5TH AVE,42003030500,True,-79.9835,40.4385,True,0.2548461080997616,0.3852097023918653,0.6054375354034237,convenience_independent,2,1,0,0,1,651.0,793.0,1.0,0.07585930981284322,0.7410580842057994,0.125,0.2901611491868771,0.6,False,0.26177288992395853
f922f069cf,2025 E CARSON ST|15203,S & S CANDY & CIGAR CO INC,2025 E CARSON ST,42003170200,True,-79.97651,40.42853,True,0.11898085305432012,0.19834359441316654,0.6054375354034237,tobacco_shop,1,0,0,0,0,1825.0,1825.0,0.0,0.578692724910509,0.6863226990771011,0.0,0.437373899687334,0.25,False,0.14925031136648956
08f57b4e17,3801 FORBES AVE|15213,FORBES DELI,3801 FORBES AVE,42003040500,True,-79.95686,40.44162,True,0.35609952467518535,0.5032758576614194,0.6054375354034237,restaurant_deli,9,5,0,0,1,850.0,850.0,8.0,0.4589430673172492,0.0,1.0,0.4835772269268997,0.6,False,0.39337274362716623
5fb3b8b405,738 BELLEFONTE ST FL 2ND|15232,ENIGMA INC,738 BELLEFONTE ST FL 2ND,42003070300,True,-79.93401,40.45142,True,0.18567238235874478,0.2946426073709176,0.6054375354034237,other,2,1,0,0,1,745.0,933.0,1.0,0.42461428465492884,0.6096159700795001,0.125,0.39023050488582156,0.6,False,0.26497853343522804
69062094e6,59 S 2ND ST|15219,THE DRAWING ROOM CIGAR CLUB,59 S 2ND ST,42003980700,True,-79.99869,40.43086,False,0.2677229550831438,0.40112766847798,0.6054375354034237,tobacco_shop,0,0,0,0,0,1825.0,1825.0,0.0,0.024710987585493834,0.7117114026775146,0.0,0.2233978158374519,0.25,False,0.15211104500995024
4c979787d8,511 LARIMER AVE|15206,L A GROCERY WEST INDIAN AMERICAN,511 LARIMER AVE,42003120900,True,-79.9141,40.46546,False,0.2625579131432911,0.39477642475829994,0.6054375354034237,convenience_independent,0,0,0,0,0,1825.0,1825.0,0.0,0.3025163516546787,0.7822631966402399,0.0,0.35568549965394347,0.25,False,0.20291624989175333
51fbab3efd,541 E OHIO ST|15212,CLASSY CLOUDS LLC,541 E OHIO ST,42003563202,True,-79.99926,40.45375,False,0.17317796542490652,0.27731243945528994,0.6054375354034237,other,0,0,0,0,0,1825.0,1825.0,0.0,0.32172467044437214,0.6388011900037978,0.0,0.3203302251788882,0.25,False,0.15133155617561983
36766850c0,649 HILLSBORO ST|15204,SHERADEN TOBACCO OUTLET INC,649 HILLSBORO ST,42003562500,True,-80.05407,40.45329,True,0.11898085305432012,0.19834359441316654,0.6054375354034237,tobacco_shop,1,0,0,0,0,1825.0,1825.0,0.0,0.3864426931610527,0.8349702950825326,0.0,0.4050681657891808,0.25,False,0.14284267598497458
a866a8e0d3,2104 BROWNSVILLE RD|15210,BROWNSVILLE,2104 BROWNSVILLE RD,42003290200,True,-79.98652,40.39309,False,0.17317796542490652,0.27731243945528994,0.6054375354034237,other,0,0,0,0,0,1825.0,1825.0,0.0,0.1369309879757012,0.7488479434255809,0.0,0.27942677821795475,0.25,False,0.1399885215167533
