location_key,fda_street,fda_city,fda_state,zip5,fda_names,fda_records,fda_violations,fda_first_decision,fda_last_decision,lon,lat,tract_geoid,in_city_limits,city_scope
1 BIGELOW BLVD|15219,1 BIGELOW BLVD,PITTSBURGH,PA,15219,7-ELEVEN #106,2,0,2012-06-14,2024-01-28,-79.994770581829,40.440442927501,42003020100,True,in_city
1 VIRGINIA AVE|15211,1 VIRGINIA AVE,PITTSBURGH,PA,15211,MT WASHINGTON SERVICE | TASTE BUDS,3,0,2012-06-11,2018-09-20,-80.006956081658,40.429186912083,42003191400,True,in_city
10 W PROSPECT AVE|15205,10 W PROSPECT AVE,PITTSBURGH,PA,15205,7-ELEVEN #146,3,0,2011-12-12,2019-02-22,-80.066363885868,40.445147824661,42003464300,False,outside_city
10 WEST PROSPECT AVENUE|15205,10 WEST PROSPECT AVENUE,PITTSBURGH,PA,15205,7-ELEVEN 146 / GULF | 7-ELEVEN 36131B,4,2,2021-11-30,2024-09-28,-80.066363885868,40.445147824661,42003464300,False,outside_city
100 BRIGHTON ROAD|15202,100 BRIGHTON ROAD,PITTSBURGH,PA,15202,SHADELAND BEER DISTRIBUTORS LLC,2,0,2013-12-24,2017-08-21,,,,False,outside_city
100 FOX CHAPEL ROAD|15238,100 FOX CHAPEL ROAD,PITTSBURGH,PA,15238,BP / MARKET 24 | FRANCHISE USA 302,4,1,2013-07-05,2024-12-03,-79.882958675689,40.489045989646,42003421100,False,outside_city
100 ROBINSON CENTER DR|15205,100 ROBINSON CENTER DR,PITTSBURGH,PA,15205,STREET CORNER,3,0,2011-12-07,2018-09-09,,,,False,unknown
100 ROBINSON CENTRE DRIVE|15205,100 ROBINSON CENTRE DRIVE,PITTSBURGH,PA,15205,SMOKE AND VAPE,1,0,2022-10-17,2022-10-17,,,,False,unknown
100 ROBINSON CENTRE DR|15205,100 ROBINSON CENTRE DR,PITTSBURGH,PA,15205,PUFFS N STUFF,2,0,2012-02-20,2017-09-29,,,,False,unknown
100 ROBINSON TOWN CENTER DRIVE|15205,100 ROBINSON TOWN CENTER DRIVE,PITTSBURGH,PA,15205,STREET CORNER NEWS,3,1,2017-10-05,2019-02-22,,,,False,unknown
100 ROCHESTER RD|15229,100 ROCHESTER RD,PITTSBURGH,PA,15229,SUNOCO,1,0,2014-08-26,2014-08-26,-80.025294019337,40.520779138185,42003430200,False,outside_city
100 ROCHESTER ROAD|15229,100 ROCHESTER ROAD,PITTSBURGH,PA,15229,SUNOCO,3,1,2017-10-05,2019-02-06,-80.025294019337,40.520779138185,42003430200,False,outside_city
100 SETTLERS RIDGE CENTER|15205,100 SETTLERS RIDGE CENTER,PITTSBURGH,PA,15205,GIANT EAGLE #47,3,0,2013-10-17,2019-02-22,,,,False,unknown
1000 CLAIRTON BLVD|15236,1000 CLAIRTON BLVD,PITTSBURGH,PA,15236,SHEETZ #376,2,0,2012-01-11,2015-06-05,,,,False,outside_city
1000 CLAIRTON BOULEVARD|15236,1000 CLAIRTON BOULEVARD,PITTSBURGH,PA,15236,SHEETZ 376,3,1,2023-11-02,2024-10-31,,,,False,outside_city
1000 ROSS PARK MALL DR|15237,1000 ROSS PARK MALL DR,PITTSBURGH,PA,15237,STREET CORNER,3,0,2012-08-28,2016-07-01,,,,False,unknown
1000 ROSS PARK MALL D|15237,1000 ROSS PARK MALL D,PITTSBURGH,PA,15237,SEIFU HAILEYESUS,1,0,2013-07-05,2013-07-05,,,,False,unknown
1001 BROOKLINE BOULEVARD|15226,1001 BROOKLINE BOULEVARD,PITTSBURGH,PA,15226,BROOKLINE MINI MART,2,1,2024-04-18,2024-10-19,-80.017637509637,40.392142556824,42003191900,True,in_city
1001 EVERGREEN AVE|15209,1001 EVERGREEN AVE,PITTSBURGH,PA,15209,B P OIL CO 7180,2,0,2018-02-12,2019-03-27,-79.971806210565,40.490403632188,42003427000,False,outside_city
1001 EVERGREEN RD|15209,1001 EVERGREEN RD,PITTSBURGH,PA,15209,B P OIL CO 7180,1,0,2013-06-17,2013-06-17,-79.971806210565,40.490403632188,42003427000,False,outside_city
1001 WESTERN AVE E|15233,1001 WESTERN AVE E,PITTSBURGH,PA,15233,7-ELEVEN 158,1,0,2012-01-25,2012-01-25,-80.018952024546,40.451448643103,42003980600,True,in_city
1001 WESTERN AVE|15233,1001 WESTERN AVE,PITTSBURGH,PA,15233,7-ELEVEN #158,3,0,2015-05-04,2018-10-18,-80.018952024546,40.451448643103,42003980600,True,in_city
1006 E CARSON STREET|15203,1006 E. CARSON STREET,PITTSBURGH,PA,15203,DUBOIS BP,1,0,2018-07-01,2018-07-01,-79.988440537279,40.428647198257,42003170200,True,in_city
101 AMANDA AVENUE|15210,101 AMANDA AVENUE,PITTSBURGH,PA,15210,TRIANGLE MART,2,0,2018-12-14,2025-06-16,-79.988141054498,40.415064432124,42003300100,True,in_city
1017 CHESTNUT ST|15212,1017 CHESTNUT ST,PITTSBURGH,PA,15212,STANDFAST CHARLES,1,0,2012-06-13,2012-06-13,-79.995313058145,40.457180591586,42003563202,True,in_city
1018 W NORTH AVE|15233,1018 W NORTH AVE,PITTSBURGH,PA,15233,FAMILY STORE | NEW FAMILY STORE,2,0,2012-01-25,2023-12-01,,,,False,in_city
1018 W-NORTH AVE|15233,1018 W-NORTH AVE,PITTSBURGH,PA,15233,W N GROCERY,3,0,2015-05-04,2018-10-18,,,,False,unknown
1019 BROOKLINE BLVD|15226,1019 BROOKLINE BLVD,PITTSBURGH,PA,15226,BROOKINE BEER,1,0,2016-09-29,2016-09-29,-80.016994967315,40.391918313733,42003191900,True,in_city
1020 MT ROYAL BLVD|15223,1020 MT ROYAL BLVD,PITTSBURGH,PA,15223,SUNOCO 7139,3,0,2013-06-14,2023-11-12,-79.95892605104,40.517279619634,42003426400,False,outside_city
1021 PERRY HIGHWAY|15237,1021 PERRY HIGHWAY,PITTSBURGH,PA,15237,CASH & CARRY | CASH N CARRY CONVENIENT STORE/MARATHON,8,1,2014-04-25,2026-02-26,-80.036233616995,40.540186180373,42003429300,False,outside_city
1028 PENN AVENUE|15221,1028 PENN AVENUE,PITTSBURGH,PA,15221,RIGHT MARKET CONVENIENCE STORE,1,1,2026-05-28,2026-05-28,-79.878886003383,40.44167209253,42003564700,False,outside_city
1028 PENN AVE|15221,1028 PENN AVE,PITTSBURGH,PA,15221,RIGHT MARKET,2,0,2016-04-18,2019-04-02,-79.878886003383,40.44167209253,42003564700,False,outside_city
1030 W VIEW PARK DR|15229,1030 W VIEW PARK DR,PITTSBURGH,PA,15229,SAMS TOBACCO BEER OUTLET IN,2,0,2017-09-29,2018-10-31,-80.036572483419,40.516659660339,42003430200,False,outside_city
104 CLAIRTEN BLVD|15236,104 CLAIRTEN BLVD,PITTSBURGH,PA,15236,SUNOCO A PLUS,2,0,2012-01-05,2015-06-05,-79.960196755255,40.338892917486,42003489001,False,outside_city
104 CLAIRTON BLVD|15236,104 CLAIRTON BLVD,PITTSBURGH,PA,15236,SUNOCO A PLUS,1,0,2018-05-21,2018-05-21,-79.960196755255,40.338892917486,42003489001,False,outside_city
1043 S BRADDOCK AVE|15218,1043 S BRADDOCK AVE,PITTSBURGH,PA,15218,DAVE GERENYI'S AUTO SERVICE | GET-GO,4,0,2012-01-05,2019-11-06,-79.894349357508,40.433353351298,42003516100,False,outside_city
105 BROWNSVILLE RD|15210,105 BROWNSVILLE RD,PITTSBURGH,PA,15210,A & E DELI,1,0,2024-04-03,2024-04-03,-79.986457313072,40.417427214227,42003481000,False,outside_city
1050 BRINTON RD|15221,1050 BRINTON RD,PITTSBURGH,PA,15221,NO 329,1,0,2012-01-05,2012-01-05,-79.873610978026,40.428191629123,42003517000,False,outside_city
10525 FRANKSTOWN ROAD|15235,10525 FRANKSTOWN ROAD,PITTSBURGH,PA,15235,GET GO KITCHEN 3108,3,1,2018-05-24,2019-07-24,-79.843591251992,40.460120707076,42003523200,False,outside_city
10707 FRANKSTOWN RD|15235,10707 FRANKSTOWN RD,PITTSBURGH,PA,15235,FAMILY DOLLAR,1,0,2025-05-13,2025-05-13,-79.841154563068,40.461467155082,42003523300,False,outside_city
10707 FRANKSTOWN ROAD|15235,10707 FRANKSTOWN ROAD,PITTSBURGH,PA,15235,WALGREENS #09345,2,0,2014-05-27,2015-07-01,-79.841154563068,40.461467155082,42003523300,False,outside_city
10733 FRANKSTOWN ROAD|15235,10733 FRANKSTOWN ROAD,PITTSBURGH,PA,15235,RITZLAND BEER DISBRIBUTOR,1,0,2015-07-01,2015-07-01,-79.841083787099,40.461737873557,42003523300,False,outside_city
10740 FRANKSTOWN ROAD|15235,10740 FRANKSTOWN ROAD,PITTSBURGH,PA,15235,RITE AID #10944,2,0,2014-05-27,2015-07-01,-79.840924537917,40.461785334985,42003523400,False,outside_city
10752 FRANKSTOWN ROAD|15235,10752 FRANKSTOWN ROAD,PITTSBURGH,PA,15235,PUFF DISCOUNT TOBACCO #2,1,0,2018-08-06,2018-08-06,-79.840901772476,40.461921137143,42003523300,False,outside_city
1081 FREEPORT RD|15238,1081 FREEPORT RD,PITTSBURGH,PA,15238,GET GO # 3172,4,0,2013-05-01,2025-06-25,-79.852710400581,40.518217318212,42003421100,False,outside_city
109 CALIFORNIA AVENUE|15202,109 CALIFORNIA AVENUE,PITTSBURGH,PA,15202,CARLINE INC,1,0,2019-08-27,2019-08-27,-80.073924382669,40.503532501852,42003432300,False,outside_city
10991 FRANKSTOWN ROAD|15235,10991 FRANKSTOWN ROAD,PITTSBURGH,PA,15235,PUFF DISCOUNT TOBACCO #2,2,0,2018-08-06,2022-02-22,-79.838745494257,40.46585956175,42003523300,False,outside_city
1101 BROOKLINE BLVD|15226,1101 BROOKLINE BLVD.,PITTSBURGH,PA,15226,7-ELEVEN STORE 36154H,1,0,2016-09-27,2016-09-27,-80.015224403367,40.391973273778,42003320600,True,in_city
1101 POWERS RUN ROAD|15238,1101 POWERS RUN ROAD,PITTSBURGH,PA,15238,IN & OUT MARKET,2,0,2013-06-14,2014-09-29,-79.856350923694,40.510759094847,42003421100,False,outside_city
1101 S BRADDOCK AVE|15218,1101 S BRADDOCK AVE,PITTSBURGH,PA,15218,BRADDOCK AVE. EXPRESS,1,1,2020-01-09,2020-01-09,-79.893966744856,40.432821571904,42003516100,False,outside_city
1101 S BRADDOCK AV|15218,1101 S BRADDOCK AV,PITTSBURGH,PA,15218,BRADDOCK AV EXPRESS,2,0,2015-06-12,2016-09-04,-79.893966744856,40.432821571904,42003516100,False,outside_city
1101 SOUTH BRADDOCK AVENUE|15218,1101 SOUTH BRADDOCK AVENUE,PITTSBURGH,PA,15218,BRADDOCK AVE. EXPRESS,2,0,2022-04-29,2023-04-06,-79.893966744856,40.432821571904,42003516100,False,outside_city
1102 PERRY HIGHWAY|15237,1102 PERRY HIGHWAY,PITTSBURGH,PA,15237,EASY TRIP,3,1,2017-02-09,2018-06-03,-80.035888564677,40.545188799007,42003429400,False,outside_city
1102 PERRY HWY|15237,1102 PERRY HWY,PITTSBURGH,PA,15237,EASY TRIP,3,0,2014-05-16,2016-07-01,-80.035888564677,40.545188799007,42003429400,False,outside_city
1103 BROWNSVILLE RD|15210,1103 BROWNSVILLE RD,PITTSBURGH,PA,15210,TOBACCO OUTLET,2,0,2011-07-29,2012-03-09,-79.990776178003,40.405275103321,42003290200,True,in_city
1103 BROWNSVILLE ROAD|15210,1103 BROWNSVILLE ROAD,PITTSBURGH,PA,15210,TOBACCO OUTLET,4,1,2014-10-16,2019-10-02,-79.990776178003,40.405275103321,42003290200,True,in_city
1105 FRANKLIN AVENUE|15221,1105 FRANKLIN AVENUE,PITTSBURGH,PA,15221,HANINI MARKET,4,2,2022-11-08,2024-09-18,-79.878907013001,40.438968016809,42003564700,False,outside_city
1105 FRANKLIN AVE|15221,1105 FRANKLIN AVE,PITTSBURGH,PA,15221,HANINI MARKET,2,0,2016-04-09,2018-12-04,-79.878907013001,40.438968016809,42003564700,False,outside_city
1111 FREEPORT RD|15238,1111 FREEPORT RD,PITTSBURGH,PA,15238,COMMUNITY SUPERMARKET,2,0,2013-06-14,2014-09-29,-79.882359581941,40.487643316673,42003421100,False,outside_city
1118 CARSON STREET|15203,1118 CARSON STREET,PITTSBURGH,PA,15203,ARYAS TOBACCO,1,0,2019-04-23,2019-04-23,-79.987266962526,40.428673350327,42003170200,True,in_city
1119 BROWNSVILLE RD|15210,1119 BROWNSVILLE RD,PITTSBURGH,PA,15210,BROWNSVILLE ROAD FOODLAND,2,0,2011-11-16,2012-03-07,-79.990345157523,40.40453856477,42003290200,True,in_city
1119 BROWNSVILLE ROAD|15210,1119 BROWNSVILLE ROAD,PITTSBURGH,PA,15210,SHOP 'N SAVE | SHOP N SAVE,5,2,2014-10-23,2019-05-23,-79.990345157523,40.40453856477,42003290200,True,in_city
1121 BOWER HILL RD|15243,1121 BOWER HILL RD.,PITTSBURGH,PA,15243,RITE AID #10956,2,0,2015-01-15,2017-08-20,-80.069797998531,40.375309633942,42003473602,False,outside_city
1125-1135 FREEPORT ROAD|15238,1125-1135 FREEPORT ROAD,PITTSBURGH,PA,15238,RITE AID #10954,2,0,2013-05-01,2014-09-29,-79.881250816654,40.487783986197,42003421100,False,outside_city
1125ARLINGTON AVE|15203,1125ARLINGTON AVE,PITTSBURGH,PA,15203,DAILY MART CONVENIENCE STORE INC,1,0,2018-07-01,2018-07-01,-79.991520257519,40.422316009864,42003180300,True,in_city
1130 HIGHWOOD STREET|15212,1130 HIGHWOOD STREET,PITTSBURGH,PA,15212,KUHN'S QUALITY FOODS,5,2,2016-05-05,2023-04-30,-80.026021265699,40.468302537527,42003271600,True,in_city
1130 HIGHWOOD ST|15212,1130 HIGHWOOD ST,PITTSBURGH,PA,15212,KUHNS MARKETS,2,0,2012-08-28,2015-04-09,-80.026021265699,40.468302537527,42003271600,True,in_city
1130 PERRY HGWY|15237,1130 PERRY HGWY,PITTSBURGH,PA,15237,MORGAN ELIZABETH | SHOP N SAVE,3,0,2013-05-14,2026-02-26,-80.036616055233,40.54751378661,42003429300,False,outside_city
1130 PERRY HIGHWAY|15237,1130 PERRY HIGHWAY,PITTSBURGH,PA,15237,RITE AID #10953,5,0,2012-06-15,2019-01-29,-80.036616055233,40.54751378661,42003429300,False,outside_city
1141 FREEPORT RD|15238,1141 FREEPORT RD,PITTSBURGH,PA,15238,PATRON MEXICAN GRILL,1,0,2018-08-07,2018-08-07,-79.88097788306,40.487822693178,42003421100,False,outside_city
115 SMITHFIELD ST|15222,115 SMITHFIELD ST,PITTSBURGH,PA,15222,SMITHFIELD NEWS,3,0,2011-07-06,2023-10-19,-80.000535166751,40.437374775907,42003020100,True,in_city
11689 PENN HILLS DR|15235,11689 PENN HILLS DR,PITTSBURGH,PA,15235,BEER MINIMUM,2,0,2014-05-27,2015-07-01,,,,False,outside_city
117 CLIMAX STREET|15210,117 CLIMAX STREET,PITTSBURGH,PA,15210,JOHNSONS TAVERN,1,0,2011-08-03,2011-08-03,-80.005362161709,40.419209424597,42003562400,True,in_city
117 SOUTH 18TH STREET|15203,117 SOUTH 18TH STREET,PITTSBURGH,PA,15203,GET GO #3117,1,0,2018-07-01,2018-07-01,-79.980614047397,40.42745264694,42003170200,True,in_city
1172 JEFFERSON HEIGHTS RO|15235,1172 JEFFERSON HEIGHTS RO,PITTSBURGH,PA,15235,JEFFERSON HIDEAWAY,1,0,2023-03-30,2023-03-30,-79.813393138832,40.445119295181,42003523600,False,outside_city
11835 FRANKSTOWN ROAD|15235,11835 FRANKSTOWN ROAD,PITTSBURGH,PA,15235,AUTO LAUNDRY,3,1,2014-07-10,2015-09-25,-79.824388458626,40.468740117016,42003523300,False,outside_city
120 FEDERAL ST|15212,120 FEDERAL ST,PITTSBURGH,PA,15212,JEFF JOYCE,1,0,2011-10-21,2011-10-21,-80.004013282028,40.447744513714,42003563201,True,in_city
120 SIXTH ST|15222,120 SIXTH ST,PITTSBURGH,PA,15222,PITTSBURGH NEWS,2,0,2012-06-26,2014-06-30,-80.002564971263,40.443497389698,42003020100,True,in_city
1200 S BRADDOCK AVE|15218,1200 S BRADDOCK AVE,PITTSBURGH,PA,15218,MCBROOM BEER STORE,2,0,2015-06-12,2019-12-15,-79.89330521369,40.431671865913,42003516100,False,outside_city
1201 AIRPORT BLVD|15231,1201 AIRPORT BLVD,PITTSBURGH,PA,15231,SUNOCO 7544,1,0,2019-08-28,2019-08-28,,,,False,outside_city
12012 FRANKSTOWN RD|15235,12012 FRANKSTOWN RD,PITTSBURGH,PA,15235,BOTTOM DOLLAR FOODS,1,0,2014-06-12,2014-06-12,-79.82314546135,40.469790888743,42003523501,False,outside_city
1215 BRIGHTON ROAD|15233,1215 BRIGHTON ROAD,PITTSBURGH,PA,15233,FAMILY DOLLAR STORE #10351,2,0,2016-09-17,2018-10-18,-80.015069741713,40.455187541211,42003565100,True,in_city
122 N HIGHLAND AVE|15206,122 N HIGHLAND AVE,PITTSBURGH,PA,15206,DUKES HIGHLAND NEWS,2,0,2011-10-24,2012-06-13,-79.924471676268,40.46205934604,42003111500,True,in_city
1222 BROWNSVILLE ROAD|15210,1222 BROWNSVILLE ROAD,PITTSBURGH,PA,15210,RITE AID #10926,3,0,2012-03-07,2019-05-23,-79.990087702591,40.403608015229,42003290200,True,in_city
12252 FRANKSTOWN RD|15235,12252 FRANKSTOWN RD,PITTSBURGH,PA,15235,DOLLAR GENERAL STORE #9350,1,0,2014-05-29,2014-05-29,-79.819767328254,40.472672169266,42003523501,False,outside_city
123 N NEGLEY AVE|15206,123 N NEGLEY AVE,PITTSBURGH,PA,15206,MARKET 24 | NEGLEY A PLUS,4,0,2012-11-14,2022-03-09,-79.930589709805,40.463772418295,42003111400,True,in_city
1235 MULDOWNEY AVE|15207,1235 MULDOWNEY AVE,PITTSBURGH,PA,15207,COMBO MINIMART,2,0,2011-08-03,2018-08-31,-79.914247339512,40.368767803669,42003310200,True,in_city
125 VIRGINIA AVE|15211,125 VIRGINIA AVE,PITTSBURGH,PA,15211,MOUNT WASHINGTON FOODLAND | MT. WASHINGTON SHOP N SAVE,3,0,2012-03-12,2018-09-20,-80.008524755913,40.430022307365,42003191400,True,in_city
125 WEST STATION SQUARE|15219,125 WEST STATION SQUARE,PITTSBURGH,PA,15219,PUFFS N STUFF,1,0,2012-02-07,2012-02-07,-80.004084496502,40.433137924552,42003980700,True,in_city
127 NORTH NAGLEY AVE|15206,127 NORTH NAGLEY AVE,PITTSBURGH,PA,15206,NAGLEY A-PLUS,1,0,2012-02-27,2012-02-27,-79.930567749445,40.463809446682,42003111400,True,in_city
1282 BRINTON RD|15221,1282 BRINTON RD,PITTSBURGH,PA,15221,MAN LEE,1,0,2012-01-05,2012-01-05,-79.864593124513,40.422500246416,42003517000,False,outside_city
1300 N MURTLAND|15208,1300 N MURTLAND,PITTSBURGH,PA,15208,HOWARD MARKET,1,0,2011-10-24,2011-10-24,-79.899681599961,40.461947578603,42003130700,True,in_city
1300 WOODLAND AVENUE|15212,1300 WOODLAND AVENUE,PITTSBURGH,PA,15212,CORNER STORE,3,1,2023-05-18,2024-01-30,-80.030188275559,40.469118726117,42003271600,True,in_city
1300 WOODLAND AVE|15212,1300 WOODLAND AVE,PITTSBURGH,PA,15212,CORNER STORE | NEW BIG TOM CORNER STORE,3,0,2012-08-28,2016-04-27,-80.030188275559,40.469118726117,42003271600,True,in_city
1304 FEDERAL ST|15212,1304 FEDERAL ST,PITTSBURGH,PA,15212,NORTHSIDE BEER,2,0,2015-04-20,2016-04-27,-80.006998443315,40.456813427238,42003565100,True,in_city
1306 BROOKLINE BLVD|15226,1306 BROOKLINE BLVD,PITTSBURGH,PA,15226,HIDEAWAY MINI MART,1,0,2012-03-12,2012-03-12,-80.010716789832,40.392222639837,42003191800,True,in_city
132 BEN AVON HEIGHT RD|15237,132 BEN AVON HEIGHT RD,PITTSBURGH,PA,15237,GIANT EAGLE 52,6,0,2012-06-18,2026-02-26,,,,False,unknown
132 BURROWS STREET|15213,132 BURROWS STREET,PITTSBURGH,PA,15213,S & K MARKET,2,0,2012-11-09,2015-03-16,-79.96656059703,40.439109855748,42003040200,True,in_city
132 N HIGHLAND AVE|15206,132 N. HIGHLAND AVE.,PITTSBURGH,PA,15206,WILLIAM PENN SMOKE SHOP,4,0,2012-06-13,2022-05-27,-79.924449739681,40.46210706526,42003111500,True,in_city
1327 ARCH STREET|15212,1327 ARCH STREET,PITTSBURGH,PA,15212,ALLEGHENY CITY MARKET | ALLEGHENY MARKET,2,2,2016-04-21,2017-09-14,-80.009236850393,40.456770487521,42003565100,True,in_city
1327 ARCH ST|15212,1327 ARCH ST,PITTSBURGH,PA,15212,ALLEGHENY MARKET | DOUGS MARKET,2,0,2012-06-11,2015-04-20,-80.009236850393,40.456770487521,42003565100,True,in_city
1329 BABCOCK BLVD|15209,1329 BABCOCK BLVD,PITTSBURGH,PA,15209,DUKES SHALER SUNOCO | SUNOCO,4,0,2013-12-17,2019-03-27,-79.976463184473,40.495583217661,42003427200,False,outside_city
1330 BANKSVILLE RD|15216,1330 BANKSVILLE RD,PITTSBURGH,PA,15216,ANGOTTI TEXACO,2,0,2012-03-12,2014-03-24,-80.03014333516,40.415274510946,42003202300,True,in_city
1341 ADAMS ST|15233,1341 ADAMS ST,PITTSBURGH,PA,15233,WILLIAM MORRIS,1,0,2012-01-25,2012-01-25,-80.02687839651,40.458705070815,42003565200,True,in_city
1347 A WEST LIBERTY AVE|15226,1347 A WEST LIBERTY AVE,PITTSBURGH,PA,15226,WEST LIBERTY BEER,1,0,2016-10-18,2016-10-18,-80.011631594069,40.411371315354,42003191700,True,in_city
136 NINTH STREET|15222,136 NINTH STREET,PITTSBURGH,PA,15222,9TH & PENN NEWS & NUMBERS,2,0,2012-01-09,2014-06-30,-79.998899735418,40.44477280851,42003020100,True,in_city
14 FORT COUCH ROAD|15241,14 FORT COUCH ROAD,PITTSBURGH,PA,15241,GET GO,4,1,2016-04-21,2026-03-10,-80.051092203876,40.337355457661,42003475101,False,outside_city
14 FORTCOUCH ROAD|15241,14 FORTCOUCH ROAD,PITTSBURGH,PA,15241,GET GO #3127,3,0,2012-08-16,2016-09-22,-80.051092203876,40.337355457661,42003475101,False,outside_city
1407 LINCOLN AVENUE|15206,1407 LINCOLN AVENUE,PITTSBURGH,PA,15206,LINCOLN AVE. MARKET,2,0,2019-01-28,2019-07-24,-79.896932376339,40.468020984943,42003120300,True,in_city
1407 LINCOLN AVE|15206,1407 LINCOLN AVE,PITTSBURGH,PA,15206,LINCOLN AVE. MARKET,1,1,2018-03-22,2018-03-22,-79.896932376339,40.468020984943,42003120300,True,in_city
1408 POTOMAC AVE|15216,1408 POTOMAC AVE,PITTSBURGH,PA,15216,DORMONT NEWS,1,0,2012-05-03,2012-05-03,-80.034361637015,40.395265591966,42003472100,False,outside_city
1412 RADFORD ROAD|15227,1412 RADFORD ROAD,PITTSBURGH,PA,15227,AMERICAN DOLLAR,3,0,2015-02-09,2019-05-02,-79.966907884775,40.36478626691,42003477300,False,outside_city
1433 LINCOLN AVE|15206,1433 LINCOLN AVE,PITTSBURGH,PA,15206,OPEN PANTRY FOOD MART,1,0,2011-08-03,2011-08-03,-79.896736138345,40.468315724844,42003120300,True,in_city
145 MCMURRAY ROAD|15241,145 MCMURRAY ROAD,PITTSBURGH,PA,15241,ALLENS AUTO SERVICE LLC,1,0,2011-09-12,2011-09-12,-80.065398324491,40.32554659745,42003474102,False,outside_city
1498 CENTER AVE|15229,1498 CENTER AVE,PITTSBURGH,PA,15229,ARNOLDS MARKET,2,0,2014-08-22,2017-09-29,-80.04486624957,40.51520032125,42003430200,False,outside_city
15 FOSTER AVE|15205,15 FOSTER AVE,PITTSBURGH,PA,15205,CRAFTON BEVERAGE CTR.,1,0,2018-05-08,2018-05-08,-80.06876225291,40.440729930924,42003465600,False,outside_city
1500 LINCOLN AVENUE|15206,1500 LINCOLN AVENUE,PITTSBURGH,PA,15206,BROOKLYN FOOD MARKET,3,2,2022-11-08,2024-04-18,-79.895940783843,40.468742936954,42003561900,True,in_city
1500 SPRING GARDEN AVE|15212,1500 SPRING GARDEN AVE,PITTSBURGH,PA,15212,MARSHALLS,1,0,2012-06-13,2012-06-13,-79.986017579429,40.464108884791,42003241300,True,in_city
1500 YOST BOULEVARD|15221,1500 YOST BOULEVARD,PITTSBURGH,PA,15221,FAMILY DOLLAR 824,4,2,2023-05-23,2024-12-03,-79.856496179513,40.412528039915,42003517000,False,outside_city
1506 5TH AVE|15219,1506 5TH AVE,PITTSBURGH,PA,15219,GIOVANNIS PIZZA,1,0,2023-06-26,2023-06-26,-79.984936709513,40.438478408203,42003010302,True,in_city
1511 CENTER AVENUE|15229,1511 CENTER AVENUE,PITTSBURGH,PA,15229,DANNY'S BAR AND GRILL,2,1,2017-10-05,2022-05-03,-80.044779746823,40.514988785047,42003430200,False,outside_city
1516 BRIGHTON RD|15212,1516 BRIGHTON RD,PITTSBURGH,PA,15212,FAMILY DOLLAR # 6322,1,0,2015-04-09,2015-04-09,-80.015569596302,40.457020353902,42003565100,True,in_city
1530 POTOMAC AVE|15216,1530 POTOMAC AVE,PITTSBURGH,PA,15216,BP | COGO'S,3,0,2019-11-04,2023-05-15,-80.035494549437,40.3967773121,42003472100,False,outside_city
1534 BRIGHTON ROAD|15212,1534 BRIGHTON ROAD,PITTSBURGH,PA,15212,EXXON,1,0,2015-04-01,2015-04-01,-80.015626970052,40.457193601584,42003565100,True,in_city
1540 WASHINGTON ROAD|15228,1540 WASHINGTON ROAD,PITTSBURGH,PA,15228,GET GO #3129,3,0,2012-06-13,2018-05-08,-80.050429941659,40.355999034825,42003473500,False,outside_city
156 BEN AVON HEIGHTS RD|15237,156 BEN AVON HEIGHTS RD,PITTSBURGH,PA,15237,GET GO/GIANT EAGLE 3352,4,0,2012-06-15,2016-07-01,-80.070386457609,40.52299888879,42003437000,False,outside_city
156 BEN AVON HEIGHTS ROAD|15237,156 BEN AVON HEIGHTS ROAD,PITTSBURGH,PA,15237,GET GO FUEL CENTER,4,1,2017-10-05,2025-05-21,-80.070386457609,40.52299888879,42003437000,False,outside_city
1568 MONTIER STREET|15221,1568 MONTIER STREET,PITTSBURGH,PA,15221,PARK AVENUE CONVENIENCE STORE,2,1,2023-06-08,2024-01-03,-79.871660284572,40.445894270718,42003561500,False,outside_city
1574 MONTIER STREET|15221,1574 MONTIER STREET,PITTSBURGH,PA,15221,PARK AVENUE CONVENIENCE STORE,1,1,2024-10-01,2024-10-01,-79.87156082069,40.445924869756,42003561500,False,outside_city
1586 ELECTRIC AVE|15112,1586 ELECTRIC AVE,E PITTSBURGH,PA,15112,ELECTRIC AVENUE CAFE,1,0,2011-12-06,2011-12-06,-79.837307544182,40.402557458212,42003512000,False,outside_city
1600 BRADDOCK AVE|15218,1600 BRADDOCK AVE,PITTSBURGH,PA,15218,BP OIL CO 0938,2,0,2015-06-12,2019-11-06,-79.890963944548,40.427216021785,42003515401,False,outside_city
1600 POTOMAC AVE|15216,1600 POTOMAC AVE,PITTSBURGH,PA,15216,POTOMAC PHARMACY,1,0,2012-01-05,2012-01-05,-80.036163081988,40.397597838692,42003472100,False,outside_city
1600 S BRADDOCK AVE|15218,1600 S BRADDOCK AVE,PITTSBURGH,PA,15218,FRANCHISE USA 355,2,0,2011-10-24,2019-12-15,-79.890963944548,40.427216021785,42003515401,False,outside_city
1601 LOWRIE STREET|15212,1601 LOWRIE STREET,PITTSBURGH,PA,15212,NILKANTH CONVENIENCE CORP | UNI MART,5,0,2012-06-13,2023-05-12,-79.983349097868,40.46258980365,42003241300,True,in_city
16010 S BRADDOCK AVE|15218,16010 S. BRADDOCK AVE.,PITTSBURGH,PA,15218,EXXON,1,0,2019-12-18,2019-12-18,,,,False,unknown
1604 BROADWAY AVE|15216,1604 BROADWAY AVE,PITTSBURGH,PA,15216,BEECHVIEW FOODLAND | IGA LAS PALMAS,3,0,2012-06-05,2018-09-19,-80.024747099731,40.410436417668,42003191600,True,in_city
1605 5TH AVENUE|15219,1605 5TH AVENUE,PITTSBURGH,PA,15219,SHELL / UPTOWN BEER,2,1,2024-05-30,2024-10-19,-79.983875190421,40.438550337513,42003030500,True,in_city
1608 WALZ STREET|15212,1608 WALZ STREET,PITTSBURGH,PA,15212,MEMES MARKET,3,0,2015-04-20,2019-03-27,-79.991168335237,40.463331072001,42003262000,True,in_city
1613 BROWNSVILLE ROAD|15210,1613 BROWNSVILLE ROAD,PITTSBURGH,PA,15210,JPDE INC,1,0,2019-05-23,2019-05-23,-79.988943756335,40.399372685658,42003290200,True,in_city
1620 BABCOCK BLVD|15209,1620 BABCOCK BLVD,PITTSBURGH,PA,15209,SHALER SHOP N SAVE | SHOP N SAVE,4,0,2013-06-17,2025-05-21,-79.979153742087,40.498670286035,42003427200,False,outside_city
1630 COCHRAN ROAD|15220,1630 COCHRAN ROAD,PITTSBURGH,PA,15220,COCHRAN A-PLUS | SUNOCO/A PLUS,5,1,2012-05-03,2019-09-17,-80.0604476369,40.391608788452,42003470501,False,outside_city
1632 SAW MILL RUN BLVD|15210,1632 SAW MILL RUN BLVD.,PITTSBURGH,PA,15210,PIT STOP BEER EXPRESS LLC,2,0,2014-09-29,2019-05-30,-79.999613246214,40.397758174433,42003320600,True,in_city
1636 COCHRAN RD|15220,1636 COCHRAN RD,PITTSBURGH,PA,15220,GET GO,3,0,2017-03-29,2024-05-10,-80.060652666238,40.39170871657,42003470501,False,outside_city
1639 SOUTH BRADDOCK AVE|15218,1639 SOUTH BRADDOCK AVE,PITTSBURGH,PA,15218,EDGEWOOD BEER & TOBACCO | EDGWEOOD BEER AND TOBACCO,4,1,2015-06-12,2018-05-08,-79.889557890365,40.426247282852,42003516100,False,outside_city
164 FREEPORT ROAD|15238,164 FREEPORT ROAD,PITTSBURGH,PA,15238,EXXON | EXXON / QUICK SUB MART | LAST MINIT MART,4,1,2013-07-05,2025-07-24,-79.865465281187,40.491594779563,42003420000,False,outside_city
1640 SAW MILL RUN BOULEVA|15210,1640 SAW MILL RUN BOULEVA,PITTSBURGH,PA,15210,QUICK STOP SUNOCO,1,0,2019-05-30,2019-05-30,-79.999461697073,40.397579711665,42003320600,True,in_city
1640 SAW MILLRUN BOULEVARD|15210,1640 SAW MILLRUN BOULEVARD,PITTSBURGH,PA,15210,SUNOCO,2,1,2024-05-16,2024-10-07,-79.999461697073,40.397579711665,42003320600,True,in_city
1642 PENN AVE|15222,1642 PENN AVE,PITTSBURGH,PA,15222,FORT PITT CANDY COMPANY INCORPORATE,1,0,2012-06-26,2012-06-26,-79.986834239717,40.449160322994,42003020300,True,in_city
1643 ARLINGTON AVE|15210,1643 ARLINGTON AVE,PITTSBURGH,PA,15210,ATHWAL PETROLEUM INC | SUNOCO,4,0,2011-11-16,2019-05-23,-79.986834145312,40.417900958644,42003170600,True,in_city
1695 MCFARLAND RD|15216,1695 MCFARLAND RD,PITTSBURGH,PA,15216,DOLLAR GENERAL STORE #10277,3,0,2016-04-05,2023-05-10,-80.04644482679,40.396182922295,42003473100,False,outside_city
1700 MURRAY AVE|15217,1700 MURRAY AVE,PITTSBURGH,PA,15217,RITE AID OF PENNSYLVANIA INC,1,0,2025-06-11,2025-06-11,-79.923056044562,40.437996350201,42003141300,True,in_city
1705 S BRADDOCK AVE|15218,1705 S BRADDOCK AVE,PITTSBURGH,PA,15218,GIANT EAGLE | GIANT EAGLE 619,3,0,2015-06-12,2022-02-23,-79.890165662492,40.426803020983,42003515401,False,outside_city
1707 BABCOCK BLVD|15209,1707 BABCOCK BLVD,PITTSBURGH,PA,15209,AROUND THE CORNER BAR AND GRILL,2,0,2013-07-18,2018-01-31,-79.980709942448,40.500372073671,42003427200,False,outside_city
1709 SAW MILL RUN BLVD|15210,1709 SAW MILL RUN BLVD,PITTSBURGH,PA,15210,COGOS CO 801,2,0,2011-11-16,2012-03-12,-79.997644338247,40.395786173657,42003290100,True,in_city
1709 SAW MILL RUN BOULEVARD|15210,1709 SAW MILL RUN BOULEVARD,PITTSBURGH,PA,15210,COGO'S,5,2,2014-10-23,2021-11-09,-79.997644338247,40.395786173657,42003290100,True,in_city
1710 WASHINGTON RD|15241,1710 WASHINGTON RD,PITTSBURGH,PA,15241,SUNOCO 7570,3,0,2011-09-12,2015-01-15,-80.052635014819,40.348432353357,42003475101,False,outside_city
1710 WASHINGTON ROAD|15241,1710 WASHINGTON ROAD,PITTSBURGH,PA,15241,SUNOCO/APLUS,4,1,2016-11-10,2026-03-10,-80.052635014819,40.348432353357,42003475101,False,outside_city
1712 5TH AVE|15219,1712 5TH AVE,PITTSBURGH,PA,15219,SAMER F KAMOUCH,1,0,2012-06-14,2012-06-14,-79.982399926889,40.438375562294,42003010302,True,in_city
1717 COCHRAN ROAD|15220,1717 COCHRAN ROAD,PITTSBURGH,PA,15220,GIANT EAGLE,4,1,2016-04-21,2019-09-17,-80.063567395093,40.393021456074,42003473601,False,outside_city
1720 MURRAY AVE|15217,1720 MURRAY AVE,PITTSBURGH,PA,15217,MURRAY AVENUE GRILL,2,0,2014-05-16,2019-05-14,-79.923045250978,40.437799031176,42003141300,True,in_city
1721 BANKSVILLE ROAD|15216,1721 BANKSVILLE ROAD,PITTSBURGH,PA,15216,BANKSVILLE SUNOCO | MARKET 24,4,0,2012-03-12,2018-09-19,-80.032019840351,40.409093837184,42003192000,True,in_city
1721 BEDFORD AVE|15219,1721 BEDFORD AVE,PITTSBURGH,PA,15219,ME AND MRS JONES,1,0,2011-12-08,2011-12-08,-79.986101358729,40.445010797273,42003030500,True,in_city
1725 BEAVER AVE|15233,1725 BEAVER AVE,PITTSBURGH,PA,15233,BEAVER AVE SERVICE INC,1,0,2012-01-25,2012-01-25,-80.030230214831,40.456863290263,42003980600,True,in_city
1727 PENN AVE|15222,1727 PENN AVE,PITTSBURGH,PA,15222,LABAD DELI & GROCERY,2,0,2012-06-26,2014-06-30,-79.985808338225,40.449954609373,42003020300,True,in_city
1741 WASHINGTON ROAD|15241,1741 WASHINGTON ROAD,PITTSBURGH,PA,15241,WALGREENS #09187,5,0,2011-09-13,2026-03-10,-80.052960852871,40.347824528026,42003475101,False,outside_city
1748 CHISLETT STREET|15206,1748 CHISLETT STREET,PITTSBURGH,PA,15206,CHISLETT FOOD MART | MORNING SIDE MARKETS LLC,5,1,2012-11-14,2023-09-27,-79.926030016174,40.485126745285,42003101400,True,in_city
1755 N HIGHLAND RD NORMAN CENTRE II|15201,1755 N HIGHLAND RD NORMAN CENTRE II,PITTSBURGH,PA,15201,CORNERS BEER DIST INC,2,0,2018-06-22,2022-10-14,-80.052079069227,40.352601589527,42003474101,False,outside_city
178 PEARL STREET|15224,178 PEARL STREET,PITTSBURGH,PA,15224,NICO'S RECOVERY ROOM,3,1,2018-01-04,2019-03-22,-79.948781619445,40.463866620943,42003080900,True,in_city
1800 1814 MORNINGSIDE AVE|15206,1800 1814 MORNINGSIDE AVE,PITTSBURGH,PA,15206,RITE AID PHARMACY #03412,4,0,2012-11-14,2022-05-03,-79.92678691298,40.486731486591,42003101400,True,in_city
1800 FORBES AVE|15219,1800 FORBES AVE,PITTSBURGH,PA,15219,PASHUPATI NATH LLC | UPTOWN MINI MART,2,0,2011-11-16,2019-12-30,-79.981360186924,40.437439477719,42003010302,True,in_city
1801 WASHINGTON ROAD|15241,1801 WASHINGTON ROAD,PITTSBURGH,PA,15241,CVS PHARMACY #04051,2,0,2011-10-24,2012-08-20,-80.055080905496,40.346939407366,42003474102,False,outside_city
1804 GOLDEN MILE HWY|15239,1804 GOLDEN MILE HWY,PITTSBURGH,PA,15239,RITE AID #10955,5,0,2013-09-04,2024-03-30,-79.713839393117,40.446309346548,42003526302,False,outside_city
1829 WEST LIBERTY AVENUE|15226,1829 WEST LIBERTY AVENUE,PITTSBURGH,PA,15226,FUELAND FOOD STORES / BP | FUELAND FOOD STORES/BP,7,3,2016-11-23,2024-03-14,-80.01850481624,40.406077007707,42003191700,True,in_city
1829 WEST LIBERTY AVE|15226,1829 WEST LIBERTY AVE,PITTSBURGH,PA,15226,FUELAND # 227,1,0,2012-05-02,2012-05-02,-80.01850481624,40.406077007707,42003191700,True,in_city
184 ROCHESTER ROAD|15229,184 ROCHESTER ROAD,PITTSBURGH,PA,15229,SHOP 'N SAVE,6,2,2014-09-25,2019-02-06,-80.020249108189,40.520500767991,42003429400,False,outside_city
1860 CENTER AVE|15219,1860 CENTER AVE,PITTSBURGH,PA,15219,ABES MARKET INC,3,0,2011-09-08,2019-12-30,-79.980975259913,40.443098330881,42003030500,True,in_city
188 BUTLER ST|15223,188 BUTLER ST,PITTSBURGH,PA,15223,ROADSIDE BEER DIST INC,2,0,2013-07-02,2015-02-02,-79.948050591496,40.493442473891,42003425000,False,outside_city
1901 1903 FIFTH AVE|15219,1901 1903 FIFTH AVE,PITTSBURGH,PA,15219,MK-SCHWARTZ-MARKET,3,0,2011-09-08,2023-11-29,-79.979331615831,40.438354897185,42003030500,True,in_city
1901 FIFTH AVE|15219,1901 FIFTH AVE,PITTSBURGH,PA,15219,SCHWARTZ SUPER MARKET,3,0,2011-09-12,2019-12-30,-79.979364849263,40.438356225409,42003030500,True,in_city
1901 MURRAY AVENUE|15217,1901 MURRAY AVENUE,PITTSBURGH,PA,15217,SQUIRREL HILL GIANT EAGLE,6,1,2011-09-29,2024-03-30,-79.922801825908,40.435966984157,42003140800,True,in_city
1901 MURRAY AVE|15217,1901 MURRAY AVE,PITTSBURGH,PA,15217,GIANT EAGLE 38,2,0,2013-03-21,2016-11-15,-79.922801825908,40.435966984157,42003140800,True,in_city
1909 PAINTERS RUN ROAD|15241,1909 PAINTERS RUN ROAD,PITTSBURGH,PA,15241,7-ELEVEN #176,1,0,2011-08-09,2011-08-09,,,,False,outside_city
1915 1921 E CARSON ST|15203,1915 1921 E CARSON ST,PITTSBURGH,PA,15203,RITE AID #10921,1,0,2018-07-01,2018-07-01,-79.978779137601,40.428707416724,42003170200,True,in_city
1915 MCCAGUE ST|15218,1915 MCCAGUE ST,PITTSBURGH,PA,15218,GOOD FELLAS,1,0,2019-10-31,2019-10-31,-79.887483307477,40.422754629743,42003515300,False,outside_city
1917 CENTRE AVENUE|15219,1917 CENTRE AVENUE,PITTSBURGH,PA,15219,FAMILY DOLLAR # 7199,1,1,2026-05-28,2026-05-28,-79.980568934699,40.443524920387,42003030500,True,in_city
1917 CENTRE AVE|15219,1917 CENTRE AVE,PITTSBURGH,PA,15219,FAMILY DOLLAR # 7199,1,0,2019-08-28,2019-08-28,-79.980568934699,40.443524920387,42003030500,True,in_city
1920 SPRING GARDENS DR|15212,1920 SPRING GARDENS DR,PITTSBURGH,PA,15212,TOBACCO OUTLET,3,0,2015-04-09,2019-03-27,-79.985570314328,40.46884882786,42003241300,True,in_city
1926 BROWNSVILLE ROAD|15210,1926 BROWNSVILLE ROAD,PITTSBURGH,PA,15210,UNI-MART | UNI-MART 1,8,2,2011-11-16,2019-10-09,-79.987256697997,40.39588080813,42003290100,True,in_city
1927 BROWNSVILLE ROAD|15210,1927 BROWNSVILLE ROAD,PITTSBURGH,PA,15210,BP | BP / FUELAND FOOD STORES 228 | BP-CARRICK / FUELAND BP 228 | FUELAND # 228,10,3,2011-07-29,2023-08-30,-79.987120138205,40.395928920735,42003290200,True,in_city
1927 EAST RAILROAD STREET|15106,1927 EAST RAILROAD STREET,PITTSBURGH,PA,15106,HEIDELBERG BP,2,0,2012-03-05,2014-04-07,,,,False,unknown
1929 MURRAY AVE|15217,1929 MURRAY AVE,PITTSBURGH,PA,15217,DISCOUNT TOBACCO & NEWS,7,1,2011-12-08,2024-03-30,-79.922785053382,40.435637436135,42003140800,True,in_city
1930 SPRING GARDEN AVE|15212,1930 SPRING GARDEN AVE,PITTSBURGH,PA,15212,DOLLAR GENERAL | SPRING GARDEN SHOP N SAVE,2,0,2012-06-11,2024-03-27,-79.985595434023,40.468915750916,42003241300,True,in_city
1931 WEBSTER AVE|15219,1931 WEBSTER AVE,PITTSBURGH,PA,15219,JOE BURTCHS MARKET,1,0,2011-09-12,2011-09-12,-79.982489832215,40.445486726701,42003030500,True,in_city
1935 CRAFTON BLVD|15205,1935 CRAFTON BLVD,PITTSBURGH,PA,15205,BZ FOOD MART,1,0,2011-12-12,2011-12-12,-80.069727775364,40.431625971917,42003465800,False,outside_city
1948 GREENTREE ROAD|15220,1948 GREENTREE ROAD,PITTSBURGH,PA,15220,RITE AID #10933,1,0,2012-03-13,2012-03-13,-80.066385883376,40.395543010235,42003470502,False,outside_city
195 N CRAIG ST|15213,195 N CRAIG ST,PITTSBURGH,PA,15213,SUNOCO 7144 | SUNOCO 7144 / 7-ELEVEN,4,0,2012-11-14,2025-06-11,-79.950739726916,40.449668310101,42003040400,True,in_city
1956 GREENTREE ROAD|15220,1956 GREENTREE ROAD,PITTSBURGH,PA,15220,RITE AID #10933,3,0,2016-04-05,2019-09-17,-80.066408682917,40.39539350796,42003470502,False,outside_city
1980 PAINTERS RUN ROAD|15241,1980 PAINTERS RUN ROAD,PITTSBURGH,PA,15241,IVAN LLC 2 | PIT STOP EXPRESS | SWEET PEAS,7,1,2011-09-20,2026-03-10,-80.085894990913,40.363674272859,42003470400,False,outside_city
2 PPG PLACE|15222,2 PPG PLACE,PITTSBURGH,PA,15222,C & C NEWS & SNAX | CHOCOLATE AND CHANCES GIFT SHOP,2,0,2012-06-26,2014-07-02,-80.00352157224,40.44025868129,42003020100,True,in_city
20 BAILEY AVENUE|15211,20 BAILEY AVENUE,PITTSBURGH,PA,15211,COGO'S,6,2,2014-09-18,2019-08-23,-80.005044591973,40.42695435516,42003180700,True,in_city
20 W PROSPECT AVE|15205,20 W PROSPECT AVE,PITTSBURGH,PA,15205,7-ELEVEN #146,4,0,2012-03-13,2019-09-11,-80.066595348609,40.445338618455,42003464300,False,outside_city
200 CRAFTON INGRAM SHOPPING CENTER|15205,200 CRAFTON INGRAM SHOPPING CENTER,PITTSBURGH,PA,15205,RITE AID #10922,3,0,2013-12-17,2019-02-22,,,,False,unknown
200 DIVISION ST|15202,200 DIVISION ST.,PITTSBURGH,PA,15202,FOOD MART | SCHLIECKERS MINI MART,4,0,2013-11-27,2019-01-04,-79.884660965248,40.392390330771,42003488200,False,outside_city
2000 S BRADDOCK AVE|15218,2000 S BRADDOCK AVE,PITTSBURGH,PA,15218,VALERO,1,0,2019-11-08,2019-11-08,-79.885567576104,40.422053028166,42003515100,False,outside_city
2001 MURRAY AVE|15217,2001 MURRAY AVE,PITTSBURGH,PA,15217,SQUIRREL HILL SUNOCO,1,0,2011-08-03,2011-08-03,-79.922762042405,40.434693614147,42003140800,True,in_city
2003 GOLDEN MILE HWY|15239,2003 GOLDEN MILE HWY,PITTSBURGH,PA,15239,SHEETZ INC 190,5,0,2013-09-04,2024-03-30,-79.710952533993,40.454993087741,42003526302,False,outside_city
201 GRACE STREET|15211,201 GRACE STREET,PITTSBURGH,PA,15211,RITE AID PHARMACY #04965,3,0,2012-03-12,2018-09-20,-80.045666480414,40.547300292252,42003429300,False,outside_city
2010 MURRAY AVE|15217,2010 MURRAY AVE,PITTSBURGH,PA,15217,GWC VAPE SHOP,1,0,2019-05-14,2019-05-14,-79.922919151449,40.434606756707,42003141300,True,in_city
2020 SPRING GARDEN AVE|15212,2020 SPRING GARDEN AVE,PITTSBURGH,PA,15212,FAMILY DOLLAR # 7104,4,0,2015-04-09,2024-03-26,-79.985843398795,40.469513383025,42003241300,True,in_city
2020 WHARTON ST|15203,2020 WHARTON ST,PITTSBURGH,PA,15203,FAMILY DOLLAR # 5250,2,0,2018-07-01,2022-05-31,-79.97712597258,40.430307902571,42003170200,True,in_city
2021 WHARTON AVE|15203,2021 WHARTON AVE,PITTSBURGH,PA,15203,GIANT EAGLE 61,1,0,2018-07-01,2018-07-01,-79.977114210304,40.43042214359,42003170200,True,in_city
2024 MURRAY AVENUE|15217,2024 MURRAY AVENUE,PITTSBURGH,PA,15217,MURRAY AVENUE NEWS & TOYS,3,1,2016-11-17,2018-05-14,-79.922928627997,40.434476258002,42003141300,True,in_city
2024 MURRAY|15217,2024 MURRAY,PITTSBURGH,PA,15217,MURRAY AVE NEWS,3,0,2011-10-26,2014-04-26,-79.922928627997,40.434476258002,42003141300,True,in_city
2025 E CARSON ST|15203,2025 E CARSON ST,PITTSBURGH,PA,15203,S AND S CANDY AND CIGAR CO INC,1,0,2018-08-31,2018-08-31,-79.977255377582,40.428622179076,42003170200,True,in_city
203 WILBUR ST|15210,203 WILBUR ST,PITTSBURGH,PA,15210,LAWRENCE HOWELLS,1,0,2011-08-03,2011-08-03,-79.992449949662,40.407631956853,42003300100,True,in_city
2040 CENTRE|15219,2040 CENTRE,PITTSBURGH,PA,15219,TONYS MARKET,1,0,2011-09-13,2011-09-13,-79.978788927144,40.444324159122,42003050100,True,in_city
208 FIFTH AVE|15222,208 FIFTH AVE,PITTSBURGH,PA,15222,ALPHA OUMAR DIALLO,1,0,2011-10-26,2011-10-26,-80.001898766146,40.441240399691,42003020100,True,in_city
209 ATWOOD ST|15213,209 ATWOOD ST,PITTSBURGH,PA,15213,RITE AID PHARMACY #00272,3,0,2012-11-14,2023-10-19,-79.957317901085,40.440926102437,42003040500,True,in_city
2100 NOBLE STREET|15218,2100 NOBLE STREET,PITTSBURGH,PA,15218,NM MARKET,3,0,2015-06-22,2019-10-29,-79.88547930865,40.42058468505,42003515100,False,outside_city
2101 PERRYSVILLE AVENUE|15214,2101 PERRYSVILLE AVENUE,PITTSBURGH,PA,15214,GLOBAL GROCERIES MARKET,2,1,2023-12-19,2024-08-28,-80.012240755503,40.463744272871,42003261400,True,in_city
2101 PERRYSVILLE AVE|15214,2101 PERRYSVILLE AVE,PITTSBURGH,PA,15214,MOS CONVENIENCE,1,0,2012-08-14,2012-08-14,-80.012240755503,40.463744272871,42003261400,True,in_city
2101CENDER AVE|15219,2101CENDER AVE,PITTSBURGH,PA,15219,WRIGHT REMODELING,1,0,2011-11-16,2011-11-16,,,,False,unknown
2103 NOBLESTOWN ROAD|15201,2103 NOBLESTOWN ROAD,PITTSBURGH,PA,15201,NOBLESTOWN SHOP N SAVE,1,0,2012-06-11,2012-06-11,-80.053106990614,40.431463933462,42003563100,True,in_city
2103 NOBLESTOWN ROAD|15205,2103 NOBLESTOWN ROAD,PITTSBURGH,PA,15205,NOBLESTOWN SHOP N SAVE,4,0,2013-09-14,2019-02-22,-80.053106990614,40.431463933462,42003563100,True,in_city
211 MOUNT NEBO ROAD|15237,211 MOUNT NEBO ROAD,PITTSBURGH,PA,15237,SHEETZ 610 | SHEETZ 79,4,2,2023-01-05,2024-12-26,-80.070391292228,40.531551732672,42003437000,False,outside_city
211 SMITHFIELD STREET|15222,211 SMITHFIELD STREET,PITTSBURGH,PA,15222,GIGGLES,1,0,2014-06-30,2014-06-30,-80.000188771237,40.437889066338,42003020100,True,in_city
2110 ARDMORE BOULEVARD|15221,2110 ARDMORE BOULEVARD,PITTSBURGH,PA,15221,STOP & SHOP CONVENIENCE,3,1,2016-06-02,2018-06-03,-79.850087599447,40.419524581969,42003563900,False,outside_city
2112 2116 PENN AVE|15222,2112 2116 PENN AVE,PITTSBURGH,PA,15222,ASIAN FOODS INC,1,0,2014-06-30,2014-06-30,-79.982890013197,40.451762736884,42003020300,True,in_city
2116 BROWNSVILLE ROAD|15210,2116 BROWNSVILLE ROAD,PITTSBURGH,PA,15210,FAMILY DOLLAR,2,0,2019-05-31,2024-04-03,-79.986626713577,40.392879335791,42003290100,True,in_city
2121 NOBLESTOWN ROAD|15205,2121 NOBLESTOWN ROAD,PITTSBURGH,PA,15205,BEER WORLD,2,0,2018-05-08,2019-09-17,-80.053358255158,40.430961616937,42003563100,True,in_city
2131 ARDMORE BLVD|15221,2131 ARDMORE BLVD,PITTSBURGH,PA,15221,SPEE-D,3,0,2016-04-09,2026-04-16,-79.849464623329,40.419298549343,42003563900,False,outside_city
2136 BABCOCK BLVD|15209,2136 BABCOCK BLVD,PITTSBURGH,PA,15209,SMOKER FRIENDLY #22,1,0,2025-05-21,2025-05-21,-79.991810588916,40.509946747031,42003429202,False,outside_city
214 NORTH CRAIG STREET|15213,214 NORTH CRAIG STREET,PITTSBURGH,PA,15213,CLOUD 9 SMOKE SHOP,1,1,2024-03-21,2024-03-21,-79.950875393524,40.450159060598,42003562000,True,in_city
215 S HIGHLAND AVE|15206,215 S HIGHLAND AVE,PITTSBURGH,PA,15206,KEYSTONE VAPORS,1,0,2023-06-22,2023-06-22,-79.925048171856,40.458636666619,42003070800,True,in_city
2158 BROWNSVILLE ROAD|15210,2158 BROWNSVILLE ROAD,PITTSBURGH,PA,15210,RITE AID #10925,3,0,2012-03-07,2019-05-30,-79.986679370189,40.392113631666,42003290100,True,in_city
216 BELTZHOOVER AVE|15210,216 BELTZHOOVER AVE,PITTSBURGH,PA,15210,KENS CONFECTIONARY,3,0,2012-06-11,2019-10-02,-79.997428055369,40.420260897717,42003562400,True,in_city
2168 CENTER AVE|15219,2168 CENTER AVE,PITTSBURGH,PA,15219,YOUNG CHOE'S MARKET & RESTAURANT,1,0,2011-12-08,2011-12-08,-79.976703570892,40.445209306515,42003050100,True,in_city
219 ST JOSEPH ST|15210,219 ST JOSEPH ST,PITTSBURGH,PA,15210,TAFTS MARKET,1,0,2011-12-06,2011-12-06,-79.983968992881,40.413339963049,42003481000,False,outside_city
2199 BABCOCK BLVD|15209,2199 BABCOCK BLVD,PITTSBURGH,PA,15209,BABCOCK BEER,2,0,2013-06-17,2018-01-31,-79.993878526901,40.510825839681,42003429100,False,outside_city
22 GRANT STREET|15223,22 GRANT STREET,PITTSBURGH,PA,15223,7-ELEVEN #119,2,0,2013-06-14,2015-02-02,-79.948906186738,40.504045127777,42003425000,False,outside_city
2200 MAIN STREET|15215,2200 MAIN STREET,PITTSBURGH,PA,15215,STEEL CITY BEER LLC,2,0,2015-01-20,2018-11-09,-79.915193182668,40.49359654021,42003424000,False,outside_city
2208 ARLINGTON AVENUE|15210,2208 ARLINGTON AVENUE,PITTSBURGH,PA,15210,CHUONG'S MARKET,4,1,2014-10-09,2019-05-23,-79.975807721813,40.417083644101,42003161000,True,in_city
2208 ARLINGTON AVE|15210,2208 ARLINGTON AVE,PITTSBURGH,PA,15210,CHUONGS MARKET,2,0,2011-11-16,2012-06-11,-79.975807721813,40.417083644101,42003161000,True,in_city
2208 MURRAY AVE|15217,2208 MURRAY AVE,PITTSBURGH,PA,15217,SMOKE ALTERNATIVE,1,0,2019-05-14,2019-05-14,-79.923256259188,40.432068255349,42003141300,True,in_city
2210 MURRAY AVE|15217,2210 MURRAY AVE,PITTSBURGH,PA,15217,CONTINENTAL SMOKE SHOP,4,0,2012-11-09,2019-05-14,-79.92326433119,40.432009586477,42003141300,True,in_city
2215 TEMPERANCE DR|15223,2215 TEMPERANCE DR,PITTSBURGH,PA,15223,GLENSHAW SHOP N SAVE,1,0,2013-07-02,2013-07-02,-80.068132023096,40.570024651687,42003412002,False,outside_city
2222 WEBSTER AVE|15219,2222 WEBSTER AVE,PITTSBURGH,PA,15219,A & J MINI MART,1,0,2011-09-08,2011-09-08,-79.977002232897,40.447655081217,42003050100,True,in_city
225 WEST STATON SQUARE DRIVE|15219,225 WEST STATON SQUARE DRIVE,PITTSBURGH,PA,15219,BUCKHEAD SALOON,1,0,2017-04-14,2017-04-14,-80.005334170911,40.433839137586,42003980700,True,in_city
226 6TH AT LIBERTY STREET|15222,226 6TH AT LIBERTY STREET,PITTSBURGH,PA,15222,CVS PHARMACY #5105,1,0,2012-06-14,2012-06-14,,,,False,unknown
226 N NEGLEY AVE|15206,226 N NEGLEY AVE,PITTSBURGH,PA,15206,FARM FRESH FOOD MARKET.,1,0,2024-03-13,2024-03-13,-79.929811713799,40.464798487545,42003111500,True,in_city
2269 NOBLESTOWN ROAD|15205,2269 NOBLESTOWN ROAD,PITTSBURGH,PA,15205,7-ELEVEN | FRANCHISE USA 305,4,0,2011-12-12,2024-05-06,-80.053497111261,40.428265921337,42003563100,True,in_city
2270 NOBLESTOWN ROAD|15205,2270 NOBLESTOWN ROAD,PITTSBURGH,PA,15205,RITE AID # 7924,3,0,2013-12-17,2019-02-22,-80.053594229484,40.428590091514,42003563100,True,in_city
230 HAYS AVE|15210,230 HAYS AVE,PITTSBURGH,PA,15210,RITE AID PHARMACY #00269,3,0,2011-11-16,2019-05-23,-79.987748136723,40.414267435322,42003481000,False,outside_city
2300 02 BROWNSVILLE RD|15210,2300 02 BROWNSVILLE RD,PITTSBURGH,PA,15210,CARRICK BEER STORE INC,1,0,2013-03-06,2013-03-06,,,,False,unknown
2300 2302 BROWNSVILLE ROA|15210,2300 2302 BROWNSVILLE ROA,PITTSBURGH,PA,15210,CARRICK BEER 4 LESS INC,2,0,2014-09-29,2019-10-08,-79.985417037563,40.389153756252,42003290400,True,in_city
2300 JANE ST|15203,2300 JANE ST,PITTSBURGH,PA,15203,RITE AID PHARMACY#00273,1,0,2018-07-01,2018-07-01,-79.973153678975,40.426452517647,42003160900,True,in_city
2316 WEBSTER AVE|15219,2316 WEBSTER AVE,PITTSBURGH,PA,15219,ANNS' MARKET,1,0,2011-09-12,2011-09-12,-79.975283355023,40.448383998673,42003050100,True,in_city
2321 WORTON BLVD|15122,2321 WORTON BLVD,PITTSBURGH,PA,15122,UNI MART,1,0,2019-06-11,2019-06-11,-79.871485832033,40.360758084746,42003488400,False,outside_city
2333 BEECHWOOD BLVD|15217,2333 BEECHWOOD BLVD,PITTSBURGH,PA,15217,ONE STOP MINI MART | THE BLUE SLIDE MARKET.,6,1,2011-08-03,2024-04-04,-79.914505226535,40.433214777303,42003140800,True,in_city
2350 CENTER AVE|15219,2350 CENTER AVE,PITTSBURGH,PA,15219,CENTER A PLUS,1,0,2011-11-16,2011-11-16,-79.972979794539,40.445530346236,42003050100,True,in_city
2350 CENTRE AVE|15219,2350 CENTRE AVE,PITTSBURGH,PA,15219,SG II CENTRE AVE LLC,2,0,2011-10-24,2012-06-14,-79.972979794539,40.445530346236,42003050100,True,in_city
2350 NOBLESTOWN RD|15205,2350 NOBLESTOWN RD,PITTSBURGH,PA,15205,3P'S TOBACCO | CARSON TOBACCO OUTLET,3,0,2013-12-24,2019-09-17,-80.055358172853,40.427191952978,42003469000,False,outside_city
2362 GOLDEN MILE HWY|15239,2362 GOLDEN MILE HWY,PITTSBURGH,PA,15239,HOLIDAY PARK SHOP N SAVE,3,0,2013-09-04,2019-04-18,-79.707730003719,40.458695572057,42003526302,False,outside_city
2373 NOBLESTOWN RD|15205,2373 NOBLESTOWN RD,PITTSBURGH,PA,15205,FUELAND #04 | SUNOCO,3,0,2012-05-02,2019-02-22,-80.055996279331,40.426806172661,42003469000,False,outside_city
240 HAYS AVENUE|15210,240 HAYS AVENUE,PITTSBURGH,PA,15210,FAMILY DOLLAR,2,1,2024-04-16,2024-10-31,-79.9877451177,40.414227868443,42003481000,False,outside_city
2401 E CARSON ST|15203,2401 E CARSON ST,PITTSBURGH,PA,15203,COGOS CO 798,1,0,2018-07-01,2018-07-01,-79.971070660934,40.428245436835,42003160900,True,in_city
2405 ROUTE 206|15239,2405 ROUTE 206,PITTSBURGH,PA,15239,EXXON,1,0,2018-07-25,2018-07-25,,,,False,outside_city
2405 ROUTE 286|15239,2405 ROUTE 286,PITTSBURGH,PA,15239,EXXON TIGER MART,2,0,2014-05-16,2016-08-24,-79.705453050559,40.465847228953,42003526302,False,outside_city
2407 09 WYLIE AVE|15219,2407 09 WYLIE AVE,PITTSBURGH,PA,15219,NOLAN G PANKEY,1,0,2019-08-28,2019-08-28,,,,False,unknown
2408 REED STREET|15219,2408 REED STREET,PITTSBURGH,PA,15219,MURRAY ABBEANA,1,0,2011-11-16,2011-11-16,-79.971691663338,40.444998851558,42003051000,True,in_city
2414 BROWNSVILLE ROAD|15210,2414 BROWNSVILLE ROAD,PITTSBURGH,PA,15210,DONUT CONNECTION,6,1,2011-07-29,2019-10-08,-79.982199394543,40.38682430344,42003290400,True,in_city
2425 WYLIE AVE|15219,2425 WYLIE AVE,PITTSBURGH,PA,15219,WYLIES CORNER STORE,1,0,2011-11-16,2011-11-16,-79.972702819389,40.4477423092,42003050100,True,in_city
244 PROVOST ROAD|15227,244 PROVOST ROAD,PITTSBURGH,PA,15227,MARATHON | VALERO,4,0,2015-02-09,2023-05-11,-79.994066790372,40.375781691892,42003477200,False,outside_city
250 SUMMIT PARK DR|15275,250 SUMMIT PARK DR,PITTSBURGH,PA,15275,SUPRECENTER 2300 | WAL-MART,3,0,2012-03-13,2017-03-22,-80.180500325415,40.44768265192,42003453004,False,outside_city
2501 BANKSVILLE ROAD|15216,2501 BANKSVILLE ROAD,PITTSBURGH,PA,15216,RITE AID #10931,3,0,2012-03-12,2019-04-25,-80.034228568995,40.406885666785,42003202300,True,in_city
2501 BRIGHTON ROAD|15212,2501 BRIGHTON ROAD,PITTSBURGH,PA,15212,EXXON,2,0,2019-03-29,2023-04-30,,,,False,in_city
2501 SAW MILL RUN BLVD|15234,2501 SAW MILL RUN BLVD,PITTSBURGH,PA,15234,RITE AID #10943,1,0,2017-03-28,2017-03-28,,,,False,unknown
2501 THE GALLERIA AT SOUT 1500 WASHINGTON ROAD|15228,2501 THE GALLERIA AT SOUT 1500 WASHINGTON ROAD,PITTSBURGH,PA,15228,JERNIGANS TOBACCO VILLAGE,2,0,2012-06-13,2018-05-10,-80.050440899907,40.357449033779,42003473500,False,outside_city
251 CURRY HOLLOW RD PLEASANT HILLS|15236,251 CURRY HOLLOW RD PLEASANT HILLS,PITTSBURGH,PA,15236,SHEETZ INC 253,1,0,2015-06-12,2015-06-12,-79.971082482865,40.336530985853,42003489002,False,outside_city
2520 BEDFORD AVE|15219,2520 BEDFORD AVE,PITTSBURGH,PA,15219,SAMBA MINI MART,1,0,2019-08-28,2019-08-28,-79.972026379549,40.45083965083,42003050900,True,in_city
2520 WASHINGTON ROAD|15241,2520 WASHINGTON ROAD,PITTSBURGH,PA,15241,ST CLAIR MINI MART,5,0,2011-10-24,2026-03-10,-80.088060929561,40.318677976577,42003474202,False,outside_city
253 EDGEWOOD AVE|15218,253 EDGEWOOD AVE,PITTSBURGH,PA,15218,EDGEWOOD AVE EXPRESS,2,0,2015-06-12,2019-11-06,-79.884306501227,40.430620600001,42003516200,False,outside_city
2531 GREENSBURG PIKE|15221,2531 GREENSBURG PIKE,PITTSBURGH,PA,15221,J P TYKE GULF SVC,2,0,2013-10-11,2018-07-01,-79.851900908771,40.436883094775,42003519000,False,outside_city
2532 BROWNSVILLE RD|15210,2532 BROWNSVILLE RD,PITTSBURGH,PA,15210,GULF STATION | LENNIX AUTO WORKS,2,0,2014-09-29,2019-10-09,-79.979429070549,40.386069060189,42003290400,True,in_city
254 S HIGHLAND AVE|15206,254 S HIGHLAND AVE,PITTSBURGH,PA,15206,SMOKE GLASS VAPE,1,0,2023-03-22,2023-03-22,-79.925275513146,40.457322452154,42003070500,True,in_city
255 CENTER STREET|15239,255 CENTER STREET,PITTSBURGH,PA,15239,SUNOCO,2,1,2016-09-01,2018-06-12,-79.78056284805,40.491193028195,42003526201,False,outside_city
255 UNITY CENTER RD|15239,255 UNITY CENTER RD,PITTSBURGH,PA,15239,SUNOCO,2,0,2019-02-12,2023-03-21,-79.780640739018,40.489952324546,42003526201,False,outside_city
255 UNITY CENTER ROAD|15239,255 UNITY CENTER ROAD,PITTSBURGH,PA,15239,BOB'S SUNOCO,4,1,2013-09-04,2015-09-26,-79.780640739018,40.489952324546,42003526201,False,outside_city
256 S HIGHLAND AVE|15206,256 S HIGHLAND AVE,PITTSBURGH,PA,15206,R MARKET INC,3,0,2018-02-22,2022-03-09,-79.925275763241,40.4573161112,42003070500,True,in_city
256S HIGHLAND AVE|15206,256S HIGHLAND AVE,PITTSBURGH,PA,15206,RN MARKET,1,0,2012-06-13,2012-06-13,-79.925275763241,40.4573161112,42003070500,True,in_city
2601 FREEPORT RD|15238,2601 FREEPORT RD,PITTSBURGH,PA,15238,HARMARVILLE EXXON # 222 | MARATHON,4,0,2013-07-05,2025-06-25,-79.840616594902,40.536606899038,42003419000,False,outside_city
2601 PERRYSVILLE AVENUE|15212,2601 PERRYSVILLE AVENUE,PITTSBURGH,PA,15212,PERRY MARKET | PERRY MARKET LLC,2,1,2015-04-09,2016-05-12,,,,False,unknown
2601 PERRYSVILLE AVENUE|15214,2601 PERRYSVILLE AVENUE,PITTSBURGH,PA,15214,PERRY MARKET,2,0,2017-10-19,2018-06-03,,,,False,in_city
2601 S BRADDOCK AVE|15218,2601 S BRADDOCK AVE,PITTSBURGH,PA,15218,SUPER ONE,1,0,2019-11-06,2019-11-06,,,,False,unknown
2604 GOLDEN MILE HIGHWAY|15239,2604 GOLDEN MILE HIGHWAY,PITTSBURGH,PA,15239,GOLDEN OHM BEER LLC,1,0,2016-08-24,2016-08-24,-79.705888519956,40.468535196952,42003526302,False,outside_city
2604 ROUTE 286|15239,2604 ROUTE 286,PITTSBURGH,PA,15239,GOLDEN OHM BEER,1,0,2018-08-13,2018-08-13,,,,False,unknown
2611 FREEPORT ROAD|15238,2611 FREEPORT ROAD,PITTSBURGH,PA,15238,GIANT EAGLE EXPRESS # 5103,3,0,2013-07-05,2025-06-25,-79.838236830118,40.537309451804,42003419000,False,outside_city
262 FIFTH AVENUE|15222,262 FIFTH AVENUE,PITTSBURGH,PA,15222,A AND K UNITED INC / KUM AND GO INC,2,1,2024-06-04,2024-10-19,-80.001666349942,40.441160094226,42003020100,True,in_city
2625 BROWNSVILLE ROAD|15227,2625 BROWNSVILLE ROAD,PITTSBURGH,PA,15227,HANINI MARKET | ZACH'S MARKET | ZACHS MINI MART INC.,7,1,2012-05-17,2023-04-26,-79.978411387423,40.385377763204,42003290400,True,in_city
2661 FREEPORT ROAD|15238,2661 FREEPORT ROAD,PITTSBURGH,PA,15238,GIANT EAGLE #3,2,0,2013-05-01,2023-07-09,-79.836293696607,40.537663924295,42003419000,False,outside_city
27 WALSH RD|15205,27 WALSH RD.,PITTSBURGH,PA,15205,RYO CLUB CRAFTON,1,0,2019-08-23,2019-08-23,-80.071175158618,40.439186787458,42003465600,False,outside_city
272 YOST BLVD|15221,272 YOST BLVD,PITTSBURGH,PA,15221,BREW THRU INC,1,0,2013-09-02,2013-09-02,-79.854565072846,40.413425672531,42003517000,False,outside_city
2790 ROBINSON BLVD|15235,2790 ROBINSON BLVD,PITTSBURGH,PA,15235,LUCKY BEERS,1,0,2018-06-11,2018-06-11,-79.86608899889,40.459643933839,42003523100,False,outside_city
280 CRAFTON INGRAM SHOPPING CENTER|15205,280 CRAFTON INGRAM SHOPPING CENTER,PITTSBURGH,PA,15205,GIANT EAGLE INC,1,0,2024-02-23,2024-02-23,,,,False,unknown
2800 BROWNSVILLE ROAD|15227,2800 BROWNSVILLE ROAD,PITTSBURGH,PA,15227,CARRICK EXPRESS | COGOS MISC CONV STORE,8,2,2012-06-11,2024-12-10,-79.977345427697,40.383534575063,42003290400,True,in_city
2820 UNIVERSAL ROAD|15235,2820 UNIVERSAL ROAD,PITTSBURGH,PA,15235,PENN HILLS SHOP N SAVE,2,0,2014-06-16,2015-07-01,,,,False,unknown
285 MT LEBANON BLVD|15234,285 MT LEBANON BLVD,PITTSBURGH,PA,15234,7-ELEVEN # 156,2,0,2017-03-28,2022-09-20,-80.037071478999,40.368584676921,42003476100,False,outside_city
2871 FREEPORT ROAD|15238,2871 FREEPORT ROAD,PITTSBURGH,PA,15238,SHEETZ 124,3,1,2023-01-05,2024-01-30,-79.831090348697,40.538607537718,42003419000,False,outside_city
2873 W LIBERTY AVE|15216,2873 W LIBERTY AVE,PITTSBURGH,PA,15216,ON THE GO MARKET | SUNOCO A PLUS,3,0,2012-03-12,2018-09-19,-80.033489568177,40.395477819797,42003472300,False,outside_city
2900 BANKSVILLE ROAD|15216,2900 BANKSVILLE ROAD,PITTSBURGH,PA,15216,BP GAS STATION,4,0,2012-03-12,2018-09-19,-80.041843464326,40.402419175325,42003202300,True,in_city
2903 BRIGHTON RD|15212,2903 BRIGHTON RD,PITTSBURGH,PA,15212,CIRCLE K | MACS CONVENIENCE STORE 4200,4,0,2012-03-13,2019-03-29,-80.027110703808,40.471754199499,42003271600,True,in_city
2903 BRIGHTON ROAD|15212,2903 BRIGHTON ROAD,PITTSBURGH,PA,15212,CIRCLE K | K STOP CONVENIENCE,3,2,2023-05-23,2024-09-12,-80.027110703808,40.471754199499,42003271600,True,in_city
2929 CHURCHVIEW AVENUE|15227,2929 CHURCHVIEW AVENUE,PITTSBURGH,PA,15227,SUNOCO | SUNOCO 457555101,7,3,2015-12-17,2024-09-22,-79.972745427001,40.385254752837,42003480300,False,outside_city
2929 CHURCHVIEW AVE|15227,2929 CHURCHVIEW AVE,PITTSBURGH,PA,15227,SUNOCO,1,0,2015-02-09,2015-02-09,-79.972745427001,40.385254752837,42003480300,False,outside_city
293 CORLISS STREET|15220,293 CORLISS STREET,PITTSBURGH,PA,15220,MARATHON / MINI MART,2,1,2024-05-23,2024-09-22,-80.044366306766,40.450511771632,42003562600,True,in_city
293 CORLISS ST|15220,293 CORLISS ST,PITTSBURGH,PA,15220,MARATHON | SCHULER'S SERVICE CENTER INC,3,0,2016-04-05,2018-08-17,-80.044366306766,40.450511771632,42003562600,True,in_city
2938 W LIBERTY AVE|15216,2938 W LIBERTY AVE,PITTSBURGH,PA,15216,DIVERSITY,1,0,2019-04-25,2019-04-25,-80.035344766703,40.394371652385,42003472200,False,outside_city
294 CURRY HOLLOW RD|15236,294 CURRY HOLLOW RD,PITTSBURGH,PA,15236,DUFFYS POP & BEER,2,0,2013-02-21,2015-06-12,-79.973823167084,40.335975969609,42003489002,False,outside_city
298 KNOEDLER RD|15236,298 KNOEDLER RD,PITTSBURGH,PA,15236,UNIMART,1,1,2015-07-09,2015-07-09,-79.981279279703,40.342024767405,42003480101,False,outside_city
298 KNOEDLER ROAD|15236,298 KNOEDLER ROAD,PITTSBURGH,PA,15236,UNI-MART,2,0,2015-11-24,2016-06-10,-79.981279279703,40.342024767405,42003480101,False,outside_city
2995 W LIBERTY AVE|15216,2995 W LIBERTY AVE,PITTSBURGH,PA,15216,SMOKE GLASS VAPE,1,0,2023-03-29,2023-03-29,-80.036592683777,40.393226443451,42003472300,False,outside_city
300 BROWNSVILLE ROAD|15210,300 BROWNSVILLE ROAD,PITTSBURGH,PA,15210,CANDY SAFE MARKET,2,2,2024-04-18,2024-12-04,-79.988137121886,40.414402580376,42003300100,True,in_city
300 MT LEBANON BLVD|15234,300 MT LEBANON BLVD,PITTSBURGH,PA,15234,LEBANON SHOPS PHARMACY,1,0,2017-03-28,2017-03-28,-80.035906495977,40.36882269359,42003476100,False,outside_city
300 W STATION SQUARE DRI|15219,300 W. STATION SQUARE DRI,PITTSBURGH,PA,15219,TRAVEL TRADERS #3073,1,0,2019-09-05,2019-09-05,-80.007509155552,40.435069534895,42003980700,True,in_city
301 CRAFT AVE|15213,301 CRAFT AVE,PITTSBURGH,PA,15213,KRAFT A-PLUS | SUNOCO,4,0,2012-11-14,2025-06-11,-79.96121365126,40.435666118226,42003040900,True,in_city
3025 BABCOCK BLVD|15237,3025 BABCOCK BLVD,PITTSBURGH,PA,15237,SHEETZ # 476,2,0,2015-06-26,2016-07-01,-80.009211833981,40.515354244336,42003429100,False,outside_city
3025 BABCOCK BOULEVARD|15237,3025 BABCOCK BOULEVARD,PITTSBURGH,PA,15237,SHEETZ,3,1,2017-02-02,2018-05-02,-80.009211833981,40.515354244336,42003429100,False,outside_city
304 FREEPORT RD|15215,304 FREEPORT RD,PITTSBURGH,PA,15215,SUNOCO,1,0,2019-10-25,2019-10-25,-79.903433618275,40.489414953039,42003423000,False,outside_city
304 FREEPORT ROAD|15215,304 FREEPORT ROAD,PITTSBURGH,PA,15215,BUY N FLY,1,0,2018-06-29,2018-06-29,-79.903433618275,40.489414953039,42003423000,False,outside_city
304 VIRGINIA AVE|15211,304 VIRGINIA AVE,PITTSBURGH,PA,15211,DEBIASIO INC DBA COGO'S 2814,2,0,2014-08-26,2018-08-17,-80.010900267836,40.43126205992,42003190300,True,in_city
3040 BANKSVILLE RD|15216,3040 BANKSVILLE RD,PITTSBURGH,PA,15216,BANKSVILLE BEER INC,2,0,2014-03-24,2018-09-19,-80.043051618517,40.401155823849,42003202300,True,in_city
3060 SUSSEX AVE|15226,3060 SUSSEX AVE,PITTSBURGH,PA,15226,DOLLAR GENERAL STORE #7045,1,0,2016-09-27,2016-09-27,-80.015796947331,40.383979547595,42003479000,False,outside_city
307 TAYLOR AVE|15212,307 TAYLOR AVE,PITTSBURGH,PA,15212,LOCOCO-CARUSO,2,0,2015-04-20,2019-04-12,-80.010803579147,40.456677404521,42003565100,True,in_city
309 CENTER AVE BOX 346|16160,309 CENTER AVE BOX 346,WEST PITTSBURGH,PA,16160,SHEES GAS & GROCERY,1,0,2013-08-13,2013-08-13,-80.363563325498,40.934014156348,,False,outside_city
3090 SUSSEX AVE|15226,3090 SUSSEX AVE,PITTSBURGH,PA,15226,MCNEILLY ROAD FOODLAND,1,0,2013-03-11,2013-03-11,-80.01549570619,40.383485462725,42003479000,False,outside_city
310 CEDAR AVE|15212,310 CEDAR AVE,PITTSBURGH,PA,15212,SUNOCO 7375,5,0,2012-12-04,2023-05-12,-80.000871569327,40.450992333061,42003563202,True,in_city
3100 WEST LIBERTY AVENUE|15216,3100 WEST LIBERTY AVENUE,PITTSBURGH,PA,15216,SUNOCO | SUNOCO A PLUS,8,3,2016-04-14,2024-09-18,-80.038923246857,40.391454177591,42003472200,False,outside_city
3100 WEST LIBERTY AVE|15216,3100 WEST LIBERTY AVE,PITTSBURGH,PA,15216,SUNOCO A PLUS,2,0,2012-05-03,2014-03-24,-80.038923246857,40.391454177591,42003472200,False,outside_city
3103 PENN AVE|15201,3103 PENN AVE,PITTSBURGH,PA,15201,31ST STREET PUB,1,0,2015-03-31,2015-03-31,-79.971337197135,40.459898336743,42003020300,True,in_city
3112-14 CHARTIERS AVE|15204,3112-14 CHARTIERS AVE,PITTSBURGH,PA,15204,RALPH PHARMACY INC | UNITED FOOD MART,2,0,2012-06-15,2015-06-26,-80.061363850584,40.453632451921,42003202200,True,in_city
3117 BRERETON AVE|15219,3117 BRERETON AVE,PITTSBURGH,PA,15219,GOOSKIS,1,0,2019-08-28,2019-08-28,-79.967473805342,40.45670315503,42003060500,True,in_city
3117 BRERETON STREET|15219,3117 BRERETON STREET,PITTSBURGH,PA,15219,GOOSKIS,1,0,2011-10-24,2011-10-24,-79.967473805342,40.45670315503,42003060500,True,in_city
3125 BANKSVILLE ROAD|15216,3125 BANKSVILLE ROAD,PITTSBURGH,PA,15216,KUHNS MARKET,3,0,2012-03-12,2018-09-19,-80.043602510096,40.400230645674,42003202300,True,in_city
313 NORTH AVE|15209,313 NORTH AVE,PITTSBURGH,PA,15209,HAPPY DAY LOUNGE INC,1,0,2018-02-12,2018-02-12,-79.974268123528,40.481778705026,42003427000,False,outside_city
313 UNITY CENTER RD|15239,313 UNITY CENTER RD,PITTSBURGH,PA,15239,BILLS HOMETOWN PHARMACY,2,0,2013-09-04,2019-04-18,-79.779963634152,40.48982266622,42003526201,False,outside_city
315 NORTH AVE|15209,315 NORTH AVE,PITTSBURGH,PA,15209,ATKINSON BEER DIST INC,3,0,2013-09-14,2018-02-12,-79.974260809028,40.481786893882,42003427000,False,outside_city
318 CEDAR AVENUE|15212,318 CEDAR AVENUE,PITTSBURGH,PA,15212,GIANT EAGLE 91,2,0,2019-09-03,2022-04-22,-80.000888322854,40.451045174929,42003563202,True,in_city
318 CEDAR AVE|15212,318 CEDAR AVE,PITTSBURGH,PA,15212,GIANT EAGLE #0091 | NORTH SIDE GIANT EAGLE,6,2,2011-10-21,2019-05-09,-80.000888322854,40.451045174929,42003563202,True,in_city
319 S CRAIG ST|15213,319 S CRAIG ST,PITTSBURGH,PA,15213,KOHLIS INDIAN IMPORTS,1,0,2012-11-09,2012-11-09,-79.948687972722,40.445214607634,42003040400,True,in_city
320 COAL ST|15221,320 COAL ST,PITTSBURGH,PA,15221,A & M MARKET,2,0,2016-04-18,2018-07-02,-79.882752443555,40.435766584164,42003516200,False,outside_city
3210 BANKSVILLE RD|15216,3210 BANKSVILLE RD,PITTSBURGH,PA,15216,RITE AID PHARMACY #01094,3,0,2016-04-05,2023-05-10,-80.044557230138,40.399588884958,42003202300,True,in_city
3210 BRIGHTON RD|15212,3210 BRIGHTON RD,PITTSBURGH,PA,15212,FAMILY DOLLAR STORES OF PA LLC,1,0,2024-04-24,2024-04-24,-80.031066906826,40.475822871792,42003271600,True,in_city
322 SEWICKLEY-OAKMONT RD|15237,322 SEWICKLEY-OAKMONT RD,PITTSBURGH,PA,15237,C& S EXPRESS MART | SIRS CORNER MART,2,0,2012-06-15,2015-06-30,-80.045364045667,40.541781152303,42003429300,False,outside_city
3231 BRIGHTON RD|15212,3231 BRIGHTON RD,PITTSBURGH,PA,15212,CHERYL AUGUSTINE,1,0,2015-05-21,2015-05-21,-80.031481333773,40.475942659072,42003271600,True,in_city
3235 BRIGHTON ROAD|15212,3235 BRIGHTON ROAD,PITTSBURGH,PA,15212,SCHWARTZ SUPER MARKET STORE,4,0,2012-03-13,2019-03-29,-80.031537499302,40.47598753737,42003271600,True,in_city
3245 BRIGHTON ROAD|15212,3245 BRIGHTON ROAD,PITTSBURGH,PA,15212,AJS PLACE | HANINI SUBS,6,0,2012-05-02,2024-12-15,-80.031676149042,40.476150527709,42003271600,True,in_city
3247 EAST CARSON ST|15203,3247 EAST CARSON ST,PITTSBURGH,PA,15203,GET GO #3003,1,0,2018-07-01,2018-07-01,-79.960620754571,40.422884373445,42003160900,True,in_city
3274 BABCOCK BLVD|15237,3274 BABCOCK BLVD,PITTSBURGH,PA,15237,SMOKE WORLD AND VAPE 2,1,0,2024-03-30,2024-03-30,-80.018009736762,40.52993678185,42003429500,False,outside_city
3278 BABCOCK BLVD|15237,3278 BABCOCK BLVD,PITTSBURGH,PA,15237,BABCOCK SUNOCO,1,0,2012-06-15,2012-06-15,-80.01801254249,40.530183013275,42003429500,False,outside_city
3278 BABCOCK BOULEVARD|15237,3278 BABCOCK BOULEVARD,PITTSBURGH,PA,15237,BABCOCK SUNOCO,6,1,2015-07-23,2026-04-08,-80.01801254249,40.530183013275,42003429500,False,outside_city
3299 SAW MILL RUN BLV|15227,3299 SAW MILL RUN BLV,PITTSBURGH,PA,15227,SUNOCO 7517,4,0,2012-06-14,2019-05-02,-79.983499406714,40.375723898064,42003478100,False,outside_city
330 GRANT ST LOBBY|15219,330 GRANT ST LOBBY,PITTSBURGH,PA,15219,GRANT BLDG NEWS,2,0,2011-07-06,2012-06-14,-79.997799260107,40.437651357617,42003020100,True,in_city
333 THOMPSON RUN OAD|15237,333 THOMPSON RUN OAD,PITTSBURGH,PA,15237,THOMPSON RUN MARKET,1,1,2026-03-19,2026-03-19,-79.988772696167,40.527699797239,42003429202,False,outside_city
333 THOMPSON RUN RD|15237,333 THOMPSON RUN RD,PITTSBURGH,PA,15237,7-ELEVEN #104 | THOMPSON MARKET,5,0,2012-06-15,2019-03-21,-79.988772696167,40.527699797239,42003429202,False,outside_city
3335 WILLIAM PENN HIGHWAY|15235,3335 WILLIAM PENN HIGHWAY,PITTSBURGH,PA,15235,SHOP 'N SAVE,4,1,2014-07-10,2025-05-13,-79.818135362516,40.432514602742,42003520001,False,outside_city
3337 BABCOCK BVD|15237,3337 BABCOCK BVD,PITTSBURGH,PA,15237,QUICK MART,1,0,2012-06-15,2012-06-15,-80.019782765386,40.534788292963,42003429400,False,outside_city
3349 LIBERTY AVENUE|15201,3349 LIBERTY AVENUE,PITTSBURGH,PA,15201,QUICK STOP,5,0,2015-11-10,2022-05-10,-79.967026935541,40.461633738811,42003060300,True,in_city
3349 LIBERTY AVE|15201,3349 LIBERTY AVE,PITTSBURGH,PA,15201,QUICK STOP,3,1,2012-11-14,2015-04-30,-79.967026935541,40.461633738811,42003060300,True,in_city
3357 RIDGEWAY STREET|15213,3357 RIDGEWAY STREET,PITTSBURGH,PA,15213,KING OF THE HILL BEER,2,1,2015-04-16,2016-08-27,-79.964245446151,40.456027881212,42003060500,True,in_city
34 EAST CRAFTON AVE|15205,34 EAST CRAFTON AVE,PITTSBURGH,PA,15205,CIRCLE INN,1,0,2019-02-22,2019-02-22,-80.066114544482,40.435625914406,42003465600,False,outside_city
340 CURRY HOLLOW ROAD|15236,340 CURRY HOLLOW ROAD,PITTSBURGH,PA,15236,CURRY HOLLOW SUNOCO,2,0,2015-06-12,2024-04-30,-79.97630738065,40.336280620492,42003489002,False,outside_city
340 N AIKEN AVE|15206,340 N AIKEN AVE,PITTSBURGH,PA,15206,GARFIELD HILL MARKET,3,0,2012-11-14,2019-03-11,-79.934785841496,40.467263177683,42003111400,True,in_city
340 NORTH AIKEN AVENUE|15206,340 NORTH AIKEN AVENUE,PITTSBURGH,PA,15206,GARFIELD MARKET,3,1,2022-05-10,2023-09-28,-79.934785841496,40.467263177683,42003111400,True,in_city
3406 WILLIAM PENN HGWY|15235,3406 WILLIAM PENN HGWY,PITTSBURGH,PA,15235,SUNOCO #6970,2,0,2014-05-29,2023-12-09,,,,False,unknown
3406 WILLIAM PENN HWY|15235,3406 WILLIAM PENN HWY,PITTSBURGH,PA,15235,SUNOCO 6970,1,0,2015-07-01,2015-07-01,,,,False,outside_city
3434 WILLIAM PENN HWY|15235,3434 WILLIAM PENN HWY,PITTSBURGH,PA,15235,RITE AID #10945,2,0,2014-05-29,2015-07-01,,,,False,unknown
3440 FORBES AVE|15213,3440 FORBES AVE,PITTSBURGH,PA,15213,CVS PHARMACY #2348,1,0,2012-11-14,2012-11-14,-79.960152907943,40.439177297266,42003040500,True,in_city
3457 WILLIAM PENN HIGHWAY|15235,3457 WILLIAM PENN HIGHWAY,PITTSBURGH,PA,15235,SHEETZ #468,1,0,2015-07-01,2015-07-01,-79.811842068006,40.430132848657,42003520001,False,outside_city
3459 WARD STREET|15213,3459 WARD STREET,PITTSBURGH,PA,15213,CORNER STORE,2,0,2012-11-09,2015-03-10,-79.954352340698,40.436045682228,42003040600,True,in_city
350 CENTER AVE|15229,350 CENTER AVE,PITTSBURGH,PA,15229,MR C'S CORNER CONVENIENCE STORE,2,0,2017-09-29,2018-10-31,-80.021920322844,40.516790842592,42003430100,False,outside_city
3500 FORBES AVE|15213,3500 FORBES AVE,PITTSBURGH,PA,15213,FORBES AVE EXXON #219 | MARATHON,3,0,2012-11-14,2016-12-30,-79.959325589589,40.439777888059,42003040500,True,in_city
351 STANEHOPE STREET|15204,351 STANEHOPE STREET,PITTSBURGH,PA,15204,SUNOCO A-PLUS,1,0,2015-06-26,2015-06-26,-80.056005847364,40.463579273815,42003562500,True,in_city
3518 BROWNSVILLE RD|15227,3518 BROWNSVILLE RD,PITTSBURGH,PA,15227,EXPRESS MINI MART,4,0,2012-06-11,2019-05-02,-79.975618069031,40.374524007892,42003478100,False,outside_city
353 FREEPORT ROAD|15215,353 FREEPORT ROAD,PITTSBURGH,PA,15215,TOM AND TUDS,2,0,2015-01-22,2018-11-09,-79.901480803655,40.489006993863,42003423000,False,outside_city
355 LINCOLN AVE|15202,355 LINCOLN AVE,PITTSBURGH,PA,15202,CVS PHARMACY #04103,1,0,2013-11-27,2013-11-27,-80.051659135817,40.493574978362,42003431100,False,outside_city
3601 SAW MILL RUN BOULEVARD|15227,3601 SAW MILL RUN BOULEVARD,PITTSBURGH,PA,15227,GET GO | GETGO,5,2,2015-12-17,2018-12-07,-79.981906515336,40.372611699265,42003478100,False,outside_city
3601 SAW MILL RUN ROAD|15227,3601 SAW MILL RUN ROAD,PITTSBURGH,PA,15227,GET GO FROM GIANT EAGLE #3616,2,0,2012-06-11,2015-02-09,-79.981906515336,40.372611699265,42003478100,False,outside_city
3604 5TH AVENUE|15213,3604 5TH AVENUE,PITTSBURGH,PA,15213,OAKLAND AMOKES & VAPE | OAKLAND SMOKES & VAPE,3,2,2023-10-17,2025-03-17,-79.958930428916,40.441358166768,42003040500,True,in_city
3616 LOUISA STREET|15213,3616 LOUISA STREET,PITTSBURGH,PA,15213,GENES PLACE,1,0,2011-12-08,2011-12-08,-79.956095507784,40.439466393001,42003040500,True,in_city
3621 BROWNSVILLE RD|15227,3621 BROWNSVILLE RD,PITTSBURGH,PA,15227,HIMALAYAN GROCERY,2,0,2015-02-09,2015-12-07,-79.975414480148,40.37318948683,42003478200,False,outside_city
3639 CALIFORNIA AVE|15212,3639 CALIFORNIA AVE,PITTSBURGH,PA,15212,TOM FRIDAYS MARKET,3,0,2012-05-22,2016-04-11,-80.041524286785,40.481266509713,42003270100,True,in_city
37 HODGSON AVE|15205,37 HODGSON AVE,PITTSBURGH,PA,15205,SMITH KENNETH,1,0,2011-12-07,2011-12-07,-80.063341671007,40.444291540626,42003464300,False,outside_city
3700 FORBES|15213,3700 FORBES,PITTSBURGH,PA,15213,RITE AID #10930,4,0,2011-08-01,2025-06-11,-79.957519549504,40.441087615099,42003040500,True,in_city
3713 FORBES AVENUE|15213,3713 FORBES AVENUE,PITTSBURGH,PA,15213,SMOKEY BROS SMOKE SHOP,1,1,2024-03-21,2024-03-21,-79.957555725192,40.441219147089,42003040500,True,in_city
3730 BRIGHTON ROAD|15212,3730 BRIGHTON ROAD,PITTSBURGH,PA,15212,RITE AID 10929,4,0,2012-03-13,2019-03-29,-80.035557297619,40.483742061054,42003270800,True,in_city
3750 SAW MILL RUN BLVD|15227,3750 SAW MILL RUN BLVD,PITTSBURGH,PA,15227,DOLLAR GENERAL STORE #12185,3,0,2015-02-09,2019-05-02,-79.982195096703,40.371182119169,42003478100,False,outside_city
3767 BROWNSVILLE ROAD|15227,3767 BROWNSVILLE ROAD,PITTSBURGH,PA,15227,BRENTWOOD CONVENIENCE EXPRESS,2,0,2021-10-07,2023-04-26,-79.975144633192,40.371036025027,42003478200,False,outside_city
3767 BROWNVILLE ROAD|15227,3767 BROWNVILLE ROAD,PITTSBURGH,PA,15227,COGOS #338 | CONVENIENCE EXPRESS,4,0,2012-06-11,2019-05-03,-79.975144633192,40.371036025027,42003478200,False,outside_city
3801 FORBES AVENUE|15213,3801 FORBES AVENUE,PITTSBURGH,PA,15213,FORBES TOBACCO,8,5,2017-01-12,2024-04-03,-79.956968002159,40.441644992822,42003040500,True,in_city
3801 FORBES AVE|15213,3801 FORBES AVE,PITTSBURGH,PA,15213,FORBES TOBACCO,1,0,2015-03-16,2015-03-16,-79.956968002159,40.441644992822,42003040500,True,in_city
3817 BUTLER AVE|15201,3817 BUTLER AVE,PITTSBURGH,PA,15201,CIRCLE K | MACS CONVENIENCE STORES 4202,3,0,2012-03-12,2015-04-01,-79.964050797906,40.467304561434,42003060300,True,in_city
3817 BUTLER STREET|15201,3817 BUTLER STREET,PITTSBURGH,PA,15201,CIRCLE K,1,1,2018-01-04,2018-01-04,-79.964050797906,40.467304561434,42003060300,True,in_city
3873 BRIGHTON ROAD|15212,3873 BRIGHTON ROAD,PITTSBURGH,PA,15212,KELLY'S BEER DISTRIBUTOR,3,1,2016-04-21,2018-04-28,-80.036826006713,40.486439634099,42003270100,True,in_city
3891 BRIGHTON RD|15212,3891 BRIGHTON RD,PITTSBURGH,PA,15212,BRIGHTON MINI - MART | JIMMY Z'S,2,0,2015-04-01,2023-12-01,-80.037267083419,40.486881420997,42003270800,True,in_city
3899 OLD WILLIAM PENN HIGHWAY|15235,3899 OLD WILLIAM PENN HIGHWAY,PITTSBURGH,PA,15235,SUNOCO,3,1,2015-07-23,2017-10-19,-79.81321823463,40.444237702083,42003523600,False,outside_city
3899 OLD WILLIAM PENN HWY|15235,3899 OLD WILLIAM PENN HWY,PITTSBURGH,PA,15235,SUNRISE SONOCO,1,0,2014-05-29,2014-05-29,-79.81321823463,40.444237702083,42003523600,False,outside_city
3900 PERRYSVILLE AVE|15214,3900 PERRYSVILLE AVE,PITTSBURGH,PA,15214,TRIO'S MARKET,1,0,2024-03-11,2024-03-11,-80.018290791917,40.489577348608,42003260200,True,in_city
3901 CALIFORNIA AVE|15212,3901 CALIFORNIA AVE,PITTSBURGH,PA,15212,BLUMERS AUTO CARE,1,0,2012-03-13,2012-03-13,-80.042059006789,40.485292956611,42003270100,True,in_city
3939 BUTLER STREET|15201,3939 BUTLER STREET,PITTSBURGH,PA,15201,RITE AID,4,1,2018-01-04,2022-05-05,-79.963227142142,40.46805842153,42003060300,True,in_city
3939 BUTLER ST|15201,3939 BUTLER ST,PITTSBURGH,PA,15201,RITE AID PHARMACY #02798,4,0,2012-03-12,2015-03-30,-79.963227142142,40.46805842153,42003060300,True,in_city
3998 STEUBENVILLE PIKE|15205,3998 STEUBENVILLE PIKE,PITTSBURGH,PA,15205,MARATHON/SWEET PEA'S,2,0,2018-09-03,2019-09-11,-80.085443705994,40.440120929535,42003459201,False,outside_city
4 OLD CLAIRTON ROAD|15236,4 OLD CLAIRTON ROAD,PITTSBURGH,PA,15236,WALGREENS #09188,2,0,2015-06-05,2023-10-13,-79.964890402911,40.340511428292,42003489002,False,outside_city
400 CHERRY WAY|15219,400 CHERRY WAY,PITTSBURGH,PA,15219,UTSAV NEWS | UTSAV'S NEWS LLC,3,1,2021-10-05,2024-11-01,,,,False,in_city
400 UNION AVE|15202,400 UNION AVE,PITTSBURGH,PA,15202,NEW QUICK SERVE,4,0,2013-12-05,2018-10-09,-80.062440903498,40.441794931262,42003464300,False,outside_city
4000 BUTLER ST|15201,4000 BUTLER ST,PITTSBURGH,PA,15201,GET GO #3107,7,0,2012-03-12,2022-04-01,-79.962183488228,40.46870783597,42003090200,True,in_city
4006 LIBERTY AVENUE|15224,4006 LIBERTY AVENUE,PITTSBURGH,PA,15224,BP/SHOP,3,1,2018-01-04,2019-03-22,-79.956947658517,40.462811909351,42003090300,True,in_city
4006 LIBERTY AVE|15224,4006 LIBERTY AVE,PITTSBURGH,PA,15224,BLOOMFIELD BP,1,0,2013-09-04,2013-09-04,-79.956947658517,40.462811909351,42003090300,True,in_city
401 BROWNSVILLE ROAD|15210,401 BROWNSVILLE ROAD,PITTSBURGH,PA,15210,PETES BEER INC,2,0,2014-09-29,2019-10-02,-79.988796749856,40.413170554173,42003481000,False,outside_city
401 SMITHFIELD STREET|15222,401 SMITHFIELD STREET,PITTSBURGH,PA,15222,QUICK STOP CONVENIENCE & COFFEE,1,0,2012-06-14,2012-06-14,-79.999579161334,40.438801493991,42003020100,True,in_city
4010 PENN AVE|15201,4010 PENN AVE,PITTSBURGH,PA,15201,4010 PENN AVE EXXON # 224 | MARATHON,8,0,2011-10-24,2022-03-28,-79.957492215478,40.465202329187,42003090300,True,in_city
402-06 SEMPLE ST|15213,402-06 SEMPLE ST,PITTSBURGH,PA,15213,MELLINGER BEER DIST INC,1,0,2015-03-10,2015-03-10,-79.954924372955,40.436981920043,42003040600,True,in_city
4034 CLAIRTON BLVD|15227,4034 CLAIRTON BLVD,PITTSBURGH,PA,15227,S & S TOBACCO OUTLET,2,0,2012-06-14,2015-02-09,-79.983934829496,40.367586121711,42003478100,False,outside_city
4034 CLAIRTON BOULEVARD|15227,4034 CLAIRTON BOULEVARD,PITTSBURGH,PA,15227,S & S TOBACCO OUTLET,4,1,2015-12-17,2019-05-02,-79.983934829496,40.367586121711,42003478100,False,outside_city
4034 SAW MILL RUN BLVD|15227,4034 SAW MILL RUN BLVD,PITTSBURGH,PA,15227,S&S TOBACCO OUTLET,1,0,2023-04-11,2023-04-11,,,,False,outside_city
406 E OHIO ST|15212,406 E OHIO ST,PITTSBURGH,PA,15212,ALEX'S ICE CREAM | EAST PARK NEWS,4,0,2011-10-21,2016-04-27,-80.001433375411,40.453376939129,42003563202,True,in_city
4061 PERRYSVILLE AVE|15214,4061 PERRYSVILLE AVE,PITTSBURGH,PA,15214,CENTERPOINT CONVENIENCE STORE | CONVENIENCE STORE,2,0,2012-08-14,2023-12-01,-80.021453587894,40.492288141726,42003260200,True,in_city
4068 PENN AVE|15224,4068 PENN AVE,PITTSBURGH,PA,15224,MAIN SUNOCO,4,0,2013-09-04,2019-04-10,-79.955853316235,40.465479792611,42003090300,True,in_city
4071 BEECHWOOD BLVD|15217,4071 BEECHWOOD BLVD,PITTSBURGH,PA,15217,COGO/AMOCO.,1,0,2024-04-04,2024-04-04,-79.938542737107,40.426982090854,42003151700,True,in_city
4071 BEECHWOOD BOULEVARD|15217,4071 BEECHWOOD BOULEVARD,PITTSBURGH,PA,15217,COGOS 805,6,1,2011-09-29,2019-05-23,-79.938542737107,40.426982090854,42003151700,True,in_city
410 COOKE LANE|15234,410 COOKE LANE,PITTSBURGH,PA,15234,RITE AID #10942,1,0,2017-03-28,2017-03-28,-80.033006814079,40.369885431117,42003476100,False,outside_city
410 GREENTREE RD|15220,410 GREENTREE RD,PITTSBURGH,PA,15220,WEST END SMOKE & LOTTERY OUTLET INC,4,0,2012-03-13,2019-09-17,-80.033866400629,40.435758358884,42003562600,True,in_city
4100 A STEUBENVILLE PIKE|15205,4100 A STEUBENVILLE PIKE,PITTSBURGH,PA,15205,MILEY BP,1,0,2013-11-27,2013-11-27,-80.086587487814,40.440137999898,42003459201,False,outside_city
4101 PENN AVE|15224,4101 PENN AVE,PITTSBURGH,PA,15224,WILSON'S PHARMACY,2,0,2017-12-14,2019-04-10,-79.95512732601,40.465720600513,42003090200,True,in_city
4101 STUEBENVILLE PKE|15205,4101 STUEBENVILLE PKE,PITTSBURGH,PA,15205,SCHOOLEY AUTO,1,0,2011-12-07,2011-12-07,-80.086087310222,40.44003173351,42003459201,False,outside_city
4102 CLAIRTON BLVD|15227,4102 CLAIRTON BLVD,PITTSBURGH,PA,15227,ZOE'S BEER LLC,3,0,2015-02-09,2019-05-02,-79.98414962649,40.367121760881,42003478100,False,outside_city
4109 SIEBERT ST|15201,4109 SIEBERT ST,PITTSBURGH,PA,15201,THE BUS,1,0,2011-10-24,2011-10-24,-79.955766383962,40.466216992636,42003090200,True,in_city
411 PERRY HWY|15229,411 PERRY HWY,PITTSBURGH,PA,15229,WEST VIEW SHELL,4,0,2014-08-22,2022-03-09,-80.031853856499,40.518443169084,42003430200,False,outside_city
4110 BRIGHTON RD|15212,4110 BRIGHTON RD,PITTSBURGH,PA,15212,GIANT EAGLE INC,1,0,2024-04-24,2024-04-24,,,,False,unknown
418 WOOD ST|15222,418 WOOD ST,PITTSBURGH,PA,15222,CITY NEWS OUTLET,2,0,2024-12-16,2026-04-16,-80.000919218587,40.439824890971,42003020100,True,in_city
420 SMITHFIELD ST|15222,420 SMITHFIELD ST,PITTSBURGH,PA,15222,7-ELEVEN # 193,3,0,2011-06-20,2019-12-30,-79.999367462563,40.438872362824,42003020100,True,in_city
4201 PENN AVENUE|15224,4201 PENN AVENUE,PITTSBURGH,PA,15224,HOSPITAL CORNER MINI MART,3,1,2015-07-16,2016-12-31,-79.954293175946,40.465866052417,42003090200,True,in_city
4209 MURRAY AVE|15217,4209 MURRAY AVE,PITTSBURGH,PA,15217,GREENFIELD TOBACCO & NEWS LLC | SMOKEY BRO'S TOBACCO AND VAPE SHOP,6,1,2012-11-14,2025-06-16,-79.92862602532,40.423043567839,42003151700,True,in_city
4215 OHIO RIVER BLVD|15202,4215 OHIO RIVER BLVD,PITTSBURGH,PA,15202,U S GAS INC,2,0,2012-05-02,2019-04-23,-80.056173436424,40.487630394697,42003431100,False,outside_city
4215 OHIO RIVER BOULEVARD|15202,4215 OHIO RIVER BOULEVARD,PITTSBURGH,PA,15202,QUICK STOP | USGAS,4,0,2013-12-19,2018-10-09,-80.056173436424,40.487630394697,42003431100,False,outside_city
422 WOOD ST|15222,422 WOOD ST,PITTSBURGH,PA,15222,CITY NEWS OUTLET,1,0,2019-01-15,2019-01-15,-80.00085665666,40.43991841185,42003020100,True,in_city
4260 EVERGREEN RD|15214,4260 EVERGREEN RD,PITTSBURGH,PA,15214,DAVES BP,2,0,2011-10-21,2012-06-15,-80.00770443849,40.495234834572,42003261300,True,in_city
4260 EVERGREEN ROAD|15214,4260 EVERGREEN ROAD,PITTSBURGH,PA,15214,BP | DAVE'S BP,3,1,2016-11-03,2018-04-10,-80.00770443849,40.495234834572,42003261300,True,in_city
429 FOURTH AVE|15219,429 FOURTH AVE,PITTSBURGH,PA,15219,MAYAS SARI SARI,1,0,2011-07-06,2011-07-06,-79.998341358258,40.438339608565,42003020100,True,in_city
429 SMITHFIELD ST|15222,429 SMITHFIELD ST,PITTSBURGH,PA,15222,CVS PHARMACY #5100,1,0,2012-02-09,2012-02-09,-79.999297414954,40.439234481701,42003020100,True,in_city
429 WOOD STREET|15222,429 WOOD STREET,PITTSBURGH,PA,15222,7-ELEVEN #170,2,0,2011-12-07,2012-06-14,-80.000859479899,40.440166168617,42003020100,True,in_city
431 PERRY HIGHWAY|15229,431 PERRY HIGHWAY,PITTSBURGH,PA,15229,STEELTOWN FIREARMS AMD SUPPLIES,1,0,2014-09-15,2014-09-15,-80.032281948945,40.519113258895,42003430200,False,outside_city
4311 STEUBENVILLE PIKE|15205,4311 STEUBENVILLE PIKE,PITTSBURGH,PA,15205,SPEEDWAY | SUNRISE SUNOCO,3,0,2011-12-12,2019-02-22,-80.09303612195,40.44057283894,42003459201,False,outside_city
4319 BUTLER ST|15201,4319 BUTLER ST,PITTSBURGH,PA,15201,GOLDEN GOAT,1,0,2022-10-11,2022-10-11,-79.96010331229,40.471119929158,42003090100,True,in_city
4326 STEUBENVILLE PIKE|15205,4326 STEUBENVILLE PIKE,PITTSBURGH,PA,15205,BEER EXPRESS,2,0,2018-09-03,2019-09-11,-80.093735548743,40.441138340445,42003459201,False,outside_city
436 7TH AVE|15219,436 7TH AVE,PITTSBURGH,PA,15219,NIELSENS,1,0,2011-11-16,2011-11-16,-79.995718111246,40.442370282381,42003020100,True,in_city
4401 LIBERTY AVENUE|15224,4401 LIBERTY AVENUE,PITTSBURGH,PA,15224,BLOOMFIELD SHURSAVE IGA,3,1,2018-01-04,2019-03-22,-79.952679817947,40.463650382685,42003090300,True,in_city
4401 LIBERTY AVE|15224,4401 LIBERTY AVE,PITTSBURGH,PA,15224,BLOOMFIELD SHURSAVE,2,0,2011-10-24,2015-06-18,-79.952679817947,40.463650382685,42003090300,True,in_city
441 MCNEILLY ROAD|15226,441 MCNEILLY ROAD,PITTSBURGH,PA,15226,MCNEILLY BEER/JOHNCHAD INC,1,0,2019-08-26,2019-08-26,-80.01562107805,40.383242837485,42003479000,False,outside_city
4411 HOWLEY STREET|15224,4411 HOWLEY STREET,PITTSBURGH,PA,15224,RITE AID #10939,4,0,2013-09-29,2019-04-10,-79.952215488469,40.464567350924,42003090300,True,in_city
4419 BUTLER ST|15201,4419 BUTLER ST,PITTSBURGH,PA,15201,BUTLER MART,1,0,2012-03-12,2012-03-12,-79.959749503379,40.471647424201,42003090100,True,in_city
4420 BROWNS HILL ROAD|15217,4420 BROWNS HILL ROAD,PITTSBURGH,PA,15217,GAS AMERICA | SPEEDWAY | SUNRISE SUNOCO,5,0,2011-08-03,2025-06-11,,,,False,in_city
449 ATWOOD ST|15213,449 ATWOOD ST,PITTSBURGH,PA,15213,OAKLAND COMMUNITY DELI AND CONVENIENCE STORE | PALBU INC,2,0,2012-11-14,2015-03-16,-79.952769353018,40.437267811292,42003040600,True,in_city
450 56TH ST UNIT E|15201,450 56TH ST UNIT E,PITTSBURGH,PA,15201,TOBACCO BEER OUTLET,4,0,2013-09-02,2019-05-21,-79.947873329795,40.484151527097,42003101100,True,in_city
450 56TH STREET|15201,450 56TH STREET,PITTSBURGH,PA,15201,FAMILY DOLLAR | FAMILY DOLLAR 5275,7,3,2018-01-04,2024-09-18,-79.947873329795,40.484151527097,42003101100,True,in_city
450 56TH ST|15201,450 56TH ST,PITTSBURGH,PA,15201,FAMILY DOLLAR # 5275,2,0,2014-09-15,2015-03-30,-79.947873329795,40.484151527097,42003101100,True,in_city
4501 LIBERTY AVENUE|15224,4501 LIBERTY AVENUE,PITTSBURGH,PA,15224,TOBACCO OUTLET,4,1,2016-02-05,2019-04-10,-79.951706807152,40.463158524468,42003090300,True,in_city
4501 LIBERTY AVE|15224,4501 LIBERTY AVE,PITTSBURGH,PA,15224,TOBACCO OUTLET | TOBACCO OUTLET INC,2,1,2013-09-29,2015-07-16,-79.951706807152,40.463158524468,42003090300,True,in_city
4501 OHIO RIVER BLVD|15202,4501 OHIO RIVER BLVD,PITTSBURGH,PA,15202,SHELL,1,0,2014-05-16,2014-05-16,-80.06089258879,40.49113522064,42003431500,False,outside_city
4501 OHIO RIVER BOULEVARD|15202,4501 OHIO RIVER BOULEVARD,PITTSBURGH,PA,15202,SHELL,3,1,2017-08-24,2019-01-29,-80.06089258879,40.49113522064,42003431500,False,outside_city
4516 BROWNS HILL ROAD|15217,4516 BROWNS HILL ROAD,PITTSBURGH,PA,15217,SAVE MOR BEER & POP WAREHOUSE INC,3,0,2014-04-26,2019-05-14,-79.926232856664,40.418387399321,42003141400,True,in_city
4601 BUTLER ST|15201,4601 BUTLER ST,PITTSBURGH,PA,15201,PARTNERS,1,0,2013-11-04,2013-11-04,-79.958836523586,40.472896077717,42003090100,True,in_city
4601 CENTER AVE|15213,4601 CENTER AVE,PITTSBURGH,PA,15213,DOLLAR PLUS,1,0,2012-11-14,2012-11-14,-79.951975820452,40.451958412288,42003562000,True,in_city
4605 CENTER AVE|15213,4605 CENTER AVE,PITTSBURGH,PA,15213,BOMBAY INC,1,0,2012-05-02,2012-05-02,-79.951749816909,40.452026779871,42003562000,True,in_city
4616 MCKNIGHT ROAD|15237,4616 MCKNIGHT ROAD,PITTSBURGH,PA,15237,EXXON,4,3,2023-01-05,2024-12-26,,,,False,outside_city
4621 FORBES AVE|15213,4621 FORBES AVE,PITTSBURGH,PA,15213,UNIVERSITY EXXON,1,0,2012-11-14,2012-11-14,-79.948257191524,40.444534155962,42003982200,True,in_city
4622 LIBERTY AVENUE|15224,4622 LIBERTY AVENUE,PITTSBURGH,PA,15224,SMOKE PLUG,1,1,2026-05-28,2026-05-28,-79.949968490378,40.462064965371,42003080200,True,in_city
4637 CENTRE AVE|15213,4637 CENTRE AVE,PITTSBURGH,PA,15213,D & L CONVENIENCE STORE | QUICK STOP CONVENIENCE STORE,3,0,2011-10-24,2017-01-04,-79.950660284434,40.452355896728,42003562000,True,in_city
4639 CLAIRTON BLVD|15236,4639 CLAIRTON BLVD,PITTSBURGH,PA,15236,SUNOCO 7374 | SUNOCO/7-ELEVEN,2,0,2015-06-05,2023-10-16,-79.979744732547,40.355904664354,42003477300,False,outside_city
4695 CAMPBELLS RUN|15205,4695 CAMPBELLS RUN,PITTSBURGH,PA,15205,GOOD TO GO | SNYDER BROS EXXON,4,0,2013-02-15,2019-02-22,-80.13304584069,40.430251130793,42003458002,False,outside_city
4711 LIBERTY AVENUE|15224,4711 LIBERTY AVENUE,PITTSBURGH,PA,15224,DONATELLI'S ITALIAN FOOD CENTER,3,1,2018-01-04,2019-03-22,-79.949513610512,40.461969461516,42003080900,True,in_city
4711 LIBERTY AVE|15224,4711 LIBERTY AVE,PITTSBURGH,PA,15224,DONATELLIS ITALIAN FOOD CENTER INC,2,0,2013-09-04,2015-06-18,-79.949513610512,40.461969461516,42003080900,True,in_city
472 44TH STREET|15201,472 44TH STREET,PITTSBURGH,PA,15201,LUNCH BOX OF PGH,1,0,2011-10-24,2011-10-24,-79.953826405474,40.4665369007,42003090200,True,in_city
4725 CENTRE AVE|15213,4725 CENTRE AVE,PITTSBURGH,PA,15213,CVS PHARMACY #04369,1,0,2012-11-14,2012-11-14,-79.948819749732,40.45291508366,42003080400,True,in_city
4755 CLAIRTON BLVD|15236,4755 CLAIRTON BLVD,PITTSBURGH,PA,15236,OLD ALLEGHENY SMOKE SHOP LLC,2,0,2012-01-11,2015-06-05,-79.978129557616,40.353269860994,42003477300,False,outside_city
4770 MCKNIGHT ROAD STE A|15237,4770 MCKNIGHT ROAD STE A,PITTSBURGH,PA,15237,RITE AID 11916,4,0,2015-06-16,2019-01-14,-80.005140011519,40.521873165689,42003429202,False,outside_city
4770 MCKNIGHT ROAD|15237,4770 MCKNIGHT ROAD,PITTSBURGH,PA,15237,SAVE ON BEER & POP EVERYDAY,5,0,2015-06-16,2026-01-15,-80.005140011519,40.521873165689,42003429202,False,outside_city
4775 MCKNIGHT ROAD|15237,4775 MCKNIGHT ROAD,PITTSBURGH,PA,15237,EASY TRIP/BP | FRANCHISE USA 308,7,0,2012-06-15,2026-01-15,,,,False,outside_city
4779 LIBERTY AVE|15224,4779 LIBERTY AVE,PITTSBURGH,PA,15224,SUNOCO 7485,4,0,2013-09-04,2019-04-10,-79.94755987708,40.460929213342,42003080900,True,in_city
4814 MCKNIGHT RD|15237,4814 MCKNIGHT RD,PITTSBURGH,PA,15237,KEEP N IT GLASSY.,1,0,2026-01-15,2026-01-15,-80.005375316184,40.525795014622,42003429202,False,outside_city
4864 MCKNIGHT RD|15237,4864 MCKNIGHT RD,PITTSBURGH,PA,15237,SMOKE WORLD AND VAPE,1,0,2023-04-29,2023-04-29,-80.007299788275,40.528607606175,42003429202,False,outside_city
4885 MCKNIGHT RD|15237,4885 MCKNIGHT RD,PITTSBURGH,PA,15237,WALGREENS # 09736,5,0,2012-06-15,2026-01-15,-80.009336830356,40.529784419116,42003429500,False,outside_city
4900 PENN AVENUE|15224,4900 PENN AVENUE,PITTSBURGH,PA,15224,K-2 CONVENIENCE STORE,3,1,2017-12-28,2019-04-02,-79.94517058436,40.465230275169,42003080900,True,in_city
4900 PENN AVE|15224,4900 PENN AVE,PITTSBURGH,PA,15224,IN-N-OUT | K2 CONVENIENCE STORE,3,0,2013-09-04,2021-09-22,-79.94517058436,40.465230275169,42003080900,True,in_city
4900 STEUBENVILLE PIKE|15205,4900 STEUBENVILLE PIKE,PITTSBURGH,PA,15205,GET GO CAFE MARKET,1,0,2024-02-26,2024-02-26,-80.109267366245,40.450096750563,42003459201,False,outside_city
4902 CYPRESS ST|15224,4902 CYPRESS ST,PITTSBURGH,PA,15224,ALEX'S PIZZA SHOP | MILLVALE EXPRESS CONVENIENCE,4,0,2013-10-17,2019-04-10,-79.947053544884,40.458654829079,42003080400,True,in_city
4915 SECOND AVE|15207,4915 SECOND AVE,PITTSBURGH,PA,15207,S&R MARKET,1,0,2018-08-31,2018-08-31,-79.943959596894,40.409840828353,42003562300,True,in_city
4924 BAUM BLVD|15213,4924 BAUM BLVD,PITTSBURGH,PA,15213,GET GO #3064,3,0,2012-11-14,2016-12-30,-79.946204414025,40.454613574286,42003080400,True,in_city
4934 SECOND AVE|15207,4934 SECOND AVE,PITTSBURGH,PA,15207,RITE AID PHARMACY #03404,1,0,2019-06-17,2019-06-17,-79.943878729375,40.408998886578,42003562300,True,in_city
4950 STEUBENVILLE PK|15205,4950 STEUBENVILLE PK,PITTSBURGH,PA,15205,DUKES EXXON,1,0,2011-12-12,2011-12-12,-80.108292300594,40.449883143988,42003459201,False,outside_city
50 FOX CHAPEL RD|15238,50 FOX CHAPEL RD,PITTSBURGH,PA,15238,BP | TOM WARD FOX CHAPEL SUNOCO,4,0,2013-07-05,2025-06-25,-79.883010555112,40.488632075094,42003421100,False,outside_city
5009 2ND AVE|15207,5009 2ND AVE,PITTSBURGH,PA,15207,HAZELWOOD MARKET,1,0,2023-10-02,2023-10-02,-79.943505608533,40.408231678883,42003562300,True,in_city
501 LOWRIES RUN RD|15237,501 LOWRIES RUN RD,PITTSBURGH,PA,15237,BP PAR MAR STORE. | FUELAND #06,3,0,2014-04-25,2024-04-30,,,,False,outside_city
501 LOWRIES RUN ROAD|15237,501 LOWRIES RUN ROAD,PITTSBURGH,PA,15237,FUELAND | PAR MAR,6,2,2016-07-14,2026-03-10,,,,False,outside_city
5013 BUTLER STREET|15201,5013 BUTLER STREET,PITTSBURGH,PA,15201,A PLUS,1,1,2022-05-17,2022-05-17,-79.956079713884,40.478033929001,42003090100,True,in_city
5013 BUTLER ST|15201,5013 BUTLER ST,PITTSBURGH,PA,15201,A PLUS | A PLUS / SUNOCO | CHENEH A PLUS LLC,8,0,2012-03-12,2023-07-31,-79.956079713884,40.478033929001,42003090100,True,in_city
5020 CENTER AVE|15213,5020 CENTER AVE,PITTSBURGH,PA,15213,SHADYSIDE CONVENIENCE STORE,1,0,2011-10-24,2011-10-24,-79.944101047395,40.454201437163,42003070900,True,in_city
503 MARTINDALE STREET|15212,503 MARTINDALE STREET,PITTSBURGH,PA,15212,CLARK BAR & GRILL,3,0,2011-10-21,2016-04-27,-80.008814494319,40.449166662407,42003981200,True,in_city
504 OAK HILL DR|15213,504 OAK HILL DR,PITTSBURGH,PA,15213,OAK HILL MARKET,2,0,2015-04-16,2016-12-30,-79.969827833929,40.443718421866,42003051000,True,in_city
506 FREEPORT ROAD|15238,506 FREEPORT ROAD,PITTSBURGH,PA,15238,BLACK & GOLD BEER DISTRIBUTOR,2,0,2014-09-29,2025-06-25,-79.856953294524,40.496260679549,42003420000,False,outside_city
507 BESSEMER AVE|15112,507 BESSEMER AVE,EAST PITTSBURGH,PA,15112,SWINKOS MARKET EAST,1,0,2012-01-11,2012-01-11,-79.841474012659,40.395214760467,42003510000,False,outside_city
51 WALSH ROAD|15205,51 WALSH ROAD,PITTSBURGH,PA,15205,CRAFTON GIANT EAGLE | GIANT EAGLE | GIANT EAGLE / GET GO,5,2,2012-05-02,2024-03-07,-80.071041896633,40.439646252971,42003465600,False,outside_city
510 BROOKLINE BLVD|15226,510 BROOKLINE BLVD,PITTSBURGH,PA,15226,CVS PHARMACY #03189,2,0,2011-07-29,2012-03-12,-80.023349853252,40.396034007909,42003191900,True,in_city
5115 BUTLER ST|15201,5115 BUTLER ST,PITTSBURGH,PA,15201,BLUE MOON TAVERN,3,0,2015-04-01,2022-04-01,-79.955552922945,40.478697542739,42003101100,True,in_city
513 PERRY HIGHWAY|15229,513 PERRY HIGHWAY,PITTSBURGH,PA,15229,RITE AID #10940,2,0,2017-09-29,2018-10-31,-80.034329065567,40.521990418781,42003430200,False,outside_city
5136 PENN AVE|15224,5136 PENN AVE,PITTSBURGH,PA,15224,PEOPLES GROCERY,3,0,2015-06-18,2019-04-02,-79.941615619209,40.464748576738,42003080900,True,in_city
514 N HIGHLAND AVE|15206,514 N HIGHLAND AVE,PITTSBURGH,PA,15206,HIGHLAND A PLUS,4,0,2012-06-13,2022-05-03,-79.922633310534,40.466047811803,42003111300,True,in_city
5150 BUTLER STREET|15201,5150 BUTLER STREET,PITTSBURGH,PA,15201,LUCKY STORE,4,0,2013-09-02,2019-05-21,-79.954991487546,40.479376063405,42003101100,True,in_city
5152 PENN AVENUE|15224,5152 PENN AVENUE,PITTSBURGH,PA,15224,PRINCESS HAIR & BEAUTY SUPPLY,3,1,2015-10-01,2017-09-26,-79.941032403502,40.464674946739,42003080900,True,in_city
5160 PENN AVE|15224,5160 PENN AVE,PITTSBURGH,PA,15224,FAMILY DOLLAR # 6137,3,0,2015-06-18,2019-04-02,-79.940873797175,40.464656269495,42003080900,True,in_city
5204 INTERBORO AVE|15207,5204 INTERBORO AVE,PITTSBURGH,PA,15207,INTERBORO A PLUS,3,0,2011-08-03,2021-09-27,-79.912888260642,40.37034732766,42003310200,True,in_city
521 LINCOLN HWY|15112,521 LINCOLN HWY,EAST PITTSBURGH,PA,15112,SUNOCO,1,0,2024-12-16,2024-12-16,-79.838740489153,40.395502727969,42003510000,False,outside_city
5220 CLAIRTON BLVD|15236,5220 CLAIRTON BLVD,PITTSBURGH,PA,15236,CITGO,1,0,2015-06-22,2015-06-22,-79.9713645451,40.343896174167,42003480101,False,outside_city
5224 PENN AVENUE|15224,5224 PENN AVENUE,PITTSBURGH,PA,15224,A&M MARKET,1,0,2018-06-10,2018-06-10,-79.939661527158,40.464509957269,42003080900,True,in_city
5224 PENN AVE|15224,5224 PENN AVE,PITTSBURGH,PA,15224,A & M MARKET,4,2,2013-09-04,2017-05-18,-79.939661527158,40.464509957269,42003080900,True,in_city
5242 CLAIRTON BOULEVARD|15236,5242 CLAIRTON BOULEVARD,PITTSBURGH,PA,15236,CVS PHARMACY #2333,2,0,2011-10-26,2014-06-30,-79.971053424285,40.343770897756,42003480101,False,outside_city
525 PERRY HIGHWAY|15229,525 PERRY HIGHWAY,PITTSBURGH,PA,15229,7-ELEVEN 35968,3,1,2018-12-13,2020-02-01,-80.034624719166,40.52263567591,42003430200,False,outside_city
525 PERRY HWY|15229,525 PERRY HWY,PITTSBURGH,PA,15229,7-ELEVEN STORE 35968H,2,0,2017-09-29,2018-10-31,-80.034624719166,40.52263567591,42003430200,False,outside_city
5268 BUTLER ST|15201,5268 BUTLER ST,PITTSBURGH,PA,15201,THE CIGAR DEN,1,0,2017-12-19,2017-12-19,-79.95302337441,40.481757805375,42003101100,True,in_city
530D CASTE VILLAGE|15236,530D CASTE VILLAGE,PITTSBURGH,PA,15236,BREWERS OUTLET FRISCH DIST,1,0,2013-02-19,2013-02-19,,,,False,unknown
533 BROOKLINE BLVD|15226,533 BROOKLINE BLVD,PITTSBURGH,PA,15226,BROOKLINE SUNOCO | SUNCO A PLUS,2,0,2012-03-09,2016-09-27,-80.023156947207,40.396063316646,42003191900,True,in_city
533 BROOKLINE BOULEVARD|15226,533 BROOKLINE BOULEVARD,PITTSBURGH,PA,15226,SUNOCO / A PLUS | SUNOCO 363157905 / A PLUS,2,2,2024-04-18,2024-12-02,-80.023156947207,40.396063316646,42003191900,True,in_city
533 E OHIO ST|15212,533 E OHIO ST,PITTSBURGH,PA,15212,NORTH SHORE MINI MART LLC,1,0,2024-04-24,2024-04-24,-79.999728744584,40.453583535612,42003563202,True,in_city
5336 PERRY HIGHWAY|15229,5336 PERRY HIGHWAY,PITTSBURGH,PA,15229,KEG & CASE BEER DISTRIBUTOR,3,1,2017-10-05,2019-02-06,,,,False,outside_city
5336 PERRY HWY|15229,5336 PERRY HWY,PITTSBURGH,PA,15229,KEG N CASE BEER DISTRIBUTOR,1,0,2014-08-22,2014-08-22,,,,False,outside_city
5340 PERRY HWY|15229,5340 PERRY HWY,PITTSBURGH,PA,15229,MARATHON | PHILS CITGO,3,0,2014-08-22,2018-10-31,,,,False,outside_city
535 LINCOLN AVE|15202,535 LINCOLN AVE,PITTSBURGH,PA,15202,RITE AID #10920,4,0,2012-02-22,2018-10-12,-80.056788410356,40.496094305135,42003431500,False,outside_city
535 SMITHFIELD STREET STE 104|15222,535 SMITHFIELD STREET STE 104,PITTSBURGH,PA,15222,HS NEWS,1,0,2012-06-27,2012-06-27,-79.998144745876,40.440952436075,42003020100,True,in_city
537 E OHIO STREET|15212,537 E OHIO STREET,PITTSBURGH,PA,15212,ISALY'S,3,0,2012-06-11,2016-04-27,-79.999697515306,40.453589456162,42003563202,True,in_city
54 SOUTH 12TH ST|15203,54 SOUTH 12TH ST.,PITTSBURGH,PA,15203,BLOOM CIGAR CO INC,1,0,2019-06-18,2019-06-18,-79.986505787806,40.428961159007,42003170200,True,in_city
5400 CAMPBELLS RUN ROAD|15205,5400 CAMPBELLS RUN ROAD,PITTSBURGH,PA,15205,SHEETZ #353,4,0,2012-05-02,2018-09-19,-80.158720470198,40.445566817724,42003459201,False,outside_city
5401 PENN AVE|15206,5401 PENN AVE,PITTSBURGH,PA,15206,PENN AIKEN DAIRY,3,0,2011-10-24,2019-03-11,-79.936369831298,40.464736304938,42003111400,True,in_city
5410 KEEPORT DRIVE|15236,5410 KEEPORT DRIVE,PITTSBURGH,PA,15236,RITE AID 10949,2,0,2011-10-24,2015-06-12,,,,False,outside_city
5457 PERRYSVILLE ROAD|15229,5457 PERRYSVILLE ROAD,PITTSBURGH,PA,15229,JEETS SUNOCO,3,0,2014-08-22,2018-10-31,-80.031487081543,40.512499741209,42003429700,False,outside_city
5482 PENN AVE|15206,5482 PENN AVE,PITTSBURGH,PA,15206,GROCERY KART,4,0,2012-06-13,2022-03-28,-79.933010072057,40.464234659217,42003080700,True,in_city
5504 WALNUT ST|15232,5504 WALNUT ST,PITTSBURGH,PA,15232,RITE AID PHARMACY #00268,3,0,2012-11-14,2019-05-10,-79.933599445144,40.451173489552,42003070300,True,in_city
5514 PENN AVENUE|15206,5514 PENN AVENUE,PITTSBURGH,PA,15206,PISTELLA BEER DISTRIBUTORS,4,1,2018-05-03,2022-03-28,-79.931693926168,40.463781061746,42003080700,True,in_city
555 FOUNDRY ST|15215,555 FOUNDRY ST,PITTSBURGH,PA,15215,CHRISTYS MARKET & CATERING INC,1,0,2019-10-23,2019-10-23,-79.9375060445,40.503558846232,42003426700,False,outside_city
5550 CENTRE AVE|15232,5550 CENTRE AVE,PITTSBURGH,PA,15232,GIANT EAGLE 40,3,0,2012-12-06,2019-05-09,-79.935216964677,40.456854410047,42003070900,True,in_city
558 BRADDOCK|15208,558 BRADDOCK,PITTSBURGH,PA,15208,MELVIN T DUNBAR,1,0,2011-08-03,2011-08-03,-79.891198311428,40.452715791412,42003130800,True,in_city
5600 WILKINS AVE|15217,5600 WILKINS AVE,PITTSBURGH,PA,15217,CVS PHARMACY #04152,2,0,2011-08-03,2014-04-26,-79.927867602311,40.444052793858,42003140300,True,in_city
5603 BABCOCK BLVD|15237,5603 BABCOCK BLVD,PITTSBURGH,PA,15237,GET GO #3488,8,0,2012-06-15,2025-05-21,-80.029074966413,40.546830265147,42003429500,False,outside_city
5633 BAUM BLVD|15206,5633 BAUM BLVD,PITTSBURGH,PA,15206,RITE AID #10924,5,0,2011-10-24,2022-05-14,-79.934553995483,40.458193122879,42003080700,True,in_city
5660 BROWNSVILLE RD|15236,5660 BROWNSVILLE RD,PITTSBURGH,PA,15236,SUNOCO,1,0,2015-06-22,2015-06-22,-79.987090681055,40.330910546458,42003490003,False,outside_city
568 CASTE VILLAGE|15236,568 CASTE VILLAGE,PITTSBURGH,PA,15236,RITE AID #10950,3,0,2013-02-21,2023-12-11,,,,False,unknown
5724 ELLSWORTH AVENUE|15232,5724 ELLSWORTH AVENUE,PITTSBURGH,PA,15232,FUEL ON,3,1,2018-01-18,2019-05-09,-79.931616573442,40.455247676542,42003070500,True,in_city
5724 ELLSWORTH AVE|15232,5724 ELLSWORTH AVE,PITTSBURGH,PA,15232,FUEL ON PITTSBURGH,1,0,2012-11-14,2012-11-14,-79.931616573442,40.455247676542,42003070500,True,in_city
575 OLD CLAIRTON ROAD|15236,575 OLD CLAIRTON ROAD,PITTSBURGH,PA,15236,LEWIS AUTO REPAIR,1,0,2013-02-21,2013-02-21,,,,False,unknown
580 MCNEILLY RD|15226,580 MCNEILLY RD,PITTSBURGH,PA,15226,MARATHON/FUELAND FOOD STORE. | MCNEILLY FOOD MART,3,0,2012-05-02,2024-04-30,-80.0195326613,40.383375139791,42003479000,False,outside_city
5801 FORWARD AVENUE|15217,5801 FORWARD AVENUE,PITTSBURGH,PA,15217,GET GO | GETGO 3038,6,2,2014-06-19,2024-05-10,-79.923404971358,40.429791457774,42003140800,True,in_city
5801 FORWARD AVE|15217,5801 FORWARD AVE,PITTSBURGH,PA,15217,FRANCHISE USA 356,2,0,2011-08-03,2012-11-09,-79.923404971358,40.429791457774,42003140800,True,in_city
5802 FORDEN AVE|15219,5802 FORDEN AVE,PITTSBURGH,PA,15219,SQUIRREL HILL CENTER,1,0,2019-12-30,2019-12-30,,,,False,unknown
5829 FORWARD AVE|15217,5829 FORWARD AVE,PITTSBURGH,PA,15217,NEW SELECT MINI-MART,1,0,2011-08-03,2011-08-03,-79.922389063198,40.429549909279,42003140800,True,in_city
5857 ELLSWORTH AVENUE|15236,5857 ELLSWORTH AVENUE,PITTSBURGH,PA,15236,SIX PACK TO GO,1,0,2019-10-22,2019-10-22,-79.929142655051,40.457320006028,42003070500,True,in_city
5880 1/2 FORBES AVENUE|15217,5880 1/2 FORBES AVENUE,PITTSBURGH,PA,15217,SMOKE WIZARD,9,4,2014-06-19,2025-01-03,-79.920072713912,40.43798568232,42003140800,True,in_city
5880 1/2 FORBES AVE|15217,5880 1/2 FORBES AVE,PITTSBURGH,PA,15217,SMOKE WIZARD,2,0,2011-08-03,2012-11-09,-79.920072713912,40.43798568232,42003140800,True,in_city
5901 BRYANT STREET|15206,5901 BRYANT STREET,PITTSBURGH,PA,15206,BRYANT STREET MARKET,3,0,2015-03-16,2022-05-12,-79.919718868191,40.475760463381,42003110200,True,in_city
5956 PENN CIRCLE SOUTH|15206,5956 PENN CIRCLE SOUTH,PITTSBURGH,PA,15206,WALGREENS #9281,4,0,2012-11-14,2022-05-10,-79.926233487539,40.461854193248,42003111500,True,in_city
600 COMMONWEALTH PL|15222,600 COMMONWEALTH PL,PITTSBURGH,PA,15222,FABER NEWS & GIFTS,1,0,2012-06-27,2012-06-27,-80.007306878728,40.442400444813,42003020100,True,in_city
600 RODI ROAD|15235,600 RODI ROAD,PITTSBURGH,PA,15235,SUNOCO 6968,2,0,2014-05-29,2015-07-01,-79.827129404272,40.449729835845,42003523400,False,outside_city
600 TOWNE SQUARE WAY|15227,600 TOWNE SQUARE WAY,PITTSBURGH,PA,15227,BRENTWD GIANT EAGLE 616,4,0,2012-06-14,2019-05-02,-79.982221511944,40.367589959283,42003478100,False,outside_city
6001 BTTRMLK HLLW RD|15207,6001 BTTRMLK HLLW RD,PITTSBURGH,PA,15207,T/A SHOP N GO,2,0,2012-01-05,2019-06-11,,,,False,unknown
6001 BUTTERMILK HOLLOW RD|15207,6001 BUTTERMILK HOLLOW RD,PITTSBURGH,PA,15207,SHOP N GO NEIGHBORHOOD,1,0,2018-08-31,2018-08-31,,,,False,in_city
601 MCNEILLY ROAD|15226,601 MCNEILLY ROAD,PITTSBURGH,PA,15226,SUNOCO GAS STATION,2,0,2012-05-02,2016-09-27,-80.020876646597,40.383266780327,42003473300,False,outside_city
601 PENN AVE|15221,601 PENN AVE,PITTSBURGH,PA,15221,WILKINSBURG BEVERAGE CO,1,0,2013-10-11,2013-10-11,-80.002102779757,40.442814599919,42003020100,True,in_city
601 PENN AVE|15222,601 PENN AVE,PITTSBURGH,PA,15222,7-ELEVEN 165,2,0,2012-06-14,2023-12-11,-80.002102779757,40.442814599919,42003020100,True,in_city
605 EAST OHIO STREET|15212,605 EAST OHIO STREET,PITTSBURGH,PA,15212,SUNSHINE MARKET,3,1,2023-04-18,2024-02-12,-79.99903607148,40.453716209297,42003563202,True,in_city
6100 PENN AVE|15206,6100 PENN AVE,PITTSBURGH,PA,15206,CVS PHARMACY #04085,1,0,2012-06-13,2012-06-13,-79.923665195403,40.460940420038,42003111500,True,in_city
6100 ROBINSON CENTER DR|15205,6100 ROBINSON CENTER DR,PITTSBURGH,PA,15205,BAHAMA BREEZE #3041,1,0,2011-12-07,2011-12-07,-80.159151736472,40.451278316517,42003459201,False,outside_city
6113 BROAD STREET|15206,6113 BROAD STREET,PITTSBURGH,PA,15206,SKY IS THE LIMIT,3,0,2018-02-22,2022-05-15,-79.922870747591,40.462018651663,42003111500,True,in_city
612 OLD CLAIRTON ROAD|15236,612 OLD CLAIRTON ROAD,PITTSBURGH,PA,15236,UNI-MART,3,1,2017-06-08,2018-12-07,-79.956753641756,40.323315692183,42003489002,False,outside_city
612 OLD CLARITON RD|15236,612 OLD CLARITON RD,PITTSBURGH,PA,15236,ALL AMERICAN MINI MART,2,1,2011-10-21,2015-07-09,-79.956753641756,40.323315692183,42003489002,False,outside_city
612 OLD CLARITON ROAD|15236,612 OLD CLARITON ROAD,PITTSBURGH,PA,15236,UNI-MART,2,1,2015-12-03,2016-07-06,-79.956753641756,40.323315692183,42003489002,False,outside_city
616 NORTH AVE|15209,616 NORTH AVE,PITTSBURGH,PA,15209,BARKING SHARK SALOON,1,0,2018-01-31,2018-01-31,-79.973133558807,40.486205717768,42003427000,False,outside_city
616 OLD CLAIRTON ROAD|15236,616 OLD CLAIRTON ROAD,PITTSBURGH,PA,15236,BOBS BEER DISTRIBUTOR,1,0,2015-06-12,2015-06-12,,,,False,outside_city
618 WOODBOURNE AVE|15226,618 WOODBOURNE AVE,PITTSBURGH,PA,15226,POPLAR AUDREY,1,0,2011-12-08,2011-12-08,-80.023702806448,40.39398509473,42003191800,True,in_city
620 BROOKLINE BLVD|15226,620 BROOKLINE BLVD,PITTSBURGH,PA,15226,PITA LAND INC,1,0,2024-03-11,2024-03-11,-80.022049322515,40.395126502615,42003191800,True,in_city
6200 SALTSBURGH ROAD|15235,6200 SALTSBURGH ROAD,PITTSBURGH,PA,15235,RITE AID #10946,2,0,2014-06-16,2015-07-01,,,,False,unknown
6201 SALTSBURG ROAD|15235,6201 SALTSBURG ROAD,PITTSBURGH,PA,15235,WALGREENS #09675,2,0,2014-06-16,2015-07-01,-79.817706858921,40.485023720293,42003523702,False,outside_city
621 CALIFORNIA AVENUE|15202,621 CALIFORNIA AVENUE,PITTSBURGH,PA,15202,A.M. SINICROPE,3,1,2017-08-17,2019-01-04,-80.068220403636,40.501543003156,42003432300,False,outside_city
621 CALIFORNIA AVE|15202,621 CALIFORNIA AVE,PITTSBURGH,PA,15202,A M SINICROPE,1,0,2014-05-02,2014-05-02,-80.068220403636,40.501543003156,42003432300,False,outside_city
623 EAST OHIO STREET|15212,623 EAST OHIO STREET,PITTSBURGH,PA,15212,RITE AID #10928,4,0,2012-06-14,2019-03-27,-79.998892870772,40.453743632646,42003563202,True,in_city
623 SMITHFIELD ST|15222,623 SMITHFIELD ST,PITTSBURGH,PA,15222,RITE AID #10937,1,0,2012-06-14,2012-06-14,-79.997417832496,40.442068544023,42003020100,True,in_city
625 STANWIX ST|15222,625 STANWIX ST,PITTSBURGH,PA,15222,GIOOD NEWS,1,0,2014-07-02,2014-07-02,-80.004331171216,40.44252821668,42003020100,True,in_city
630 S MILLVALE AVE|15224,630 S MILLVALE AVE,PITTSBURGH,PA,15224,SONNYS TAVERN INC,1,0,2015-06-22,2015-06-22,-79.947477385791,40.457903790066,42003080400,True,in_city
630 SOUTH MILLVALE AVENUE|15224,630 SOUTH MILLVALE AVENUE,PITTSBURGH,PA,15224,SONNYS TAVERN,3,1,2017-12-28,2019-04-10,-79.947477385791,40.457903790066,42003080400,True,in_city
6302 ROBINSON CENTER DR|15205,6302 ROBINSON CENTER DR,PITTSBURGH,PA,15205,PUFFS N STUFF,1,0,2019-09-11,2019-09-11,-80.160864450363,40.451760689181,42003459201,False,outside_city
632 CALIFORNIA AVENUE|15202,632 CALIFORNIA AVENUE,PITTSBURGH,PA,15202,AVALON MART,4,1,2014-02-20,2017-08-09,-80.06793288143,40.501304271701,42003432400,False,outside_city
6320 SHAKESPEARE STREET|15206,6320 SHAKESPEARE STREET,PITTSBURGH,PA,15206,GIANT EAGLE 17,1,1,2022-06-23,2022-06-23,-79.921684730988,40.458994264475,42003070800,True,in_city
6320 SHAKESPEARE ST|15206,6320 SHAKESPEARE ST,PITTSBURGH,PA,15206,FAMILY DOLLAR # 1982 | GIANT EAGLE 17,6,0,2011-10-25,2019-03-19,-79.921684730988,40.458994264475,42003070800,True,in_city
6403 BROWNSVILLE ROAD|15236,6403 BROWNSVILLE ROAD,PITTSBURGH,PA,15236,7-ELEVEN #139,2,0,2011-06-30,2015-06-12,-79.995182371179,40.321731594534,42003490003,False,outside_city
643 LIBERTY AVE|15222,643 LIBERTY AVE,PITTSBURGH,PA,15222,7-ELEVEN #167,2,0,2012-06-27,2023-11-08,-80.000154263711,40.442416880029,42003020100,True,in_city
6481 FRANKSTOWN AVE|15206,6481 FRANKSTOWN AVE,PITTSBURGH,PA,15206,SUNOCO,2,0,2015-03-23,2019-03-22,-79.914185488851,40.460623879186,42003120900,True,in_city
6481 FRANKSTOWN ROAD|15206,6481 FRANKSTOWN ROAD,PITTSBURGH,PA,15206,FRANSTOWN A PLUS,2,0,2011-10-24,2012-11-14,-79.914185488851,40.460623879186,42003120900,True,in_city
649 HILLSBORO STREET|15204,649 HILLSBORO STREET,PITTSBURGH,PA,15204,SHERADEN MINI MART,1,0,2015-06-26,2015-06-26,-80.053494309622,40.453289597652,42003562500,True,in_city
649 OLD CLAIRTON ROAD|15236,649 OLD CLAIRTON ROAD,PITTSBURGH,PA,15236,SOUTH HILLS IGA,2,0,2011-10-24,2015-06-12,-79.956700216947,40.326236411804,42003489001,False,outside_city
650 CLAIRTON BLVD|15236,650 CLAIRTON BLVD.,PITTSBURGH,PA,15236,7-ELEVEN | EZ ENERGY 312 7-ELEVEN STORE 36192H,3,0,2015-06-09,2024-03-29,,,,False,outside_city
6500 SALTSBURG ROAD|15235,6500 SALTSBURG ROAD,PITTSBURGH,PA,15235,SUNOCO SALTSBURG ROAD,2,0,2014-06-16,2015-07-01,-79.809694298282,40.482820829608,42003523501,False,outside_city
651 LARIMER AVE|15206,651 LARIMER AVE,PITTSBURGH,PA,15206,TOMLIN,1,0,2011-08-03,2011-08-03,,,,False,unknown
6513 STEUBENVILLE PIKE|15205,6513 STEUBENVILLE PIKE,PITTSBURGH,PA,15205,GET GO/GIANT EAGLE 3034,5,0,2012-05-02,2019-09-11,-80.164249911915,40.447523784164,42003459201,False,outside_city
668 WASHINGTON RD|15228,668 WASHINGTON RD,PITTSBURGH,PA,15228,PUFF DIGGITY,1,0,2022-05-06,2022-05-06,-80.045124481571,40.379678224959,42003473200,False,outside_city
6680 FRANKSTOWN AVENUE|15206,6680 FRANKSTOWN AVENUE,PITTSBURGH,PA,15206,MARATHON,3,1,2022-05-10,2023-08-08,-79.908482865831,40.458712457811,42003120900,True,in_city
6680 FRANKSTOWN AV|15206,6680 FRANKSTOWN AV,PITTSBURGH,PA,15206,FRANKSTOWN EXXON 223 | MARATHON,3,0,2012-11-14,2019-03-22,-79.908482865831,40.458712457811,42003120900,True,in_city
6701 FRANKSTOWN AVE|15208,6701 FRANKSTOWN AVE,PITTSBURGH,PA,15208,FRANSTOWN SHELL,1,0,2011-08-03,2011-08-03,-79.907946308955,40.458712552287,42003130700,True,in_city
6936 5TH AVENUE|15208,6936 5TH AVENUE,PITTSBURGH,PA,15208,SUDZ,3,1,2022-12-06,2024-01-30,-79.908498711729,40.457932302554,42003130700,True,in_city
7 MERCY STREET|15214,7 MERCY STREET,PITTSBURGH,PA,15214,MERCY STREET CONVENIENCE,1,0,2016-09-17,2016-09-17,-80.008335438648,40.462366850879,42003250900,True,in_city
700 E WARRINGTON AVE|15210,700 E WARRINGTON AVE,PITTSBURGH,PA,15210,DOLLAR GENERAL | FAMILY DOLLAR # 4300,3,0,2014-09-22,2024-04-24,-79.995738857138,40.421716159673,42003180300,True,in_city
7006 FRANKSTOWN AVENUE|15122,7006 FRANKSTOWN AVENUE,PITTSBURGH,PA,15122,WAAD MINI MART,1,0,2021-10-15,2021-10-15,-79.900916090919,40.458383485611,42003130800,True,in_city
707 E WARRINGTON AVE|15210,707 E WARRINGTON AVE,PITTSBURGH,PA,15210,ADAN MARKET #2,1,0,2019-09-19,2019-09-19,-79.995447600179,40.421836546056,42003180300,True,in_city
707 EAST WARRINGTON AVENUE|15210,707 EAST WARRINGTON AVENUE,PITTSBURGH,PA,15210,ADAN MARKET 2,3,1,2022-11-03,2024-08-28,-79.995447600179,40.421836546056,42003180300,True,in_city
7151 HAMILTON AVE|15208,7151 HAMILTON AVE,PITTSBURGH,PA,15208,B & BS GROCERY,1,0,2011-08-03,2011-08-03,-79.897914393375,40.454773947748,42003130800,True,in_city
716 CLAIRTON BLVD|15236,716 CLAIRTON BLVD,PITTSBURGH,PA,15236,DOLLAR GENERAL STORE #8554,2,0,2015-06-12,2023-10-13,-79.944141446422,40.325450460331,42003489001,False,outside_city
7201 FRANKSTOWN AVENUE|15208,7201 FRANKSTOWN AVENUE,PITTSBURGH,PA,15208,HOMEWOODS QUICK PICK,3,1,2023-10-13,2024-12-03,-79.89620435807,40.457435527564,42003130200,True,in_city
7201 FRANKSTOWN AVE|15208,7201 FRANKSTOWN AVE,PITTSBURGH,PA,15208,HOMEWOODS QUICK PICK,1,1,2021-11-23,2021-11-23,-79.89620435807,40.457435527564,42003130200,True,in_city
7206 MCKNIGHT RD|15237,7206 MCKNIGHT RD,PITTSBURGH,PA,15237,COOL VAPES,2,0,2019-04-12,2026-01-15,-80.009980040423,40.53101775931,42003429201,False,outside_city
721 BROOKLINE BLVD|15226,721 BROOKLINE BLVD,PITTSBURGH,PA,15226,BOULEVARD TOBACCO OUTLET LLC,5,0,2011-07-29,2021-10-05,-80.020642991783,40.394282466952,42003191900,True,in_city
721 ISLAND AVE|15136,721 ISLAND AVE,PITTSBURGH,PA,15136,COGROS 1496,1,0,2015-06-30,2015-06-30,-80.061871752839,40.47255639064,42003464400,False,outside_city
721 ISLAND AVE|15236,721 ISLAND AVE,PITTSBURGH,PA,15236,COGROS 1496,1,0,2013-05-06,2013-05-06,,,,False,unknown
7221 MCKNIGHT RD|15237,7221 MCKNIGHT RD,PITTSBURGH,PA,15237,ALDI,1,0,2022-12-05,2022-12-05,-80.013213562105,40.541997016384,42003429201,False,outside_city
7229 SUSQUEHANNA|15208,7229 SUSQUEHANNA,PITTSBURGH,PA,15208,MR NOLLY SMITH,1,0,2011-08-03,2011-08-03,-79.897324416925,40.453394755024,42003130800,True,in_city
728 COPELAND ST|15232,728 COPELAND ST,PITTSBURGH,PA,15232,CALIGUIRI GREGG R,1,0,2011-10-24,2011-10-24,-79.935255700008,40.451739216625,42003070300,True,in_city
73 E CARSON ST|15219,73 E CARSON ST,PITTSBURGH,PA,15219,AMERICAN NATURAL,1,1,2022-09-20,2022-09-20,-80.00120239467,40.430900134163,42003980700,True,in_city
73 EAST CARSON STREET|15219,73 EAST CARSON STREET,PITTSBURGH,PA,15219,AMERICAN NATURAL | DESDEMONA HOLDINGS LP,2,0,2019-09-05,2023-08-30,-80.00120239467,40.430900134163,42003980700,True,in_city
7345 SALTSBURG ROAD|15235,7345 SALTSBURG ROAD,PITTSBURGH,PA,15235,RITE AID #10947,2,0,2014-06-16,2015-07-01,-79.785888971365,40.47786356193,42003523702,False,outside_city
7356 STRANAHAN STREET|15206,7356 STRANAHAN STREET,PITTSBURGH,PA,15206,1907 CONVENIET STORE,1,0,2011-08-03,2011-08-03,-79.890134137933,40.461652399298,42003130700,True,in_city
7356 STRANAHAN ST|15206,7356 STRANAHAN ST,PITTSBURGH,PA,15206,CHADWICK MARKET,1,0,2024-05-06,2024-05-06,-79.890134137933,40.461652399298,42003130700,True,in_city
738 BELLEFONTE STREET|15232,738 BELLEFONTE STREET,PITTSBURGH,PA,15232,LOFT 412 HOOKAH BAR,2,1,2024-01-11,2024-07-17,-79.934076785228,40.451411248597,42003070300,True,in_city
740 W INGOMAR RD|15237,740 W INGOMAR RD,PITTSBURGH,PA,15237,7-ELEVEN,3,0,2018-08-06,2026-03-10,-80.05527478102,40.581543964625,42003413202,False,outside_city
740 W INGOMAR ROAD|15237,740 W INGOMAR ROAD,PITTSBURGH,PA,15237,7-ELEVEN #155,2,0,2014-04-25,2015-06-26,-80.05527478102,40.581543964625,42003413202,False,outside_city
740 WEST INGOMAR ROAD|15237,740 WEST INGOMAR ROAD,PITTSBURGH,PA,15237,7-ELEVEN,3,2,2016-07-07,2017-11-20,-80.05527478102,40.581543964625,42003413202,False,outside_city
7403 FRANKSTOWN AVE|15208,7403 FRANKSTOWN AVE,PITTSBURGH,PA,15208,STANLEYS,1,0,2011-10-24,2011-10-24,-79.891772734108,40.456423337057,42003130200,True,in_city
7409 SALTSBURG ROAD|15235,7409 SALTSBURG ROAD,PITTSBURGH,PA,15235,MAUROS EXXON OF PENN HILLS,2,0,2014-06-16,2015-07-01,-79.784983579425,40.477548955417,42003523702,False,outside_city
745 WEST INGOMAR ROAD|15201,745 WEST INGOMAR ROAD,PITTSBURGH,PA,15201,KUHNS MARKET,1,0,2012-08-28,2012-08-28,-80.055314492385,40.581424283558,42003413201,False,outside_city
745 WEST INGOMAR ROAD|15237,745 WEST INGOMAR ROAD,PITTSBURGH,PA,15237,KUHNS MARKET,3,0,2018-04-02,2026-03-10,-80.055314492385,40.581424283558,42003413201,False,outside_city
748 BROWNSVILLE ROAD|15210,748 BROWNSVILLE ROAD,PITTSBURGH,PA,15210,MANJIT MINIMART LLC | UNI-MART,8,2,2011-11-16,2025-06-11,-79.991271602349,40.408565304018,42003300100,True,in_city
7500 GRAND AVENUE|15225,7500 GRAND AVENUE,PITTSBURGH,PA,15225,7-ELEVEN,3,1,2014-10-09,2016-04-28,-80.147939323,40.517084596846,42003461000,False,outside_city
7500 MCKNIGHT RD|15237,7500 MCKNIGHT RD,PITTSBURGH,PA,15237,EXOTIC BLVD SMOKE SHOP,1,0,2024-12-15,2024-12-15,-80.013537512369,40.542958685493,42003429201,False,outside_city
751 EAST WARRINGTON AVENU|15210,751 EAST WARRINGTON AVENU,PITTSBURGH,PA,15210,ONE STOP MINI MART,2,0,2019-05-23,2024-04-24,-79.994362561609,40.421851647125,42003180300,True,in_city
7530 PENN AVENUE|15208,7530 PENN AVENUE,PITTSBURGH,PA,15208,SHELL,2,1,2024-03-22,2024-09-28,-79.896178913222,40.447404915523,42003141200,True,in_city
7530 PENN AVE|15208,7530 PENN AVE,PITTSBURGH,PA,15208,SHELL,2,1,2023-01-05,2023-07-26,-79.896178913222,40.447404915523,42003141200,True,in_city
7599 MCKNIGHT RD|15237,7599 MCKNIGHT RD,PITTSBURGH,PA,15237,CLOUD 9 SMOKE N VAPE,1,0,2026-01-15,2026-01-15,-80.01511582501,40.544343071908,42003429500,False,outside_city
7599 MCKNIGHT ROAD|15237,7599 MCKNIGHT ROAD,PITTSBURGH,PA,15237,TOBACCO BEER OUTLET,3,0,2016-11-21,2019-01-14,-80.01511582501,40.544343071908,42003429500,False,outside_city
7600 PENN AVE|15221,7600 PENN AVE,PITTSBURGH,PA,15221,POINT BREEZE EXXON,1,0,2018-07-01,2018-07-01,,,,False,unknown
7615 SALTSBURG RD|15239,7615 SALTSBURG RD,PITTSBURGH,PA,15239,PLUM CONVENIENCE,2,0,2018-07-23,2019-04-18,-79.778426761837,40.476054023125,42003526202,False,outside_city
7615 SALTSBURG ROAD|15239,7615 SALTSBURG ROAD,PITTSBURGH,PA,15239,PLUM CONVENIENCE | PLUM CONVENIENCE STORE INC,8,6,2013-09-04,2024-05-29,-79.778426761837,40.476054023125,42003526202,False,outside_city
7628 PENN AVENUE|15221,7628 PENN AVENUE,PITTSBURGH,PA,15221,WALGREENS 10345,3,1,2023-04-20,2024-01-14,,,,False,in_city
7628 PENN AVE|15221,7628 PENN AVE,PITTSBURGH,PA,15221,WALGREENS # 10345,2,0,2013-09-02,2019-04-02,,,,False,in_city
7675 MCKNIGHT ROAD|15237,7675 MCKNIGHT ROAD,PITTSBURGH,PA,15237,GET GO 3021 | GETGO #3021,7,1,2015-06-16,2024-07-17,-80.016531003021,40.545455510664,42003429500,False,outside_city
7701 PENN AVE|15221,7701 PENN AVE,PITTSBURGH,PA,15221,SUNOCO,1,0,2011-08-03,2011-08-03,,,,False,in_city
7809 MCKNIGHT ROAD|15237,7809 MCKNIGHT ROAD,PITTSBURGH,PA,15237,TOBACCO BEER OUTLET,3,1,2013-03-05,2015-09-17,-80.01805989772,40.547407816534,42003429500,False,outside_city
7901 SALTSBURG ROAD|15239,7901 SALTSBURG ROAD,PITTSBURGH,PA,15239,PUFF DISCOUNT TOBACCO,6,1,2013-09-04,2021-09-23,-79.760963098089,40.476638403648,42003526202,False,outside_city
7919 PERRY HIGHWAY|15237,7919 PERRY HIGHWAY,PITTSBURGH,PA,15237,PERRY BEER AND TOBACCO INC,3,0,2017-01-23,2026-03-10,-80.037820686078,40.552203074692,42003429400,False,outside_city
7921 SALSBURG ROAD|15239,7921 SALSBURG ROAD,PITTSBURGH,PA,15239,BALSON DIST INC,1,0,2013-09-04,2013-09-04,-79.759517680628,40.477546492951,42003526202,False,outside_city
7926 FRANKSTOWN AVE|15221,7926 FRANKSTOWN AVE,PITTSBURGH,PA,15221,BROOKLYN 2 MARKET,1,0,2019-04-10,2019-04-10,-79.885222148515,40.455167765335,42003130600,True,in_city
7926 FRANKSTOWN|15221,7926 FRANKSTOWN,PITTSBURGH,PA,15221,UPTOWN MARKET,1,0,2016-04-18,2016-04-18,-79.885222148515,40.455167765335,42003130600,True,in_city
799 CASTLE SHANNON BLVD|15234,799 CASTLE SHANNON BLVD,PITTSBURGH,PA,15234,SHOP N SAVE,1,0,2017-03-28,2017-03-28,-80.027914600131,40.368063895647,42003473300,False,outside_city
800 E WARRINGTON AVE|15210,800 E WARRINGTON AVE,PITTSBURGH,PA,15210,EAGLE MART CORPORATION,1,0,2011-11-16,2011-11-16,-79.993660635458,40.421745513363,42003180300,True,in_city
801 MT ROYAL BLVD|15223,801 MT ROYAL BLVD,PITTSBURGH,PA,15223,COGO 1823,1,0,2013-06-20,2013-06-20,-79.959130052386,40.514016478103,42003426400,False,outside_city
802 PENNSYLVANIA AVE|15233,802 PENNSYLVANIA AVE,PITTSBURGH,PA,15233,RITE AID PHARMACY #03459,4,0,2012-01-25,2019-01-16,-80.015459768785,40.45613418557,42003565200,True,in_city
804 N NEGLEY AVE|15206,804 N NEGLEY AVE,PITTSBURGH,PA,15206,STANTON-NEGLEY DRUG CO,2,0,2018-02-26,2019-06-18,-79.926106017863,40.471725566623,42003110200,True,in_city
804 NORTH NEGLEY AVENUE|15206,804 NORTH NEGLEY AVENUE,PITTSBURGH,PA,15206,STANTON NEGLEY DRUG CO.,4,2,2022-07-12,2024-07-17,-79.926106017863,40.471725566623,42003110200,True,in_city
807 EAST ST|15212,807 EAST ST,PITTSBURGH,PA,15212,KASUNICK DISTRIBUTING INC,2,0,2015-04-20,2016-04-27,-79.998225046224,40.454870427759,42003563202,True,in_city
8080 MCINTYRE SQUARE DRIVE|15237,8080 MCINTYRE SQUARE DRIVE,PITTSBURGH,PA,15237,GIANT EAGLE,5,1,2017-04-06,2026-01-15,,,,False,unknown
810 IVY STREET|15232,810 IVY STREET,PITTSBURGH,PA,15232,VILLAGE PIZZA,1,0,2011-10-24,2011-10-24,-79.93207615531,40.451331958801,42003070300,True,in_city
8105 PERRY HWY|15237,8105 PERRY HWY,PITTSBURGH,PA,15237,ADZEMA PHARMACY,4,0,2012-06-15,2026-02-26,-80.038659220696,40.554500382636,42003413300,False,outside_city
812 EAST WARRINGTON AVENUE|15210,812 EAST WARRINGTON AVENUE,PITTSBURGH,PA,15210,WARRINGTON BEER,4,1,2014-10-09,2019-09-23,-79.993038908654,40.421754516105,42003180300,True,in_city
8136 OHIO RIVER BLVD|15202,8136 OHIO RIVER BLVD,PITTSBURGH,PA,15202,7-ELEVEN | EZ ENERGY 311 7-ELEVEN STORE 36191H | FRANCHISE USA 311,5,0,2013-12-19,2018-10-09,-80.094429571962,40.510315659647,42003435000,False,outside_city
8140 OHIO RIVER BLVD|15202,8140 OHIO RIVER BLVD,PITTSBURGH,PA,15202,BOULEVARD BEER DIST,3,0,2013-12-06,2017-08-10,-80.09467177116,40.510352608022,42003435000,False,outside_city
815 UNIVERSAL ROAD|15235,815 UNIVERSAL ROAD,PITTSBURGH,PA,15235,MIKE'S SPOT,4,1,2014-07-10,2020-02-01,-79.812524267009,40.461207894006,42003523501,False,outside_city
817 LIBERTY AVENUE|15222,817 LIBERTY AVENUE,PITTSBURGH,PA,15222,STEEL CITY TOBACCO,1,1,2021-11-11,2021-11-11,-79.998651407743,40.442815536136,42003020100,True,in_city
817 LIBERTY AVE|15222,817 LIBERTY AVE,PITTSBURGH,PA,15222,STEEL CITY TOBACCO,1,0,2018-04-28,2018-04-28,-79.998651407743,40.442815536136,42003020100,True,in_city
818 WARRINGTON AVE|15210,818 WARRINGTON AVE,PITTSBURGH,PA,15210,AMSLER PHARMACY,2,0,2011-11-16,2014-09-22,-79.992880572379,40.421756721286,42003180300,True,in_city
819 LIBERTY AVENUE|15222,819 LIBERTY AVENUE,PITTSBURGH,PA,15222,STEEL CITY TOBACCO | STEEL CITY TOBACCO & CONVENIENCE STORE,3,2,2022-07-12,2024-10-17,-79.998637208548,40.442819300982,42003020100,True,in_city
8197 MCKNIGHT RD|15237,8197 MCKNIGHT RD,PITTSBURGH,PA,15237,BP PAR MAR STORE,1,0,2024-04-29,2024-04-29,-80.023502290068,40.558041574566,42003413300,False,outside_city
820 PENNA AVE|15233,820 PENNA AVE,PITTSBURGH,PA,15233,EUGENE THOMAS,1,0,2012-01-25,2012-01-25,-80.015646325089,40.456099475422,42003565200,True,in_city
820 PENNSYLVANIA AVENUE|15233,820 PENNSYLVANIA AVENUE,PITTSBURGH,PA,15233,VALERO,6,2,2015-06-04,2018-06-07,-80.015646325089,40.456099475422,42003565200,True,in_city
830 SLEEPY HOLLOW RD|15234,830 SLEEPY HOLLOW RD,PITTSBURGH,PA,15234,LINDENWOOD DISTRIBUTING CO,1,0,2017-03-28,2017-03-28,-80.019949636635,40.373710097278,42003476100,False,outside_city
838 E WARRINGTON AVE|15210,838 E WARRINGTON AVE,PITTSBURGH,PA,15210,DECKER SERVICE,2,0,2011-11-16,2012-06-11,-79.992254644162,40.421747199273,42003180300,True,in_city
838 EAST WARRINGTON AVENUE|15210,838 EAST WARRINGTON AVENUE,PITTSBURGH,PA,15210,DECKER SERVICE,4,1,2014-10-09,2019-09-17,-79.992254644162,40.421747199273,42003180300,True,in_city
8500 FRANKSTOWN ROAD|15235,8500 FRANKSTOWN ROAD,PITTSBURGH,PA,15235,SIMMIES RESTAURANT,1,0,2018-06-11,2018-06-11,-79.875771621116,40.458143679013,42003130600,True,in_city
8500 PERRY HIGHWAY|15237,8500 PERRY HIGHWAY,PITTSBURGH,PA,15237,SHEETZ #115,1,1,2026-04-14,2026-04-14,-80.039426009376,40.560454924986,42003413300,False,outside_city
8607 PERRY HWY MCCANDLESS|15237,8607 PERRY HWY MCCANDLESS,PITTSBURGH,PA,15237,SHEETZ #115,5,0,2012-06-15,2019-01-16,-80.039451653344,40.56125755784,42003413201,False,outside_city
87 JOSEPH ST|15227,87 JOSEPH ST,PITTSBURGH,PA,15227,DEAN'S BEER,3,0,2015-02-09,2019-05-02,-79.963483920281,40.390300124395,42003480300,False,outside_city
8716 PEEBLES RD|15237,8716 PEEBLES RD,PITTSBURGH,PA,15237,PEEBLES EXPRESS | ZOZO'S CITGO | ZOZOS EXPRESS,6,0,2012-06-15,2026-02-26,,,,False,outside_city
877 FREEPORT RD|15238,877 FREEPORT RD,PITTSBURGH,PA,15238,WAL-MART STORE 5339,2,0,2013-05-01,2014-09-29,-79.853170375984,40.499361110143,42003421100,False,outside_city
880 BUTLER ST|15223,880 BUTLER ST,PITTSBURGH,PA,15223,KMART 4010,2,0,2013-06-14,2015-02-02,-79.945943405972,40.508698361325,42003426700,False,outside_city
8936 FRANKSTOWN RD|15235,8936 FRANKSTOWN RD,PITTSBURGH,PA,15235,FRANKSTOWN BP,2,0,2014-05-28,2015-07-01,-79.867455838517,40.460794477773,42003523100,False,outside_city
8936 FRANKSTOWN ROAD|15235,8936 FRANKSTOWN ROAD,PITTSBURGH,PA,15235,FRANKSTOWN BP,1,1,2025-06-17,2025-06-17,-79.867455838517,40.460794477773,42003523100,False,outside_city
900 BRYN MAWR RD|15219,900 BRYN MAWR RD,PITTSBURGH,PA,15219,SCHENLEY HEIGHTS PIZZA,1,0,2019-12-30,2019-12-30,-79.95878055177,40.451921419246,42003050600,True,in_city
900 BUTLER ST|15223,900 BUTLER ST,PITTSBURGH,PA,15223,SUNOCO 7416,2,0,2015-02-03,2017-08-21,-79.946715926965,40.511164009352,42003426700,False,outside_city
900 MOUNT ROYAL BLVD|15223,900 MOUNT ROYAL BLVD,PITTSBURGH,PA,15223,RITE AID PHARMACY #01944,2,0,2015-02-02,2017-08-21,-79.959052408316,40.515306669642,42003426400,False,outside_city
900 SLEEPY HOLLOW ROAD|15234,900 SLEEPY HOLLOW ROAD,PITTSBURGH,PA,15234,WASH WORKS LAUNDRY HOUSE,3,1,2021-11-30,2023-10-11,-80.017846704352,40.371988955778,42003476100,False,outside_city
9001 FRANKSTOWN ROAD|15235,9001 FRANKSTOWN ROAD,PITTSBURGH,PA,15235,GIANT EAGLE FRANKSTOWN ROAD #697,3,1,2014-07-10,2015-09-26,-79.866298954085,40.461138277926,42003523200,False,outside_city
9003 FRANKSTOWN ROAD|15235,9003 FRANKSTOWN ROAD,PITTSBURGH,PA,15235,GET GO GIANT EAGLE 3659,2,0,2014-05-27,2015-07-01,-79.866274316396,40.461144312132,42003523200,False,outside_city
901 ELIZABETH STREET|15221,901 ELIZABETH STREET,PITTSBURGH,PA,15221,J AND K PLUS,3,1,2023-07-27,2024-09-28,-79.840770821921,40.426582068484,42003520002,False,outside_city
901 OHIO RIVER BLVD|15202,901 OHIO RIVER BLVD,PITTSBURGH,PA,15202,FUELAND #03,4,0,2013-12-06,2018-10-09,,,,False,outside_city
901 OHIO RIVER BOULEVARD|15202,901 OHIO RIVER BOULEVARD,PITTSBURGH,PA,15202,AVALON FUEL COMPANY,1,0,2018-05-04,2018-05-04,,,,False,outside_city
9010 FRANKSTOWN RD|15235,9010 FRANKSTOWN RD,PITTSBURGH,PA,15235,FAMILY DOLLAR,2,0,2014-05-27,2015-07-01,-79.866018272651,40.46108663962,42003523200,False,outside_city
902 WOOD STREET|15221,902 WOOD STREET,PITTSBURGH,PA,15221,WOOD & PENN-RESTAURANT AND TOBACCO,1,0,2019-06-12,2019-06-12,-79.885088549491,40.442910653249,42003564700,False,outside_city
908 BROOKLINE BOULEVARD|15226,908 BROOKLINE BOULEVARD,PITTSBURGH,PA,15226,BOULEVARD NEWS,1,0,2011-07-29,2011-07-29,-80.018967088014,40.392922182442,42003191800,True,in_city
910 FREEPORT RD|15238,910 FREEPORT RD,PITTSBURGH,PA,15238,GIANT EAGLE 72,4,0,2013-05-01,2025-06-25,-79.851571609727,40.50699670355,42003421100,False,outside_city
910 GALVESTON AVE|15233,910 GALVESTON AVE,PITTSBURGH,PA,15233,LITTLE DELI,1,0,2012-01-25,2012-01-25,-80.016569388705,40.452331748803,42003562700,True,in_city
910 SAW MILL RUN BOULEVARD|15220,910 SAW MILL RUN BOULEVARD,PITTSBURGH,PA,15220,BP | PARKWAY SERVICE STATION / BP,5,3,2021-11-23,2024-08-28,-80.022581137957,40.426960859727,42003191100,True,in_city
9100 PERRY HIGHWAY|15237,9100 PERRY HIGHWAY,PITTSBURGH,PA,15237,SUNOCO MINI MART,8,0,2012-06-15,2025-05-21,-80.036944516597,40.573070430631,42003413201,False,outside_city
917 BUTLER STREET|15223,917 BUTLER STREET,PITTSBURGH,PA,15223,SHOP'N SAVE,4,1,2015-02-05,2017-08-21,-79.948049921986,40.511662618972,42003426700,False,outside_city
92 SYLVANIA ST|15210,92 SYLVANIA ST,PITTSBURGH,PA,15210,NELSON COMMUNITY STORE,2,0,2011-08-03,2014-09-24,-80.006166431558,40.417146500744,42003562400,True,in_city
925 MELLON STREET|15206,925 MELLON STREET,PITTSBURGH,PA,15206,HIGHLAND PARK DELI INC,1,0,2012-11-14,2012-11-14,-79.924038588308,40.472706002133,42003110200,True,in_city
928 CHARTIERS AVENUE|15220,928 CHARTIERS AVENUE,PITTSBURGH,PA,15220,ELLIOTT'S TOWN MARKET,4,1,2017-03-30,2019-08-23,-80.040156547747,40.443649129808,42003562600,True,in_city
928 CHARTIERS AVE|15220,928 CHARTIERS AVE,PITTSBURGH,PA,15220,NEW ELLIOTTS TOWN MARKET,1,0,2012-05-03,2012-05-03,-80.040156547747,40.443649129808,42003562600,True,in_city
93 JOSEPH ST|15227,93 JOSEPH ST,PITTSBURGH,PA,15227,BALDWIN SHOP'N SAVE,1,0,2012-06-11,2012-06-11,-79.963585211499,40.390282052012,42003480300,False,outside_city
941 LIBERTY AVENUE|15222,941 LIBERTY AVENUE,PITTSBURGH,PA,15222,LIBERTY AVENUE SALOON,3,1,2014-04-10,2015-06-06,-79.996444850398,40.443392356556,42003020100,True,in_city
956 GREENTREE RD|15220,956 GREENTREE RD,PITTSBURGH,PA,15220,GREENTREE EXXON | MARATHON,5,0,2012-05-03,2024-02-28,-80.045560111582,40.418006176092,42003469000,False,outside_city
9566 PERRY HIGHWAY|15237,9566 PERRY HIGHWAY,PITTSBURGH,PA,15237,5 FOOLS INC | BARRYS,2,0,2017-01-23,2019-01-17,-80.037672580199,40.580042990644,42003413201,False,outside_city
972 ROSELLE COURT|15207,972 ROSELLE COURT,PITTSBURGH,PA,15207,GLEN HAZEL GROCERY,1,0,2011-12-06,2011-12-06,-79.932446791431,40.407461494947,42003562300,True,in_city
98 CENTER AVENUE|15229,98 CENTER AVENUE,PITTSBURGH,PA,15229,HOWARD'S TAVERN,4,1,2014-09-25,2017-09-29,-80.027478715769,40.511353677377,42003430100,False,outside_city
9805 MCKNIGHT RD|15237,9805 MCKNIGHT RD,PITTSBURGH,PA,15237,GIANT EAGLE 45,6,0,2012-06-15,2026-02-26,-80.036736143327,40.58559969202,42003413201,False,outside_city
987 GREENTREE ROAD|15220,987 GREENTREE ROAD,PITTSBURGH,PA,15220,7-ELEVEN #136,1,0,2012-05-02,2012-05-02,-80.045319202795,40.417848950625,42003469000,False,outside_city
996 WEST VIEW PARK DR|15229,996 WEST VIEW PARK DR,PITTSBURGH,PA,15229,KMART 3529,1,0,2014-08-22,2014-08-22,-80.036145359073,40.516693057174,42003430200,False,outside_city
999 GREENTREE RD|15220,999 GREENTREE RD,PITTSBURGH,PA,15220,7-ELEVEN | BP 7-ELEVEN | FRANCHISE USA 313,5,0,2012-06-05,2024-02-28,-80.044955749792,40.41670831499,42003469000,False,outside_city
BAILEY AVE AT RUTH ST|15211,BAILEY AVE AT RUTH ST,PITTSBURGH,PA,15211,COGOS CO 777,1,0,2012-03-12,2012-03-12,-80.005170038268,40.42701599326,42003180700,True,in_city
BAPTIST & GROVE RDS|15236,BAPTIST & GROVE RDS,PITTSBURGH,PA,15236,GIANT EAGLE #31,2,0,2013-02-27,2015-06-12,-80.000619006641,40.357537991803,42003477100,False,outside_city
BAPTIST & WEYMAN RDS|15236,BAPTIST & WEYMAN RDS,PITTSBURGH,PA,15236,CASTE VILLAGE AUTOMOTIVE,2,0,2013-02-21,2015-06-12,-79.999724490196,40.35772949726,42003477200,False,outside_city
BESSEMER CT STATION SQUARE|15219,BESSEMER CT STATION SQUARE,PITTSBURGH,PA,15219,THE TOBACCO SHOP,1,0,2011-11-16,2011-11-16,,,,False,unknown
BRIGHTON RD & BASCOM ST|15212,BRIGHTON RD & BASCOM ST,PITTSBURGH,PA,15212,GIANT EAGLE 65,1,0,2019-03-29,2019-03-29,-80.043633988665,40.489841993384,42003429700,False,outside_city
BRIGHTON RD AND BASCOM ST|15212,BRIGHTON RD AND BASCOM ST,PITTSBURGH,PA,15212,GIANT EAGLE 65,4,0,2011-10-21,2016-04-11,-80.043633988665,40.489841993384,42003429700,False,outside_city
CLEVER ROAD & FAIRHAVEN DR|15236,CLEVER ROAD & FAIRHAVEN DR,PITTSBURGH,PA,15236,7-ELEVEN #137,2,0,2013-02-21,2015-06-12,,,,False,unknown
GREETREE AND COCHRAN RDS|15220,GREETREE AND COCHRAN RDS,PITTSBURGH,PA,15220,GIANT EAGLE 35,1,0,2012-05-03,2012-05-03,,,,False,unknown
MCKINNEY LN PARKWAY CTR MALL|15220,MCKINNEY LN PARKWAY CTR MALL,PITTSBURGH,PA,15220,GIANT EAGLE 74,4,0,2012-05-03,2019-09-17,,,,False,unknown
MCKNIGHT AND PEEBLES RDS|15237,MCKNIGHT AND PEEBLES RDS,PITTSBURGH,PA,15237,GIANT EAGLE 67,3,0,2012-06-15,2016-07-01,,,,False,unknown
ONE BIGELOW BLVD/DOUBLETR|15219,ONE BIGELOW BLVD/DOUBLETR,PITTSBURGH,PA,15219,7-ELEVEN #106,1,0,2011-11-16,2011-11-16,-79.994770581829,40.440442927501,42003020100,True,in_city
ONE OXFORD CENTRE 301 GRANT STREET|15219,ONE OXFORD CENTRE 301 GRANT STREET,PITTSBURGH,PA,15219,EASY STREET,1,0,2011-11-16,2011-11-16,-79.99812435006,40.437613952561,42003020100,True,in_city
PATTY J COVOL 1811 LEECHBURG RD|15235,PATTY J COVOL 1811 LEECHBURG RD,PITTSBURGH,PA,15235,POOR HARRY'S BAR,1,0,2018-08-09,2018-08-09,-79.789799173655,40.493403914493,42003523702,False,outside_city
PROSPECT & RADFORD STREET|15227,PROSPECT & RADFORD STREET,PITTSBURGH,PA,15227,7-ELEVEN #129,5,0,2012-06-14,2019-05-02,,,,False,unknown
RM 18 CRAFTON ING SHPING CENTER FOSTER DR|15205,RM 18 CRAFTON ING. SHPING CENTER FOSTER DR,PITTSBURGH,PA,15205,CRAFTON BEVERAGE CENTER,1,0,2018-09-06,2018-09-06,,,,False,unknown
RT 286 PLUM BORO|15239,RT 286 PLUM BORO,PITTSBURGH,PA,15239,RESETAR AMOCO,1,0,2013-10-10,2013-10-10,-79.729322285347,40.505276494724,42003526102,False,outside_city
SIXTH ST & PENN AVE|15222,SIXTH ST & PENN AVE,PITTSBURGH,PA,15222,7-ELEVEN #165,1,0,2012-06-26,2012-06-26,-80.002150038328,40.442741991143,42003020100,True,in_city
STBNVLLE PK & WTRFRD RD|15205,STBNVLLE PK & WTRFRD RD,PITTSBURGH,PA,15205,ROBINSON BEER,1,0,2018-06-28,2018-06-28,,,,False,unknown
STEUBEN & FOSTER STS|15205,STEUBEN & FOSTER STS,PITTSBURGH,PA,15205,CRAFTON INGRAM SHP CTR | CVS,2,0,2011-12-07,2019-09-12,-80.069415964304,40.438328000854,42003465600,False,outside_city
WEST VIEW SHOPPING PLAZ|15229,WEST VIEW SHOPPING PLAZ,PITTSBURGH,PA,15229,SAMS TOBACCO BEER OUTLET IN,1,0,2014-08-22,2014-08-22,,,,False,unknown
