county,legal_name,trade_name,postal_code,country,account,license_type,expiration_date,street_address,city,state,lon,lat,retailer_name_normalized,street_address_normalized,zip5,location_key,retailer_entity_key,match_street,license_id,license_retail,license_vending_or_other,postal_city,coord_source,tract_geoid,in_city_limits,postal_pittsburgh
ALLEGHENY,CLOUD 9 C SMOKE &VAPE LLC,CLOUD 9 C SMOKE &VAPE LLC,15137-1667,USA,02**6243,Cigarette/OTP Retail,2027-02-28,1734 GREENSBURG AVE,NORTH VERSAILLES,PA,-79.82165,40.38687,CLOUD 9 C SMOKE &VAPE LLC,1734 GREENSBURG AVE,15137,1734 GREENSBURG AVE|15137,CLOUD 9 C SMOKE &VAPE LLC|1734 GREENSBURG AVE|15137,1734 GREENSBURG AVE,f27b51345e,True,False,NORTH VERSAILLES,data.pa.gov,42003504100,False,False
ALLEGHENY,HAPPY SMOKE TOBACCO LLC,HAPPY SMOKE TOBACCO LLC,15136-1609,USA,02**1724,Cigarette/OTP Retail,2027-02-28,1811 MCKEES ROCKS RD,MC KEES ROCKS,PA,-80.09583,40.46797,HAPPY SMOKE TOBACCO LLC,1811 MCKEES ROCKS RD,15136,1811 MCKEES ROCKS RD|15136,HAPPY SMOKE TOBACCO LLC|1811 MCKEES ROCKS RD|15136,1811 MCKEES ROCKS RD,2ae0b94b6d,True,False,MC KEES ROCKS,data.pa.gov,42003460002,False,False
ALLEGHENY,HANKE FARMS AUTO SERVICES LLC,HANKE FARMS AUTO SERVICES LLC,15071-9459,USA,02**6240,Cigarette/OTP Retail,2027-02-28,7720 STEUBENVILLE PIKE,OAKDALE,PA,-80.20867,40.44068,HANKE FARMS AUTO SERVICES LLC,7720 STEUBENVILLE PIKE,15071,7720 STEUBENVILLE PIKE|15071,HANKE FARMS AUTO SERVICES LLC|7720 STEUBENVILLE PIKE|15071,7720 STEUBENVILLE PIKE,8cd22bbf00,True,False,OAKDALE,data.pa.gov,42003453004,False,False
ALLEGHENY,SITARAM ENTERPRISE INC,QUICK STOP SUNOCO,15210-3434,USA,02**5707,OTP Retail,2027-02-28,1640 SAW MILL RUN BLVD,PITTSBURGH,PA,-79.99855,40.39648,QUICK STOP SUNOCO,1640 SAW MILL RUN BLVD,15210,1640 SAW MILL RUN BLVD|15210,QUICK STOP SUNOCO|1640 SAW MILL RUN BLVD|15210,1640 SAW MILL RUN BLVD,22ae7229a6,True,False,PITTSBURGH,data.pa.gov,42003320600,True,True
ALLEGHENY,FOREST HILLS BEER AND TOBACCO LLC,FOREST HILLS BEER AND TOBACCO LLC,15221-4824,USA,02**4666,Cigarette/OTP Retail,2027-02-28,2120 ARDMORE BLVD UNIT 2,PITTSBURGH,PA,-79.84952,40.41881,FOREST HILLS BEER AND TOBACCO LLC,2120 ARDMORE BLVD UNIT 2,15221,2120 ARDMORE BLVD UNIT 2|15221,FOREST HILLS BEER AND TOBACCO LLC|2120 ARDMORE BLVD UNIT 2|15221,2120 ARDMORE BLVD,3785b815da,True,False,PITTSBURGH,data.pa.gov,42003563900,False,True
ALLEGHENY,AL OBAD INC,AL OBAD,15101-2459,USA,02**4066,Cigarette/OTP Retail,2027-02-28,4790 WILLIAM FLYNN HWY STE 4790,ALLISON PARK,PA,-79.94763,40.59699,AL OBAD,4790 WILLIAM FLYNN HWY STE 4790,15101,4790 WILLIAM FLYNN HWY STE 4790|15101,AL OBAD|4790 WILLIAM FLYNN HWY STE 4790|15101,4790 WILLIAM FLYNN HWY,149bc51aed,True,False,ALLISON PARK,data.pa.gov,42003414101,False,False
ALLEGHENY,NATIONAL TOBACCO CO LP,JUSTIN TODD,15234-1852,USA,02**3294,OTP Itinerant,2027-02-28,3995 CANAL ST APT P,PITTSBURGH,PA,-80.02781,40.36365,JUSTIN TODD,3995 CANAL ST APT P,15234,3995 CANAL ST APT P|15234,JUSTIN TODD|3995 CANAL ST APT P|15234,3995 CANAL ST,724a173986,False,True,PITTSBURGH,data.pa.gov,42003476100,False,True
ALLEGHENY,KINGS N QUEENS OF THE ASH,SHARPSBURG,15215-2406,USA,02**4339,Cigarette Retail,2027-02-28,1000 MAIN ST STE 208,SHARPSBURG,PA,-79.93216,40.49456,SHARPSBURG,1000 MAIN ST STE 208,15215,1000 MAIN ST STE 208|15215,SHARPSBURG|1000 MAIN ST STE 208|15215,1000 MAIN ST,760e4fd626,True,False,SHARPSBURG,data.pa.gov,42003424000,False,False
ALLEGHENY,MARIAM SUPERMARKET INC,MARIAM SUPERMARKET INC,15148-1225,USA,02**2290,Cigarette/OTP Retail,2027-02-28,413 COMMERCE ST,WILMERDING,PA,-79.80912,40.3927,MARIAM SUPERMARKET INC,413 COMMERCE ST,15148,413 COMMERCE ST|15148,MARIAM SUPERMARKET INC|413 COMMERCE ST|15148,413 COMMERCE ST,59a1eaa033,True,False,WILMERDING,data.pa.gov,42003508000,False,False
ALLEGHENY,EXOTIC CITY INC,EXOTIC CITY INC,15146-2504,USA,02**2198,Cigarette/OTP Retail,2027-02-28,4023 WILLIAM PENN HWY,MONROEVILLE,PA,-79.77161,40.43908,EXOTIC CITY INC,4023 WILLIAM PENN HWY,15146,4023 WILLIAM PENN HWY|15146,EXOTIC CITY INC|4023 WILLIAM PENN HWY|15146,4023 WILLIAM PENN HWY,18ebae1e92,True,False,MONROEVILLE,data.pa.gov,42003521200,False,False
ALLEGHENY,OM MAYA ENTERPRISE LLC,BP GAS STATION,15220-5308,USA,02**6163,Cigarette/OTP Retail,2027-02-28,910 SAW MILL RUN BLVD,PITTSBURGH,PA,-80.00567,40.41064,BP GAS STATION,910 SAW MILL RUN BLVD,15220,910 SAW MILL RUN BLVD|15220,BP GAS STATION|910 SAW MILL RUN BLVD|15220,910 SAW MILL RUN BLVD,f0479937c3,True,False,PITTSBURGH,data.pa.gov,42003562400,True,True
ALLEGHENY,MASCARI FUEL COMPANY INC,MASCARI FUEL COMPANY INC,15101-3202,USA,02**9156,Cigarette/OTP Retail,2027-02-28,1700 FERGUSON RD,ALLISON PARK,PA,-79.99851,40.56558,MASCARI FUEL COMPANY INC,1700 FERGUSON RD,15101,1700 FERGUSON RD|15101,MASCARI FUEL COMPANY INC|1700 FERGUSON RD|15101,1700 FERGUSON RD,48bbc481e5,True,False,ALLISON PARK,data.pa.gov,42003413400,False,False
ALLEGHENY,LADIES N GENTS OF THE CIRCLE CIGAR CLUB,LADIESN GENTS OF THE CIRCLE CIGAR CLUB,15215-2406,USA,02**1858,Cigarette Retail,2027-02-28,1000 MAIN ST STE 208,SHARPSBURG,PA,-79.93216,40.49456,LADIESN GENTS OF THE CIRCLE CIGAR CLUB,1000 MAIN ST STE 208,15215,1000 MAIN ST STE 208|15215,LADIESN GENTS OF THE CIRCLE CIGAR CLUB|1000 MAIN ST STE 208|15215,1000 MAIN ST,03914f6ed7,True,False,SHARPSBURG,data.pa.gov,42003424000,False,False
ALLEGHENY,DOLGENCORP LLC,DOLLAR GENERAL STORE #31874,15139-1859,USA,02**5331,Cigarette/OTP Retail,2027-02-28,109 ALLEGHENY RIVER BLVD,OAKMONT,PA,-79.84287,40.51246,DOLLAR GENERAL STORE #31874,109 ALLEGHENY RIVER BLVD,15139,109 ALLEGHENY RIVER BLVD|15139,DOLLAR GENERAL STORE #31874|109 ALLEGHENY RIVER BLVD|15139,109 ALLEGHENY RIVER BLVD,e44e5f7db9,True,False,OAKMONT,data.pa.gov,42003525200,False,False
ALLEGHENY,ZEZO SUPERMARKET INC,ZEZO SUPERMARKET INC,15136-2227,USA,02**2422,Cigarette/OTP Retail,2027-02-28,801 BROADWAY AVE,MC KEES ROCKS,PA,-80.07475,40.47296,ZEZO SUPERMARKET INC,801 BROADWAY AVE,15136,801 BROADWAY AVE|15136,ZEZO SUPERMARKET INC|801 BROADWAY AVE|15136,801 BROADWAY AVE,c51512e8c4,True,False,MC KEES ROCKS,data.pa.gov,42003462600,False,False
ALLEGHENY,NORTH EAGLE TRADING INC,NORTH EAGLE TRADING INC,15214-3421,USA,02**2517,Cigarette/OTP Retail,2027-02-28,2601 PERRYSVILLE AVE,PITTSBURGH,PA,-80.00867,40.47114,NORTH EAGLE TRADING INC,2601 PERRYSVILLE AVE,15214,2601 PERRYSVILLE AVE|15214,NORTH EAGLE TRADING INC|2601 PERRYSVILLE AVE|15214,2601 PERRYSVILLE AVE,c49c7eaa08,True,False,PITTSBURGH,data.pa.gov,42003261500,True,True
ALLEGHENY,TOBACCO EXPRESS & CONVENIENCE STORE LLC,TOBACCO EXPRESS & CONVENIENCE STORE,15122-3914,USA,02**2966,Cigarette/OTP Retail,2027-02-28,1801 PENNSYLVANIA AVE,WEST MIFFLIN,PA,-79.86177,40.36198,TOBACCO EXPRESS & CONVENIENCE STORE,1801 PENNSYLVANIA AVE,15122,1801 PENNSYLVANIA AVE|15122,TOBACCO EXPRESS & CONVENIENCE STORE|1801 PENNSYLVANIA AVE|15122,1801 PENNSYLVANIA AVE,990eb8e3c4,True,False,WEST MIFFLIN,data.pa.gov,42003488400,False,False
ALLEGHENY,BLUE HAVEN LOUNGE LLC,492 NIXON RD,15024-1038,USA,02**4205,Cigarette Retail,2027-02-28,492 NIXON RD,CHESWICK,PA,-79.82015,40.55596,492 NIXON RD,492 NIXON RD,15024,492 NIXON RD|15024,492 NIXON RD|492 NIXON RD|15024,492 NIXON RD,3aff88e7a0,True,False,CHESWICK,data.pa.gov,42003419000,False,False
ALLEGHENY,FRESH DECK TCG LLC,FRESH DECK TCG LLC,15065-2538,USA,02**5739,OTP Retail,2027-02-28,2615 FREEPORT RD STE 1B,NATRONA HEIGHTS,PA,-79.71404,40.63433,FRESH DECK TCG LLC,2615 FREEPORT RD STE 1B,15065,2615 FREEPORT RD STE 1B|15065,FRESH DECK TCG LLC|2615 FREEPORT RD STE 1B|15065,2615 FREEPORT RD,f88ee868ee,True,False,NATRONA HEIGHTS,data.pa.gov,42003401100,False,False
ALLEGHENY,THE BLIND FOX CIGAR BAR LLC,BLIND FOX CIGAR BAR,15216-2401,USA,02**4595,OTP Retail,2027-02-28,3011 W LIBERTY AVE,PITTSBURGH,PA,-80.03702,40.39294,BLIND FOX CIGAR BAR,3011 W LIBERTY AVE,15216,3011 W LIBERTY AVE|15216,BLIND FOX CIGAR BAR|3011 W LIBERTY AVE|15216,3011 W LIBERTY AVE,d79fcd9007,True,False,PITTSBURGH,data.pa.gov,42003472300,False,True
ALLEGHENY,BALSON DISTRIBUTING INC,BALSON DIST INC,15239-1968,USA,02**4531,Cigarette Retail,2027-02-28,7921 SALTSBURG RD,PITTSBURGH,PA,-79.75957,40.47736,BALSON DIST INC,7921 SALTSBURG RD,15239,7921 SALTSBURG RD|15239,BALSON DIST INC|7921 SALTSBURG RD|15239,7921 SALTSBURG RD,023dbdd4d9,True,False,PITTSBURGH,data.pa.gov,42003526202,False,True
ALLEGHENY,LUCKY RAJ MART LLC,LUCKY RAJ MART LLC,15108-9260,USA,02**3865,Cigarette/OTP Retail,2027-02-28,619 MCGOVERN BLVD,CORAOPOLIS,PA,-80.21883,40.54524,LUCKY RAJ MART LLC,619 MCGOVERN BLVD,15108,619 MCGOVERN BLVD|15108,LUCKY RAJ MART LLC|619 MCGOVERN BLVD|15108,619 MCGOVERN BLVD,d0f1ecc038,True,False,CORAOPOLIS,data.pa.gov,42003451101,False,False
ALLEGHENY,BASNET GROUP LLC,BASNET GROUP LLC (BG MART),15035-1413,USA,02**5715,Cigarette/OTP Retail,2027-02-28,1145 5TH AVE,EAST MC KEESPORT,PA,-79.81139,40.38159,BASNET GROUP LLC (BG MART),1145 5TH AVE,15035,1145 5TH AVE|15035,BASNET GROUP LLC (BG MART)|1145 5TH AVE|15035,1145 5TH AVE,e5a1aa69a9,True,False,EAST MC KEESPORT,data.pa.gov,42003507000,False,False
ALLEGHENY,ACME VENDING INC,CHUCKS TAVERN,15126,USA,02**7734,Cigarette Vending,2027-02-28,RR 30,IMPERIAL,PA,,,CHUCKS TAVERN,RR 30,15126,RR 30|15126,CHUCKS TAVERN|RR 30|15126,RR 30,e74cab9ca3,False,True,IMPERIAL,census_geocoder,,False,False
ALLEGHENY,EIGHTYTWO,BEER & VAPE STOP,15203-1706,USA,02**5579,Cigarette/OTP Retail,2027-02-28,1728 E CARSON ST,PITTSBURGH,PA,-79.98103,40.42879,BEER & VAPE STOP,1728 E CARSON ST,15203,1728 E CARSON ST|15203,BEER & VAPE STOP|1728 E CARSON ST|15203,1728 E CARSON ST,802cbe9711,True,False,PITTSBURGH,data.pa.gov,42003170200,True,True
ALLEGHENY,DOWNTOWN MINI MART INC,DOWNTOWN MINI MART INC,15222-2250,USA,02**6254,Cigarette/OTP Retail,2027-02-28,413 SMITHFIELD ST,PITTSBURGH,PA,-79.9993,40.43911,DOWNTOWN MINI MART INC,413 SMITHFIELD ST,15222,413 SMITHFIELD ST|15222,DOWNTOWN MINI MART INC|413 SMITHFIELD ST|15222,413 SMITHFIELD ST,34a0a9b4a4,True,False,PITTSBURGH,data.pa.gov,42003020100,True,True
ALLEGHENY,J MAE INTERNATIONAL LLC,J MAE INTERNATIONAL LLC,15017-1570,USA,02**6266,OTP Itinerant,2027-02-28,327 RIDGE POINT CIR APT 23,BRIDGEVILLE,PA,-80.1263,40.32566,J MAE INTERNATIONAL LLC,327 RIDGE POINT CIR APT 23,15017,327 RIDGE POINT CIR APT 23|15017,J MAE INTERNATIONAL LLC|327 RIDGE POINT CIR APT 23|15017,327 RIDGE POINT CIR,81e1352fa3,False,True,BRIDGEVILLE,data.pa.gov,42003456004,False,False
ALLEGHENY,JOES BUTCHER SHOP LLC,JOES BUTCHER SHOP,15140-1449,USA,02**4767,Cigarette Retail,2027-02-28,502 BROADWAY,PITCAIRN,PA,-79.7777,40.40181,JOES BUTCHER SHOP,502 BROADWAY,15140,502 BROADWAY|15140,JOES BUTCHER SHOP|502 BROADWAY|15140,502 BROADWAY,7bbb0ca8f2,True,False,PITCAIRN,data.pa.gov,42003522000,False,False
ALLEGHENY,NATIONAL TOBACCO CO LP,DAVID HEYL,15229-1260,USA,02**5334,OTP Itinerant,2027-02-28,227 6TH AVE,PITTSBURGH,PA,-80.02247,40.53031,DAVID HEYL,227 6TH AVE,15229,227 6TH AVE|15229,DAVID HEYL|227 6TH AVE|15229,227 6TH AVE,0e2a8bd30f,False,True,PITTSBURGH,data.pa.gov,42003429400,False,True
ALLEGHENY,ELOMBA JEAN,GLOBAL GROCERIES MARKET,15214-3615,USA,02**5390,Cigarette Retail,2027-02-28,2101 PERRYSVILLE AVE,PITTSBURGH,PA,-80.01215,40.46369,GLOBAL GROCERIES MARKET,2101 PERRYSVILLE AVE,15214,2101 PERRYSVILLE AVE|15214,GLOBAL GROCERIES MARKET|2101 PERRYSVILLE AVE|15214,2101 PERRYSVILLE AVE,7201bbbb8b,True,False,PITTSBURGH,data.pa.gov,42003261400,True,True
ALLEGHENY,BELMONT AMUSEMENT COMPANY INC,MT ROYAL,15223,USA,02**7694,Cigarette Vending,2027-02-28,MT ROYAL BLVD,ETNA,PA,,,MT ROYAL,MT ROYAL BLVD,15223,MT ROYAL BLVD|15223,MT ROYAL|MT ROYAL BLVD|15223,MT ROYAL BLVD,d57f1f39a7,False,True,ETNA,census_geocoder,,False,False
ALLEGHENY,PIKE BEVERAGE INC,PIKE BEVERAGE INC,15071-9111,USA,02**7933,Cigarette/OTP Retail,2027-02-28,7165 STEUBENVILLE PIKE,OAKDALE,PA,-80.18157,40.44382,PIKE BEVERAGE INC,7165 STEUBENVILLE PIKE,15071,7165 STEUBENVILLE PIKE|15071,PIKE BEVERAGE INC|7165 STEUBENVILLE PIKE|15071,7165 STEUBENVILLE PIKE,060b8037ff,True,False,OAKDALE,data.pa.gov,42003453003,False,False
ALLEGHENY,H AND R UNITED INC,H AND R UNITED INC,15206-3922,USA,02**6866,Cigarette/OTP Retail,2027-02-28,6015 PENN AVE,PITTSBURGH,PA,-79.92416,40.46122,H AND R UNITED INC,6015 PENN AVE,15206,6015 PENN AVE|15206,H AND R UNITED INC|6015 PENN AVE|15206,6015 PENN AVE,de17a64c29,True,False,PITTSBURGH,data.pa.gov,42003111500,True,True
ALLEGHENY,DYNASTY DISTRIBUTORS INC,DYNASTY DISTRIBUTORS INC,15239-2892,USA,02**8563,OTP Wholesaler,2027-02-28,780 PINE VALLEY DR STE E,PITTSBURGH,PA,-79.71278,40.45533,DYNASTY DISTRIBUTORS INC,780 PINE VALLEY DR STE E,15239,780 PINE VALLEY DR STE E|15239,DYNASTY DISTRIBUTORS INC|780 PINE VALLEY DR STE E|15239,780 PINE VALLEY DR,0524850e08,False,True,PITTSBURGH,data.pa.gov,42003526302,False,True
ALLEGHENY,H AND R UNITED INC,H & R UNITED INC,15206-3922,USA,02**6891,Cigarette/OTP Retail,2027-02-28,6015 PENN AVE,PITTSBURGH,PA,-79.92416,40.46122,H & R UNITED INC,6015 PENN AVE,15206,6015 PENN AVE|15206,H & R UNITED INC|6015 PENN AVE|15206,6015 PENN AVE,20c733c5f5,True,False,PITTSBURGH,data.pa.gov,42003111500,True,True
ALLEGHENY,AURA SMOKE LLC,AURA SMOKE,15218-2495,USA,02**5322,Cigarette/OTP Retail,2027-02-28,1908 MONONGAHELA AVE STE A,PITTSBURGH,PA,-79.8902,40.42161,AURA SMOKE,1908 MONONGAHELA AVE STE A,15218,1908 MONONGAHELA AVE STE A|15218,AURA SMOKE|1908 MONONGAHELA AVE STE A|15218,1908 MONONGAHELA AVE,855b055a84,True,False,PITTSBURGH,data.pa.gov,42003515300,False,True
ALLEGHENY,SOUTH PARK XPRESS LLC,SOUTH PARK XPRESS LLC,15129-9547,USA,02**0003,Cigarette/OTP Retail,2027-02-28,4114 BROWNSVILLE RD,SOUTH PARK,PA,-80.02169,40.28663,SOUTH PARK XPRESS LLC,4114 BROWNSVILLE RD,15129,4114 BROWNSVILLE RD|15129,SOUTH PARK XPRESS LLC|4114 BROWNSVILLE RD|15129,4114 BROWNSVILLE RD,6912c2b134,True,False,SOUTH PARK,data.pa.gov,42003490002,False,False
ALLEGHENY,HOMESTEAD WELLNESS INC,205 EAST 8TH AVE,15120-1515,USA,02**5725,Cigarette/OTP Retail,2027-02-28,205 E 8TH AVE,HOMESTEAD,PA,-79.91049,40.40723,205 EAST 8TH AVE,205 E 8TH AVE,15120,205 E 8TH AVE|15120,205 EAST 8TH AVE|205 E 8TH AVE|15120,205 E 8TH AVE,584653fcc1,True,False,HOMESTEAD,data.pa.gov,42003483800,False,False
ALLEGHENY,JAG DEV CONVENIENCE STORE INC,JAG DEV CONVENIENCE STORE,15203-1904,USA,02**4150,Cigarette/OTP Retail,2027-02-28,2134 E CARSON ST,PITTSBURGH,PA,-79.97477,40.42842,JAG DEV CONVENIENCE STORE,2134 E CARSON ST,15203,2134 E CARSON ST|15203,JAG DEV CONVENIENCE STORE|2134 E CARSON ST|15203,2134 E CARSON ST,5303807c4b,True,False,PITTSBURGH,data.pa.gov,42003160900,True,True
ALLEGHENY,LADANI UKANI ASSOCIATES LLC,DUKES BEER,15210-3434,USA,02**1066,Cigarette Retail,2027-02-28,1642 SAW MILL RUN BLVD,PITTSBURGH,PA,-79.99888,40.39706,DUKES BEER,1642 SAW MILL RUN BLVD,15210,1642 SAW MILL RUN BLVD|15210,DUKES BEER|1642 SAW MILL RUN BLVD|15210,1642 SAW MILL RUN BLVD,52e77958aa,True,False,PITTSBURGH,data.pa.gov,42003320600,True,True
ALLEGHENY,LITTLE TONY'S MINI MART LLC,LITTLE TONYS MINI MART LLC,15219-2113,USA,02**0423,Cigarette/OTP Retail,2027-02-28,304 ROSS ST LBBY 1,PITTSBURGH,PA,-79.99672,40.4372,LITTLE TONYS MINI MART LLC,304 ROSS ST LBBY 1,15219,304 ROSS ST LBBY 1|15219,LITTLE TONYS MINI MART LLC|304 ROSS ST LBBY 1|15219,304 ROSS ST LBBY 1,4cb2e59228,True,False,PITTSBURGH,data.pa.gov,42003020100,True,True
ALLEGHENY,S & D OIL INC,HAPPY MART - S & D OIL,15221-2443,USA,02**5349,OTP Retail,2027-02-28,1100 PENN AVE,PITTSBURGH,PA,-79.87735,40.44101,HAPPY MART - S & D OIL,1100 PENN AVE,15221,1100 PENN AVE|15221,HAPPY MART - S & D OIL|1100 PENN AVE|15221,1100 PENN AVE,84eb1957d8,True,False,PITTSBURGH,data.pa.gov,42003561500,False,True
ALLEGHENY,LADANI UKANI ASSOCIATES LLC,DUKES BEER,15210-3434,USA,02**4487,OTP Retail,2027-02-28,1642 SAW MILL RUN BLVD,PITTSBURGH,PA,-79.99888,40.39706,DUKES BEER,1642 SAW MILL RUN BLVD,15210,1642 SAW MILL RUN BLVD|15210,DUKES BEER|1642 SAW MILL RUN BLVD|15210,1642 SAW MILL RUN BLVD,fe1f8cf26f,True,False,PITTSBURGH,data.pa.gov,42003320600,True,True
ALLEGHENY,JONES MARKET LLC,JONES MARKET LLC,15104-2428,USA,02**5332,Cigarette/OTP Retail,2027-02-28,623 JONES AVE,BRADDOCK,PA,-79.86185,40.40412,JONES MARKET LLC,623 JONES AVE,15104,623 JONES AVE|15104,JONES MARKET LLC|623 JONES AVE|15104,623 JONES AVE,3816e9066b,True,False,BRADDOCK,data.pa.gov,42003513000,False,False
ALLEGHENY,LIT CIGAR AND HOOKAH LOUNGE CORPORATION,LIT CIGAR AND HOOKAH LOUNGE CORPORATION,15206-4128,USA,02**5830,OTP Retail,2027-02-28,6562 HAMILTON AVE,PITTSBURGH,PA,-79.91163,40.45824,LIT CIGAR AND HOOKAH LOUNGE CORPORATION,6562 HAMILTON AVE,15206,6562 HAMILTON AVE|15206,LIT CIGAR AND HOOKAH LOUNGE CORPORATION|6562 HAMILTON AVE|15206,6562 HAMILTON AVE,1bffc1042e,True,False,PITTSBURGH,data.pa.gov,42003120900,True,True
ALLEGHENY,SMOKE VILLAGE,SMOKE VILLAGE,15122-3650,USA,02**4220,Cigarette/OTP Retail,2027-02-28,1856 HOMEVILLE RD,WEST MIFFLIN,PA,-79.87116,40.36637,SMOKE VILLAGE,1856 HOMEVILLE RD,15122,1856 HOMEVILLE RD|15122,SMOKE VILLAGE|1856 HOMEVILLE RD|15122,1856 HOMEVILLE RD,4e33798e23,True,False,WEST MIFFLIN,data.pa.gov,42003488400,False,False
ALLEGHENY,RIVORA MARKET LLC,RIVORA MARKET LLC,15136-3804,USA,02**5752,Cigarette Retail,2027-02-28,530 CHARTIERS AVE FL 1,MC KEES ROCKS,PA,-80.05985,40.4651,RIVORA MARKET LLC,530 CHARTIERS AVE FL 1,15136,530 CHARTIERS AVE FL 1|15136,RIVORA MARKET LLC|530 CHARTIERS AVE FL 1|15136,530 CHARTIERS AVE,3a255676d8,True,False,MC KEES ROCKS,data.pa.gov,42003464400,False,False
ALLEGHENY,HARRI LLC,HARRI LLC,15226-2501,USA,02**1785,Cigarette Retail,2027-02-28,435 MCNEILLY RD,PITTSBURGH,PA,-80.0154,40.38318,HARRI LLC,435 MCNEILLY RD,15226,435 MCNEILLY RD|15226,HARRI LLC|435 MCNEILLY RD|15226,435 MCNEILLY RD,e5bbac2c36,True,False,PITTSBURGH,data.pa.gov,42003479000,False,True
ALLEGHENY,VIBE SIREAL LLC,VIBE SIREAL,15222-1885,USA,02**6271,Cigarette/OTP Retail,2027-02-28,304 FORBES AVE FL 2,PITTSBURGH,PA,-80.00058,40.43997,VIBE SIREAL,304 FORBES AVE FL 2,15222,304 FORBES AVE FL 2|15222,VIBE SIREAL|304 FORBES AVE FL 2|15222,304 FORBES AVE,3754848f02,True,False,PITTSBURGH,data.pa.gov,42003020100,True,True
ALLEGHENY,SMOKEY'S MART,SMOKEY'S MART,15223-2156,USA,02**2864,Cigarette/OTP Retail,2027-02-28,374 BUTLER ST,PITTSBURGH,PA,-79.94394,40.49699,SMOKEY'S MART,374 BUTLER ST,15223,374 BUTLER ST|15223,SMOKEY'S MART|374 BUTLER ST|15223,374 BUTLER ST,bdd544b29e,True,False,PITTSBURGH,data.pa.gov,42003425000,False,True
ALLEGHENY,SG II GROUP LLC,CRAFT A PLUS,15213-4202,USA,70**5013,Cigarette/OTP Retail,2027-02-28,301 CRAFT AVE,PITTSBURGH,PA,-79.96118,40.43554,CRAFT A PLUS,301 CRAFT AVE,15213,301 CRAFT AVE|15213,CRAFT A PLUS|301 CRAFT AVE|15213,301 CRAFT AVE,c6f87f3f63,True,False,PITTSBURGH,data.pa.gov,42003040900,True,True
ALLEGHENY,SG II GROUP LLC,CENTER A PLUS,15219-4808,USA,70**5011,Cigarette/OTP Retail,2027-02-28,2350 CENTRE AVE,PITTSBURGH,PA,-79.97224,40.44577,CENTER A PLUS,2350 CENTRE AVE,15219,2350 CENTRE AVE|15219,CENTER A PLUS|2350 CENTRE AVE|15219,2350 CENTRE AVE,15d1bba0af,True,False,PITTSBURGH,data.pa.gov,42003050100,True,True
ALLEGHENY,SG II GROUP LLC,NEGLEY A PLUS,15206-3518,USA,70**5014,Cigarette/OTP Retail,2027-02-28,123 N NEGLEY AVE,PITTSBURGH,PA,-79.93043,40.46392,NEGLEY A PLUS,123 N NEGLEY AVE,15206,123 N NEGLEY AVE|15206,NEGLEY A PLUS|123 N NEGLEY AVE|15206,123 N NEGLEY AVE,a95fcac167,True,False,PITTSBURGH,data.pa.gov,42003111400,True,True
ALLEGHENY,ALIOTO JOHN J,KEG N CASE BEER DISTRIBUTOR,15229-3002,USA,02**2248,Cigarette Retail,2027-02-28,5336 PERRY HWY,PITTSBURGH,PA,-80.02983,40.51031,KEG N CASE BEER DISTRIBUTOR,5336 PERRY HWY,15229,5336 PERRY HWY|15229,KEG N CASE BEER DISTRIBUTOR|5336 PERRY HWY|15229,5336 PERRY HWY,998074ee40,True,False,PITTSBURGH,data.pa.gov,42003429100,False,True
ALLEGHENY,H&H LLC,H&H LLC,15205-2336,USA,02**9994,Cigarette/OTP Retail,2027-02-28,27 WALSH RD,CRAFTON,PA,-80.07093,40.43978,H&H LLC,27 WALSH RD,15205,27 WALSH RD|15205,H&H LLC|27 WALSH RD|15205,27 WALSH RD,dee46461d8,True,False,CRAFTON,data.pa.gov,42003465600,False,False
ALLEGHENY,SG II GROUP LLC,FRANSTOWN A PLUS,15206-4007,USA,70**5012,Cigarette/OTP Retail,2027-02-28,6481 FRANKSTOWN AVE,PITTSBURGH,PA,-79.914,40.46067,FRANSTOWN A PLUS,6481 FRANKSTOWN AVE,15206,6481 FRANKSTOWN AVE|15206,FRANSTOWN A PLUS|6481 FRANKSTOWN AVE|15206,6481 FRANKSTOWN AVE,98623ffccd,True,False,PITTSBURGH,data.pa.gov,42003120900,True,True
ALLEGHENY,SG II GROUP LLC,FRANSTOWN SHELL,15208-1710,USA,70**5006,Cigarette/OTP Retail,2027-02-28,6701 FRANKSTOWN AVE,PITTSBURGH,PA,-79.90765,40.45873,FRANSTOWN SHELL,6701 FRANKSTOWN AVE,15208,6701 FRANKSTOWN AVE|15208,FRANSTOWN SHELL|6701 FRANKSTOWN AVE|15208,6701 FRANKSTOWN AVE,c24d25474f,True,False,PITTSBURGH,data.pa.gov,42003130700,True,True
ALLEGHENY,SG II GROUP LLC,BANKSVILLE SUNOCO,15216-3125,USA,70**5010,Cigarette/OTP Retail,2027-02-28,1721 BANKSVILLE RD,PITTSBURGH,PA,-80.03202,40.40892,BANKSVILLE SUNOCO,1721 BANKSVILLE RD,15216,1721 BANKSVILLE RD|15216,BANKSVILLE SUNOCO|1721 BANKSVILLE RD|15216,1721 BANKSVILLE RD,83465e9ee6,True,False,PITTSBURGH,data.pa.gov,42003192000,True,True
ALLEGHENY,SG II GROUP LLC,SGII GROUP LLC,15220-1485,USA,02**2066,Cigarette/OTP Wholesaler,2027-02-28,2025 GREENTREE RD,PITTSBURGH,PA,-80.06601,40.39408,SGII GROUP LLC,2025 GREENTREE RD,15220,2025 GREENTREE RD|15220,SGII GROUP LLC|2025 GREENTREE RD|15220,2025 GREENTREE RD,3036c77507,False,True,PITTSBURGH,data.pa.gov,42003470502,False,True
ALLEGHENY,SG II GROUP LLC,INTERBORO A PLUS,15207-2330,USA,70**5008,Cigarette/OTP Retail,2027-02-28,5204 INTERBORO AVE,PITTSBURGH,PA,-79.91332,40.37012,INTERBORO A PLUS,5204 INTERBORO AVE,15207,5204 INTERBORO AVE|15207,INTERBORO A PLUS|5204 INTERBORO AVE|15207,5204 INTERBORO AVE,6772a2409c,True,False,PITTSBURGH,data.pa.gov,42003310200,True,True
ALLEGHENY,T&N PITTSBURGH LLC,MT ROYAL BLVD SUNOCO,15223-1033,USA,02**6284,Cigarette/OTP Retail,2027-02-28,1020 MOUNT ROYAL BLVD,PITTSBURGH,PA,-79.95899,40.5174,MT ROYAL BLVD SUNOCO,1020 MOUNT ROYAL BLVD,15223,1020 MOUNT ROYAL BLVD|15223,MT ROYAL BLVD SUNOCO|1020 MOUNT ROYAL BLVD|15223,1020 MOUNT ROYAL BLVD,0e31141426,True,False,PITTSBURGH,data.pa.gov,42003426400,False,True
ALLEGHENY,T&N PITTSBURGH LLC,WASHINGTON ROAD SUNOCO,15241-1202,USA,02**6274,Cigarette/OTP Retail,2027-02-28,1710 WASHINGTON RD,PITTSBURGH,PA,-80.05324,40.34816,WASHINGTON ROAD SUNOCO,1710 WASHINGTON RD,15241,1710 WASHINGTON RD|15241,WASHINGTON ROAD SUNOCO|1710 WASHINGTON RD|15241,1710 WASHINGTON RD,7ef9a9fb54,True,False,PITTSBURGH,data.pa.gov,42003475101,False,True
ALLEGHENY,STRANGE FIRE CIGARS LLC,114 WALKER LANE GIBSONIA PA 15044,15044-7802,USA,02**5769,OTP Retail,2027-02-28,114 WALKER LN,GIBSONIA,PA,-79.91667,40.62616,114 WALKER LANE GIBSONIA PA 15044,114 WALKER LN,15044,114 WALKER LN|15044,114 WALKER LANE GIBSONIA PA 15044|114 WALKER LN|15044,114 WALKER LN,429ab4b640,True,False,GIBSONIA,data.pa.gov,42003407001,False,False
ALLEGHENY,SITARAM ENTERPRISE INC,QUICK STOP SUNOCO,15210-3434,USA,02**0569,Cigarette Retail,2027-02-28,1640 SAW MILL RUN BLVD,PITTSBURGH,PA,-79.99855,40.39648,QUICK STOP SUNOCO,1640 SAW MILL RUN BLVD,15210,1640 SAW MILL RUN BLVD|15210,QUICK STOP SUNOCO|1640 SAW MILL RUN BLVD|15210,1640 SAW MILL RUN BLVD,0793816d05,True,False,PITTSBURGH,data.pa.gov,42003320600,True,True
ALLEGHENY,SEVEN DAYS GROCERY LLC,SEVEN DAYS GROCERY LLC,15210-4252,USA,02**1509,Cigarette/OTP Retail,2027-02-28,2122 BROWNSVILLE RD STE C,PITTSBURGH,PA,-79.9869,40.39219,SEVEN DAYS GROCERY LLC,2122 BROWNSVILLE RD STE C,15210,2122 BROWNSVILLE RD STE C|15210,SEVEN DAYS GROCERY LLC|2122 BROWNSVILLE RD STE C|15210,2122 BROWNSVILLE RD,c2266be5b7,True,False,PITTSBURGH,data.pa.gov,42003290100,True,True
ALLEGHENY,DAZED MART INC,DAZED MART INC,15218-2468,USA,02**6291,Cigarette/OTP Retail,2027-02-28,1908 MONONGAHELA AVE,PITTSBURGH,PA,-79.8902,40.42161,DAZED MART INC,1908 MONONGAHELA AVE,15218,1908 MONONGAHELA AVE|15218,DAZED MART INC|1908 MONONGAHELA AVE|15218,1908 MONONGAHELA AVE,8b01fbb583,True,False,PITTSBURGH,data.pa.gov,42003515300,False,True
ALLEGHENY,HAPPY SMOKE AND VAPE 1 LLC,HAPPY SMOKE AND VAPE 1 LLC,15235-3337,USA,02**0936,Cigarette/OTP Retail,2027-02-28,230 RODI RD STE 410,PITTSBURGH,PA,-79.82522,40.46225,HAPPY SMOKE AND VAPE 1 LLC,230 RODI RD STE 410,15235,230 RODI RD STE 410|15235,HAPPY SMOKE AND VAPE 1 LLC|230 RODI RD STE 410|15235,230 RODI RD,5395aceb37,True,False,PITTSBURGH,data.pa.gov,42003523400,False,True
ALLEGHENY,TEPKE CONSTANCE,CHRYSSY'S NEWS,15137-1683,USA,02**4133,Cigarette Retail,2027-02-28,355 LINCOLN HWY,NORTH VERSAILLES,PA,-79.82252,40.3843,CHRYSSY'S NEWS,355 LINCOLN HWY,15137,355 LINCOLN HWY|15137,CHRYSSY'S NEWS|355 LINCOLN HWY|15137,355 LINCOLN HWY,91c23f31d9,True,False,NORTH VERSAILLES,data.pa.gov,42003504100,False,False
ALLEGHENY,JUBA GROCERY STORE LLC,JUBA GROCERY STORE LLC,15227-2036,USA,02**0786,Cigarette Retail,2027-02-28,2721 BROWNSVILLE RD,PITTSBURGH,PA,-79.97738,40.38377,JUBA GROCERY STORE LLC,2721 BROWNSVILLE RD,15227,2721 BROWNSVILLE RD|15227,JUBA GROCERY STORE LLC|2721 BROWNSVILLE RD|15227,2721 BROWNSVILLE RD,c72aa7a842,True,False,PITTSBURGH,data.pa.gov,42003478200,False,True
ALLEGHENY,TEPKE CONSTANCE,CHRYSSY'S NEWS,15137-1683,USA,02**4347,OTP Retail,2027-02-28,355 LINCOLN HWY,NORTH VERSAILLES,PA,-79.82252,40.3843,CHRYSSY'S NEWS,355 LINCOLN HWY,15137,355 LINCOLN HWY|15137,CHRYSSY'S NEWS|355 LINCOLN HWY|15137,355 LINCOLN HWY,d6e14f6cd6,True,False,NORTH VERSAILLES,data.pa.gov,42003504100,False,False
ALLEGHENY,JUBA GROCERY STORE LLC,JUBA GROCERY STORE LLC,15227-2036,USA,02**8089,OTP Retail,2027-02-28,2721 BROWNSVILLE RD,PITTSBURGH,PA,-79.97738,40.38377,JUBA GROCERY STORE LLC,2721 BROWNSVILLE RD,15227,2721 BROWNSVILLE RD|15227,JUBA GROCERY STORE LLC|2721 BROWNSVILLE RD|15227,2721 BROWNSVILLE RD,251ba7f586,True,False,PITTSBURGH,data.pa.gov,42003478200,False,True
ALLEGHENY,T&N PITTSBURGH LLC,CLAIRTON BLVD SUNOCO,15236-2113,USA,02**6283,Cigarette/OTP Retail,2027-02-28,4639 CLAIRTON BLVD,PITTSBURGH,PA,-79.97978,40.35605,CLAIRTON BLVD SUNOCO,4639 CLAIRTON BLVD,15236,4639 CLAIRTON BLVD|15236,CLAIRTON BLVD SUNOCO|4639 CLAIRTON BLVD|15236,4639 CLAIRTON BLVD,8e1017298f,True,False,PITTSBURGH,data.pa.gov,42003477300,False,True
ALLEGHENY,CHOICE CIGARETTE OUTLET OF OAKDALE INC,CHOICE CIGARETTE OUTLET OF OAKDALE,15071,USA,02**8780,Cigarette/OTP Retail,2027-02-28,7859 STUEBENVILLE PIKE,OAKDALE,PA,-80.219250960579,40.439519563562,CHOICE CIGARETTE OUTLET OF OAKDALE,7859 STUEBENVILLE PIKE,15071,7859 STUEBENVILLE PIKE|15071,CHOICE CIGARETTE OUTLET OF OAKDALE|7859 STUEBENVILLE PIKE|15071,7859 STUEBENVILLE PIKE,95f730efb2,True,False,OAKDALE,census_geocoder,42003453003,False,False
ALLEGHENY,HIGH END TOBACCO INC,HIGH END TOBACCO INC,15146-1750,USA,02**6303,Cigarette/OTP Retail,2027-02-28,222 CENTER RD,MONROEVILLE,PA,-79.76749,40.44068,HIGH END TOBACCO INC,222 CENTER RD,15146,222 CENTER RD|15146,HIGH END TOBACCO INC|222 CENTER RD|15146,222 CENTER RD,818ff996e7,True,False,MONROEVILLE,data.pa.gov,42003521200,False,False
ALLEGHENY,S&L ASIAN MARKET LLC,S&L ASIAN MARKET LLC,15104-2670,USA,02**5783,Cigarette/OTP Retail,2027-02-28,1116 BELL AVE,BRADDOCK,PA,-79.85941,40.40093,S&L ASIAN MARKET LLC,1116 BELL AVE,15104,1116 BELL AVE|15104,S&L ASIAN MARKET LLC|1116 BELL AVE|15104,1116 BELL AVE,f5637637d6,True,False,BRADDOCK,data.pa.gov,42003513000,False,False
ALLEGHENY,405 CONVENIENCE LLC,405 CONVENIENCE LLC,15148-1225,USA,02**5784,Cigarette/OTP Retail,2027-02-28,405 COMMERCE ST,WILMERDING,PA,-79.80893,40.3927,405 CONVENIENCE LLC,405 COMMERCE ST,15148,405 COMMERCE ST|15148,405 CONVENIENCE LLC|405 COMMERCE ST|15148,405 COMMERCE ST,8efe4d4fc8,True,False,WILMERDING,data.pa.gov,42003508000,False,False
ALLEGHENY,H & R BROTHERS 4 LLC,H&R BROS 4 LLC,15217-1672,USA,02**3856,Cigarette/OTP Retail,2027-02-28,1936 MURRAY AVE,PITTSBURGH,PA,-79.92289,40.43503,H&R BROS 4 LLC,1936 MURRAY AVE,15217,1936 MURRAY AVE|15217,H&R BROS 4 LLC|1936 MURRAY AVE|15217,1936 MURRAY AVE,353a65cf13,True,False,PITTSBURGH,data.pa.gov,42003141300,True,True
ALLEGHENY,CLOUD 8 SMOKE SHOP LLC,VERONA,15147-1051,USA,02**5782,Cigarette/OTP Retail,2027-02-28,168 ALLEGHENY RIVER BLVD,VERONA,PA,-79.84387,40.498,VERONA,168 ALLEGHENY RIVER BLVD,15147,168 ALLEGHENY RIVER BLVD|15147,VERONA|168 ALLEGHENY RIVER BLVD|15147,168 ALLEGHENY RIVER BLVD,44ad0c96b4,True,False,VERONA,data.pa.gov,42003523800,False,False
ALLEGHENY,PRIME TOBACCO & VAPOR LLC,PRIME TOBACCO & VAPOR LLC,15024-1461,USA,02**4499,Cigarette/OTP Retail,2027-02-28,1315 PITTSBURGH ST,CHESWICK,PA,-79.80176,40.54108,PRIME TOBACCO & VAPOR LLC,1315 PITTSBURGH ST,15024,1315 PITTSBURGH ST|15024,PRIME TOBACCO & VAPOR LLC|1315 PITTSBURGH ST|15024,1315 PITTSBURGH ST,65b3221fd1,True,False,CHESWICK,data.pa.gov,42003418000,False,False
ALLEGHENY,EGAL INC,THE SMOKE STACK,15108-2590,USA,02**9627,Cigarette/OTP Retail,2027-02-28,7305 UNIVERSITY BLVD,CORAOPOLIS,PA,-80.22193,40.51571,THE SMOKE STACK,7305 UNIVERSITY BLVD,15108,7305 UNIVERSITY BLVD|15108,THE SMOKE STACK|7305 UNIVERSITY BLVD|15108,7305 UNIVERSITY BLVD,dd85603ae6,True,False,CORAOPOLIS,data.pa.gov,42003451105,False,False
ALLEGHENY,WESTWOOD ASIAN BAZAAR LLC,WESTWOOD ASIAN BAZAAR LLC,15205-3969,USA,02**8983,Cigarette/OTP Retail,2027-02-28,2165 NOBLESTOWN RD,PITTSBURGH,PA,-80.05299,40.42955,WESTWOOD ASIAN BAZAAR LLC,2165 NOBLESTOWN RD,15205,2165 NOBLESTOWN RD|15205,WESTWOOD ASIAN BAZAAR LLC|2165 NOBLESTOWN RD|15205,2165 NOBLESTOWN RD,5bcd8d61e9,True,False,PITTSBURGH,data.pa.gov,42003563100,True,True
ALLEGHENY,C K TOBACCO EXPRESS LLC,C K TOBACCO EXPRESS LLC,15131-1712,USA,02**0515,Cigarette/OTP Retail,2027-02-28,1506F LINCOLN WAY,WHITE OAK,PA,-79.81843,40.3492,C K TOBACCO EXPRESS LLC,1506F LINCOLN WAY,15131,1506F LINCOLN WAY|15131,C K TOBACCO EXPRESS LLC|1506F LINCOLN WAY|15131,1506F LINCOLN WAY,8cc09a8ae7,True,False,WHITE OAK,data.pa.gov,42003503002,False,False
ALLEGHENY,CENTER INDEPENDENT OIL STORES LLC,CIO STORES LLC CRAFTON #19,15205-9622,USA,02**1802,Cigarette/OTP Retail,2027-02-28,3998 STEUBENVILLE PIKE,PITTSBURGH,PA,-80.08409,40.44002,CIO STORES LLC CRAFTON #19,3998 STEUBENVILLE PIKE,15205,3998 STEUBENVILLE PIKE|15205,CIO STORES LLC CRAFTON #19|3998 STEUBENVILLE PIKE|15205,3998 STEUBENVILLE PIKE,8aeca2dbdf,True,False,PITTSBURGH,data.pa.gov,42003459201,False,True
ALLEGHENY,DOUBLE FRESH LLC,DOUBLE FRESH LLC,15236-2702,USA,02**2277,Cigarette/OTP Retail,2027-02-28,5250 BROWNSVILLE RD,PITTSBURGH,PA,-79.98519,40.34205,DOUBLE FRESH LLC,5250 BROWNSVILLE RD,15236,5250 BROWNSVILLE RD|15236,DOUBLE FRESH LLC|5250 BROWNSVILLE RD|15236,5250 BROWNSVILLE RD,5f003021ce,True,False,PITTSBURGH,data.pa.gov,42003480101,False,True
ALLEGHENY,MACS CONVENIENCE STORES LLC,CIRCLE K 4704235,15126,USA,02**2927,Cigarette/OTP Retail,2027-02-28,200 MARKET PLACE DR,IMPERIAL,PA,,,CIRCLE K 4704235,200 MARKET PLACE DR,15126,200 MARKET PLACE DR|15126,CIRCLE K 4704235|200 MARKET PLACE DR|15126,200 MARKET PL DR,8f7e38741c,True,False,IMPERIAL,census_geocoder,,False,False
ALLEGHENY,SPOT MART 2 LLC,SPOT MART 2 LLC,15140-1320,USA,02**2578,Cigarette/OTP Retail,2027-02-28,417 WALL AVE,PITCAIRN,PA,-79.78054,40.40389,SPOT MART 2 LLC,417 WALL AVE,15140,417 WALL AVE|15140,SPOT MART 2 LLC|417 WALL AVE|15140,417 WALL AVE,fdd5de56d5,True,False,PITCAIRN,data.pa.gov,42003522000,False,False
ALLEGHENY,BETHAL PARK MARKET INC,BETHAL PARK MARKET INC,15102-3334,USA,02**5796,Cigarette/OTP Retail,2027-02-28,5860 LIBRARY RD,BETHEL PARK,PA,-80.03308,40.30832,BETHAL PARK MARKET INC,5860 LIBRARY RD,15102,5860 LIBRARY RD|15102,BETHAL PARK MARKET INC|5860 LIBRARY RD|15102,5860 LIBRARY RD,24578e8dbf,True,False,BETHEL PARK,data.pa.gov,42003475303,False,False
ALLEGHENY,SMOKEY BRO'S LLC,SMOKEY BRO'S,15217-2913,USA,02**2424,OTP Retail,2027-02-28,4201 MURRAY AVE,PITTSBURGH,PA,-79.9287,40.42308,SMOKEY BRO'S,4201 MURRAY AVE,15217,4201 MURRAY AVE|15217,SMOKEY BRO'S|4201 MURRAY AVE|15217,4201 MURRAY AVE,d532aaa4fe,True,False,PITTSBURGH,data.pa.gov,42003151700,True,True
ALLEGHENY,ISHMEET SPEEDY MART INC,ISHMEET SPEEDY MART,15145-1508,USA,02**4567,Cigarette/OTP Retail,2027-02-28,557 JAMES ST,TURTLE CREEK,PA,-79.81856,40.41238,ISHMEET SPEEDY MART,557 JAMES ST,15145,557 JAMES ST|15145,ISHMEET SPEEDY MART|557 JAMES ST|15145,557 JAMES ST,2ca69019d7,True,False,TURTLE CREEK,data.pa.gov,42003509400,False,False
ALLEGHENY,FIZZGIG ENTERTAINMENT LLC,MORNINGSTAR'S,15136-3252,USA,02**3964,OTP Retail,2027-02-28,534 ISLAND AVE,MC KEES ROCKS,PA,-80.0612,40.47165,MORNINGSTAR'S,534 ISLAND AVE,15136,534 ISLAND AVE|15136,MORNINGSTAR'S|534 ISLAND AVE|15136,534 ISLAND AVE,08f3bfc9e1,True,False,MC KEES ROCKS,data.pa.gov,42003464400,False,False
ALLEGHENY,NIGHT CLOUD VENDING LLC,NIGHT CLOUD VENDING LLC,15222-1715,USA,02**5371,Cigarette/OTP Retail,2027-02-28,239 4TH AVE STE 1401,PITTSBURGH,PA,-80.00184,40.43957,NIGHT CLOUD VENDING LLC,239 4TH AVE STE 1401,15222,239 4TH AVE STE 1401|15222,NIGHT CLOUD VENDING LLC|239 4TH AVE STE 1401|15222,239 4TH AVE,00602bba0a,True,False,PITTSBURGH,data.pa.gov,42003020100,True,True
ALLEGHENY,HUMIDOR AT FROSTY VALLEY,HUMIDOR AT FROSTY VALLEY LLC,15241-3915,USA,02**0329,Cigarette/OTP Retail,2027-02-28,2652 HIDDEN VALLEY RD STE 201,PITTSBURGH,PA,-80.11195,40.3172,HUMIDOR AT FROSTY VALLEY LLC,2652 HIDDEN VALLEY RD STE 201,15241,2652 HIDDEN VALLEY RD STE 201|15241,HUMIDOR AT FROSTY VALLEY LLC|2652 HIDDEN VALLEY RD STE 201|15241,2652 HIDDEN VALLEY RD,4693d1ede8,True,False,PITTSBURGH,data.pa.gov,42003474202,False,True
ALLEGHENY,SINGH UNITED INC,SINGH UNITED INC,15104-1809,USA,02**0488,Cigarette/OTP Retail,2027-02-28,603 BRADDOCK AVE,BRADDOCK,PA,-79.86842,40.40316,SINGH UNITED INC,603 BRADDOCK AVE,15104,603 BRADDOCK AVE|15104,SINGH UNITED INC|603 BRADDOCK AVE|15104,603 BRADDOCK AVE,a5e83fb14a,True,False,BRADDOCK,data.pa.gov,42003513800,False,False
ALLEGHENY,SMOKE PLUG SMOKE SHOP,SMOKE PLUG SMOKE SHOP,15224-1939,USA,02**2099,Cigarette/OTP Retail,2027-02-28,4622 LIBERTY AVE APT 1,PITTSBURGH,PA,-79.95004,40.46218,SMOKE PLUG SMOKE SHOP,4622 LIBERTY AVE APT 1,15224,4622 LIBERTY AVE APT 1|15224,SMOKE PLUG SMOKE SHOP|4622 LIBERTY AVE APT 1|15224,4622 LIBERTY AVE,89a25d71ff,True,False,PITTSBURGH,data.pa.gov,42003090300,True,True
ALLEGHENY,WAGNERS MARKET INC,WAGNERS MARKET INC,15044-8276,USA,02**0015,Cigarette/OTP Retail,2027-02-28,4978 MIDDLE RD,GIBSONIA,PA,-79.92639,40.60494,WAGNERS MARKET INC,4978 MIDDLE RD,15044,4978 MIDDLE RD|15044,WAGNERS MARKET INC|4978 MIDDLE RD|15044,4978 MIDDLE RD,6f644842c6,True,False,GIBSONIA,data.pa.gov,42003414101,False,False
ALLEGHENY,FIZZGIG ENTERTAINMENT LLC,MORNINGSTAR'S,15136-3252,USA,02**3965,Cigarette Retail,2027-02-28,534 ISLAND AVE,MC KEES ROCKS,PA,-80.0612,40.47165,MORNINGSTAR'S,534 ISLAND AVE,15136,534 ISLAND AVE|15136,MORNINGSTAR'S|534 ISLAND AVE|15136,534 ISLAND AVE,93da385fd2,True,False,MC KEES ROCKS,data.pa.gov,42003464400,False,False
ALLEGHENY,SMOKEY BROS PGH INC,STORE,15224-2025,USA,02**6315,Cigarette/OTP Retail,2027-02-28,4713 LIBERTY AVE,PITTSBURGH,PA,-79.94951,40.46188,STORE,4713 LIBERTY AVE,15224,4713 LIBERTY AVE|15224,STORE|4713 LIBERTY AVE|15224,4713 LIBERTY AVE,ae25aa9b9c,True,False,PITTSBURGH,data.pa.gov,42003080200,True,True
ALLEGHENY,CARIBBEAN FOOD SNACKS LLC,CARIBBEAN FOOD SNACKS,15201-2425,USA,02**6323,Cigarette/OTP Retail,2027-02-28,601 52ND ST,PITTSBURGH,PA,-79.95206,40.4787,CARIBBEAN FOOD SNACKS,601 52ND ST,15201,601 52ND ST|15201,CARIBBEAN FOOD SNACKS|601 52ND ST|15201,601 52ND ST,be7341097b,True,False,PITTSBURGH,data.pa.gov,42003101100,True,True
ALLEGHENY,SAVE MOR BEER & POP WAREHOUSE INC,SAVE MOR BEER & POP WRHS INC,15217-2917,USA,02**7161,Cigarette/OTP Retail,2027-02-28,4516 BROWNS HILL RD,PITTSBURGH,PA,-79.92538,40.41668,SAVE MOR BEER & POP WRHS INC,4516 BROWNS HILL RD,15217,4516 BROWNS HILL RD|15217,SAVE MOR BEER & POP WRHS INC|4516 BROWNS HILL RD|15217,4516 BROWNS HILL RD,a3898b9f36,True,False,PITTSBURGH,data.pa.gov,42003141400,True,True
ALLEGHENY,TOBACCO AND VAPE MCKNIGHT LLC,TOBACCO AND VAPE MCKNIGHT LLC,15237-3441,USA,02**5294,Cigarette Retail,2027-02-28,4864 MCKNIGHT RD,PITTSBURGH,PA,-80.00834,40.52943,TOBACCO AND VAPE MCKNIGHT LLC,4864 MCKNIGHT RD,15237,4864 MCKNIGHT RD|15237,TOBACCO AND VAPE MCKNIGHT LLC|4864 MCKNIGHT RD|15237,4864 MCKNIGHT RD,48d2c70c3d,True,False,PITTSBURGH,data.pa.gov,42003429202,False,True
ALLEGHENY,MR SMOKE LEBANON SHOP INC,1693 MCFARLAND RD,15216-1810,USA,02**6333,OTP Retail,2027-02-28,1693 MCFARLAND RD,PITTSBURGH,PA,-80.04676,40.39591,1693 MCFARLAND RD,1693 MCFARLAND RD,15216,1693 MCFARLAND RD|15216,1693 MCFARLAND RD|1693 MCFARLAND RD|15216,1693 MCFARLAND RD,4e317269b4,True,False,PITTSBURGH,data.pa.gov,42003473100,False,True
ALLEGHENY,MONROEVILLE CONVENIENCE STORE LLC,MONROEVILLE CONVENIENCE STORE,15146-1462,USA,02**4548,Cigarette/OTP Retail,2027-02-28,4341 OLD WILLIAM PENN HWY,MONROEVILLE,PA,-79.77369,40.44316,MONROEVILLE CONVENIENCE STORE,4341 OLD WILLIAM PENN HWY,15146,4341 OLD WILLIAM PENN HWY|15146,MONROEVILLE CONVENIENCE STORE|4341 OLD WILLIAM PENN HWY|15146,4341 OLD WILLIAM PENN HWY,7e28f797a4,True,False,MONROEVILLE,data.pa.gov,42003521200,False,False
ALLEGHENY,VAPEVAULT LLC,CLUB 412,15136,USA,02**6347,OTP Vending,2027-02-28,824 ISLAND AVE,MCKEES ROCKS,PA,-80.06336,40.47378,CLUB 412,824 ISLAND AVE,15136,824 ISLAND AVE|15136,CLUB 412|824 ISLAND AVE|15136,824 ISLAND AVE,c62d2c60c6,False,True,MCKEES ROCKS,data.pa.gov,42003464400,False,False
ALLEGHENY,VAPEVAULT LLC,CLUB 412,15136,USA,02**6348,Cigarette Vending,2027-02-28,824 ISLAND AVE,MCKEES ROCKS,PA,-80.06336,40.47378,CLUB 412,824 ISLAND AVE,15136,824 ISLAND AVE|15136,CLUB 412|824 ISLAND AVE|15136,824 ISLAND AVE,20cdd73667,False,True,MCKEES ROCKS,data.pa.gov,42003464400,False,False
ALLEGHENY,CLOUD 9 Z SMOKE &VAPE LLC,CLOUD 9 Z SMOKE &VAPE LLC,15146-2383,USA,02**6331,Cigarette/OTP Retail,2027-02-28,2525 MONROEVILLE BLVD,MONROEVILLE,PA,-79.78842,40.42774,CLOUD 9 Z SMOKE &VAPE LLC,2525 MONROEVILLE BLVD,15146,2525 MONROEVILLE BLVD|15146,CLOUD 9 Z SMOKE &VAPE LLC|2525 MONROEVILLE BLVD|15146,2525 MONROEVILLE BLVD,49318cc40c,True,False,MONROEVILLE,data.pa.gov,42003521200,False,False
ALLEGHENY,MT WASHINGTON SMOKE SHOP INC,49 BAILEY AVENUE,15211-1762,USA,02**6342,OTP Retail,2027-02-28,49 BAILEY AVE,PITTSBURGH,PA,-80.00359,40.42698,49 BAILEY AVENUE,49 BAILEY AVE,15211,49 BAILEY AVE|15211,49 BAILEY AVENUE|49 BAILEY AVE|15211,49 BAILEY AVE,728f81f9ca,True,False,PITTSBURGH,data.pa.gov,42003180700,True,True
ALLEGHENY,DOLGENCORP LLC,DOLLAR GENERAL STORE #32038,15024-1445,USA,02**6351,Cigarette/OTP Retail,2027-02-28,1200 PITTSBURGH ST,CHESWICK,PA,-79.80382,40.5409,DOLLAR GENERAL STORE #32038,1200 PITTSBURGH ST,15024,1200 PITTSBURGH ST|15024,DOLLAR GENERAL STORE #32038|1200 PITTSBURGH ST|15024,1200 PITTSBURGH ST,1f076d852e,True,False,CHESWICK,data.pa.gov,42003418000,False,False
ALLEGHENY,EXXON SUPER MARKET LLC,EXXON SUPER MARKET LLC,15237-3218,USA,02**0570,Cigarette/OTP Retail,2027-02-28,2200 BABCOCK BLVD,PITTSBURGH,PA,-79.99451,40.51108,EXXON SUPER MARKET LLC,2200 BABCOCK BLVD,15237,2200 BABCOCK BLVD|15237,EXXON SUPER MARKET LLC|2200 BABCOCK BLVD|15237,2200 BABCOCK BLVD,9d3d63a61c,True,False,PITTSBURGH,data.pa.gov,42003429100,False,True
ALLEGHENY,PM WHOLESALE LLC,,15090-7604,USA,02**1256,OTP Wholesaler,2027-02-28,2800 CORPORATE DR,WEXFORD,PA,-80.08739,40.61059,,2800 CORPORATE DR,15090,2800 CORPORATE DR|15090,,2800 CORPORATE DR,4e1fa67a61,False,True,WEXFORD,data.pa.gov,42003412003,False,False
ALLEGHENY,HAIR DAY OF PITTSBURGH INC,HAIR DAY OF PITTSBURGH,15203,USA,02**5389,Cigarette/OTP Retail,2027-02-28,1945 WHARTON STREET,PITTSBURGH,PA,-79.97833,40.43046,HAIR DAY OF PITTSBURGH,1945 WHARTON STREET,15203,1945 WHARTON STREET|15203,HAIR DAY OF PITTSBURGH|1945 WHARTON STREET|15203,1945 WHARTON ST,531ee641a9,True,False,PITTSBURGH,data.pa.gov,42003170200,True,True
ALLEGHENY,ROBOMART VENDING LLC,MULLIGAN'S,15122-1035,USA,26**6353,OTP Vending,2027-02-28,1013 LEBANON RD,WEST MIFFLIN,PA,-79.93231,40.36108,MULLIGAN'S,1013 LEBANON RD,15122,1013 LEBANON RD|15122,MULLIGAN'S|1013 LEBANON RD|15122,1013 LEBANON RD,ca03b0172a,False,True,WEST MIFFLIN,data.pa.gov,42003488500,False,False
ALLEGHENY,ROBOMART VENDING LLC,FUNDAZE BACK BAR,15129-7500,USA,26**6353,OTP Vending,2027-02-28,2550 BROWNSVILLE RD,SOUTH PARK,PA,-79.99663,40.29363,FUNDAZE BACK BAR,2550 BROWNSVILLE RD,15129,2550 BROWNSVILLE RD|15129,FUNDAZE BACK BAR|2550 BROWNSVILLE RD|15129,2550 BROWNSVILLE RD,7f48886217,False,True,SOUTH PARK,data.pa.gov,42003490002,False,False
ALLEGHENY,OAKLAND CONVENIENCE MART LLC,OAKLAND CONVENIENCE MART LLC,15213-3404,USA,02**6354,Cigarette/OTP Retail,2027-02-28,3604 5TH AVE,PITTSBURGH,PA,-79.95898,40.44142,OAKLAND CONVENIENCE MART LLC,3604 5TH AVE,15213,3604 5TH AVE|15213,OAKLAND CONVENIENCE MART LLC|3604 5TH AVE|15213,3604 5TH AVE,198bf5c858,True,False,PITTSBURGH,data.pa.gov,42003040200,True,True
ALLEGHENY,INDOSPICE INC,GREENTREE,15220-1451,USA,02**0331,OTP Retail,2027-02-28,2101 GREENTREE RD STE B119,PITTSBURGH,PA,-80.0695,40.39106,GREENTREE,2101 GREENTREE RD STE B119,15220,2101 GREENTREE RD STE B119|15220,GREENTREE|2101 GREENTREE RD STE B119|15220,2101 GREENTREE RD,501c49b4d3,True,False,PITTSBURGH,data.pa.gov,42003470300,False,True
ALLEGHENY,INDOSPICE INC,GREENTREE,15220-1451,USA,02**0113,Cigarette Retail,2027-02-28,2101 GREENTREE RD STE B119,PITTSBURGH,PA,-80.0695,40.39106,GREENTREE,2101 GREENTREE RD STE B119,15220,2101 GREENTREE RD STE B119|15220,GREENTREE|2101 GREENTREE RD STE B119|15220,2101 GREENTREE RD,a560254d2e,True,False,PITTSBURGH,data.pa.gov,42003470300,False,True
ALLEGHENY,FRIENDSHIP BEER DISTRIBUTOR INC,5604 BAUM BLVD,15206-3777,USA,02**7720,OTP Retail,2027-02-28,5604 BAUM BLVD,PITTSBURGH,PA,-79.93526,40.45792,5604 BAUM BLVD,5604 BAUM BLVD,15206,5604 BAUM BLVD|15206,5604 BAUM BLVD|5604 BAUM BLVD|15206,5604 BAUM BLVD,bcfaef733e,True,False,PITTSBURGH,data.pa.gov,42003080700,True,True
ALLEGHENY,N3D LLC,PGH CONVENIENCE,15210-3661,USA,02**5415,Cigarette/OTP Retail,2027-02-28,1150 BROWNSVILLE RD,PITTSBURGH,PA,-79.99019,40.40403,PGH CONVENIENCE,1150 BROWNSVILLE RD,15210,1150 BROWNSVILLE RD|15210,PGH CONVENIENCE|1150 BROWNSVILLE RD|15210,1150 BROWNSVILLE RD,0d90d85f5c,True,False,PITTSBURGH,data.pa.gov,42003290200,True,True
ALLEGHENY,FRIENDSHIP BEER DISTRIBUTOR INC,5604 BAUM BLVD,15206-3777,USA,02**6675,Cigarette Retail,2027-02-28,5604 BAUM BLVD,PITTSBURGH,PA,-79.93526,40.45792,5604 BAUM BLVD,5604 BAUM BLVD,15206,5604 BAUM BLVD|15206,5604 BAUM BLVD|5604 BAUM BLVD|15206,5604 BAUM BLVD,6e1c40e286,True,False,PITTSBURGH,data.pa.gov,42003080700,True,True
ALLEGHENY,CIGAR BAR PITTSBURGH LLC,CIGAR BAR PITTSBURGH LLC,15205-4871,USA,02**8710,Cigarette/OTP Retail,2027-02-28,6302 ROBINSON CENTER DR STE D,PITTSBURGH,PA,-80.161,40.45268,CIGAR BAR PITTSBURGH LLC,6302 ROBINSON CENTER DR STE D,15205,6302 ROBINSON CENTER DR STE D|15205,CIGAR BAR PITTSBURGH LLC|6302 ROBINSON CENTER DR STE D|15205,6302 ROBINSON CENTER DR,bf6c74baa0,True,False,PITTSBURGH,data.pa.gov,42003459201,False,True
ALLEGHENY,N3D LLC,PGH CONVENIENCE,15222-1413,USA,02**5414,Cigarette/OTP Retail,2027-02-28,625 STANWIX ST STE 105,PITTSBURGH,PA,-80.00448,40.44305,PGH CONVENIENCE,625 STANWIX ST STE 105,15222,625 STANWIX ST STE 105|15222,PGH CONVENIENCE|625 STANWIX ST STE 105|15222,625 STANWIX ST,4e13a2bd1a,True,False,PITTSBURGH,data.pa.gov,42003020100,True,True
ALLEGHENY,GROGAN BEVERAGE DISTRIBUTORS INC,GROGAN BEVERAGE,15108-1569,USA,02**4217,Cigarette/OTP Retail,2027-02-28,840 4TH AVE,CORAOPOLIS,PA,-80.16807,40.52005,GROGAN BEVERAGE,840 4TH AVE,15108,840 4TH AVE|15108,GROGAN BEVERAGE|840 4TH AVE|15108,840 4TH AVE,dd5af5cefc,True,False,CORAOPOLIS,data.pa.gov,42003450800,False,False
ALLEGHENY,PRIYYASH INC.,PITTSBURGH,15201-2717,USA,02**1927,Cigarette/OTP Retail,2027-02-28,4811 BUTLER ST,PITTSBURGH,PA,-79.95755,40.47625,PITTSBURGH,4811 BUTLER ST,15201,4811 BUTLER ST|15201,PITTSBURGH|4811 BUTLER ST|15201,4811 BUTLER ST,05f0a8a31c,True,False,PITTSBURGH,data.pa.gov,42003090100,True,True
ALLEGHENY,INDOSPICE INC,MANPASAND SPICE CORNER,15220-1451,USA,02**5590,Cigarette Retail,2027-02-28,2101 GREENTREE RD STE B119,PITTSBURGH,PA,-80.0695,40.39106,MANPASAND SPICE CORNER,2101 GREENTREE RD STE B119,15220,2101 GREENTREE RD STE B119|15220,MANPASAND SPICE CORNER|2101 GREENTREE RD STE B119|15220,2101 GREENTREE RD,816de15a21,True,False,PITTSBURGH,data.pa.gov,42003470300,False,True
ALLEGHENY,SMOKEY BRO'S LLC,SMOKEY BROS LLC,15217,USA,02**6141,Cigarette Retail,2027-02-28,4201 MURRAY AVE PITTSBURGH PA 15217,PITTSBURGH,PA,-79.9287,40.42308,SMOKEY BROS LLC,4201 MURRAY AVE PITTSBURGH PA 15217,15217,4201 MURRAY AVE PITTSBURGH PA 15217|15217,SMOKEY BROS LLC|4201 MURRAY AVE PITTSBURGH PA 15217|15217,4201 MURRAY AVE PITTSBURGH PA 15217,c026220618,True,False,PITTSBURGH,data.pa.gov,42003151700,True,True
ALLEGHENY,SOUTH HILLS BREWS BROTHERS LLC,COLONIAL BEER,15102-2831,USA,02**3387,Cigarette/OTP Retail,2027-02-28,4986 LIBRARY RD,BETHEL PARK,PA,-80.02697,40.3428,COLONIAL BEER,4986 LIBRARY RD,15102,4986 LIBRARY RD|15102,COLONIAL BEER|4986 LIBRARY RD|15102,4986 LIBRARY RD,c99ecb1867,True,False,BETHEL PARK,data.pa.gov,42003475102,False,False
ALLEGHENY,VVS WHOLESALE LLC,CLUB PITTSBURGH,15222-4223,USA,02**4609,OTP Vending,2027-02-28,1139 PENN AVE,PITTSBURGH,PA,-79.99274,40.44554,CLUB PITTSBURGH,1139 PENN AVE,15222,1139 PENN AVE|15222,CLUB PITTSBURGH|1139 PENN AVE|15222,1139 PENN AVE,80cf7c44a2,False,True,PITTSBURGH,data.pa.gov,42003020300,True,True
ALLEGHENY,SIL'S MARKET INC,SILS MARKET INC,15071-1346,USA,02**7220,Cigarette/OTP Retail,2027-02-28,6000 NOBLESTOWN RD,OAKDALE,PA,-80.18748,40.39825,SILS MARKET INC,6000 NOBLESTOWN RD,15071,6000 NOBLESTOWN RD|15071,SILS MARKET INC|6000 NOBLESTOWN RD|15071,6000 NOBLESTOWN RD,e7c0ccea6f,True,False,OAKDALE,data.pa.gov,42003455000,False,False
ALLEGHENY,SELECT & SAVE MART,SELECT & SAVE MART,15210-2460,USA,02**2506,Cigarette/OTP Retail,2027-02-28,448 BROWNSVILLE RD APT 1,PITTSBURGH,PA,-79.98953,40.41222,SELECT & SAVE MART,448 BROWNSVILLE RD APT 1,15210,448 BROWNSVILLE RD APT 1|15210,SELECT & SAVE MART|448 BROWNSVILLE RD APT 1|15210,448 BROWNSVILLE RD,d1b68d6773,True,False,PITTSBURGH,data.pa.gov,42003300100,True,True
ALLEGHENY,GLASS FOR THE GRASS LLC,BUSINESS,15236-4438,USA,02**4683,OTP Retail,2027-02-28,361 ALGOMA DR,PITTSBURGH,PA,-79.95086,40.33181,BUSINESS,361 ALGOMA DR,15236,361 ALGOMA DR|15236,BUSINESS|361 ALGOMA DR|15236,361 ALGOMA DR,9fe21a3ad2,True,False,PITTSBURGH,data.pa.gov,42003489001,False,True
ALLEGHENY,FORBES TOBACCO,FORBES TOBACCO,15213-3505,USA,02**3002,Cigarette Wholesaler,2027-02-28,3801 FORBES AVE FL 2,PITTSBURGH,PA,-79.95686,40.44162,FORBES TOBACCO,3801 FORBES AVE FL 2,15213,3801 FORBES AVE FL 2|15213,FORBES TOBACCO|3801 FORBES AVE FL 2|15213,3801 FORBES AVE,d3d9deb1ac,False,True,PITTSBURGH,data.pa.gov,42003040500,True,True
ALLEGHENY,GREEN VALLEY BEER DISTRIBUTING CO,GREEN VALLEY BEER DISTRIBUTOR,15137-2207,USA,02**3312,Cigarette/OTP Retail,2027-02-28,501 E PGH MCK BLVD,NORTH VERSAILLES,PA,-79.83051,40.36935,GREEN VALLEY BEER DISTRIBUTOR,501 E PGH MCK BLVD,15137,501 E PGH MCK BLVD|15137,GREEN VALLEY BEER DISTRIBUTOR|501 E PGH MCK BLVD|15137,501 E PGH MCK BLVD,f80fb26d74,True,False,NORTH VERSAILLES,data.pa.gov,42003504100,False,False
ALLEGHENY,CIGAR BAR MOUNT LEBANON LLC,CIGAR BAR MOUNT LEBANON LLC,15228-1657,USA,02**0175,Cigarette/OTP Retail,2027-02-28,1500 WASHINGTON RD STE 1301,PITTSBURGH,PA,-80.05088,40.35718,CIGAR BAR MOUNT LEBANON LLC,1500 WASHINGTON RD STE 1301,15228,1500 WASHINGTON RD STE 1301|15228,CIGAR BAR MOUNT LEBANON LLC|1500 WASHINGTON RD STE 1301|15228,1500 WASHINGTON RD,1a63579657,True,False,PITTSBURGH,data.pa.gov,42003473500,False,True
ALLEGHENY,SMOKERSVILLE 1 LLC,SMOKERSVILLE 1 LLC,15101-2459,USA,02**5826,OTP Retail,2027-02-28,4790 WILLIAM FLYNN HWY STE 4790,ALLISON PARK,PA,-79.94763,40.59699,SMOKERSVILLE 1 LLC,4790 WILLIAM FLYNN HWY STE 4790,15101,4790 WILLIAM FLYNN HWY STE 4790|15101,SMOKERSVILLE 1 LLC|4790 WILLIAM FLYNN HWY STE 4790|15101,4790 WILLIAM FLYNN HWY,52a1a37be8,True,False,ALLISON PARK,data.pa.gov,42003414101,False,False
ALLEGHENY,ELECTRIC OASIS VENDING,BLUE MOON,15201-2606,USA,02**5832,OTP Vending,2027-02-28,5115 BUTLER ST,PITTSBURGH,PA,-79.95543,40.47879,BLUE MOON,5115 BUTLER ST,15201,5115 BUTLER ST|15201,BLUE MOON|5115 BUTLER ST|15201,5115 BUTLER ST,ea11250a2a,False,True,PITTSBURGH,data.pa.gov,42003101100,True,True
ALLEGHENY,SMOKERSVILLE 1 LLC,SMOKERSVILLE 1 LLC,15101-2459,USA,02**5825,Cigarette Retail,2027-02-28,4790 WILLIAM FLYNN HWY STE 4790,ALLISON PARK,PA,-79.94763,40.59699,SMOKERSVILLE 1 LLC,4790 WILLIAM FLYNN HWY STE 4790,15101,4790 WILLIAM FLYNN HWY STE 4790|15101,SMOKERSVILLE 1 LLC|4790 WILLIAM FLYNN HWY STE 4790|15101,4790 WILLIAM FLYNN HWY,4b3eda355f,True,False,ALLISON PARK,data.pa.gov,42003414101,False,False
ALLEGHENY,PAY-LIE INCORPORATED,BEER AND BEYOND,15144-1459,USA,02**3814,Cigarette Retail,2027-02-28,494 PITTSBURGH ST,SPRINGDALE,PA,-79.78681,40.54091,BEER AND BEYOND,494 PITTSBURGH ST,15144,494 PITTSBURGH ST|15144,BEER AND BEYOND|494 PITTSBURGH ST|15144,494 PITTSBURGH ST,dc4b9696c0,True,False,SPRINGDALE,data.pa.gov,42003417200,False,False
ALLEGHENY,PAY-LIE INCORPORATED,BEER AND BEYOND,15144-1459,USA,02**8704,OTP Retail,2027-02-28,494 PITTSBURGH ST,SPRINGDALE,PA,-79.78681,40.54091,BEER AND BEYOND,494 PITTSBURGH ST,15144,494 PITTSBURGH ST|15144,BEER AND BEYOND|494 PITTSBURGH ST|15144,494 PITTSBURGH ST,bb2d4e9444,True,False,SPRINGDALE,data.pa.gov,42003417200,False,False
ALLEGHENY,KEVIN & KAVYA ENTERPRISE LLC,KEVIN & KAVYA ENTERPRISE LLC,15221-4560,USA,02**1240,Cigarette/OTP Retail,2027-02-28,1050 BRINTON RD,PITTSBURGH,PA,-79.87467,40.42913,KEVIN & KAVYA ENTERPRISE LLC,1050 BRINTON RD,15221,1050 BRINTON RD|15221,KEVIN & KAVYA ENTERPRISE LLC|1050 BRINTON RD|15221,1050 BRINTON RD,d74261207a,True,False,PITTSBURGH,data.pa.gov,42003517000,False,True
ALLEGHENY,CLOUD 9 SMOKE SHOP 7 LLC,SHOP,15137-1530,USA,02**1120,Cigarette/OTP Retail,2027-02-28,120 WALMART DR,NORTH VERSAILLES,PA,-79.8226,40.38573,SHOP,120 WALMART DR,15137,120 WALMART DR|15137,SHOP|120 WALMART DR|15137,120 WALMART DR,f52797f990,True,False,NORTH VERSAILLES,data.pa.gov,42003504100,False,False
ALLEGHENY,THE GLASS WHALE LLC,BUTLER STREET,15201-1822,USA,02**0042,Cigarette/OTP Retail,2027-02-28,3818 BUTLER ST,PITTSBURGH,PA,-79.96391,40.46731,BUTLER STREET,3818 BUTLER ST,15201,3818 BUTLER ST|15201,BUTLER STREET|3818 BUTLER ST|15201,3818 BUTLER ST,7de087f394,True,False,PITTSBURGH,data.pa.gov,42003060300,True,True
ALLEGHENY,IRON CITY RETAIL GROUP LLC,SMOKE VAULT,15044-9639,USA,02**6369,OTP Retail,2027-02-28,5321 WILLIAM FLYNN HWY STE 4,GIBSONIA,PA,-79.94698,40.61626,SMOKE VAULT,5321 WILLIAM FLYNN HWY STE 4,15044,5321 WILLIAM FLYNN HWY STE 4|15044,SMOKE VAULT|5321 WILLIAM FLYNN HWY STE 4|15044,5321 WILLIAM FLYNN HWY,9a6a758faf,True,False,GIBSONIA,data.pa.gov,42003408002,False,False
ALLEGHENY,SMOKIN INKS,SMOKIN INKS,15212-5604,USA,02**3387,Cigarette/OTP Retail,2027-02-28,607 E OHIO ST,PITTSBURGH,PA,-79.99891,40.45382,SMOKIN INKS,607 E OHIO ST,15212,607 E OHIO ST|15212,SMOKIN INKS|607 E OHIO ST|15212,607 E OHIO ST,48bd609cb9,True,False,PITTSBURGH,data.pa.gov,42003563202,True,True
ALLEGHENY,MON CITY SMOKE AND GROCERY LLC,MON CITY SMOKE AND GROCERY LLC,15212-1868,USA,02**2995,Cigarette/OTP Retail,2027-02-28,3617 CALIFORNIA AVE,PITTSBURGH,PA,-80.04127,40.48068,MON CITY SMOKE AND GROCERY LLC,3617 CALIFORNIA AVE,15212,3617 CALIFORNIA AVE|15212,MON CITY SMOKE AND GROCERY LLC|3617 CALIFORNIA AVE|15212,3617 CALIFORNIA AVE,43dc2ad991,True,False,PITTSBURGH,data.pa.gov,42003270100,True,True
ALLEGHENY,PREETIS PITT LLC,BUBS' LOUNGE,15222-4711,USA,02**5456,Cigarette/OTP Retail,2027-02-28,2701 PENN AVE,PITTSBURGH,PA,-79.97691,40.45597,BUBS' LOUNGE,2701 PENN AVE,15222,2701 PENN AVE|15222,BUBS' LOUNGE|2701 PENN AVE|15222,2701 PENN AVE,332722aef7,True,False,PITTSBURGH,data.pa.gov,42003020300,True,True
ALLEGHENY,ALVAREZ MARCUS C,CONCRETEGOLDCOLLECTIVELLC,15104-1031,USA,02**4585,OTP Retail,2027-02-28,162 5TH AVE,BRADDOCK,PA,-79.87876,40.41339,CONCRETEGOLDCOLLECTIVELLC,162 5TH AVE,15104,162 5TH AVE|15104,CONCRETEGOLDCOLLECTIVELLC|162 5TH AVE|15104,162 5TH AVE,6ef10f7453,True,False,BRADDOCK,data.pa.gov,42003514000,False,False
ALLEGHENY,SMOKERZ CITY LLC,SMOKERZ CITY LLC,15216-2456,USA,02**5452,Cigarette/OTP Retail,2027-02-28,3060 W LIBERTY AVE,PITTSBURGH,PA,-80.03821,40.39191,SMOKERZ CITY LLC,3060 W LIBERTY AVE,15216,3060 W LIBERTY AVE|15216,SMOKERZ CITY LLC|3060 W LIBERTY AVE|15216,3060 W LIBERTY AVE,ea6b86f17e,True,False,PITTSBURGH,data.pa.gov,42003472400,False,True
ALLEGHENY,PATHIVARA ENTERPRISES LLC,PATHIVARA ENTERPRISES LLC,15132-5848,USA,02**9394,Cigarette/OTP Retail,2027-02-28,1902 GRANDVIEW AVE,MCKEESPORT,PA,-79.8368,40.34008,PATHIVARA ENTERPRISES LLC,1902 GRANDVIEW AVE,15132,1902 GRANDVIEW AVE|15132,PATHIVARA ENTERPRISES LLC|1902 GRANDVIEW AVE|15132,1902 GRANDVIEW AVE,a88b63d5b8,True,False,MCKEESPORT,data.pa.gov,42003552000,False,False
ALLEGHENY,LAKAVE LOUNGE LLC,LAKAVE LOUNGE,15206-1221,USA,02**3151,Cigarette/OTP Retail,2027-02-28,1502 LINCOLN AVE STORE FRONT,PITTSBURGH,PA,-79.89594,40.46884,LAKAVE LOUNGE,1502 LINCOLN AVE STORE FRONT,15206,1502 LINCOLN AVE STORE FRONT|15206,LAKAVE LOUNGE|1502 LINCOLN AVE STORE FRONT|15206,1502 LINCOLN AVE STORE FRONT,a3e813339b,True,False,PITTSBURGH,data.pa.gov,42003561900,True,True
ALLEGHENY,HOKAH LLC,HOKAH,15232-1799,USA,02**5458,OTP Retail,2027-02-28,5744 ELLSWORTH AVE STE 1,PITTSBURGH,PA,-79.93123,40.45569,HOKAH,5744 ELLSWORTH AVE STE 1,15232,5744 ELLSWORTH AVE STE 1|15232,HOKAH|5744 ELLSWORTH AVE STE 1|15232,5744 ELLSWORTH AVE,2ec9de1597,True,False,PITTSBURGH,data.pa.gov,42003070500,True,True
ALLEGHENY,NASSER INC,SAMBA MARKET,15219-4096,USA,02**7824,Cigarette/OTP Retail,2027-02-28,2520 BEDFORD AVE,PITTSBURGH,PA,-79.9722,40.45083,SAMBA MARKET,2520 BEDFORD AVE,15219,2520 BEDFORD AVE|15219,SAMBA MARKET|2520 BEDFORD AVE|15219,2520 BEDFORD AVE,3d9fdf3086,True,False,PITTSBURGH,data.pa.gov,42003050900,True,True
ALLEGHENY,KING SMOKER LLC,KING SMOKER LLC,15224-2040,USA,02**4979,Cigarette/OTP Retail,2027-02-28,4778 LIBERTY AVE,PITTSBURGH,PA,-79.94741,40.46077,KING SMOKER LLC,4778 LIBERTY AVE,15224,4778 LIBERTY AVE|15224,KING SMOKER LLC|4778 LIBERTY AVE|15224,4778 LIBERTY AVE,407f9d40af,True,False,PITTSBURGH,data.pa.gov,42003080200,True,True
ALLEGHENY,GOPINATH BEVERAGES LLC,BEER KINGDOM,15106-2444,USA,02**3601,Cigarette/OTP Retail,2027-02-28,326 MANSFIELD BLVD,CARNEGIE,PA,-80.08365,40.41074,BEER KINGDOM,326 MANSFIELD BLVD,15106,326 MANSFIELD BLVD|15106,BEER KINGDOM|326 MANSFIELD BLVD|15106,326 MANSFIELD BLVD,2ddb55bdc4,True,False,CARNEGIE,data.pa.gov,42003468700,False,False
ALLEGHENY,NEPALI CHOWK CONVENIENCE STORE LLC,NEPALI CHOWK CONVENIENCE STORE LLC,15227-2608,USA,02**1703,Cigarette/OTP Retail,2027-02-28,4000 SAW MILL RUN BLVD,PITTSBURGH,PA,-79.98353,40.36823,NEPALI CHOWK CONVENIENCE STORE LLC,4000 SAW MILL RUN BLVD,15227,4000 SAW MILL RUN BLVD|15227,NEPALI CHOWK CONVENIENCE STORE LLC|4000 SAW MILL RUN BLVD|15227,4000 SAW MILL RUN BLVD,fb846bbbd7,True,False,PITTSBURGH,data.pa.gov,42003478100,False,True
ALLEGHENY,DIAMOND CONVENIENCE STORES LLC,DIAMOND CONVENIENCE STORES LLC,15215-3109,USA,02**3153,Cigarette/OTP Retail,2027-02-28,313 FREEPORT RD,ASPINWALL,PA,-79.90287,40.48933,DIAMOND CONVENIENCE STORES LLC,313 FREEPORT RD,15215,313 FREEPORT RD|15215,DIAMOND CONVENIENCE STORES LLC|313 FREEPORT RD|15215,313 FREEPORT RD,d7ed89c510,True,False,ASPINWALL,data.pa.gov,42003423000,False,False
ALLEGHENY,VAPE & VARIETY LLC,VAPE & VARIETY LLC,15227-1516,USA,02**3456,Cigarette/OTP Retail,2027-02-28,1404 RADFORD RD,PITTSBURGH,PA,-79.96776,40.36402,VAPE & VARIETY LLC,1404 RADFORD RD,15227,1404 RADFORD RD|15227,VAPE & VARIETY LLC|1404 RADFORD RD|15227,1404 RADFORD RD,9b8aaf922f,True,False,PITTSBURGH,data.pa.gov,42003477300,False,True
ALLEGHENY,ROYAL SMOKE LLC,ROYAL SMOKE LLC,15136-1415,USA,02**6389,Cigarette/OTP Retail,2027-02-28,5647 STEUBENVILLE PIKE,MC KEES ROCKS,PA,-80.13215,40.4512,ROYAL SMOKE LLC,5647 STEUBENVILLE PIKE,15136,5647 STEUBENVILLE PIKE|15136,ROYAL SMOKE LLC|5647 STEUBENVILLE PIKE|15136,5647 STEUBENVILLE PIKE,bced659ac0,True,False,MC KEES ROCKS,data.pa.gov,42003459201,False,False
ALLEGHENY,BLUE NILE MINI MART INC,BLUE NILE MINI MART,15219-6343,USA,02**9912,Cigarette/OTP Retail,2027-02-28,2152 WYLIE AVE,PITTSBURGH,PA,-79.97751,40.44561,BLUE NILE MINI MART,2152 WYLIE AVE,15219,2152 WYLIE AVE|15219,BLUE NILE MINI MART|2152 WYLIE AVE|15219,2152 WYLIE AVE,425d298137,True,False,PITTSBURGH,data.pa.gov,42003050100,True,True
ALLEGHENY,MR SMOKE LINCOLN LLC,471 LINCOLN,15202-3673,USA,02**6392,OTP Retail,2027-02-28,471 LINCOLN AVE,BELLEVUE,PA,-80.05471,40.49515,471 LINCOLN,471 LINCOLN AVE,15202,471 LINCOLN AVE|15202,471 LINCOLN|471 LINCOLN AVE|15202,471 LINCOLN AVE,f8163872b2,True,False,BELLEVUE,data.pa.gov,42003431500,False,False
ALLEGHENY,MR VAPES LLC,MR VAPES,15215-2138,USA,02**6388,Cigarette/OTP Retail,2027-02-28,509 S MAIN ST,SHARPSBURG,PA,-79.93604,40.49466,MR VAPES,509 S MAIN ST,15215,509 S MAIN ST|15215,MR VAPES|509 S MAIN ST|15215,509 S MAIN ST,731b15c9ec,True,False,SHARPSBURG,data.pa.gov,42003424000,False,False
ALLEGHENY,TROY HILL EXPRESS LLC,TROY HILL EXPRESS LLC,15212-4370,USA,02**5872,Cigarette/OTP Retail,2027-02-28,1712 LOWRIE ST,PITTSBURGH,PA,-79.98257,40.46424,TROY HILL EXPRESS LLC,1712 LOWRIE ST,15212,1712 LOWRIE ST|15212,TROY HILL EXPRESS LLC|1712 LOWRIE ST|15212,1712 LOWRIE ST,c208fcae63,True,False,PITTSBURGH,data.pa.gov,42003241300,True,True
ALLEGHENY,A AND S MARKET AND DELI,A AND S MARKET AND DELI LLC,15120-3258,USA,02**4988,Cigarette/OTP Retail,2027-02-28,3417 MAIN ST,HOMESTEAD,PA,-79.90298,40.38596,A AND S MARKET AND DELI LLC,3417 MAIN ST,15120,3417 MAIN ST|15120,A AND S MARKET AND DELI LLC|3417 MAIN ST|15120,3417 MAIN ST,cfc5157344,True,False,HOMESTEAD,data.pa.gov,42003484500,False,False
ALLEGHENY,SMOKE GOODIES 3 LLC,SMOKE GOODIES 3 LLC,15206-3924,USA,02**2150,Cigarette/OTP Retail,2027-02-28,6105 PENN AVE,PITTSBURGH,PA,-79.92347,40.46097,SMOKE GOODIES 3 LLC,6105 PENN AVE,15206,6105 PENN AVE|15206,SMOKE GOODIES 3 LLC|6105 PENN AVE|15206,6105 PENN AVE,97f89afed1,True,False,PITTSBURGH,data.pa.gov,42003111500,True,True
ALLEGHENY,HOLY SMOKES & VAPES LLC,STORE,15102-2962,USA,02**0934,Cigarette/OTP Retail,2027-02-28,4846 LIBRARY RD,BETHEL PARK,PA,-80.02727,40.34633,STORE,4846 LIBRARY RD,15102,4846 LIBRARY RD|15102,STORE|4846 LIBRARY RD|15102,4846 LIBRARY RD,7deff8a37c,True,False,BETHEL PARK,data.pa.gov,42003475101,False,False
ALLEGHENY,OAKLAND CONVENIENCE STORE LLC,OAKLAND CONVENIENCE STORE LLC,15213-4368,USA,02**3252,Cigarette/OTP Retail,2027-02-28,3459 WARD ST,PITTSBURGH,PA,-79.95421,40.43636,OAKLAND CONVENIENCE STORE LLC,3459 WARD ST,15213,3459 WARD ST|15213,OAKLAND CONVENIENCE STORE LLC|3459 WARD ST|15213,3459 WARD ST,2972dc4c46,True,False,PITTSBURGH,data.pa.gov,42003040600,True,True
ALLEGHENY,MILLVALE SMART TRADERS INC.,7-ELEVEN STORE 40225A,15209-2612,USA,02**5498,Cigarette/OTP Retail,2027-02-28,300 GRANT AVE,MILLVALE,PA,-79.97233,40.47948,7-ELEVEN STORE 40225A,300 GRANT AVE,15209,300 GRANT AVE|15209,7-ELEVEN STORE 40225A|300 GRANT AVE|15209,300 GRANT AVE,f52a1c9f34,True,False,MILLVALE,data.pa.gov,42003427000,False,False
ALLEGHENY,ISM I STYLE MYSELF BOUTIQUE LLC,ISM,15132-3500,USA,02**8663,Cigarette/OTP Retail,2027-02-28,616 W 5TH AVE,MCKEESPORT,PA,-79.88001,40.34751,ISM,616 W 5TH AVE,15132,616 W 5TH AVE|15132,ISM|616 W 5TH AVE|15132,616 W 5TH AVE,7b60c87a4a,True,False,MCKEESPORT,data.pa.gov,42003552200,False,False
ALLEGHENY,FALAH DISTRIBUTION LLC,FALAH DISTRIBUTION,15226-1421,USA,02**1326,OTP Wholesaler,2027-02-28,1371 SAW MILL RUN BLVD,PITTSBURGH,PA,-80.00105,40.4032,FALAH DISTRIBUTION,1371 SAW MILL RUN BLVD,15226,1371 SAW MILL RUN BLVD|15226,FALAH DISTRIBUTION|1371 SAW MILL RUN BLVD|15226,1371 SAW MILL RUN BLVD,7967e3e6de,False,True,PITTSBURGH,data.pa.gov,42003562400,True,True
ALLEGHENY,DAHNTAHN INDUSTRIES,DAHNTAHN INDUSTRIES MARKET SQUARE,15222-1722,USA,02**5892,Cigarette/OTP Retail,2027-02-28,433 MARKET ST FL 2NDFLOOR,PITTSBURGH,PA,-80.00229,40.44108,DAHNTAHN INDUSTRIES MARKET SQUARE,433 MARKET ST FL 2NDFLOOR,15222,433 MARKET ST FL 2NDFLOOR|15222,DAHNTAHN INDUSTRIES MARKET SQUARE|433 MARKET ST FL 2NDFLOOR|15222,433 MARKET ST,8475be0c30,True,False,PITTSBURGH,data.pa.gov,42003020100,True,True
ALLEGHENY,412 SMOKEHOUSE LLC,412 SMOKHOUSE,15106-3646,USA,02**6084,Cigarette/OTP Retail,2027-02-28,1075 WASHINGTON AVE,CARNEGIE,PA,-80.0835,40.39797,412 SMOKHOUSE,1075 WASHINGTON AVE,15106,1075 WASHINGTON AVE|15106,412 SMOKHOUSE|1075 WASHINGTON AVE|15106,1075 WASHINGTON AVE,079f1f8bbd,True,False,CARNEGIE,data.pa.gov,42003470600,False,False
ALLEGHENY,KEYSTONE R & M LLC,KEYSTONE VAPORS,15220-3236,USA,02**5887,OTP Retail,2027-02-28,987 GREENTREE RD STE 102,PITTSBURGH,PA,-80.04532,40.41823,KEYSTONE VAPORS,987 GREENTREE RD STE 102,15220,987 GREENTREE RD STE 102|15220,KEYSTONE VAPORS|987 GREENTREE RD STE 102|15220,987 GREENTREE RD,649650f418,True,False,PITTSBURGH,data.pa.gov,42003469000,False,True
ALLEGHENY,PALISADE LTD,PALISADE LTD,15017-2377,USA,02**0072,Cigarette/OTP Retail,2027-02-28,443 WASHINGTON AVE,BRIDGEVILLE,PA,-80.11184,40.35889,PALISADE LTD,443 WASHINGTON AVE,15017,443 WASHINGTON AVE|15017,PALISADE LTD|443 WASHINGTON AVE|15017,443 WASHINGTON AVE,15208494fe,True,False,BRIDGEVILLE,data.pa.gov,42003457100,False,False
ALLEGHENY,EAGLE CIGARETTE SERVICE INC,GLASSPORT PNA,15045-1468,USA,02**7788,Cigarette Vending,2027-02-28,542 INDIANA AVE,GLASSPORT,PA,-79.88846,40.32616,GLASSPORT PNA,542 INDIANA AVE,15045,542 INDIANA AVE|15045,GLASSPORT PNA|542 INDIANA AVE|15045,542 INDIANA AVE,acc7c4a21c,False,True,GLASSPORT,data.pa.gov,42003499300,False,False
ALLEGHENY,ROBINSON SMOKE & VAPE LLC,ROBINSON SMOKE & VAPE LLC,15205-9628,USA,02**5509,Cigarette/OTP Retail,2027-02-28,4450 STEUBENVILLE PIKE UNIT C,PITTSBURGH,PA,-80.09614,40.44318,ROBINSON SMOKE & VAPE LLC,4450 STEUBENVILLE PIKE UNIT C,15205,4450 STEUBENVILLE PIKE UNIT C|15205,ROBINSON SMOKE & VAPE LLC|4450 STEUBENVILLE PIKE UNIT C|15205,4450 STEUBENVILLE PIKE,3b80650907,True,False,PITTSBURGH,data.pa.gov,42003459201,False,True
ALLEGHENY,PDCL LLC,MOBILE HQ,15071-9747,USA,02**4687,OTP Retail,2027-02-28,105 SEMINARY AVE STE 101,OAKDALE,PA,-80.18374,40.39663,MOBILE HQ,105 SEMINARY AVE STE 101,15071,105 SEMINARY AVE STE 101|15071,MOBILE HQ|105 SEMINARY AVE STE 101|15071,105 SEMINARY AVE,193a7627f4,True,False,OAKDALE,data.pa.gov,42003455000,False,False
ALLEGHENY,SMOKE STAR INC,SMOKE STAR INC,15146-2201,USA,02**0004,OTP Wholesaler,2027-02-28,111 MALL CIRCLE DR,MONROEVILLE,PA,-79.79326,40.43071,SMOKE STAR INC,111 MALL CIRCLE DR,15146,111 MALL CIRCLE DR|15146,SMOKE STAR INC|111 MALL CIRCLE DR|15146,111 MALL CIRCLE DR,7bc4a5d25b,False,True,MONROEVILLE,data.pa.gov,42003521200,False,False
ALLEGHENY,PUFF PARLOR ROBINSON INC,PUFF PARLOR ROBINSON,15205-4872,USA,02**8149,Cigarette/OTP Retail,2027-02-28,6302 ROBINSON CENTER DR STE 2,PITTSBURGH,PA,-80.161,40.45268,PUFF PARLOR ROBINSON,6302 ROBINSON CENTER DR STE 2,15205,6302 ROBINSON CENTER DR STE 2|15205,PUFF PARLOR ROBINSON|6302 ROBINSON CENTER DR STE 2|15205,6302 ROBINSON CENTER DR,056b03af3a,True,False,PITTSBURGH,data.pa.gov,42003459201,False,True
ALLEGHENY,LAXMI NARAYANA CORPORATION,LNC# 17 DUQUESNE,15110-1524,USA,02**0237,Cigarette/OTP Retail,2027-02-28,818 DUQUESNE BLVD,DUQUESNE,PA,-79.84243,40.36479,LNC# 17 DUQUESNE,818 DUQUESNE BLVD,15110,818 DUQUESNE BLVD|15110,LNC# 17 DUQUESNE|818 DUQUESNE BLVD|15110,818 DUQUESNE BLVD,4aefea4874,True,False,DUQUESNE,data.pa.gov,42003486900,False,False
ALLEGHENY,MGM SERVICES GROUP LLC,STOGIEBURGH,15025-3689,USA,02**5522,Cigarette/OTP Retail,2027-02-28,1607 ROUTE 51,CLAIRTON,PA,-79.92002,40.29788,STOGIEBURGH,1607 ROUTE 51,15025,1607 ROUTE 51|15025,STOGIEBURGH|1607 ROUTE 51|15025,1607 ROUTE 51,f85d16dd7e,True,False,CLAIRTON,data.pa.gov,42003491200,False,False
ALLEGHENY,MIAMI MARKET INC,MIAMI MARKET INC,15219-4626,USA,02**5319,Cigarette/OTP Retail,2027-02-28,646 HERRON AVE,PITTSBURGH,PA,-79.96445,40.4524,MIAMI MARKET INC,646 HERRON AVE,15219,646 HERRON AVE|15219,MIAMI MARKET INC|646 HERRON AVE|15219,646 HERRON AVE,f01b8b3c12,True,False,PITTSBURGH,data.pa.gov,42003050600,True,True
ALLEGHENY,412 SMARTVENDING,FUNDAZE BACK BAR,15129,USA,02**5540,OTP Vending,2027-02-28,2550 BROWNSVILLE ROAD,SOUTH PARK,PA,-79.99663,40.29363,FUNDAZE BACK BAR,2550 BROWNSVILLE ROAD,15129,2550 BROWNSVILLE ROAD|15129,FUNDAZE BACK BAR|2550 BROWNSVILLE ROAD|15129,2550 BROWNSVILLE RD,6134bc6fe4,False,True,SOUTH PARK,data.pa.gov,42003490002,False,False
ALLEGHENY,SMOKE STATION TOBACCO & VAPE LLC,SMOKE STATION TOBACCO & VAPE LLC,15146-2407,USA,02**5881,Cigarette/OTP Retail,2027-02-28,3944 WILLIAM PENN HWY,MONROEVILLE,PA,-79.77535,40.43758,SMOKE STATION TOBACCO & VAPE LLC,3944 WILLIAM PENN HWY,15146,3944 WILLIAM PENN HWY|15146,SMOKE STATION TOBACCO & VAPE LLC|3944 WILLIAM PENN HWY|15146,3944 WILLIAM PENN HWY,40ee31fed6,True,False,MONROEVILLE,data.pa.gov,42003521200,False,False
ALLEGHENY,STEEL CITY SMOKE SHOP INC,STEEL CITY SMOKE SHOP INC,15222-2505,USA,02**5880,Cigarette/OTP Retail,2027-02-28,647 SMITHFIELD ST,PITTSBURGH,PA,-79.9969,40.44272,STEEL CITY SMOKE SHOP INC,647 SMITHFIELD ST,15222,647 SMITHFIELD ST|15222,STEEL CITY SMOKE SHOP INC|647 SMITHFIELD ST|15222,647 SMITHFIELD ST,c0af0bf200,True,False,PITTSBURGH,data.pa.gov,42003020100,True,True
ALLEGHENY,DELON JACOB,PERRYTOWN TAP HOUSE,15237,USA,02**5901,OTP Vending,2027-02-28,1002 PERRY HWY,PITTSBURGH,PA,-80.03616,40.5393,PERRYTOWN TAP HOUSE,1002 PERRY HWY,15237,1002 PERRY HWY|15237,PERRYTOWN TAP HOUSE|1002 PERRY HWY|15237,1002 PERRY HWY,99bc733989,False,True,PITTSBURGH,data.pa.gov,42003429400,False,True
ALLEGHENY,NAVDURGA ENTERPRISES INC,LAMPERT'S MARKET,15132-7619,USA,02**5904,Cigarette/OTP Retail,2027-02-28,2010 EDEN PARK BLVD,MCKEESPORT,PA,-79.82905,40.3427,LAMPERT'S MARKET,2010 EDEN PARK BLVD,15132,2010 EDEN PARK BLVD|15132,LAMPERT'S MARKET|2010 EDEN PARK BLVD|15132,2010 EDEN PARK BLVD,76e54da462,True,False,MCKEESPORT,data.pa.gov,42003551300,False,False
ALLEGHENY,C6CO LLC,POETRY LOUNGE,15209-2331,USA,02**5533,OTP Vending,2027-02-28,313 NORTH AVE,PITTSBURGH,PA,-79.97396,40.48202,POETRY LOUNGE,313 NORTH AVE,15209,313 NORTH AVE|15209,POETRY LOUNGE|313 NORTH AVE|15209,313 N AVE,52a7d3ff7c,False,True,PITTSBURGH,data.pa.gov,42003427000,False,True
ALLEGHENY,C6CO LLC,MARY'S BAR,15224-1616,USA,02**5533,OTP Vending,2027-02-28,5128 PENN AVE,PITTSBURGH,PA,-79.94169,40.46485,MARY'S BAR,5128 PENN AVE,15224,5128 PENN AVE|15224,MARY'S BAR|5128 PENN AVE|15224,5128 PENN AVE,6d8e27abe4,False,True,PITTSBURGH,data.pa.gov,42003101900,True,True
ALLEGHENY,CLOUD 9-1 LLC,STORE,15213-1515,USA,02**5900,Cigarette/OTP Retail,2027-02-28,214 N CRAIG ST,PITTSBURGH,PA,-79.95105,40.45031,STORE,214 N CRAIG ST,15213,214 N CRAIG ST|15213,STORE|214 N CRAIG ST|15213,214 N CRAIG ST,ec75c7fa09,True,False,PITTSBURGH,data.pa.gov,42003562000,True,True
ALLEGHENY,DANIELS HANKEY FARMS AUTOMOTIVE LLC,DANIELS HANKEY FARMS AUTOMOTIVE LLC,15071-9459,USA,02**5262,Cigarette/OTP Retail,2027-02-28,7720 STEUBENVILLE PIKE,OAKDALE,PA,-80.20867,40.44068,DANIELS HANKEY FARMS AUTOMOTIVE LLC,7720 STEUBENVILLE PIKE,15071,7720 STEUBENVILLE PIKE|15071,DANIELS HANKEY FARMS AUTOMOTIVE LLC|7720 STEUBENVILLE PIKE|15071,7720 STEUBENVILLE PIKE,4623fdaebe,True,False,OAKDALE,data.pa.gov,42003453004,False,False
ALLEGHENY,COVOL PATTY J,POOR HARRY S BAR,15235-2354,USA,02**1836,Cigarette Retail,2027-02-28,1811 LEECHBURG RD,PITTSBURGH,PA,-79.79018,40.49315,POOR HARRY S BAR,1811 LEECHBURG RD,15235,1811 LEECHBURG RD|15235,POOR HARRY S BAR|1811 LEECHBURG RD|15235,1811 LEECHBURG RD,2d3e7fe347,True,False,PITTSBURGH,data.pa.gov,42003523702,False,True
ALLEGHENY,WHITEOAK INVESTMENT LLC,WHITEOAK INVESTMENT LLC,15131-1711,USA,02**6425,Cigarette/OTP Retail,2027-02-28,1513 LINCOLN WAY,WHITE OAK,PA,-79.81781,40.34906,WHITEOAK INVESTMENT LLC,1513 LINCOLN WAY,15131,1513 LINCOLN WAY|15131,WHITEOAK INVESTMENT LLC|1513 LINCOLN WAY|15131,1513 LINCOLN WAY,211afe76b4,True,False,WHITE OAK,data.pa.gov,42003503002,False,False
ALLEGHENY,GLASS UNDER THE FIRE,GLASS UNDER THE FIRE,15226-2204,USA,02**1151,Cigarette/OTP Retail,2027-02-28,1160 BROOKLINE BLVD,PITTSBURGH,PA,-80.01365,40.39214,GLASS UNDER THE FIRE,1160 BROOKLINE BLVD,15226,1160 BROOKLINE BLVD|15226,GLASS UNDER THE FIRE|1160 BROOKLINE BLVD|15226,1160 BROOKLINE BLVD,4e177f6bb4,True,False,PITTSBURGH,data.pa.gov,42003320600,True,True
ALLEGHENY,SMOKIN BREWS LLC,SMOKIN BREWS,15224-1469,USA,02**2975,OTP Retail,2027-02-28,4055 LIBERTY AVE,PITTSBURGH,PA,-79.95497,40.46321,SMOKIN BREWS,4055 LIBERTY AVE,15224,4055 LIBERTY AVE|15224,SMOKIN BREWS|4055 LIBERTY AVE|15224,4055 LIBERTY AVE,39bc1fe0e0,True,False,PITTSBURGH,data.pa.gov,42003090300,True,True
ALLEGHENY,UNCLE TOADS TAVERN INC,UNCLE TOADS TAVERN,15229-1959,USA,02**6180,Cigarette Retail,2027-02-28,348 CENTER AVE,PITTSBURGH,PA,-80.02213,40.51645,UNCLE TOADS TAVERN,348 CENTER AVE,15229,348 CENTER AVE|15229,UNCLE TOADS TAVERN|348 CENTER AVE|15229,348 CENTER AVE,5f62a79ba1,True,False,PITTSBURGH,data.pa.gov,42003430100,False,True
ALLEGHENY,PUFF PARLOR CASTLE SHANNON INC,PUFF PARLOR CASTLE SHANNON,15234-2618,USA,02**0872,Cigarette/OTP Retail,2027-02-28,3421 LIBRARY RD # 1A,PITTSBURGH,PA,-80.01365,40.36718,PUFF PARLOR CASTLE SHANNON,3421 LIBRARY RD # 1A,15234,3421 LIBRARY RD # 1A|15234,PUFF PARLOR CASTLE SHANNON|3421 LIBRARY RD # 1A|15234,3421 LIBRARY RD 1A,4192a01048,True,False,PITTSBURGH,data.pa.gov,42003476200,False,True
ALLEGHENY,K&A2 LLC,K&A2 LLC,15219-6343,USA,02**3229,Cigarette/OTP Retail,2027-02-28,2140 WYLIE AVE,PITTSBURGH,PA,-79.97796,40.44541,K&A2 LLC,2140 WYLIE AVE,15219,2140 WYLIE AVE|15219,K&A2 LLC|2140 WYLIE AVE|15219,2140 WYLIE AVE,aad0d79686,True,False,PITTSBURGH,data.pa.gov,42003050100,True,True
ALLEGHENY,SODRO CO,SMOKE GLASS AND VAPE,15216-2584,USA,02**8935,Cigarette Retail,2027-02-28,2995 W LIBERTY AVE,PITTSBURGH,PA,-80.03669,40.39322,SMOKE GLASS AND VAPE,2995 W LIBERTY AVE,15216,2995 W LIBERTY AVE|15216,SMOKE GLASS AND VAPE|2995 W LIBERTY AVE|15216,2995 W LIBERTY AVE,194d324f70,True,False,PITTSBURGH,data.pa.gov,42003472300,False,True
ALLEGHENY,DURLEY JR DAVID R,THE FOGGY INCLINE,15239-1606,USA,02**5229,OTP Retail,2027-02-28,950 MALLISSEE RD,PITTSBURGH,PA,-79.73642,40.48725,THE FOGGY INCLINE,950 MALLISSEE RD,15239,950 MALLISSEE RD|15239,THE FOGGY INCLINE|950 MALLISSEE RD|15239,950 MALLISSEE RD,5f6fc45e81,True,False,PITTSBURGH,data.pa.gov,42003526102,False,True
ALLEGHENY,DCVD ENTERPRISES LLC,MCBROOM DISTRIBUTING,15218-1279,USA,02**1200,Cigarette Retail,2027-02-28,1200 S BRADDOCK AVE,PITTSBURGH,PA,-79.89319,40.43165,MCBROOM DISTRIBUTING,1200 S BRADDOCK AVE,15218,1200 S BRADDOCK AVE|15218,MCBROOM DISTRIBUTING|1200 S BRADDOCK AVE|15218,1200 S BRADDOCK AVE,8a43c96b87,True,False,PITTSBURGH,data.pa.gov,42003516100,False,True
ALLEGHENY,CLOUD 33 CIGARS,CLOUD 33 CIGARS,15235-3329,USA,02**6385,OTP Retail,2027-02-28,11659 PENN HILLS DR,PITTSBURGH,PA,-79.82671,40.4648,CLOUD 33 CIGARS,11659 PENN HILLS DR,15235,11659 PENN HILLS DR|15235,CLOUD 33 CIGARS|11659 PENN HILLS DR|15235,11659 PENN HILLS DR,8b5cdc910e,True,False,PITTSBURGH,data.pa.gov,42003523400,False,True
ALLEGHENY,HORIZON MARKET LLC,HORIZON MARKET,15084-1509,USA,02**3047,Cigarette Retail,2027-02-28,328 E 6TH AVE,TARENTUM,PA,-79.75282,40.60297,HORIZON MARKET,328 E 6TH AVE,15084,328 E 6TH AVE|15084,HORIZON MARKET|328 E 6TH AVE|15084,328 E 6TH AVE,f31c2b8769,True,False,TARENTUM,data.pa.gov,42003403500,False,False
ALLEGHENY,HORIZON MARKET LLC,HORIZON MARKET LLC,15084-1509,USA,02**3564,OTP Retail,2027-02-28,328 E 6TH AVE,TARENTUM,PA,-79.75282,40.60297,HORIZON MARKET LLC,328 E 6TH AVE,15084,328 E 6TH AVE|15084,HORIZON MARKET LLC|328 E 6TH AVE|15084,328 E 6TH AVE,d67b6ddcf4,True,False,TARENTUM,data.pa.gov,42003403500,False,False
ALLEGHENY,MS BARREL INC,4073 BEECHWOOD BLVD,15217-2669,USA,02**5944,Cigarette/OTP Retail,2027-02-28,4073 BEECHWOOD BLVD,PITTSBURGH,PA,-79.93879,40.42712,4073 BEECHWOOD BLVD,4073 BEECHWOOD BLVD,15217,4073 BEECHWOOD BLVD|15217,4073 BEECHWOOD BLVD|4073 BEECHWOOD BLVD|15217,4073 BEECHWOOD BLVD,2dd567c586,True,False,PITTSBURGH,data.pa.gov,42003151700,True,True
ALLEGHENY,SODRO CO,SMOKE GLASS AND VAPE,15227,USA,02**4408,Cigarette Retail,2027-02-28,2817 BROWNSVILLE ROAD,PITTSBURGH,PA,-79.97697,40.3831,SMOKE GLASS AND VAPE,2817 BROWNSVILLE ROAD,15227,2817 BROWNSVILLE ROAD|15227,SMOKE GLASS AND VAPE|2817 BROWNSVILLE ROAD|15227,2817 BROWNSVILLE RD,4a6278e970,True,False,PITTSBURGH,data.pa.gov,42003478200,False,True
ALLEGHENY,DOLGENCORP LLC,DOLLAR GENERAL STORE #31952,15223-1060,USA,02**5953,Cigarette/OTP Retail,2027-02-28,900 MOUNT ROYAL BLVD,PITTSBURGH,PA,-79.95887,40.51513,DOLLAR GENERAL STORE #31952,900 MOUNT ROYAL BLVD,15223,900 MOUNT ROYAL BLVD|15223,DOLLAR GENERAL STORE #31952|900 MOUNT ROYAL BLVD|15223,900 MOUNT ROYAL BLVD,cb068278e6,True,False,PITTSBURGH,data.pa.gov,42003426400,False,True
ALLEGHENY,SODRO CO,SMOKE GLASS AND VAPE,15227,USA,02**8881,OTP Retail,2027-02-28,2817 BROWNSVILLE ROAD,PITTSBURGH,PA,-79.97697,40.3831,SMOKE GLASS AND VAPE,2817 BROWNSVILLE ROAD,15227,2817 BROWNSVILLE ROAD|15227,SMOKE GLASS AND VAPE|2817 BROWNSVILLE ROAD|15227,2817 BROWNSVILLE RD,b3975cdb92,True,False,PITTSBURGH,data.pa.gov,42003478200,False,True
ALLEGHENY,SODRO CO,SMOKE GLASS AND VAPE,15216-2584,USA,02**8883,OTP Retail,2027-02-28,2995 W LIBERTY AVE,PITTSBURGH,PA,-80.03669,40.39322,SMOKE GLASS AND VAPE,2995 W LIBERTY AVE,15216,2995 W LIBERTY AVE|15216,SMOKE GLASS AND VAPE|2995 W LIBERTY AVE|15216,2995 W LIBERTY AVE,78fd070456,True,False,PITTSBURGH,data.pa.gov,42003472300,False,True
ALLEGHENY,SOUTH PARK ROAD LLC,SOUTH PARK ROAD LLC,15102-3885,USA,02**2041,Cigarette/OTP Retail,2027-02-28,2783 S PARK RD,BETHEL PARK,PA,-80.03467,40.32786,SOUTH PARK ROAD LLC,2783 S PARK RD,15102,2783 S PARK RD|15102,SOUTH PARK ROAD LLC|2783 S PARK RD|15102,2783 S PARK RD,3df08e13e9,True,False,BETHEL PARK,data.pa.gov,42003475301,False,False
ALLEGHENY,THE BROTHER'S VAPE LLLP,THE BROTHER'S VAPE LLLP,15147,USA,02**5937,OTP Vending,2027-02-28,7604 TYLER ROAD,VERONA,PA,-79.8795,40.46889,THE BROTHER'S VAPE LLLP,7604 TYLER ROAD,15147,7604 TYLER ROAD|15147,THE BROTHER'S VAPE LLLP|7604 TYLER ROAD|15147,7604 TYLER RD,20bae2bb67,False,True,VERONA,data.pa.gov,42003523100,False,False
ALLEGHENY,OCKY MODE GOURMET DELI,OCKY MODE GOURMET DELI,15222-3786,USA,02**5572,Cigarette/OTP Retail,2027-02-28,808 LIBERTY AVE,PITTSBURGH,PA,-79.99886,40.44272,OCKY MODE GOURMET DELI,808 LIBERTY AVE,15222,808 LIBERTY AVE|15222,OCKY MODE GOURMET DELI|808 LIBERTY AVE|15222,808 LIBERTY AVE,c5eded5bfa,True,False,PITTSBURGH,data.pa.gov,42003020100,True,True
ALLEGHENY,SKY SMOKE SHOP INC,SKY SMOKE SHOP INC,15203-1512,USA,02**4043,Cigarette/OTP Retail,2027-02-28,1406 E CARSON ST,PITTSBURGH,PA,-79.98382,40.42885,SKY SMOKE SHOP INC,1406 E CARSON ST,15203,1406 E CARSON ST|15203,SKY SMOKE SHOP INC|1406 E CARSON ST|15203,1406 E CARSON ST,5e8c388e1d,True,False,PITTSBURGH,data.pa.gov,42003170200,True,True
ALLEGHENY,KAYA OIL CORPORATION,LNC #506 MCNEILLY MART,15226-2504,USA,02**5584,Cigarette/OTP Retail,2027-02-28,500 MCNEILLY RD,PITTSBURGH,PA,-80.01593,40.38339,LNC #506 MCNEILLY MART,500 MCNEILLY RD,15226,500 MCNEILLY RD|15226,LNC #506 MCNEILLY MART|500 MCNEILLY RD|15226,500 MCNEILLY RD,4ac537ede1,True,False,PITTSBURGH,data.pa.gov,42003479000,False,True
ALLEGHENY,MIFFLIN SMOKE PLUS MINI MART INC,MIFFLIN SMOKE PLUS MINI MART INC,15122-3915,USA,02**5573,Cigarette/OTP Retail,2027-02-28,1806 PENNSYLVANIA AVE,WEST MIFFLIN,PA,-79.86209,40.36209,MIFFLIN SMOKE PLUS MINI MART INC,1806 PENNSYLVANIA AVE,15122,1806 PENNSYLVANIA AVE|15122,MIFFLIN SMOKE PLUS MINI MART INC|1806 PENNSYLVANIA AVE|15122,1806 PENNSYLVANIA AVE,1b437922cc,True,False,WEST MIFFLIN,data.pa.gov,42003488400,False,False
ALLEGHENY,NATRONA CONVENIENCE AND DELI INC,NATRONA CONVENIENCE AND DELI INC,15065-1526,USA,02**3863,Cigarette/OTP Retail,2027-02-28,2101 FREEPORT RD,NATRONA HEIGHTS,PA,-79.72136,40.62715,NATRONA CONVENIENCE AND DELI INC,2101 FREEPORT RD,15065,2101 FREEPORT RD|15065,NATRONA CONVENIENCE AND DELI INC|2101 FREEPORT RD|15065,2101 FREEPORT RD,25acdf3bed,True,False,NATRONA HEIGHTS,data.pa.gov,42003401100,False,False
ALLEGHENY,IKEDOG INC,THE HOUSE OF BREWS BEER DIST.,15205-4801,USA,02**9911,Cigarette/OTP Retail,2027-02-28,1108 PARK MANOR BLVD,PITTSBURGH,PA,-80.16267,40.45297,THE HOUSE OF BREWS BEER DIST.,1108 PARK MANOR BLVD,15205,1108 PARK MANOR BLVD|15205,THE HOUSE OF BREWS BEER DIST.|1108 PARK MANOR BLVD|15205,1108 PARK MANOR BLVD,754ff6585b,True,False,PITTSBURGH,data.pa.gov,42003459201,False,True
ALLEGHENY,PLUM SALUTE INC,PLUM SALUTE INC,15239-2710,USA,02**5979,Cigarette/OTP Retail,2027-02-28,2348 GOLDEN MILE HWY,PLUM,PA,-79.70505,40.46147,PLUM SALUTE INC,2348 GOLDEN MILE HWY,15239,2348 GOLDEN MILE HWY|15239,PLUM SALUTE INC|2348 GOLDEN MILE HWY|15239,2348 GOLDEN MILE HWY,d9d1748e13,True,False,PLUM,data.pa.gov,42003526302,False,False
ALLEGHENY,ALPHA KINGDOM OF SMOKE,ALPHA KINGDOM OF SMOKE,15238,USA,02**5954,Cigarette/OTP Retail,2027-02-28,5 ALPHA DR E,PITTSBURGH,PA,-79.83036,40.53989,ALPHA KINGDOM OF SMOKE,5 ALPHA DR E,15238,5 ALPHA DR E|15238,ALPHA KINGDOM OF SMOKE|5 ALPHA DR E|15238,5 ALPHA DR E,37720e942b,True,False,PITTSBURGH,data.pa.gov,42003419000,False,True
ALLEGHENY,ADAN MARKET 2 INC,ADAN MARKET 2 INC,15210-1580,USA,02**7899,OTP Retail,2027-02-28,707 E WARRINGTON AVE,PITTSBURGH,PA,-79.99543,40.42178,ADAN MARKET 2 INC,707 E WARRINGTON AVE,15210,707 E WARRINGTON AVE|15210,ADAN MARKET 2 INC|707 E WARRINGTON AVE|15210,707 E WARRINGTON AVE,29e358b4d1,True,False,PITTSBURGH,data.pa.gov,42003180300,True,True
ALLEGHENY,ADAN MARKET 2 INC,ADAN MARKET 2 INC,15210-1580,USA,02**7503,Cigarette Retail,2027-02-28,707 E WARRINGTON AVE,PITTSBURGH,PA,-79.99543,40.42178,ADAN MARKET 2 INC,707 E WARRINGTON AVE,15210,707 E WARRINGTON AVE|15210,ADAN MARKET 2 INC|707 E WARRINGTON AVE|15210,707 E WARRINGTON AVE,d0ee4894dd,True,False,PITTSBURGH,data.pa.gov,42003180300,True,True
ALLEGHENY,PUFF VENDING LLC,THE CRAFTY JACKALOPE,15017-2058,USA,63**5851,OTP Vending,2027-02-28,608 WASHINGTON AVE,BRIDGEVILLE,PA,-80.11291,40.35712,THE CRAFTY JACKALOPE,608 WASHINGTON AVE,15017,608 WASHINGTON AVE|15017,THE CRAFTY JACKALOPE|608 WASHINGTON AVE|15017,608 WASHINGTON AVE,934dc88a49,False,True,BRIDGEVILLE,data.pa.gov,42003457100,False,False
ALLEGHENY,SHARK CIGAR LLC,SHARK CIGAR LLC,15017-2033,USA,67**1918,OTP Retail,2027-02-28,423 CHARTIERS ST,BRIDGEVILLE,PA,-80.11317,40.3555,SHARK CIGAR LLC,423 CHARTIERS ST,15017,423 CHARTIERS ST|15017,SHARK CIGAR LLC|423 CHARTIERS ST|15017,423 CHARTIERS ST,36ffeb5689,True,False,BRIDGEVILLE,data.pa.gov,42003457100,False,False
ALLEGHENY,RENZIE PARK DELIGHTS LLC,REZNIE PARK DELIGHTS,15132-7619,USA,02**0945,Cigarette/OTP Retail,2027-02-28,2008 EDEN PARK BLVD,MCKEESPORT,PA,-79.82918,40.3428,REZNIE PARK DELIGHTS,2008 EDEN PARK BLVD,15132,2008 EDEN PARK BLVD|15132,REZNIE PARK DELIGHTS|2008 EDEN PARK BLVD|15132,2008 EDEN PARK BLVD,4bbb270a95,True,False,MCKEESPORT,data.pa.gov,42003551300,False,False
ALLEGHENY,GORAYA ENTERPRISES INC,LIBERTY FOOD & TOBACCO OUTLET,15133-2717,USA,02**4276,Cigarette/OTP Retail,2027-02-28,2929 LIBERTY WAY,MCKEESPORT,PA,-79.85662,40.32526,LIBERTY FOOD & TOBACCO OUTLET,2929 LIBERTY WAY,15133,2929 LIBERTY WAY|15133,LIBERTY FOOD & TOBACCO OUTLET|2929 LIBERTY WAY|15133,2929 LIBERTY WAY,3c2b683b5b,True,False,MCKEESPORT,data.pa.gov,42003498000,False,False
ALLEGHENY,CALIWONDER INC.,BLACK BEAR DISPENSARY BRIDGEVILLE,15017-2061,USA,02**3486,Cigarette/OTP Retail,2027-02-28,609 WASHINGTON AVE STE 4,BRIDGEVILLE,PA,-80.11294,40.35708,BLACK BEAR DISPENSARY BRIDGEVILLE,609 WASHINGTON AVE STE 4,15017,609 WASHINGTON AVE STE 4|15017,BLACK BEAR DISPENSARY BRIDGEVILLE|609 WASHINGTON AVE STE 4|15017,609 WASHINGTON AVE,2958f49d3c,True,False,BRIDGEVILLE,data.pa.gov,42003457100,False,False
ALLEGHENY,CALIWONDER INC.,BLACK BEAR DISPENSARY REGENT SQUARE,15218-1262,USA,02**2671,OTP Retail,2027-02-28,1112 S BRADDOCK AVE,PITTSBURGH,PA,-79.89369,40.43236,BLACK BEAR DISPENSARY REGENT SQUARE,1112 S BRADDOCK AVE,15218,1112 S BRADDOCK AVE|15218,BLACK BEAR DISPENSARY REGENT SQUARE|1112 S BRADDOCK AVE|15218,1112 S BRADDOCK AVE,3858ad3df5,True,False,PITTSBURGH,data.pa.gov,42003516100,False,True
ALLEGHENY,PV WHOLESALE LLC,911 CHARTIERS AVE,15136-3605,USA,02**5967,Cigarette/OTP Retail,2027-02-28,911 CHARTIERS AVE,MC KEES ROCKS,PA,-80.06622,40.46563,911 CHARTIERS AVE,911 CHARTIERS AVE,15136,911 CHARTIERS AVE|15136,911 CHARTIERS AVE|911 CHARTIERS AVE|15136,911 CHARTIERS AVE,bc02c4bce3,True,False,MC KEES ROCKS,data.pa.gov,42003463900,False,False
ALLEGHENY,CALIWONDER INC.,BLACK BEAR DISPENSARY REGENT SQUARE,15218-1282,USA,02**0728,Cigarette/OTP Retail,2027-02-28,1112 S BRADDOCK AVE STE 102,PITTSBURGH,PA,-79.89369,40.43236,BLACK BEAR DISPENSARY REGENT SQUARE,1112 S BRADDOCK AVE STE 102,15218,1112 S BRADDOCK AVE STE 102|15218,BLACK BEAR DISPENSARY REGENT SQUARE|1112 S BRADDOCK AVE STE 102|15218,1112 S BRADDOCK AVE,3b3ad44722,True,False,PITTSBURGH,data.pa.gov,42003516100,False,True
ALLEGHENY,FAEROVITCH KIRILL A,PUFFS N STUFF,15205-4872,USA,04**5180,Cigarette/OTP Retail,2027-02-28,6302 ROBINSON CENTER DR STE 1,PITTSBURGH,PA,-80.161,40.45268,PUFFS N STUFF,6302 ROBINSON CENTER DR STE 1,15205,6302 ROBINSON CENTER DR STE 1|15205,PUFFS N STUFF|6302 ROBINSON CENTER DR STE 1|15205,6302 ROBINSON CENTER DR,75393caa54,True,False,PITTSBURGH,data.pa.gov,42003459201,False,True
ALLEGHENY,LC BEER DISTRIBUTOR LLC,LC BEER DISTRIBUTOR LLC,15227-2610,USA,02**5605,Cigarette Retail,2027-02-28,4102 SAW MILL RUN BLVD,PITTSBURGH,PA,-79.98429,40.36736,LC BEER DISTRIBUTOR LLC,4102 SAW MILL RUN BLVD,15227,4102 SAW MILL RUN BLVD|15227,LC BEER DISTRIBUTOR LLC|4102 SAW MILL RUN BLVD|15227,4102 SAW MILL RUN BLVD,9067e8f6b2,True,False,PITTSBURGH,data.pa.gov,42003478100,False,True
ALLEGHENY,FAEROVITCH KIRILL A,PUFFS-N-STUFF,15228-1657,USA,02**9794,Cigarette/OTP Retail,2027-02-28,1500 WASHINGTON RD STE 1301,PITTSBURGH,PA,-80.05088,40.35718,PUFFS-N-STUFF,1500 WASHINGTON RD STE 1301,15228,1500 WASHINGTON RD STE 1301|15228,PUFFS-N-STUFF|1500 WASHINGTON RD STE 1301|15228,1500 WASHINGTON RD,7176682e0d,True,False,PITTSBURGH,data.pa.gov,42003473500,False,True
ALLEGHENY,SMOKES LIQUOR LLC,SMOKES LIQUOR LLC,15132-1009,USA,02**1844,OTP Retail,2027-02-28,3087 5TH AVE,MCKEESPORT,PA,-79.82767,40.36141,SMOKES LIQUOR LLC,3087 5TH AVE,15132,3087 5TH AVE|15132,SMOKES LIQUOR LLC|3087 5TH AVE|15132,3087 5TH AVE,6773b6874e,True,False,MCKEESPORT,data.pa.gov,42003564400,False,False
ALLEGHENY,C6CO LLC,DRINKS BAR,15229-1959,USA,02**5533,OTP Vending,2027-02-28,348 CENTER AVE,PITTSBURGH,PA,-80.02213,40.51645,DRINKS BAR,348 CENTER AVE,15229,348 CENTER AVE|15229,DRINKS BAR|348 CENTER AVE|15229,348 CENTER AVE,1cde61e0c4,False,True,PITTSBURGH,data.pa.gov,42003430100,False,True
ALLEGHENY,MUNHALL GAS LLC,MUNHALL GAS LLC,15120-3506,USA,02**5987,Cigarette/OTP Retail,2027-02-28,2907 HOMESTEAD DUQUESNE RD,MUNHALL,PA,-79.89401,40.39133,MUNHALL GAS LLC,2907 HOMESTEAD DUQUESNE RD,15120,2907 HOMESTEAD DUQUESNE RD|15120,MUNHALL GAS LLC|2907 HOMESTEAD DUQUESNE RD|15120,2907 HOMESTEAD DUQUESNE RD,f9c699f079,True,False,MUNHALL,data.pa.gov,42003484600,False,False
ALLEGHENY,DELON JACOB,PITTSBURGH VENDING GROUP LLC,15046-5312,USA,02**6001,OTP Vending,2027-02-28,178 MCGOVERN BLVD,GLENWILLARD,PA,-80.23064,40.56608,PITTSBURGH VENDING GROUP LLC,178 MCGOVERN BLVD,15046,178 MCGOVERN BLVD|15046,PITTSBURGH VENDING GROUP LLC|178 MCGOVERN BLVD|15046,178 MCGOVERN BLVD,e635e2577d,False,True,GLENWILLARD,data.pa.gov,42003449000,False,False
ALLEGHENY,C6CO LLC,NICFIX VENDING,15101-1434,USA,02**5533,OTP Vending,2027-02-28,4361 WILLIAM FLYNN HWY,ALLISON PARK,PA,-79.95324,40.5796,NICFIX VENDING,4361 WILLIAM FLYNN HWY,15101,4361 WILLIAM FLYNN HWY|15101,NICFIX VENDING|4361 WILLIAM FLYNN HWY|15101,4361 WILLIAM FLYNN HWY,c63baf7dd2,False,True,ALLISON PARK,data.pa.gov,42003414102,False,False
ALLEGHENY,ROYAL INK LOUNGE,ROYAL INK LOUNGE,15203-1288,USA,02**5630,OTP Retail,2027-02-28,1205 E CARSON ST STE 1,PITTSBURGH,PA,-79.98612,40.42877,ROYAL INK LOUNGE,1205 E CARSON ST STE 1,15203,1205 E CARSON ST STE 1|15203,ROYAL INK LOUNGE|1205 E CARSON ST STE 1|15203,1205 E CARSON ST,43e0223e79,True,False,PITTSBURGH,data.pa.gov,42003170200,True,True
ALLEGHENY,KRISH C STORE INC,KRISH C STORE INC,15227-2005,USA,02**6467,Cigarette/OTP Retail,2027-02-28,2625 BROWNSVILLE RD,PITTSBURGH,PA,-79.99668,40.29216,KRISH C STORE INC,2625 BROWNSVILLE RD,15227,2625 BROWNSVILLE RD|15227,KRISH C STORE INC|2625 BROWNSVILLE RD|15227,2625 BROWNSVILLE RD,2c78f41f58,True,False,PITTSBURGH,data.pa.gov,42003490002,False,True
ALLEGHENY,CHEERS TO SUNSHINE INC,219 ATWOOD ST,15213-4001,USA,02**6471,Cigarette/OTP Retail,2027-02-28,219 ATWOOD ST,PITTSBURGH,PA,-79.95703,40.4406,219 ATWOOD ST,219 ATWOOD ST,15213,219 ATWOOD ST|15213,219 ATWOOD ST|219 ATWOOD ST|15213,219 ATWOOD ST,9d0e4f3680,True,False,PITTSBURGH,data.pa.gov,42003040500,True,True
ALLEGHENY,KRISH C STORE INC,KRISH C STORE INC,15221-3034,USA,02**6466,Cigarette/OTP Retail,2027-02-28,1105 FRANKLIN AVE,PITTSBURGH,PA,-79.8789,40.43892,KRISH C STORE INC,1105 FRANKLIN AVE,15221,1105 FRANKLIN AVE|15221,KRISH C STORE INC|1105 FRANKLIN AVE|15221,1105 FRANKLIN AVE,d715702ca3,True,False,PITTSBURGH,data.pa.gov,42003564700,False,True
ALLEGHENY,PA CARNEGIE INC,PA CARNEGIE INC,15106,USA,02**6475,Cigarette/OTP Retail,2027-02-28,2022 WASHINGTON PIKE,CARNEGIE,PA,-80.09016,40.38795,PA CARNEGIE INC,2022 WASHINGTON PIKE,15106,2022 WASHINGTON PIKE|15106,PA CARNEGIE INC|2022 WASHINGTON PIKE|15106,2022 WASHINGTON PIKE,1776d3e4c1,True,False,CARNEGIE,data.pa.gov,42003471000,False,False
ALLEGHENY,PA HARMARVILLE INC,PA HARMARVILLE INC,15238-1427,USA,02**6476,Cigarette/OTP Retail,2027-02-28,2601 FREEPORT RD,PITTSBURGH,PA,-79.84,40.53741,PA HARMARVILLE INC,2601 FREEPORT RD,15238,2601 FREEPORT RD|15238,PA HARMARVILLE INC|2601 FREEPORT RD|15238,2601 FREEPORT RD,eee7ce48f9,True,False,PITTSBURGH,data.pa.gov,42003419000,False,True
ALLEGHENY,CRAIG BEER INC,CRAIG BEER INC,15213-1210,USA,02**6008,Cigarette/OTP Retail,2027-02-28,314 N CRAIG ST,PITTSBURGH,PA,-79.95231,40.45235,CRAIG BEER INC,314 N CRAIG ST,15213,314 N CRAIG ST|15213,CRAIG BEER INC|314 N CRAIG ST|15213,314 N CRAIG ST,af526f5b4c,True,False,PITTSBURGH,data.pa.gov,42003562000,True,True
ALLEGHENY,TWB PITTSBURGH LLC,TOM'S WATCH BAR,15212-5845,USA,02**6011,OTP Retail,2027-02-28,271 N SHORE DR,PITTSBURGH,PA,-80.00871,40.44639,TOM'S WATCH BAR,271 N SHORE DR,15212,271 N SHORE DR|15212,TOM'S WATCH BAR|271 N SHORE DR|15212,271 N SHORE DR,b7bdffb651,True,False,PITTSBURGH,data.pa.gov,42003981200,True,True
ALLEGHENY,PEGGY S MARKET LLC,PEGGY S MARKET LLC,15120-1700,USA,02**4676,Cigarette/OTP Retail,2027-02-28,1518 MIFFLIN ST,HOMESTEAD,PA,-79.90331,40.40309,PEGGY S MARKET LLC,1518 MIFFLIN ST,15120,1518 MIFFLIN ST|15120,PEGGY S MARKET LLC|1518 MIFFLIN ST|15120,1518 MIFFLIN ST,d637337358,True,False,HOMESTEAD,data.pa.gov,42003483800,False,False
ALLEGHENY,PITTSBURGH NEWS INC,PITTSBURGH NEWS,15222-3102,USA,02**5625,Cigarette Retail,2027-02-28,208 6TH ST,PITTSBURGH,PA,-80.002,40.44235,PITTSBURGH NEWS,208 6TH ST,15222,208 6TH ST|15222,PITTSBURGH NEWS|208 6TH ST|15222,208 6TH ST,2f7a39a0e1,True,False,PITTSBURGH,data.pa.gov,42003020100,True,True
ALLEGHENY,BANWALA INC,BANWALA INC,15210-2147,USA,02**3041,Cigarette/OTP Retail,2027-02-28,226 BROWNSVILLE RD,PITTSBURGH,PA,-79.98751,40.41512,BANWALA INC,226 BROWNSVILLE RD,15210,226 BROWNSVILLE RD|15210,BANWALA INC|226 BROWNSVILLE RD|15210,226 BROWNSVILLE RD,df9ae6057e,True,False,PITTSBURGH,data.pa.gov,42003481000,False,True
ALLEGHENY,BROADWAY MARKET OF MCKEES ROCKS INC,BROADWAY MARKET OF MCKEES ROCKS INC,15136-3464,USA,02**2240,Cigarette/OTP Retail,2027-02-28,295 BROADWAY AVE,MC KEES ROCKS,PA,-80.0671,40.46769,BROADWAY MARKET OF MCKEES ROCKS INC,295 BROADWAY AVE,15136,295 BROADWAY AVE|15136,BROADWAY MARKET OF MCKEES ROCKS INC|295 BROADWAY AVE|15136,295 BROADWAY AVE,ea78b27e45,True,False,MC KEES ROCKS,data.pa.gov,42003463900,False,False
ALLEGHENY,WILLIAMS KEITH,BK MARKET,15221-2460,USA,02**7501,Cigarette Itinerant,2027-02-28,911 SWISSVALE AVE,PITTSBURGH,PA,-79.87789,40.44098,BK MARKET,911 SWISSVALE AVE,15221,911 SWISSVALE AVE|15221,BK MARKET|911 SWISSVALE AVE|15221,911 SWISSVALE AVE,0133710b64,False,True,PITTSBURGH,data.pa.gov,42003564700,False,True
ALLEGHENY,HAIR DESTINY SUPPLY INC,HAIR DESTINY SUPPLY INC,15235-1458,USA,02**5651,Cigarette/OTP Retail,2027-02-28,2786 ROBINSON BLVD,PITTSBURGH,PA,-79.86582,40.46021,HAIR DESTINY SUPPLY INC,2786 ROBINSON BLVD,15235,2786 ROBINSON BLVD|15235,HAIR DESTINY SUPPLY INC|2786 ROBINSON BLVD|15235,2786 ROBINSON BLVD,f92ca62e66,True,False,PITTSBURGH,data.pa.gov,42003523200,False,True
ALLEGHENY,SHIV OIL INC,BP CARNEGIE,15106-2751,USA,02**5654,Cigarette/OTP Retail,2027-02-28,365 E MAIN ST,CARNEGIE,PA,-80.08273,40.40998,BP CARNEGIE,365 E MAIN ST,15106,365 E MAIN ST|15106,BP CARNEGIE|365 E MAIN ST|15106,365 E MAIN ST,3ab651b28c,True,False,CARNEGIE,data.pa.gov,42003468700,False,False
ALLEGHENY,PA TARENTUMINC,PA TARENTUM INC,15084-1511,USA,02**6477,Cigarette/OTP Retail,2027-02-28,100 E 7TH AVE,TARENTUM,PA,-79.75679,40.60191,PA TARENTUM INC,100 E 7TH AVE,15084,100 E 7TH AVE|15084,PA TARENTUM INC|100 E 7TH AVE|15084,100 E 7TH AVE,47e88056bd,True,False,TARENTUM,data.pa.gov,42003403500,False,False
ALLEGHENY,TREND MARKET INC,TREND MARKET INC,15136-2367,USA,02**5655,Cigarette/OTP Retail,2027-02-28,711 BROADWAY AVE,MC KEES ROCKS,PA,-80.07366,40.47258,TREND MARKET INC,711 BROADWAY AVE,15136,711 BROADWAY AVE|15136,TREND MARKET INC|711 BROADWAY AVE|15136,711 BROADWAY AVE,c7e0aba9cb,True,False,MC KEES ROCKS,data.pa.gov,42003462600,False,False
ALLEGHENY,SEJAL AND SISTER LLC,SEJAL AND SISTER LLC,15236-2748,USA,02**9370,Cigarette/OTP Retail,2027-02-28,5150 CLAIRTON BLVD,PITTSBURGH,PA,-79.97194,40.34404,SEJAL AND SISTER LLC,5150 CLAIRTON BLVD,15236,5150 CLAIRTON BLVD|15236,SEJAL AND SISTER LLC|5150 CLAIRTON BLVD|15236,5150 CLAIRTON BLVD,9a3a6055ae,True,False,PITTSBURGH,data.pa.gov,42003480101,False,True
ALLEGHENY,MR VAPE SMOKE SHOP LLC,MR VAPE SMOKE SHOP,15226-2501,USA,02**5656,Cigarette/OTP Retail,2027-02-28,441 MCNEILLY RD,PITTSBURGH,PA,-80.01554,40.38317,MR VAPE SMOKE SHOP,441 MCNEILLY RD,15226,441 MCNEILLY RD|15226,MR VAPE SMOKE SHOP|441 MCNEILLY RD|15226,441 MCNEILLY RD,0d03dd5757,True,False,PITTSBURGH,data.pa.gov,42003479000,False,True
ALLEGHENY,JMR VENDING LLC,BACKDRAFT BAR AND GRILLE,15227-4165,USA,02**5139,Cigarette Vending,2027-02-28,3049 CHURCHVIEW AVE,PITTSBURGH,PA,-79.96771,40.38594,BACKDRAFT BAR AND GRILLE,3049 CHURCHVIEW AVE,15227,3049 CHURCHVIEW AVE|15227,BACKDRAFT BAR AND GRILLE|3049 CHURCHVIEW AVE|15227,3049 CHURCHVIEW AVE,8ba47bb0c3,False,True,PITTSBURGH,data.pa.gov,42003480300,False,True
ALLEGHENY,SEJAL AND SISTER LLC,B EXPRESS MART,15227-3116,USA,02**5450,Cigarette/OTP Retail,2027-02-28,3518 BROWNSVILLE RD,PITTSBURGH,PA,-79.97555,40.37444,B EXPRESS MART,3518 BROWNSVILLE RD,15227,3518 BROWNSVILLE RD|15227,B EXPRESS MART|3518 BROWNSVILLE RD|15227,3518 BROWNSVILLE RD,dcae70d533,True,False,PITTSBURGH,data.pa.gov,42003478100,False,True
ALLEGHENY,TRIDENT GROUPS INC,TRIDENT GROUPS INC,15137-1683,USA,02**5666,Cigarette/OTP Retail,2027-02-28,355 LINCOLN HWY NUM 20A,NORTH VERSAILLES,PA,-79.82252,40.3843,TRIDENT GROUPS INC,355 LINCOLN HWY NUM 20A,15137,355 LINCOLN HWY NUM 20A|15137,TRIDENT GROUPS INC|355 LINCOLN HWY NUM 20A|15137,355 LINCOLN HWY NUM 20A,80653252f3,True,False,NORTH VERSAILLES,data.pa.gov,42003504100,False,False
ALLEGHENY,6680 FRANKSTOWN INC,6680 FRANKSTOWN INC,15206-4112,USA,02**6488,Cigarette/OTP Retail,2027-02-28,6680 FRANKSTOWN AVE,PITTSBURGH,PA,-79.90852,40.45866,6680 FRANKSTOWN INC,6680 FRANKSTOWN AVE,15206,6680 FRANKSTOWN AVE|15206,6680 FRANKSTOWN INC|6680 FRANKSTOWN AVE|15206,6680 FRANKSTOWN AVE,8b63a479c2,True,False,PITTSBURGH,data.pa.gov,42003120900,True,True
ALLEGHENY,SMOKERSTOWN PITTSBURGH LLC,SMOKERSTOWN PITTSBURGH LLC,15213-1210,USA,02**5676,Cigarette Retail,2027-02-28,310 N CRAIG ST,PITTSBURGH,PA,-79.95226,40.45227,SMOKERSTOWN PITTSBURGH LLC,310 N CRAIG ST,15213,310 N CRAIG ST|15213,SMOKERSTOWN PITTSBURGH LLC|310 N CRAIG ST|15213,310 N CRAIG ST,742f836ed5,True,False,PITTSBURGH,data.pa.gov,42003562000,True,True
ALLEGHENY,CIGGYS TOBACCO DELMONT LLC,CIGGYS TOBACCO BEECHVIEW,15216-3271,USA,02**4579,Cigarette/OTP Retail,2027-02-28,1665 BROADWAY AVE,PITTSBURGH,PA,-80.02466,40.40885,CIGGYS TOBACCO BEECHVIEW,1665 BROADWAY AVE,15216,1665 BROADWAY AVE|15216,CIGGYS TOBACCO BEECHVIEW|1665 BROADWAY AVE|15216,1665 BROADWAY AVE,761791b1ea,True,False,PITTSBURGH,data.pa.gov,42003192000,True,True
ALLEGHENY,SK & IM INC,VALERO,15233-1407,USA,02**5767,Cigarette/OTP Retail,2027-02-28,820 PENNSYLVANIA AVE,PITTSBURGH,PA,-80.01611,40.45621,VALERO,820 PENNSYLVANIA AVE,15233,820 PENNSYLVANIA AVE|15233,VALERO|820 PENNSYLVANIA AVE|15233,820 PENNSYLVANIA AVE,65de38d620,True,False,PITTSBURGH,data.pa.gov,42003565200,True,True
ALLEGHENY,BM CENTER CONVENIENCE INC,100 CENTER AVENUE,15229-1900,USA,02**5665,Cigarette/OTP Retail,2027-02-28,100 CENTER AVE,WEST VIEW,PA,-80.0275,40.51147,100 CENTER AVENUE,100 CENTER AVE,15229,100 CENTER AVE|15229,100 CENTER AVENUE|100 CENTER AVE|15229,100 CENTER AVE,fbd8ec0232,True,False,WEST VIEW,data.pa.gov,42003430100,False,False
ALLEGHENY,GEMINI BEVERAGE LLC,PERRY'S BEER & TOBACCO,15237-2071,USA,02**2315,Cigarette/OTP Retail,2027-02-28,7919 PERRY HWY,PITTSBURGH,PA,-80.03798,40.5524,PERRY'S BEER & TOBACCO,7919 PERRY HWY,15237,7919 PERRY HWY|15237,PERRY'S BEER & TOBACCO|7919 PERRY HWY|15237,7919 PERRY HWY,e28f6b9c2d,True,False,PITTSBURGH,data.pa.gov,42003429300,False,True
ALLEGHENY,PK MART & ASIAN GROCERY LLC,3406 SAW MILL RUN,15227-2718,USA,02**5728,Cigarette/OTP Retail,2027-02-28,3404 SAW MILL RUN BLVD,PITTSBURGH,PA,-79.98257,40.37368,3406 SAW MILL RUN,3404 SAW MILL RUN BLVD,15227,3404 SAW MILL RUN BLVD|15227,3406 SAW MILL RUN|3404 SAW MILL RUN BLVD|15227,3404 SAW MILL RUN BLVD,e513d964af,True,False,PITTSBURGH,data.pa.gov,42003478100,False,True
ALLEGHENY,A STICK ON THE ROX,A STICK ON THE ROX,15136-3822,USA,02**5683,Cigarette/OTP Retail,2027-02-28,506 CHARTIERS AVE STE R,MC KEES ROCKS,PA,-80.05901,40.46486,A STICK ON THE ROX,506 CHARTIERS AVE STE R,15136,506 CHARTIERS AVE STE R|15136,A STICK ON THE ROX|506 CHARTIERS AVE STE R|15136,506 CHARTIERS AVE,f98a6f3a3e,True,False,MC KEES ROCKS,data.pa.gov,42003464400,False,False
ALLEGHENY,SMOKERSTOWN PITTSBURGH LLC,SMOKERSTOWN PITTSBURGH LLC,15213-1210,USA,02**5677,OTP Retail,2027-02-28,310 N CRAIG ST,PITTSBURGH,PA,-79.95226,40.45227,SMOKERSTOWN PITTSBURGH LLC,310 N CRAIG ST,15213,310 N CRAIG ST|15213,SMOKERSTOWN PITTSBURGH LLC|310 N CRAIG ST|15213,310 N CRAIG ST,bb15328b48,True,False,PITTSBURGH,data.pa.gov,42003562000,True,True
ALLEGHENY,PA GREENTREE INC,PA GREENTREE INC,15220-3304,USA,02**6487,Cigarette/OTP Retail,2027-02-28,956 GREENTREE RD,PITTSBURGH,PA,-80.04625,40.4198,PA GREENTREE INC,956 GREENTREE RD,15220,956 GREENTREE RD|15220,PA GREENTREE INC|956 GREENTREE RD|15220,956 GREENTREE RD,3e1f0d7ef2,True,False,PITTSBURGH,data.pa.gov,42003469000,False,True
ALLEGHENY,APEX GLOBAL  SERVICES INC,APEX GLOBAL SERVICES INC,15132-3202,USA,02**3020,Cigarette/OTP Retail,2027-02-28,2622 BOWMAN AVE,MCKEESPORT,PA,-79.83509,40.35806,APEX GLOBAL SERVICES INC,2622 BOWMAN AVE,15132,2622 BOWMAN AVE|15132,APEX GLOBAL SERVICES INC|2622 BOWMAN AVE|15132,2622 BOWMAN AVE,b94d97056f,True,False,MCKEESPORT,data.pa.gov,42003551900,False,False
ALLEGHENY,2699 MONROEVILLE INC,2699 MONROEVILLE INC,15146-3314,USA,02**6490,Cigarette/OTP Retail,2027-02-28,2699 MOSSIDE BLVD,MONROEVILLE,PA,-79.75304,40.43352,2699 MONROEVILLE INC,2699 MOSSIDE BLVD,15146,2699 MOSSIDE BLVD|15146,2699 MONROEVILLE INC|2699 MOSSIDE BLVD|15146,2699 MOSSIDE BLVD,0c3f1f4c88,True,False,MONROEVILLE,data.pa.gov,42003521301,False,False
ALLEGHENY,NEIGHBOURHOOD HUB LLC,NEIGHBOURHOOD HUB LLC,15210-2249,USA,02**6493,Cigarette/OTP Retail,2027-02-28,300 BROWNSVILLE RD,PITTSBURGH,PA,-79.98813,40.41419,NEIGHBOURHOOD HUB LLC,300 BROWNSVILLE RD,15210,300 BROWNSVILLE RD|15210,NEIGHBOURHOOD HUB LLC|300 BROWNSVILLE RD|15210,300 BROWNSVILLE RD,13ece32b61,True,False,PITTSBURGH,data.pa.gov,42003481000,False,True
ALLEGHENY,PA OAKDALE INC,PA OAKDALE INC,15071-4002,USA,02**6486,Cigarette/OTP Retail,2027-02-28,150 ROUTE 30,OAKDALE,PA,-80.23873,40.44084,PA OAKDALE INC,150 ROUTE 30,15071,150 ROUTE 30|15071,PA OAKDALE INC|150 ROUTE 30|15071,150 ROUTE 30,426d1aa256,True,False,OAKDALE,data.pa.gov,42003453003,False,False
ALLEGHENY,4010 PENN AVENUE INC,4010 PENN AVENUE INC,15224-1304,USA,02**6489,Cigarette/OTP Retail,2027-02-28,4010 PENN AVE,PITTSBURGH,PA,-79.95753,40.46524,4010 PENN AVENUE INC,4010 PENN AVE,15224,4010 PENN AVE|15224,4010 PENN AVENUE INC|4010 PENN AVE|15224,4010 PENN AVE,8bdffcf068,True,False,PITTSBURGH,data.pa.gov,42003090300,True,True
ALLEGHENY,FRENCHI'S DELI INC,FRENCHIS DELI,15213-4132,USA,02**6061,Cigarette/OTP Retail,2027-02-28,449 ATWOOD ST,PITTSBURGH,PA,-79.95272,40.43716,FRENCHIS DELI,449 ATWOOD ST,15213,449 ATWOOD ST|15213,FRENCHIS DELI|449 ATWOOD ST|15213,449 ATWOOD ST,354ac58ced,True,False,PITTSBURGH,data.pa.gov,42003040600,True,True
ALLEGHENY,BOSS MARKET LLC,BOSS MARKET,15132-5032,USA,02**5401,Cigarette/OTP Retail,2027-02-28,2418 JENNY LIND ST,MCKEESPORT,PA,-79.84746,40.33875,BOSS MARKET,2418 JENNY LIND ST,15132,2418 JENNY LIND ST|15132,BOSS MARKET|2418 JENNY LIND ST|15132,2418 JENNY LIND ST,0534a2660c,True,False,MCKEESPORT,data.pa.gov,42003552300,False,False
ALLEGHENY,WARRINGTON BEER LLC,WARRINGTON BEER LLC,15210-1560,USA,02**4244,Cigarette/OTP Retail,2027-02-28,812 E WARRINGTON AVE,PITTSBURGH,PA,-79.99319,40.42182,WARRINGTON BEER LLC,812 E WARRINGTON AVE,15210,812 E WARRINGTON AVE|15210,WARRINGTON BEER LLC|812 E WARRINGTON AVE|15210,812 E WARRINGTON AVE,759b3734bf,True,False,PITTSBURGH,data.pa.gov,42003180300,True,True
ALLEGHENY,BRIGHT DAY AND SUNKISSED INC,223 ATWOOD ST,15213-4001,USA,02**6495,Cigarette/OTP Retail,2027-02-28,223 ATWOOD ST,PITTSBURGH,PA,-79.95696,40.44054,223 ATWOOD ST,223 ATWOOD ST,15213,223 ATWOOD ST|15213,223 ATWOOD ST|223 ATWOOD ST|15213,223 ATWOOD ST,f1f379d1cf,True,False,PITTSBURGH,data.pa.gov,42003040500,True,True
ALLEGHENY,412 SMOKE SHOP INC,6132 SALTSBURG ROAD,15147-3524,USA,02**6508,OTP Retail,2027-02-28,6132 SALTSBURG RD,VERONA,PA,-79.81846,40.48444,6132 SALTSBURG ROAD,6132 SALTSBURG RD,15147,6132 SALTSBURG RD|15147,6132 SALTSBURG ROAD|6132 SALTSBURG RD|15147,6132 SALTSBURG RD,06c6a765ba,True,False,VERONA,data.pa.gov,42003523501,False,False
ALLEGHENY,NIX SIX INC,NIX SIX,15132-6100,USA,02**0951,Cigarette Retail,2027-02-28,4313 WALNUT ST,MCKEESPORT,PA,-79.83486,40.32153,NIX SIX,4313 WALNUT ST,15132,4313 WALNUT ST|15132,NIX SIX|4313 WALNUT ST|15132,4313 WALNUT ST,5016c1fb8c,True,False,MCKEESPORT,data.pa.gov,42003501000,False,False
ALLEGHENY,SMOKE WORLD BABCOCK 1 LLC,SMOKE WORLD BABCOCK 1 LLC,15237-2811,USA,02**6074,Cigarette Retail,2027-02-28,3274 BABCOCK BLVD,PITTSBURGH,PA,-80.01787,40.52967,SMOKE WORLD BABCOCK 1 LLC,3274 BABCOCK BLVD,15237,3274 BABCOCK BLVD|15237,SMOKE WORLD BABCOCK 1 LLC|3274 BABCOCK BLVD|15237,3274 BABCOCK BLVD,825a9c29e2,True,False,PITTSBURGH,data.pa.gov,42003429500,False,True
ALLEGHENY,SMOKE WORLD BABCOCK 1 LLC,SMOKE WORLD BABCOCK 1 LLC,15237-2811,USA,02**6075,OTP Retail,2027-02-28,3274 BABCOCK BLVD,PITTSBURGH,PA,-80.01787,40.52967,SMOKE WORLD BABCOCK 1 LLC,3274 BABCOCK BLVD,15237,3274 BABCOCK BLVD|15237,SMOKE WORLD BABCOCK 1 LLC|3274 BABCOCK BLVD|15237,3274 BABCOCK BLVD,96ff9919a0,True,False,PITTSBURGH,data.pa.gov,42003429500,False,True
ALLEGHENY,GREEN BOYS SMOKE SHOP LLC,GREEN BOYS SMOKE SHOP LLC,15222-3787,USA,02**6514,Cigarette/OTP Retail,2027-02-28,808 LIBERTY AVE STE 2,PITTSBURGH,PA,-79.99886,40.44272,GREEN BOYS SMOKE SHOP LLC,808 LIBERTY AVE STE 2,15222,808 LIBERTY AVE STE 2|15222,GREEN BOYS SMOKE SHOP LLC|808 LIBERTY AVE STE 2|15222,808 LIBERTY AVE,265a10ead6,True,False,PITTSBURGH,data.pa.gov,42003020100,True,True
ALLEGHENY,GATES OF HE11 EXOTICS,GATES OF HE11 WELLNESS N LYFESTYLE BOUTIQUE,15210-4291,USA,02**6090,Cigarette/OTP Retail,2027-02-28,2020 BROWNSVILLE RD STE 1,PITTSBURGH,PA,-79.99645,40.30605,GATES OF HE11 WELLNESS N LYFESTYLE BOUTIQUE,2020 BROWNSVILLE RD STE 1,15210,2020 BROWNSVILLE RD STE 1|15210,GATES OF HE11 WELLNESS N LYFESTYLE BOUTIQUE|2020 BROWNSVILLE RD STE 1|15210,2020 BROWNSVILLE RD,29f6f3dede,True,False,PITTSBURGH,data.pa.gov,42003490002,False,True
ALLEGHENY,CLOUD 9 10 LLC,CLOUD 9 10 LLC,15237-3516,USA,02**6082,Cigarette/OTP Retail,2027-02-28,7500 MCKNIGHT RD,PITTSBURGH,PA,-80.01359,40.54278,CLOUD 9 10 LLC,7500 MCKNIGHT RD,15237,7500 MCKNIGHT RD|15237,CLOUD 9 10 LLC|7500 MCKNIGHT RD|15237,7500 MCKNIGHT RD,67076a63e0,True,False,PITTSBURGH,data.pa.gov,42003429201,False,True
ALLEGHENY,CLOUD 9 10 LLC,CLOUD 9 10 LLC 2,15146-2383,USA,02**6083,Cigarette/OTP Retail,2027-02-28,2525 MONROEVILLE BLVD,MONROEVILLE,PA,-79.78842,40.42774,CLOUD 9 10 LLC 2,2525 MONROEVILLE BLVD,15146,2525 MONROEVILLE BLVD|15146,CLOUD 9 10 LLC 2|2525 MONROEVILLE BLVD|15146,2525 MONROEVILLE BLVD,68ae04a31a,True,False,MONROEVILLE,data.pa.gov,42003521200,False,False
ALLEGHENY,M&V BUILDX LLC,ORA SMOKE,15218-2495,USA,02**6079,Cigarette/OTP Retail,2027-02-28,1908 MONONGAHELA AVE STE A,PITTSBURGH,PA,-79.8902,40.42161,ORA SMOKE,1908 MONONGAHELA AVE STE A,15218,1908 MONONGAHELA AVE STE A|15218,ORA SMOKE|1908 MONONGAHELA AVE STE A|15218,1908 MONONGAHELA AVE,bf9fd1e4ae,True,False,PITTSBURGH,data.pa.gov,42003515300,False,True
ALLEGHENY,VAPE CITY INC,VAPE CITY INC,15227-2716,USA,02**1258,Cigarette/OTP Retail,2027-02-28,3300 SAW MILL RUN BLVD,PITTSBURGH,PA,-79.98356,40.3754,VAPE CITY INC,3300 SAW MILL RUN BLVD,15227,3300 SAW MILL RUN BLVD|15227,VAPE CITY INC|3300 SAW MILL RUN BLVD|15227,3300 SAW MILL RUN BLVD,f0aec0932c,True,False,PITTSBURGH,data.pa.gov,42003478100,False,True
ALLEGHENY,C6CO LLC,THUNDERBIRD CAFE & MUSIC HALL,15201-3224,USA,02**5533,OTP Vending,2027-02-28,4053 BUTLER ST,PITTSBURGH,PA,-79.96153,40.46933,THUNDERBIRD CAFE & MUSIC HALL,4053 BUTLER ST,15201,4053 BUTLER ST|15201,THUNDERBIRD CAFE & MUSIC HALL|4053 BUTLER ST|15201,4053 BUTLER ST,486a797ebf,False,True,PITTSBURGH,data.pa.gov,42003090100,True,True
ALLEGHENY,CLOUD 9 3 SMOKE &VAPE LLC,CLOUD 9 3 SMOKE &VAPE LLC,15116-1739,USA,02**6114,Cigarette/OTP Retail,2027-02-28,1736 WILLIAM FLINN HWY,GLENSHAW,PA,-79.96168,40.5393,CLOUD 9 3 SMOKE &VAPE LLC,1736 WILLIAM FLINN HWY,15116,1736 WILLIAM FLINN HWY|15116,CLOUD 9 3 SMOKE &VAPE LLC|1736 WILLIAM FLINN HWY|15116,1736 WILLIAM FLINN HWY,7eb3858eac,True,False,GLENSHAW,data.pa.gov,42003426800,False,False
ALLEGHENY,AWAN INC,AWAN INC,15146-2358,USA,02**2239,Cigarette/OTP Retail,2027-02-28,2526 MONROEVILLE BLVD,MONROEVILLE,PA,-79.78779,40.42685,AWAN INC,2526 MONROEVILLE BLVD,15146,2526 MONROEVILLE BLVD|15146,AWAN INC|2526 MONROEVILLE BLVD|15146,2526 MONROEVILLE BLVD,63b63ae090,True,False,MONROEVILLE,data.pa.gov,42003521302,False,False
ALLEGHENY,PITA LAND INC,PITALAND INC,15226-2004,USA,02**7371,OTP Retail,2027-02-28,620 BROOKLINE BLVD,PITTSBURGH,PA,-80.02181,40.39508,PITALAND INC,620 BROOKLINE BLVD,15226,620 BROOKLINE BLVD|15226,PITALAND INC|620 BROOKLINE BLVD|15226,620 BROOKLINE BLVD,f29849a0c3,True,False,PITTSBURGH,data.pa.gov,42003191900,True,True
ALLEGHENY,CONVENIENCE UNITED LLC,CARSON MINI MART,15203-1288,USA,02**6524,Cigarette/OTP Retail,2027-02-28,1205 E CARSON ST STE 1,PITTSBURGH,PA,-79.98612,40.42877,CARSON MINI MART,1205 E CARSON ST STE 1,15203,1205 E CARSON ST STE 1|15203,CARSON MINI MART|1205 E CARSON ST STE 1|15203,1205 E CARSON ST,8ef4d77581,True,False,PITTSBURGH,data.pa.gov,42003170200,True,True
ALLEGHENY,CITY MINI MART,CITY MINI MART,15025-1765,USA,02**6526,Cigarette/OTP Retail,2027-02-28,570 MILLER AVE,CLAIRTON,PA,-79.88335,40.29277,CITY MINI MART,570 MILLER AVE,15025,570 MILLER AVE|15025,CITY MINI MART|570 MILLER AVE|15025,570 MILLER AVE,b9bda8b5ce,True,False,CLAIRTON,data.pa.gov,42003492800,False,False
ALLEGHENY,B & M MARKET LLC,B&M MARKET LLC,15204-2260,USA,02**3021,Cigarette Retail,2027-02-28,3038 CHARTIERS AVE,PITTSBURGH,PA,-80.0597,40.45394,B&M MARKET LLC,3038 CHARTIERS AVE,15204,3038 CHARTIERS AVE|15204,B&M MARKET LLC|3038 CHARTIERS AVE|15204,3038 CHARTIERS AVE,a06aadf6be,True,False,PITTSBURGH,data.pa.gov,42003202200,True,True
ALLEGHENY,AMMART INC,AMMART INC,15140-1320,USA,02**6118,Cigarette/OTP Retail,2027-02-28,417 WALL AVE # 1320,PITCAIRN,PA,-79.78054,40.40389,AMMART INC,417 WALL AVE # 1320,15140,417 WALL AVE # 1320|15140,AMMART INC|417 WALL AVE # 1320|15140,417 WALL AVE 1320,06eb2ea026,True,False,PITCAIRN,data.pa.gov,42003522000,False,False
ALLEGHENY,EMILY HALLENCREUTZ LLC,MEADOWCROFT,15228-1409,USA,02**6119,Cigarette/OTP Retail,2027-02-28,447 S MEADOWCROFT AVE,PITTSBURGH,PA,-80.04584,40.38523,MEADOWCROFT,447 S MEADOWCROFT AVE,15228,447 S MEADOWCROFT AVE|15228,MEADOWCROFT|447 S MEADOWCROFT AVE|15228,447 S MEADOWCROFT AVE,4282b5af63,True,False,PITTSBURGH,data.pa.gov,42003473200,False,True
ALLEGHENY,CLOUD 9 A SMOKE &VAPE LLC,CLOUD 9 A SMOKE &VAPE LLC,15237-3515,USA,02**6125,Cigarette/OTP Retail,2027-02-28,7599 MCKNIGHT RD,PITTSBURGH,PA,-80.0149,40.54391,CLOUD 9 A SMOKE &VAPE LLC,7599 MCKNIGHT RD,15237,7599 MCKNIGHT RD|15237,CLOUD 9 A SMOKE &VAPE LLC|7599 MCKNIGHT RD|15237,7599 MCKNIGHT RD,6b17b1f954,True,False,PITTSBURGH,data.pa.gov,42003429500,False,True
ALLEGHENY,TOBACCO AND VAPE MCKNIGHT LLC,TOBACCO AND VAPE MCKNIGHT LLC,15237-3441,USA,02**6130,OTP Retail,2027-02-28,4864 MCKNIGHT RD,PITTSBURGH,PA,-80.00834,40.52943,TOBACCO AND VAPE MCKNIGHT LLC,4864 MCKNIGHT RD,15237,4864 MCKNIGHT RD|15237,TOBACCO AND VAPE MCKNIGHT LLC|4864 MCKNIGHT RD|15237,4864 MCKNIGHT RD,9dcd4a60fb,True,False,PITTSBURGH,data.pa.gov,42003429202,False,True
ALLEGHENY,PUFF VENDING LLC,BURGH'S PIZZA & WING PUB,15017-2072,USA,63**5851,OTP Vending,2027-02-28,533 WASHINGTON AVE,BRIDGEVILLE,PA,-80.11261,40.35757,BURGH'S PIZZA & WING PUB,533 WASHINGTON AVE,15017,533 WASHINGTON AVE|15017,BURGH'S PIZZA & WING PUB|533 WASHINGTON AVE|15017,533 WASHINGTON AVE,189d9ce36e,False,True,BRIDGEVILLE,data.pa.gov,42003457100,False,False
ALLEGHENY,EXOTIC A 1 SMOKE &VAPE LLC,EXOTIC A 1 SMOKE &VAPE LLC,15137-1530,USA,02**6134,Cigarette/OTP Retail,2027-02-28,110 WALMART DR # B,NORTH VERSAILLES,PA,-79.82273,40.3859,EXOTIC A 1 SMOKE &VAPE LLC,110 WALMART DR # B,15137,110 WALMART DR # B|15137,EXOTIC A 1 SMOKE &VAPE LLC|110 WALMART DR # B|15137,110 WALMART DR B,96e49e176c,True,False,NORTH VERSAILLES,data.pa.gov,42003504100,False,False
ALLEGHENY,C6CO LLC,NEW AMSTERDAM,15201-3011,USA,02**5533,OTP Vending,2027-02-28,4421 BUTLER ST,PITTSBURGH,PA,-79.95934,40.47207,NEW AMSTERDAM,4421 BUTLER ST,15201,4421 BUTLER ST|15201,NEW AMSTERDAM|4421 BUTLER ST|15201,4421 BUTLER ST,633881a701,False,True,PITTSBURGH,data.pa.gov,42003090200,True,True
ALLEGHENY,RIN TIN TIM INC,JEFFERSON HIDEAWAY,15235-4737,USA,02**0990,Cigarette Retail,2027-02-28,1172 JEFFERSON HEIGHTS RD,PITTSBURGH,PA,-79.81319,40.44462,JEFFERSON HIDEAWAY,1172 JEFFERSON HEIGHTS RD,15235,1172 JEFFERSON HEIGHTS RD|15235,JEFFERSON HIDEAWAY|1172 JEFFERSON HEIGHTS RD|15235,1172 JEFFERSON HEIGHTS RD,dde8bfa3f4,True,False,PITTSBURGH,data.pa.gov,42003523600,False,True
ALLEGHENY,S & H UNITED LLC,S & H UNITED LLC,15133-2717,USA,02**6581,Cigarette/OTP Retail,2027-02-28,2929 LIBERTY WAY,MCKEESPORT,PA,-79.85662,40.32526,S & H UNITED LLC,2929 LIBERTY WAY,15133,2929 LIBERTY WAY|15133,S & H UNITED LLC|2929 LIBERTY WAY|15133,2929 LIBERTY WAY,5bedd8ae93,True,False,MCKEESPORT,data.pa.gov,42003498000,False,False
ALLEGHENY,C6CO LLC,HAROLD'S HAUNT,15209-2673,USA,02**5533,OTP Vending,2027-02-28,142 GRANT AVE,MILLVALE,PA,-79.97072,40.47859,HAROLD'S HAUNT,142 GRANT AVE,15209,142 GRANT AVE|15209,HAROLD'S HAUNT|142 GRANT AVE|15209,142 GRANT AVE,b571b696b5,False,True,MILLVALE,data.pa.gov,42003427000,False,False
ALLEGHENY,SCV STEEL CITY VIBE LLC,SCV STEEL CITY VIBE,15221-1828,USA,02**6150,Cigarette/OTP Retail,2027-02-28,1574 PARK AVE,PITTSBURGH,PA,-79.87152,40.44579,SCV STEEL CITY VIBE,1574 PARK AVE,15221,1574 PARK AVE|15221,SCV STEEL CITY VIBE|1574 PARK AVE|15221,1574 PARK AVE,683274ce2b,True,False,PITTSBURGH,data.pa.gov,42003561500,False,True
ALLEGHENY,BOTR RSW PENN HILLS LLC,BOTR RSW PENN HILLS LLC,15216-1808,USA,02**6597,Cigarette/OTP Retail,2027-02-28,1573 MCFARLAND RD,PITTSBURGH,PA,-80.04578,40.39313,BOTR RSW PENN HILLS LLC,1573 MCFARLAND RD,15216,1573 MCFARLAND RD|15216,BOTR RSW PENN HILLS LLC|1573 MCFARLAND RD|15216,1573 MCFARLAND RD,bbe74cd096,True,False,PITTSBURGH,data.pa.gov,42003473100,False,True
ALLEGHENY,PUFF VENDING LLC,MUGSHOTS CAFE,15205-2336,USA,63**5851,OTP Vending,2027-02-28,25 WALSH RD,PITTSBURGH,PA,-80.07095,40.4397,MUGSHOTS CAFE,25 WALSH RD,15205,25 WALSH RD|15205,MUGSHOTS CAFE|25 WALSH RD|15205,25 WALSH RD,f88c161760,False,True,PITTSBURGH,data.pa.gov,42003465600,False,True
ALLEGHENY,HAPPY SMOKE BRADDOCK LLC,HAPPY SMOKE BRADDOCK LLC,15218-1865,USA,02**6591,Cigarette Retail,2027-02-28,1731 S BRADDOCK AVE UNIT 110,PITTSBURGH,PA,-79.88675,40.4266,HAPPY SMOKE BRADDOCK LLC,1731 S BRADDOCK AVE UNIT 110,15218,1731 S BRADDOCK AVE UNIT 110|15218,HAPPY SMOKE BRADDOCK LLC|1731 S BRADDOCK AVE UNIT 110|15218,1731 S BRADDOCK AVE,86ce607deb,True,False,PITTSBURGH,data.pa.gov,42003516100,False,True
ALLEGHENY,HAPPY SMOKE BRADDOCK LLC,HAPPY SMOKE BRADDOCK LLC,15218-1865,USA,02**6592,OTP Retail,2027-02-28,1731 S BRADDOCK AVE UNIT 110,PITTSBURGH,PA,-79.88675,40.4266,HAPPY SMOKE BRADDOCK LLC,1731 S BRADDOCK AVE UNIT 110,15218,1731 S BRADDOCK AVE UNIT 110|15218,HAPPY SMOKE BRADDOCK LLC|1731 S BRADDOCK AVE UNIT 110|15218,1731 S BRADDOCK AVE,b1ff199878,True,False,PITTSBURGH,data.pa.gov,42003516100,False,True
ALLEGHENY,CLOUD 9 SMOKE & TOBACCO SHOP 2 LLC,STORE,15137-1667,USA,02**6161,Cigarette/OTP Retail,2027-02-28,1734 GREENSBURG AVE,NORTH VERSAILLES,PA,-79.82165,40.38687,STORE,1734 GREENSBURG AVE,15137,1734 GREENSBURG AVE|15137,STORE|1734 GREENSBURG AVE|15137,1734 GREENSBURG AVE,3a16bb6cc8,True,False,NORTH VERSAILLES,data.pa.gov,42003504100,False,False
ALLEGHENY,SHINE BRIGHT ENTERPRISE LLC,BP BETHEL PARK,15102-1111,USA,02**3380,Cigarette Retail,2027-02-28,3405 S PARK RD,BETHEL PARK,PA,-80.05717,40.32155,BP BETHEL PARK,3405 S PARK RD,15102,3405 S PARK RD|15102,BP BETHEL PARK|3405 S PARK RD|15102,3405 S PARK RD,0b3c52b53b,True,False,BETHEL PARK,data.pa.gov,42003475200,False,False
ALLEGHENY,FANTASY MARKET LLC,FANTASY MARKET LLC,15213-3304,USA,02**6175,Cigarette/OTP Retail,2027-02-28,226 MEYRAN AVE,PITTSBURGH,PA,-79.95739,40.43981,FANTASY MARKET LLC,226 MEYRAN AVE,15213,226 MEYRAN AVE|15213,FANTASY MARKET LLC|226 MEYRAN AVE|15213,226 MEYRAN AVE,34108c1b94,True,False,PITTSBURGH,data.pa.gov,42003040500,True,True
ALLEGHENY,VBD VENDING LLC,CORY CLIPZ,15057-2635,USA,02**6180,OTP Vending,2027-02-28,1301 OAKRIDGE RD,MC DONALD,PA,-80.14187,40.36932,CORY CLIPZ,1301 OAKRIDGE RD,15057,1301 OAKRIDGE RD|15057,CORY CLIPZ|1301 OAKRIDGE RD|15057,1301 OAKRIDGE RD,289ef149c5,False,True,MC DONALD,data.pa.gov,42003456001,False,False
ALLEGHENY,SHINE BRIGHT ENTERPRISE LLC,BP MILLVALE,15209-1903,USA,02**3379,Cigarette Retail,2027-02-28,1001 EVERGREEN AVE,MILLVALE,PA,-79.97174,40.4907,BP MILLVALE,1001 EVERGREEN AVE,15209,1001 EVERGREEN AVE|15209,BP MILLVALE|1001 EVERGREEN AVE|15209,1001 EVERGREEN AVE,2faf2421ce,True,False,MILLVALE,data.pa.gov,42003427000,False,False
ALLEGHENY,BEER KING GT INC,BEER KING GT,15120-1515,USA,02**6156,Cigarette/OTP Retail,2027-02-28,201 E 8TH AVE,HOMESTEAD,PA,-79.91067,40.40713,BEER KING GT,201 E 8TH AVE,15120,201 E 8TH AVE|15120,BEER KING GT|201 E 8TH AVE|15120,201 E 8TH AVE,0b0a2ac0ce,True,False,HOMESTEAD,data.pa.gov,42003483800,False,False
ALLEGHENY,VBD VENDING LLC,CORY CLIPZ,15057-2635,USA,02**6179,OTP Retail,2027-02-28,1301 OAKRIDGE RD,MC DONALD,PA,-80.14187,40.36932,CORY CLIPZ,1301 OAKRIDGE RD,15057,1301 OAKRIDGE RD|15057,CORY CLIPZ|1301 OAKRIDGE RD|15057,1301 OAKRIDGE RD,39ba68b48f,True,False,MC DONALD,data.pa.gov,42003456001,False,False
ALLEGHENY,JONES EAST COAST ENTERPRISES LLC,BEST BUDS,15235-3337,USA,02**3052,OTP Retail,2027-02-28,230 RODI RD STE 416,PITTSBURGH,PA,-79.82522,40.46225,BEST BUDS,230 RODI RD STE 416,15235,230 RODI RD STE 416|15235,BEST BUDS|230 RODI RD STE 416|15235,230 RODI RD,a4e0029542,True,False,PITTSBURGH,data.pa.gov,42003523400,False,True
ALLEGHENY,PANZA SUPPLY LLC,PANZA SUPPLY,15024-9453,USA,02**6623,Cigarette/OTP Retail,2027-02-28,553 GUYS RUN RD,CHESWICK,PA,-79.85838,40.55049,PANZA SUPPLY,553 GUYS RUN RD,15024,553 GUYS RUN RD|15024,PANZA SUPPLY|553 GUYS RUN RD|15024,553 GUYS RUN RD,17c75d1fde,True,False,CHESWICK,data.pa.gov,42003419000,False,False
ALLEGHENY,7-ELEVEN INC,7-ELEVEN STORE 36158H,15122-2604,USA,02**6630,Cigarette/OTP Retail,2027-02-28,321 CAMP HOLLOW RD,WEST MIFFLIN,PA,-79.92674,40.34912,7-ELEVEN STORE 36158H,321 CAMP HOLLOW RD,15122,321 CAMP HOLLOW RD|15122,7-ELEVEN STORE 36158H|321 CAMP HOLLOW RD|15122,321 CAMP HOLLOW RD,f9360367de,True,False,WEST MIFFLIN,data.pa.gov,42003488600,False,False
ALLEGHENY,TJV VENDING LLC,JACKSONS,15017-3639,USA,02**6182,OTP Vending,2027-02-28,8904 BELLA DANYELLE CT,BRIDGEVILLE,PA,-80.15857,40.33948,JACKSONS,8904 BELLA DANYELLE CT,15017,8904 BELLA DANYELLE CT|15017,JACKSONS|8904 BELLA DANYELLE CT|15017,8904 BELLA DANYELLE CT,ddda20a6c0,False,True,BRIDGEVILLE,data.pa.gov,42003456003,False,False
ALLEGHENY,SAVE N GO INCORPORATED,SAVE N GO,15146-1441,USA,02**6633,Cigarette/OTP Retail,2027-02-28,4380 OLD WILLIAM PENN HWY,MONROEVILLE,PA,-79.76805,40.44396,SAVE N GO,4380 OLD WILLIAM PENN HWY,15146,4380 OLD WILLIAM PENN HWY|15146,SAVE N GO|4380 OLD WILLIAM PENN HWY|15146,4380 OLD WILLIAM PENN HWY,df2ddb5e89,True,False,MONROEVILLE,data.pa.gov,42003521200,False,False
ALLEGHENY,SAVE N GO INCORPORATED,SAVE N GO,15146-3712,USA,02**6632,Cigarette/OTP Retail,2027-02-28,4830 WILLIAM PENN HWY,MONROEVILLE,PA,-79.72091,40.42738,SAVE N GO,4830 WILLIAM PENN HWY,15146,4830 WILLIAM PENN HWY|15146,SAVE N GO|4830 WILLIAM PENN HWY|15146,4830 WILLIAM PENN HWY,5b9cb3b856,True,False,MONROEVILLE,data.pa.gov,42003521401,False,False
ALLEGHENY,BLACK SHEEP VENDING COMPANY,HOME,15224-1455,USA,02**6646,Cigarette Vending,2027-02-28,4053 MINTWOOD ST,PITTSBURGH,PA,-79.95568,40.46477,HOME,4053 MINTWOOD ST,15224,4053 MINTWOOD ST|15224,HOME|4053 MINTWOOD ST|15224,4053 MINTWOOD ST,8c7d1fc30f,False,True,PITTSBURGH,data.pa.gov,42003090300,True,True
ALLEGHENY,MADHOUSE CONVENIENCE LLC,108 SIMPSON HOWELL RD,15037-2528,USA,02**6643,Cigarette/OTP Retail,2027-02-28,108 SIMPSON HOWELL RD,ELIZABETH,PA,-79.83724,40.27171,108 SIMPSON HOWELL RD,108 SIMPSON HOWELL RD,15037,108 SIMPSON HOWELL RD|15037,108 SIMPSON HOWELL RD|108 SIMPSON HOWELL RD|15037,108 SIMPSON HOWELL RD,012967da5d,True,False,ELIZABETH,data.pa.gov,42003496102,False,False
ALLEGHENY,PITTSTOP MART LLC,PITTSTOP MART LLC,15222-2409,USA,02**6638,Cigarette/OTP Retail,2027-02-28,355 5TH AVE,PITTSBURGH,PA,-79.99896,40.44019,PITTSTOP MART LLC,355 5TH AVE,15222,355 5TH AVE|15222,PITTSTOP MART LLC|355 5TH AVE|15222,355 5TH AVE,83b17603a4,True,False,PITTSBURGH,data.pa.gov,42003020100,True,True
ALLEGHENY,COEN MARKETS LLC,COEN MARKETS #1234,15215-2533,USA,02**2378,Cigarette/OTP Retail,2027-02-28,1501 N CANAL ST,PITTSBURGH,PA,-79.92621,40.49663,COEN MARKETS #1234,1501 N CANAL ST,15215,1501 N CANAL ST|15215,COEN MARKETS #1234|1501 N CANAL ST|15215,1501 N CANAL ST,d28152db82,True,False,PITTSBURGH,data.pa.gov,42003424000,False,True
ALLEGHENY,COEN MARKETS LLC,COEN MARKETS #1236,15203-1107,USA,02**2379,Cigarette/OTP Retail,2027-02-28,925 E CARSON ST,PITTSBURGH,PA,-79.98893,40.42871,COEN MARKETS #1236,925 E CARSON ST,15203,925 E CARSON ST|15203,COEN MARKETS #1236|925 E CARSON ST|15203,925 E CARSON ST,459b0738d9,True,False,PITTSBURGH,data.pa.gov,42003170200,True,True
ALLEGHENY,COEN MARKETS LLC,COEN MARKETS #1227,15211-1728,USA,02**2373,Cigarette/OTP Retail,2027-02-28,20 BAILEY AVE,MOUNT WASHINGTON,PA,-80.00476,40.42687,COEN MARKETS #1227,20 BAILEY AVE,15211,20 BAILEY AVE|15211,COEN MARKETS #1227|20 BAILEY AVE|15211,20 BAILEY AVE,3af07242d0,True,False,MOUNT WASHINGTON,data.pa.gov,42003180700,True,False
ALLEGHENY,COEN MARKETS LLC,COEN MARKETS #1239,15211-1514,USA,02**2381,Cigarette/OTP Retail,2027-02-28,304 VIRGINIA AVE,MOUNT WASHINGTON,PA,-77.00182,38.88075,COEN MARKETS #1239,304 VIRGINIA AVE,15211,304 VIRGINIA AVE|15211,COEN MARKETS #1239|304 VIRGINIA AVE|15211,304 VIRGINIA AVE,26dd8d2dde,True,False,MOUNT WASHINGTON,data.pa.gov,,False,False
ALLEGHENY,COEN MARKETS LLC,COEN MARKETS #1231,15210-3435,USA,02**2376,Cigarette/OTP Retail,2027-02-28,1709 SAW MILL RUN BLVD,PITTSBURGH,PA,-79.99759,40.39572,COEN MARKETS #1231,1709 SAW MILL RUN BLVD,15210,1709 SAW MILL RUN BLVD|15210,COEN MARKETS #1231|1709 SAW MILL RUN BLVD|15210,1709 SAW MILL RUN BLVD,71c9a4e88e,True,False,PITTSBURGH,data.pa.gov,42003290100,True,True
ALLEGHENY,COEN MARKETS LLC,COEN MARKETS 1243,15071-4011,USA,02**5733,Cigarette/OTP Retail,2027-02-28,500 MARKET PLACE DR,OAKDALE,PA,-80.23968,40.44007,COEN MARKETS 1243,500 MARKET PLACE DR,15071,500 MARKET PLACE DR|15071,COEN MARKETS 1243|500 MARKET PLACE DR|15071,500 MARKET PL DR,e24ebeab65,True,False,OAKDALE,data.pa.gov,42003564000,False,False
ALLEGHENY,J MAE INTERNATIONAL LLC,J MAE INTERNATIONAL LLC,15017-1570,USA,02**6188,OTP Retail,2027-02-28,327 RIDGE POINT CIR APT 23,BRIDGEVILLE,PA,-80.1263,40.32566,J MAE INTERNATIONAL LLC,327 RIDGE POINT CIR APT 23,15017,327 RIDGE POINT CIR APT 23|15017,J MAE INTERNATIONAL LLC|327 RIDGE POINT CIR APT 23|15017,327 RIDGE POINT CIR,42810463e9,True,False,BRIDGEVILLE,data.pa.gov,42003456004,False,False
ALLEGHENY,COEN MARKETS LLC,COEN MARKETS SITE 1251 ROBINSON,15136-1147,USA,02**5352,Cigarette/OTP Retail,2027-02-28,2 BEAVER GRADE RD,MC KEES ROCKS,PA,-80.1332,40.45247,COEN MARKETS SITE 1251 ROBINSON,2 BEAVER GRADE RD,15136,2 BEAVER GRADE RD|15136,COEN MARKETS SITE 1251 ROBINSON|2 BEAVER GRADE RD|15136,2 BEAVER GRADE RD,9d7b813c35,True,False,MC KEES ROCKS,data.pa.gov,42003459201,False,False
ALLEGHENY,COEN MARKETS LLC,COEN MARKETS 1237,15129,USA,02**2380,Cigarette/OTP Retail,2027-02-28,2880 BROWNSVILLE ROAD EXT,SOUTH PARK,PA,-79.99669,40.28683,COEN MARKETS 1237,2880 BROWNSVILLE ROAD EXT,15129,2880 BROWNSVILLE ROAD EXT|15129,COEN MARKETS 1237|2880 BROWNSVILLE ROAD EXT|15129,2880 BROWNSVILLE RD EXT,0176f63b63,True,False,SOUTH PARK,data.pa.gov,42003490004,False,False
ALLEGHENY,HOLY 1 SMOKES & VAPES LLC,HOLY 1 SMOKES & VAPES LLC,15102-2962,USA,02**6196,Cigarette/OTP Retail,2027-02-28,4846 LIBRARY RD,BETHEL PARK,PA,-80.02747,40.34641,HOLY 1 SMOKES & VAPES LLC,4846 LIBRARY RD,15102,4846 LIBRARY RD|15102,HOLY 1 SMOKES & VAPES LLC|4846 LIBRARY RD|15102,4846 LIBRARY RD,e96d349f3d,True,False,BETHEL PARK,data.pa.gov,42003475101,False,False
ALLEGHENY,COEN MARKETS LLC,COEN MARKETS #1232,15217-2669,USA,02**2377,Cigarette/OTP Retail,2027-02-28,4071 BEECHWOOD BLVD,PITTSBURGH,PA,-79.9383,40.42678,COEN MARKETS #1232,4071 BEECHWOOD BLVD,15217,4071 BEECHWOOD BLVD|15217,COEN MARKETS #1232|4071 BEECHWOOD BLVD|15217,4071 BEECHWOOD BLVD,f40e1969f9,True,False,PITTSBURGH,data.pa.gov,42003151700,True,True
ALLEGHENY,COEN MARKETS LLC,COEN MARKETS #1247,15102-2714,USA,02**7074,Cigarette/OTP Retail,2027-02-28,5281 LIBRARY RD,BETHEL PARK,PA,-80.02226,40.33121,COEN MARKETS #1247,5281 LIBRARY RD,15102,5281 LIBRARY RD|15102,COEN MARKETS #1247|5281 LIBRARY RD|15102,5281 LIBRARY RD,cb8dbf2f22,True,False,BETHEL PARK,data.pa.gov,42003475401,False,False
ALLEGHENY,COEN MARKETS LLC,COE MARKETS SITE 1244,15236-2711,USA,02**0605,Cigarette/OTP Retail,2027-02-28,5220 CLAIRTON BLVD,PITTSBURGH,PA,-79.97085,40.34377,COE MARKETS SITE 1244,5220 CLAIRTON BLVD,15236,5220 CLAIRTON BLVD|15236,COE MARKETS SITE 1244|5220 CLAIRTON BLVD|15236,5220 CLAIRTON BLVD,a173015704,True,False,PITTSBURGH,data.pa.gov,42003480101,False,True
ALLEGHENY,COEN MARKETS LLC,COEN MARKETS #1229,15203-2111,USA,02**2375,Cigarette/OTP Retail,2027-02-28,2401 E CARSON ST,PITTSBURGH,PA,-79.97087,40.42815,COEN MARKETS #1229,2401 E CARSON ST,15203,2401 E CARSON ST|15203,COEN MARKETS #1229|2401 E CARSON ST|15203,2401 E CARSON ST,cf723e21a3,True,False,PITTSBURGH,data.pa.gov,42003160900,True,True
ALLEGHENY,PHEASANT RIDGE GROUP LLC,PHEASANT RIDGE GOLF CLUB,15044-7776,USA,02**6211,OTP Retail,2027-02-28,6065 RITTMAN RD,GIBSONIA,PA,-79.88125,40.6722,PHEASANT RIDGE GOLF CLUB,6065 RITTMAN RD,15044,6065 RITTMAN RD|15044,PHEASANT RIDGE GOLF CLUB|6065 RITTMAN RD|15044,6065 RITTMAN RD,5ce10bbeea,True,False,GIBSONIA,data.pa.gov,42003407001,False,False
ALLEGHENY,SWISHER INTERNATIONAL INC,EMILY HALLENCREUTZ,15228-1409,USA,02**6096,OTP Itinerant,2027-02-28,447 S MEADOWCROFT AVE,PITTSBURGH,PA,-80.04584,40.38523,EMILY HALLENCREUTZ,447 S MEADOWCROFT AVE,15228,447 S MEADOWCROFT AVE|15228,EMILY HALLENCREUTZ|447 S MEADOWCROFT AVE|15228,447 S MEADOWCROFT AVE,974434aa62,False,True,PITTSBURGH,data.pa.gov,42003473200,False,True
ALLEGHENY,FUEL ON CLAIRTON LLC,FUEL ON CLAIRTON LLC,15025-1423,USA,02**6222,Cigarette/OTP Retail,2027-02-28,672 MILLER AVE,CLAIRTON,PA,-79.88394,40.29055,FUEL ON CLAIRTON LLC,672 MILLER AVE,15025,672 MILLER AVE|15025,FUEL ON CLAIRTON LLC|672 MILLER AVE|15025,672 MILLER AVE,106f309c6f,True,False,CLAIRTON,data.pa.gov,42003492800,False,False
ALLEGHENY,SWISHER INTERNATIONAL INC,SHANNON  PLUE,15223-2225,USA,02**5611,Cigarette Itinerant,2027-02-28,100 HAFNER AVE UNIT 2470,PITTSBURGH,PA,-79.93991,40.49349,SHANNON PLUE,100 HAFNER AVE UNIT 2470,15223,100 HAFNER AVE UNIT 2470|15223,SHANNON PLUE|100 HAFNER AVE UNIT 2470|15223,100 HAFNER AVE,f0d3ad546d,False,True,PITTSBURGH,data.pa.gov,42003425000,False,True
ALLEGHENY,SWISHER INTERNATIONAL INC,CHRISTOPHER F DOERSCHNER,15239-2649,USA,02**5610,Cigarette Itinerant,2027-02-28,737 BAR HARBOR DR,PITTSBURGH,PA,-79.71594,40.47189,CHRISTOPHER F DOERSCHNER,737 BAR HARBOR DR,15239,737 BAR HARBOR DR|15239,CHRISTOPHER F DOERSCHNER|737 BAR HARBOR DR|15239,737 BAR HARBOR DR,85cea80900,False,True,PITTSBURGH,data.pa.gov,42003526302,False,True
ALLEGHENY,SWISHER INTERNATIONAL INC,EMILY HALLENCREUTZ,15228-1409,USA,02**6095,Cigarette Itinerant,2027-02-28,447 S MEADOWCROFT AVE,PITTSBURGH,PA,-80.04584,40.38523,EMILY HALLENCREUTZ,447 S MEADOWCROFT AVE,15228,447 S MEADOWCROFT AVE|15228,EMILY HALLENCREUTZ|447 S MEADOWCROFT AVE|15228,447 S MEADOWCROFT AVE,37a912278e,False,True,PITTSBURGH,data.pa.gov,42003473200,False,True
ALLEGHENY,3900 MONROEVILLE BLVD,3900 MONROEVILLE BLVD,15146-2409,USA,02**5097,Cigarette/OTP Retail,2027-02-28,3900 MONROEVILLE BLVD,MONROEVILLE,PA,-79.7794,40.4366,3900 MONROEVILLE BLVD,3900 MONROEVILLE BLVD,15146,3900 MONROEVILLE BLVD|15146,3900 MONROEVILLE BLVD|3900 MONROEVILLE BLVD|15146,3900 MONROEVILLE BLVD,220df0833e,True,False,MONROEVILLE,data.pa.gov,42003521302,False,False
ALLEGHENY,SONA & KHAN ASSOCIATES INC,NEWS CORNER,15146,USA,02**9549,Cigarette/OTP Retail,2027-02-28,A 15 MONROEVILLE MALL,MONROEVILLE,PA,-79.79299,40.43065,NEWS CORNER,A 15 MONROEVILLE MALL,15146,A 15 MONROEVILLE MALL|15146,NEWS CORNER|A 15 MONROEVILLE MALL|15146,A 15 MONROEVILLE MALL,a16b491f4f,True,False,MONROEVILLE,data.pa.gov,42003521200,False,False
ALLEGHENY,BOBBY LLC,BOBBY LLC,15210-1927,USA,02**6228,Cigarette/OTP Retail,2027-02-28,2401 ARLINGTON AVE,PITTSBURGH,PA,-79.97277,40.41747,BOBBY LLC,2401 ARLINGTON AVE,15210,2401 ARLINGTON AVE|15210,BOBBY LLC|2401 ARLINGTON AVE|15210,2401 ARLINGTON AVE,5f87a88cdb,True,False,PITTSBURGH,data.pa.gov,42003160800,True,True
ALLEGHENY,CHEERS 2 DORMONT INC,CHEERS 2 DORMONT INC,15226-1350,USA,02**8620,Cigarette/OTP Retail,2027-02-28,2061 W LIBERTY AVE,PITTSBURGH,PA,-80.02091,40.40273,CHEERS 2 DORMONT INC,2061 W LIBERTY AVE,15226,2061 W LIBERTY AVE|15226,CHEERS 2 DORMONT INC|2061 W LIBERTY AVE|15226,2061 W LIBERTY AVE,9fe4c5bfe4,True,False,PITTSBURGH,data.pa.gov,42003191700,True,True
ALLEGHENY,E-ALTERNATIVE SOLUTIONS LLC,KEN TRUNINGER,15146-1720,USA,02**4847,OTP Itinerant,2027-02-28,112 MCMASTERS DR,MONROEVILLE,PA,-79.76269,40.44013,KEN TRUNINGER,112 MCMASTERS DR,15146,112 MCMASTERS DR|15146,KEN TRUNINGER|112 MCMASTERS DR|15146,112 MCMASTERS DR,d8ceb3bbeb,False,True,MONROEVILLE,data.pa.gov,42003521301,False,False
ALLEGHENY,HARTMAN MUSIC INC,HOMERUN HARRY'S,15219,USA,02**7708,Cigarette Vending,2027-02-28,87 STATION ST,PITTSBURGH,PA,-80.00609,40.43435,HOMERUN HARRY'S,87 STATION ST,15219,87 STATION ST|15219,HOMERUN HARRY'S|87 STATION ST|15219,87 STATION ST,70b6c0b668,False,True,PITTSBURGH,data.pa.gov,42003980700,True,True
ALLEGHENY,WEST MIFFLIN TOBACCO & VAPE CORP,WEST MIFFLIN TOBACCO & VAPE CORP,15122-2301,USA,02**6844,Cigarette Retail,2027-02-28,1310 HOFFMAN BLVD,WEST MIFFLIN,PA,-79.86987,40.38238,WEST MIFFLIN TOBACCO & VAPE CORP,1310 HOFFMAN BLVD,15122,1310 HOFFMAN BLVD|15122,WEST MIFFLIN TOBACCO & VAPE CORP|1310 HOFFMAN BLVD|15122,1310 HOFFMAN BLVD,7715234706,True,False,WEST MIFFLIN,data.pa.gov,42003488200,False,False
ALLEGHENY,LAXMI NARAYANA CORPORATION,LNC STORE #9,15140-1426,USA,02**5502,Cigarette Retail,2027-02-28,479 BROADWAY,PITCAIRN,PA,-79.77812,40.40158,LNC STORE #9,479 BROADWAY,15140,479 BROADWAY|15140,LNC STORE #9|479 BROADWAY|15140,479 BROADWAY,bebfcdd1e2,True,False,PITCAIRN,data.pa.gov,42003521302,False,False
ALLEGHENY,SGK VENDING LLC,OWLS CLUB,15120-1037,USA,02**2478,OTP Vending,2027-02-28,524 W 7TH AVE,WEST HOMESTEAD,PA,-79.92056,40.40023,OWLS CLUB,524 W 7TH AVE,15120,524 W 7TH AVE|15120,OWLS CLUB|524 W 7TH AVE|15120,524 W 7TH AVE,0d4d971463,False,True,WEST HOMESTEAD,data.pa.gov,42003482500,False,False
ALLEGHENY,TRUE FRESH GROCERY AND MEAT STORE LLC,TRUE FRESH GROCERY AND MEAT STORE LLC,15234-3120,USA,02**4115,Cigarette/OTP Retail,2027-02-28,2546 LIBRARY RD,PITTSBURGH,PA,-79.99892,40.38124,TRUE FRESH GROCERY AND MEAT STORE LLC,2546 LIBRARY RD,15234,2546 LIBRARY RD|15234,TRUE FRESH GROCERY AND MEAT STORE LLC|2546 LIBRARY RD|15234,2546 LIBRARY RD,2570783591,True,False,PITTSBURGH,data.pa.gov,42003320700,True,True
ALLEGHENY,SKY VAPORS,SKY VAPORS,15216-2608,USA,02**6796,Cigarette/OTP Retail,2027-02-28,1422 POTOMAC AVE,PITTSBURGH,PA,-80.03471,40.39561,SKY VAPORS,1422 POTOMAC AVE,15216,1422 POTOMAC AVE|15216,SKY VAPORS|1422 POTOMAC AVE|15216,1422 POTOMAC AVE,10973113cc,True,False,PITTSBURGH,data.pa.gov,42003472200,False,True
ALLEGHENY,GIANT EAGLE INC,GIANT EAGLE 64,15132-1507,USA,70**3032,Cigarette/OTP Retail,2027-02-28,3812 ONEIL BLVD,MCKEESPORT,PA,-79.83139,40.34748,GIANT EAGLE 64,3812 ONEIL BLVD,15132,3812 ONEIL BLVD|15132,GIANT EAGLE 64|3812 ONEIL BLVD|15132,3812 ONEIL BLVD,83a7f6f5a8,True,False,MCKEESPORT,data.pa.gov,42003551300,False,False
ALLEGHENY,RAYARAJ INC,QUICK STOP,15201-1320,USA,02**4074,Cigarette/OTP Retail,2027-02-28,3349 LIBERTY AVE,PITTSBURGH,PA,-79.96646,40.46165,QUICK STOP,3349 LIBERTY AVE,15201,3349 LIBERTY AVE|15201,QUICK STOP|3349 LIBERTY AVE|15201,3349 LIBERTY AVE,73c0635e9e,True,False,PITTSBURGH,data.pa.gov,42003060300,True,True
ALLEGHENY,DOLGENCORP LLC,DOLLAR GENERAL STORE 21279,15239-1852,USA,02**1417,Cigarette/OTP Retail,2027-02-28,960 UNITY CENTER RD,PLUM,PA,-79.76403,40.47988,DOLLAR GENERAL STORE 21279,960 UNITY CENTER RD,15239,960 UNITY CENTER RD|15239,DOLLAR GENERAL STORE 21279|960 UNITY CENTER RD|15239,960 UNITY CENTER RD,9c02c7157b,True,False,PLUM,data.pa.gov,42003526202,False,False
ALLEGHENY,LAMPERTS FOOD MARKET INC,LAMPERT S DELI EXPRESS,15132-7619,USA,02**5448,Cigarette Retail,2027-02-28,2010 EDEN PARK BLVD,MCKEESPORT,PA,-79.82905,40.3427,LAMPERT S DELI EXPRESS,2010 EDEN PARK BLVD,15132,2010 EDEN PARK BLVD|15132,LAMPERT S DELI EXPRESS|2010 EDEN PARK BLVD|15132,2010 EDEN PARK BLVD,0148d0d23e,True,False,MCKEESPORT,data.pa.gov,42003551300,False,False
ALLEGHENY,SHREE VIJAYALAXMI INC,SHREE VIJAYALAXMI INC,15211-1631,USA,02**8488,Cigarette Retail,2027-02-28,1 VIRGINIA AVE,PITTSBURGH,PA,-80.0069,40.42923,SHREE VIJAYALAXMI INC,1 VIRGINIA AVE,15211,1 VIRGINIA AVE|15211,SHREE VIJAYALAXMI INC|1 VIRGINIA AVE|15211,1 VIRGINIA AVE,5d4179f36f,True,False,PITTSBURGH,data.pa.gov,42003191400,True,True
ALLEGHENY,BD FRANKSTOWN INC,BD FRANKSTOWN INC,15146-3314,USA,02**4104,Cigarette/OTP Retail,2027-02-28,2699 MOSSIDE BLVD,MONROEVILLE,PA,-79.7531,40.43358,BD FRANKSTOWN INC,2699 MOSSIDE BLVD,15146,2699 MOSSIDE BLVD|15146,BD FRANKSTOWN INC|2699 MOSSIDE BLVD|15146,2699 MOSSIDE BLVD,b696bb082b,True,False,MONROEVILLE,data.pa.gov,42003521301,False,False
ALLEGHENY,S & T UNITED INC,UNI MART,15122-3538,USA,02**0195,Cigarette/OTP Retail,2027-02-28,2321 WORTON BLVD,PITTSBURGH,PA,-79.87182,40.36027,UNI MART,2321 WORTON BLVD,15122,2321 WORTON BLVD|15122,UNI MART|2321 WORTON BLVD|15122,2321 WORTON BLVD,fff541b040,True,False,PITTSBURGH,data.pa.gov,42003488400,False,True
ALLEGHENY,NOVO VENDING SERVICE LLC,NOVO VENDING SERVICE LLC,15229-1125,USA,02**3024,Cigarette Wholesaler,2027-02-28,735 PERRY HWY,PITTSBURGH,PA,-80.03526,40.52868,NOVO VENDING SERVICE LLC,735 PERRY HWY,15229,735 PERRY HWY|15229,NOVO VENDING SERVICE LLC|735 PERRY HWY|15229,735 PERRY HWY,b6f8cc0710,False,True,PITTSBURGH,data.pa.gov,42003429400,False,True
ALLEGHENY,NIKITUK JACOB W,LORENZ CAFE,15220-5709,USA,02**5008,Cigarette Vending,2027-02-28,718 LORENZ AVE,PITTSBURGH,PA,-80.0394,40.44479,LORENZ CAFE,718 LORENZ AVE,15220,718 LORENZ AVE|15220,LORENZ CAFE|718 LORENZ AVE|15220,718 LORENZ AVE,f13a807541,False,True,PITTSBURGH,data.pa.gov,42003562600,True,True
ALLEGHENY,GETGO OPERATING LLC,GETGO #3488,15237-2541,USA,02**1712,Cigarette/OTP Retail,2027-02-28,5603 BABCOCK BLVD,PITTSBURGH,PA,-80.02926,40.54712,GETGO #3488,5603 BABCOCK BLVD,15237,5603 BABCOCK BLVD|15237,GETGO #3488|5603 BABCOCK BLVD|15237,5603 BABCOCK BLVD,08b20362d7,True,False,PITTSBURGH,data.pa.gov,42003429500,False,True
ALLEGHENY,SHIV OIL INC,BRADDOCK BP,15218-1638,USA,02**8806,Cigarette/OTP Retail,2027-02-28,1600 S BRADDOCK AVE,PITTSBURGH,PA,-79.89068,40.42679,BRADDOCK BP,1600 S BRADDOCK AVE,15218,1600 S BRADDOCK AVE|15218,BRADDOCK BP|1600 S BRADDOCK AVE|15218,1600 S BRADDOCK AVE,bc612271d6,True,False,PITTSBURGH,data.pa.gov,42003515401,False,True
ALLEGHENY,VSG MINI MART CORP,PUFF N SKILL,15108-1116,USA,02**2133,Cigarette/OTP Retail,2027-02-28,101 FERN HOLLOW RD STE 103,CORAOPOLIS,PA,-80.19312,40.52117,PUFF N SKILL,101 FERN HOLLOW RD STE 103,15108,101 FERN HOLLOW RD STE 103|15108,PUFF N SKILL|101 FERN HOLLOW RD STE 103|15108,101 FERN HOLLOW RD,619b9940b9,True,False,CORAOPOLIS,data.pa.gov,42003451102,False,False
ALLEGHENY,CI HAMBURG SUPERSTORE LOUNGE LLC,CI HAMBURG SUPERSTORE LOUNGE LLC - S. FAYETTE,15017-2113,USA,02**0456,Cigarette/OTP Retail,2027-02-28,700 HOLLAND ST,BRIDGEVILLE,PA,-80.12049,40.36623,CI HAMBURG SUPERSTORE LOUNGE LLC - S. FAYETTE,700 HOLLAND ST,15017,700 HOLLAND ST|15017,CI HAMBURG SUPERSTORE LOUNGE LLC - S. FAYETTE|700 HOLLAND ST|15017,700 HOLLAND ST,bdb3109ff2,True,False,BRIDGEVILLE,data.pa.gov,42003456001,False,False
ALLEGHENY,SYED & HARNEET LLC,BAILIE FOOD MART,15132,USA,02**7672,Cigarette/OTP Retail,2027-02-28,2316 BAILEY AVE,MCKEESPORT,PA,-79.84859,40.34133,BAILIE FOOD MART,2316 BAILEY AVE,15132,2316 BAILEY AVE|15132,BAILIE FOOD MART|2316 BAILEY AVE|15132,2316 BAILEY AVE,106f2d8c3e,True,False,MCKEESPORT,data.pa.gov,42003552300,False,False
ALLEGHENY,MIDNIGHT MARKET VENDING LLC,UGLY DOG SALOON,15205-4138,USA,02**4832,OTP Vending,2027-02-28,2351 NOBLESTOWN RD STE 1,PITTSBURGH,PA,-80.05542,40.42691,UGLY DOG SALOON,2351 NOBLESTOWN RD STE 1,15205,2351 NOBLESTOWN RD STE 1|15205,UGLY DOG SALOON|2351 NOBLESTOWN RD STE 1|15205,2351 NOBLESTOWN RD,b4d71b3c1c,False,True,PITTSBURGH,data.pa.gov,42003469000,False,True
ALLEGHENY,AVEYAC INC,CARNEGIE BEER OUTLET,15106-2559,USA,02**0588,OTP Retail,2027-02-28,429 W MAIN ST,CARNEGIE,PA,-80.09305,40.40335,CARNEGIE BEER OUTLET,429 W MAIN ST,15106,429 W MAIN ST|15106,CARNEGIE BEER OUTLET|429 W MAIN ST|15106,429 W MAIN ST,3d8cbe338f,True,False,CARNEGIE,data.pa.gov,42003468800,False,False
ALLEGHENY,PARTY OF 5 LLC,BEER NUTZ,15147-1046,USA,02**7643,OTP Retail,2027-02-28,94 ALLEGHENY RIVER BLVD,VERONA,PA,-79.84475,40.49789,BEER NUTZ,94 ALLEGHENY RIVER BLVD,15147,94 ALLEGHENY RIVER BLVD|15147,BEER NUTZ|94 ALLEGHENY RIVER BLVD|15147,94 ALLEGHENY RIVER BLVD,850abe5f39,True,False,VERONA,data.pa.gov,42003524000,False,False
ALLEGHENY,GOD IS ONE LLC,GOD IS ONE LLC,15222-3701,USA,02**6853,Cigarette/OTP Retail,2027-02-28,967 LIBERTY AVE,PITTSBURGH,PA,-79.99553,40.44357,GOD IS ONE LLC,967 LIBERTY AVE,15222,967 LIBERTY AVE|15222,GOD IS ONE LLC|967 LIBERTY AVE|15222,967 LIBERTY AVE,163efde142,True,False,PITTSBURGH,data.pa.gov,42003020100,True,True
ALLEGHENY,HAYMAKER VILLAGE SUPERMARKET LLC,HAYMAKER VILLAGE,15146-4745,USA,02**2013,Cigarette/OTP Retail,2027-02-28,4548 BROADWAY BLVD,MONROEVILLE,PA,-79.76687,40.38915,HAYMAKER VILLAGE,4548 BROADWAY BLVD,15146,4548 BROADWAY BLVD|15146,HAYMAKER VILLAGE|4548 BROADWAY BLVD|15146,4548 BROADWAY BLVD,311ac3afac,True,False,MONROEVILLE,data.pa.gov,42003521301,False,False
ALLEGHENY,ASHES 2 ASHES,ASHES 2 ASHES,15034-1322,USA,02**0486,Cigarette/OTP Retail,2027-02-28,101 MOUND AVE,DRAVOSBURG,PA,-79.88714,40.35249,ASHES 2 ASHES,101 MOUND AVE,15034,101 MOUND AVE|15034,ASHES 2 ASHES|101 MOUND AVE|15034,101 MOUND AVE,ec82c8fc1f,True,False,DRAVOSBURG,data.pa.gov,42003487000,False,False
ALLEGHENY,DOLGENCORP LLC,DOLLAR GENERAL STORE 20881,15210-4549,USA,02**1325,Cigarette/OTP Retail,2027-02-28,2417 BROWNSVILLE RD,PITTSBURGH,PA,-79.98228,40.38699,DOLLAR GENERAL STORE 20881,2417 BROWNSVILLE RD,15210,2417 BROWNSVILLE RD|15210,DOLLAR GENERAL STORE 20881|2417 BROWNSVILLE RD|15210,2417 BROWNSVILLE RD,1d1a7f5816,True,False,PITTSBURGH,data.pa.gov,42003290400,True,True
ALLEGHENY,LAWRENCE LABAD & WAEL LOBBAD LABAD,LABAD DELI & GROCERY,15222-4320,USA,02**9989,Cigarette Retail,2027-02-28,1727 PENN AVE,PITTSBURGH,PA,-79.98531,40.4502,LABAD DELI & GROCERY,1727 PENN AVE,15222,1727 PENN AVE|15222,LABAD DELI & GROCERY|1727 PENN AVE|15222,1727 PENN AVE,0a83d17002,True,False,PITTSBURGH,data.pa.gov,42003020300,True,True
ALLEGHENY,HARTMAN MUSIC INC,ITALIAN CLUB,15236-2221,USA,02**7708,Cigarette Vending,2027-02-28,5173 SPANGLER ST,PITTSBURGH,PA,-79.97052,40.35124,ITALIAN CLUB,5173 SPANGLER ST,15236,5173 SPANGLER ST|15236,ITALIAN CLUB|5173 SPANGLER ST|15236,5173 SPANGLER ST,db4e97ad8b,False,True,PITTSBURGH,data.pa.gov,42003480200,False,True
ALLEGHENY,PRAMODCHANDRA MOHANLAL B,DISCOUNT TOBACCO & NEWS,15217-1607,USA,02**5144,Cigarette/OTP Retail,2027-02-28,1929 MURRAY AVE,PITTSBURGH,PA,-79.9229,40.43513,DISCOUNT TOBACCO & NEWS,1929 MURRAY AVE,15217,1929 MURRAY AVE|15217,DISCOUNT TOBACCO & NEWS|1929 MURRAY AVE|15217,1929 MURRAY AVE,8558066346,True,False,PITTSBURGH,data.pa.gov,42003141300,True,True
ALLEGHENY,MCCANDLESS PETRO LLC,MCCANDLESS PETRO LLC,15237-5724,USA,02**4101,OTP Retail,2027-02-28,8716 PEEBLES RD,PITTSBURGH,PA,-80.00737,40.56705,MCCANDLESS PETRO LLC,8716 PEEBLES RD,15237,8716 PEEBLES RD|15237,MCCANDLESS PETRO LLC|8716 PEEBLES RD|15237,8716 PEEBLES RD,7aeb6e2376,True,False,PITTSBURGH,data.pa.gov,42003413400,False,True
ALLEGHENY,K & D LLC,GRAB N GO,15071,USA,02**4268,Cigarette/OTP Retail,2027-02-28,7261 STUEBENVILLE PIKE,OAKDALE,PA,-80.18636,40.44241,GRAB N GO,7261 STUEBENVILLE PIKE,15071,7261 STUEBENVILLE PIKE|15071,GRAB N GO|7261 STUEBENVILLE PIKE|15071,7261 STUEBENVILLE PIKE,103c438d70,True,False,OAKDALE,data.pa.gov,42003453003,False,False
ALLEGHENY,CENTER INDEPENDENT OIL STORES LLC,CIO STORES LLC #21,15219-5537,USA,02**8012,OTP Retail,2027-02-28,1605 5TH AVE,PITTSBURGH,PA,-79.9835,40.4385,CIO STORES LLC #21,1605 5TH AVE,15219,1605 5TH AVE|15219,CIO STORES LLC #21|1605 5TH AVE|15219,1605 5TH AVE,ae728091d4,True,False,PITTSBURGH,data.pa.gov,42003030500,True,True
ALLEGHENY,J2 2026 LLC,J2 2026 LLC,15210-4252,USA,02**5017,Cigarette/OTP Retail,2027-02-28,2122 BROWNSVILLE RD STE C,PITTSBURGH,PA,-79.9869,40.39219,J2 2026 LLC,2122 BROWNSVILLE RD STE C,15210,2122 BROWNSVILLE RD STE C|15210,J2 2026 LLC|2122 BROWNSVILLE RD STE C|15210,2122 BROWNSVILLE RD,8e42755e9c,True,False,PITTSBURGH,data.pa.gov,42003290100,True,True
ALLEGHENY,NIKITUK JACOB W,WHITE EAGLES,15203-2110,USA,02**5008,Cigarette Vending,2027-02-28,2300 E CARSON ST,PITTSBURGH,PA,-79.9729,40.42832,WHITE EAGLES,2300 E CARSON ST,15203,2300 E CARSON ST|15203,WHITE EAGLES|2300 E CARSON ST|15203,2300 E CARSON ST,0d23b8bca8,False,True,PITTSBURGH,data.pa.gov,42003160900,True,True
ALLEGHENY,GIANT EAGLE INC,GIANT EAGLE #0006,15205-3936,USA,02**1477,Cigarette/OTP Retail,2027-02-28,2103 NOBLESTOWN RD,PITTSBURGH,PA,-80.05178,40.43037,GIANT EAGLE #0006,2103 NOBLESTOWN RD,15205,2103 NOBLESTOWN RD|15205,GIANT EAGLE #0006|2103 NOBLESTOWN RD|15205,2103 NOBLESTOWN RD,57280e1139,True,False,PITTSBURGH,data.pa.gov,42003563100,True,True
ALLEGHENY,DISCOUNT BEER & POP WAREHOUSE INC,BEER EXPRESS,15205-9647,USA,02**8873,Cigarette/OTP Retail,2027-02-28,4326 STEUBENVILLE PIKE,PITTSBURGH,PA,-80.09306,40.44081,BEER EXPRESS,4326 STEUBENVILLE PIKE,15205,4326 STEUBENVILLE PIKE|15205,BEER EXPRESS|4326 STEUBENVILLE PIKE|15205,4326 STEUBENVILLE PIKE,7326785bf4,True,False,PITTSBURGH,data.pa.gov,42003459201,False,True
ALLEGHENY,EXOTIC SMOKE & VAPE LLC,MCKNIGHT,15237-3516,USA,02**1776,Cigarette/OTP Retail,2027-02-28,7500 MCKNIGHT RD,PITTSBURGH,PA,-80.01359,40.54278,MCKNIGHT,7500 MCKNIGHT RD,15237,7500 MCKNIGHT RD|15237,MCKNIGHT|7500 MCKNIGHT RD|15237,7500 MCKNIGHT RD,ee05573d7a,True,False,PITTSBURGH,data.pa.gov,42003429201,False,True
ALLEGHENY,PINKYS VENDING INC,KRAZY KARENS,15215-2458,USA,02**7775,Cigarette Vending,2027-02-28,1000 N CANAL ST,SHARPSBURG,PA,-79.93247,40.49462,KRAZY KARENS,1000 N CANAL ST,15215,1000 N CANAL ST|15215,KRAZY KARENS|1000 N CANAL ST|15215,1000 N CANAL ST,287b74cb8e,False,True,SHARPSBURG,data.pa.gov,42003424000,False,False
ALLEGHENY,SUPER BEER WORLD LLC,SUPER BEER WORLD LLC,15205-3933,USA,02**9002,Cigarette Retail,2027-02-28,2121 NOBLESTOWN RD STE 222,PITTSBURGH,PA,-80.05229,40.42947,SUPER BEER WORLD LLC,2121 NOBLESTOWN RD STE 222,15205,2121 NOBLESTOWN RD STE 222|15205,SUPER BEER WORLD LLC|2121 NOBLESTOWN RD STE 222|15205,2121 NOBLESTOWN RD,0351df3abb,True,False,PITTSBURGH,data.pa.gov,42003563100,True,True
ALLEGHENY,SUPERIOR SMOKE SHOPPES LLC,SUPERIOR SMOKE SHOPPES LLC,15065-2512,USA,02**8602,Cigarette/OTP Retail,2027-02-28,2609 FREEPORT RD,NATRONA HEIGHTS,PA,-79.71412,40.63418,SUPERIOR SMOKE SHOPPES LLC,2609 FREEPORT RD,15065,2609 FREEPORT RD|15065,SUPERIOR SMOKE SHOPPES LLC|2609 FREEPORT RD|15065,2609 FREEPORT RD,9923f3eb1e,True,False,NATRONA HEIGHTS,data.pa.gov,42003401100,False,False
ALLEGHENY,ZAF LIFESTYLE AND SMOKE,ZAF LIFESTYLE AND SMOKE,15045-1608,USA,02**4747,Cigarette/OTP Retail,2027-02-28,608 MONONGAHELA AVE,GLASSPORT,PA,-79.89248,40.32558,ZAF LIFESTYLE AND SMOKE,608 MONONGAHELA AVE,15045,608 MONONGAHELA AVE|15045,ZAF LIFESTYLE AND SMOKE|608 MONONGAHELA AVE|15045,608 MONONGAHELA AVE,a605d0e99f,True,False,GLASSPORT,data.pa.gov,42003499400,False,False
ALLEGHENY,CIGARETTES 4 LESS LLC,CIGARETTES 4 LESS,15106,USA,02**0937,Cigarette/OTP Retail,2027-02-28,2100 WASHINGTON PIKE RACEWAY PLAZA,HEIDELBERG,PA,-80.08693,40.38977,CIGARETTES 4 LESS,2100 WASHINGTON PIKE RACEWAY PLAZA,15106,2100 WASHINGTON PIKE RACEWAY PLAZA|15106,CIGARETTES 4 LESS|2100 WASHINGTON PIKE RACEWAY PLAZA|15106,2100 WASHINGTON PIKE RACEWAY PLAZA,8481b3499a,True,False,HEIDELBERG,data.pa.gov,42003471000,False,False
ALLEGHENY,B C HANNA FOODS INC,MT WASHINGTON SHOP N SAVE,15211-1611,USA,02**3922,Cigarette/OTP Retail,2027-02-28,125 VIRGINIA AVE,MOUNT WASHINGTON,PA,-80.00777,40.42968,MT WASHINGTON SHOP N SAVE,125 VIRGINIA AVE,15211,125 VIRGINIA AVE|15211,MT WASHINGTON SHOP N SAVE|125 VIRGINIA AVE|15211,125 VIRGINIA AVE,ec49270649,True,False,MOUNT WASHINGTON,data.pa.gov,42003191400,True,False
ALLEGHENY,OLD ALLEGHENY SMOKE SHOP LLC,OLD ALLEGHENY SMOKE SHOP LLC,15236-2115,USA,02**7836,Cigarette/OTP Retail,2027-02-28,4755 CLAIRTON BLVD,PITTSBURGH,PA,-79.97734,40.35232,OLD ALLEGHENY SMOKE SHOP LLC,4755 CLAIRTON BLVD,15236,4755 CLAIRTON BLVD|15236,OLD ALLEGHENY SMOKE SHOP LLC|4755 CLAIRTON BLVD|15236,4755 CLAIRTON BLVD,1860ce7d7e,True,False,PITTSBURGH,data.pa.gov,42003477300,False,True
ALLEGHENY,BELMONT AMUSEMENT COMPANY INC,ZANOS PUB HOUSE,15207-1004,USA,02**7694,Cigarette Vending,2027-02-28,3806 ACORN ST,PITTSBURGH,PA,-79.94986,40.42659,ZANOS PUB HOUSE,3806 ACORN ST,15207,3806 ACORN ST|15207,ZANOS PUB HOUSE|3806 ACORN ST|15207,3806 ACORN ST,eba03f5fc6,False,True,PITTSBURGH,data.pa.gov,42003151600,True,True
ALLEGHENY,KC FOOD & FUEL LLC,SUNOCO,15120-3506,USA,02**9089,Cigarette/OTP Retail,2027-02-28,2907 HOMESTEAD DUQUESNE RD,MUNHALL,PA,-79.89401,40.39133,SUNOCO,2907 HOMESTEAD DUQUESNE RD,15120,2907 HOMESTEAD DUQUESNE RD|15120,SUNOCO|2907 HOMESTEAD DUQUESNE RD|15120,2907 HOMESTEAD DUQUESNE RD,7e5649044d,True,False,MUNHALL,data.pa.gov,42003484600,False,False
ALLEGHENY,PALMER PHARMACY LLC,PALMER PHARMACY,15076-1333,USA,02**9527,Cigarette Retail,2027-02-28,738 LITTLE DEER CREEK VALLEY RD,RUSSELLTON,PA,-79.83378,40.61746,PALMER PHARMACY,738 LITTLE DEER CREEK VALLEY RD,15076,738 LITTLE DEER CREEK VALLEY RD|15076,PALMER PHARMACY|738 LITTLE DEER CREEK VALLEY RD|15076,738 LITTLE DEER CREEK VALLEY RD,c3952bec55,True,False,RUSSELLTON,data.pa.gov,42003407001,False,False
ALLEGHENY,COPPERLEAF FOOD GROUP RICHLAND LLC,RICHLAND SHOP N SAVE,15044-9666,USA,02**0740,Cigarette/OTP Retail,2027-02-28,5375 WILLIAM FLYNN HWY,GIBSONIA,PA,-79.94639,40.62049,RICHLAND SHOP N SAVE,5375 WILLIAM FLYNN HWY,15044,5375 WILLIAM FLYNN HWY|15044,RICHLAND SHOP N SAVE|5375 WILLIAM FLYNN HWY|15044,5375 WILLIAM FLYNN HWY,2621b91632,True,False,GIBSONIA,data.pa.gov,42003408002,False,False
ALLEGHENY,NIKITUK JACOB W,ALBERT'S LOUNGE,15216-2130,USA,02**5008,Cigarette Vending,2027-02-28,2856 BROADWAY AVE,PITTSBURGH,PA,-80.03601,40.39766,ALBERT'S LOUNGE,2856 BROADWAY AVE,15216,2856 BROADWAY AVE|15216,ALBERT'S LOUNGE|2856 BROADWAY AVE|15216,2856 BROADWAY AVE,828d579a9c,False,True,PITTSBURGH,data.pa.gov,42003472100,False,True
ALLEGHENY,DOLGENCORP LLC,DOLLAR GENERAL #19485,15044-5042,USA,02**7293,OTP Retail,2027-02-28,289 OAK RD,GIBSONIA,PA,-79.88809,40.6302,DOLLAR GENERAL #19485,289 OAK RD,15044,289 OAK RD|15044,DOLLAR GENERAL #19485|289 OAK RD|15044,289 OAK RD,c352555b18,True,False,GIBSONIA,data.pa.gov,42003407001,False,False
ALLEGHENY,GETGO OPERATING LLC,GETGO #3600,15131-2503,USA,02**1670,Cigarette/OTP Retail,2027-02-28,2811 JACKS RUN RD,WHITE OAK,PA,-79.80762,40.338,GETGO #3600,2811 JACKS RUN RD,15131,2811 JACKS RUN RD|15131,GETGO #3600|2811 JACKS RUN RD|15131,2811 JACKS RUN RD,41fcbf329e,True,False,WHITE OAK,data.pa.gov,42003503002,False,False
ALLEGHENY,KISK USA,KISK USA,15210-4202,USA,02**0963,Cigarette/OTP Retail,2027-02-28,1926 BROWNSVILLE RD,PITTSBURGH,PA,-79.9868,40.39522,KISK USA,1926 BROWNSVILLE RD,15210,1926 BROWNSVILLE RD|15210,KISK USA|1926 BROWNSVILLE RD|15210,1926 BROWNSVILLE RD,ee5e1ef71d,True,False,PITTSBURGH,data.pa.gov,42003290200,True,True
ALLEGHENY,UNITED FRESH & FUEL LLC,SOUTH PARK COGO'S,15102-3805,USA,02**3174,Cigarette/OTP Retail,2027-02-28,2733 S PARK RD,BETHEL PARK,PA,-80.03175,40.32767,SOUTH PARK COGO'S,2733 S PARK RD,15102,2733 S PARK RD|15102,SOUTH PARK COGO'S|2733 S PARK RD|15102,2733 S PARK RD,ff42b03c45,True,False,BETHEL PARK,data.pa.gov,42003475301,False,False
ALLEGHENY,SGK VENDING LLC,CONTROVERSY,15219-1039,USA,02**2477,Cigarette Vending,2027-02-28,1635 W CARSON ST,PITTSBURGH,PA,-80.02338,40.44233,CONTROVERSY,1635 W CARSON ST,15219,1635 W CARSON ST|15219,CONTROVERSY|1635 W CARSON ST|15219,1635 W CARSON ST,2eda779538,False,True,PITTSBURGH,data.pa.gov,42003980700,True,True
ALLEGHENY,FAMILY DOLLAR STORES OF PA LLC,FAMILY DOLLAR #25275,15201-2322,USA,02**4016,Cigarette/OTP Retail,2027-02-28,450 56TH ST,PITTSBURGH,PA,-79.94844,40.48355,FAMILY DOLLAR #25275,450 56TH ST,15201,450 56TH ST|15201,FAMILY DOLLAR #25275|450 56TH ST|15201,450 56TH ST,dcb4cb146a,True,False,PITTSBURGH,data.pa.gov,42003101100,True,True
ALLEGHENY,GETGO OPERATING LLC,GETGO #3023,15136-3644,USA,02**1614,Cigarette/OTP Retail,2027-02-28,1250 CHARTIERS AVE,MC KEES ROCKS,PA,-80.0735,40.46537,GETGO #3023,1250 CHARTIERS AVE,15136,1250 CHARTIERS AVE|15136,GETGO #3023|1250 CHARTIERS AVE|15136,1250 CHARTIERS AVE,4b7978e36d,True,False,MC KEES ROCKS,data.pa.gov,42003463900,False,False
ALLEGHENY,PINKYS VENDING INC,AMERICAN LEGION,15146,USA,02**7775,Cigarette Vending,2027-02-28,1143 OLD WILLIAM PENN HWY,MONROEVILLE,PA,,,AMERICAN LEGION,1143 OLD WILLIAM PENN HWY,15146,1143 OLD WILLIAM PENN HWY|15146,AMERICAN LEGION|1143 OLD WILLIAM PENN HWY|15146,1143 OLD WILLIAM PENN HWY,0b5888c375,False,True,MONROEVILLE,census_geocoder,,False,False
ALLEGHENY,A & E DELI LLC,A & E DELI,15210-2113,USA,02**9500,Cigarette/OTP Retail,2027-02-28,105 BROWNSVILLE RD,PITTSBURGH,PA,-79.98658,40.41733,A & E DELI,105 BROWNSVILLE RD,15210,105 BROWNSVILLE RD|15210,A & E DELI|105 BROWNSVILLE RD|15210,105 BROWNSVILLE RD,d7a2808381,True,False,PITTSBURGH,data.pa.gov,42003481000,False,True
ALLEGHENY,SOUTH PARK CONVENIENCE STORE INC,SOUTH PARK CONVIENCE STORE INC,15236-2912,USA,02**9626,Cigarette/OTP Retail,2027-02-28,5660 BROWNSVILLE RD,PITTSBURGH,PA,-79.98783,40.33044,SOUTH PARK CONVIENCE STORE INC,5660 BROWNSVILLE RD,15236,5660 BROWNSVILLE RD|15236,SOUTH PARK CONVIENCE STORE INC|5660 BROWNSVILLE RD|15236,5660 BROWNSVILLE RD,8ead1054e6,True,False,PITTSBURGH,data.pa.gov,42003490003,False,True
ALLEGHENY,SHEETZ INC,SHEETZ INC 277,15090-8349,USA,70**7208,Cigarette/OTP Retail,2027-02-28,12000 PERRY HWY,WEXFORD,PA,-80.05953,40.63411,SHEETZ INC 277,12000 PERRY HWY,15090,12000 PERRY HWY|15090,SHEETZ INC 277|12000 PERRY HWY|15090,12000 PERRY HWY,fd8aac1e07,True,False,WEXFORD,data.pa.gov,42003409001,False,False
ALLEGHENY,VBD VENDING LLC,MARIO'S OAKLAND SALOON,15213-3503,USA,02**0018,OTP Vending,2027-02-28,116 OAKLAND AVE,PITTSBURGH,PA,-79.95734,40.44187,MARIO'S OAKLAND SALOON,116 OAKLAND AVE,15213,116 OAKLAND AVE|15213,MARIO'S OAKLAND SALOON|116 OAKLAND AVE|15213,116 OAKLAND AVE,7a8549e80d,False,True,PITTSBURGH,data.pa.gov,42003040500,True,True
ALLEGHENY,KEYSTONE R & M LLC,KEYSTONE VAPORS,15216-2526,USA,02**9970,OTP Retail,2027-02-28,2904 W LIBERTY AVE,PITTSBURGH,PA,-80.03446,40.3949,KEYSTONE VAPORS,2904 W LIBERTY AVE,15216,2904 W LIBERTY AVE|15216,KEYSTONE VAPORS|2904 W LIBERTY AVE|15216,2904 W LIBERTY AVE,965778ed09,True,False,PITTSBURGH,data.pa.gov,42003472300,False,True
ALLEGHENY,SG MANAGEMENT SERVICES LLC,FOX CHAPEL BP,15238-3028,USA,02**7852,Cigarette/OTP Retail,2027-02-28,100 FOX CHAPEL RD,PITTSBURGH,PA,-79.88274,40.4894,FOX CHAPEL BP,100 FOX CHAPEL RD,15238,100 FOX CHAPEL RD|15238,FOX CHAPEL BP|100 FOX CHAPEL RD|15238,100 FOX CHAPEL RD,567da1ff0f,True,False,PITTSBURGH,data.pa.gov,42003421100,False,True
ALLEGHENY,SHEETZ INC,SHEETZ #115,15237-5230,USA,70**7110,Cigarette/OTP Retail,2027-02-28,8500 PERRY HWY,PITTSBURGH,PA,-80.0395,40.56063,SHEETZ #115,8500 PERRY HWY,15237,8500 PERRY HWY|15237,SHEETZ #115|8500 PERRY HWY|15237,8500 PERRY HWY,9243fffce4,True,False,PITTSBURGH,data.pa.gov,42003413300,False,True
ALLEGHENY,AL-LIWAN JAVED INC,AL-LIWAN JAVED INC,15214-1552,USA,02**4386,Cigarette/OTP Retail,2027-02-28,4061 PERRYSVILLE AVE,PITTSBURGH,PA,-80.02151,40.49244,AL-LIWAN JAVED INC,4061 PERRYSVILLE AVE,15214,4061 PERRYSVILLE AVE|15214,AL-LIWAN JAVED INC|4061 PERRYSVILLE AVE|15214,4061 PERRYSVILLE AVE,39a1f5a606,True,False,PITTSBURGH,data.pa.gov,42003260200,True,True
ALLEGHENY,THE CIGAR VAULT OAKDALE LLC,THE CIGAR VAULT OAKDALE,15071-9747,USA,02**0807,OTP Retail,2027-02-28,105 SEMINARY AVE STE 101,OAKDALE,PA,-80.18374,40.39663,THE CIGAR VAULT OAKDALE,105 SEMINARY AVE STE 101,15071,105 SEMINARY AVE STE 101|15071,THE CIGAR VAULT OAKDALE|105 SEMINARY AVE STE 101|15071,105 SEMINARY AVE,c576d3bba8,True,False,OAKDALE,data.pa.gov,42003455000,False,False
ALLEGHENY,GETGO OPERATING LLC,GETGO #3109,15035-1426,USA,02**1642,Cigarette/OTP Retail,2027-02-28,436 LINCOLN HWY,EAST MC KEESPORT,PA,-79.81157,40.38064,GETGO #3109,436 LINCOLN HWY,15035,436 LINCOLN HWY|15035,GETGO #3109|436 LINCOLN HWY|15035,436 LINCOLN HWY,927629c6f8,True,False,EAST MC KEESPORT,data.pa.gov,42003507000,False,False
ALLEGHENY,MANJIT MINIMART LLC,MANJIT MINIMART LLC,15210-2360,USA,02**5968,Cigarette/OTP Retail,2027-02-28,748 BROWNSVILLE RD,PITTSBURGH,PA,-79.99117,40.4086,MANJIT MINIMART LLC,748 BROWNSVILLE RD,15210,748 BROWNSVILLE RD|15210,MANJIT MINIMART LLC|748 BROWNSVILLE RD|15210,748 BROWNSVILLE RD,e1d0d0a84b,True,False,PITTSBURGH,data.pa.gov,42003481000,False,True
ALLEGHENY,SUDSYS ACQUISITION LLC,SUDSYS BEER,15102-4026,USA,02**5741,Cigarette/OTP Retail,2027-02-28,6080 LIBRARY RD,BETHEL PARK,PA,-80.03043,40.29963,SUDSYS BEER,6080 LIBRARY RD,15102,6080 LIBRARY RD|15102,SUDSYS BEER|6080 LIBRARY RD|15102,6080 LIBRARY RD,eb5aeeb556,True,False,BETHEL PARK,data.pa.gov,42003475304,False,False
ALLEGHENY,HANINIS MARKET AND SUBS LLC,HANINIS MARKET AND SUBS,15212-2365,USA,02**1045,Cigarette Retail,2027-02-28,3245 BRIGHTON RD,PITTSBURGH,PA,-80.03172,40.47642,HANINIS MARKET AND SUBS,3245 BRIGHTON RD,15212,3245 BRIGHTON RD|15212,HANINIS MARKET AND SUBS|3245 BRIGHTON RD|15212,3245 BRIGHTON RD,5287640ab6,True,False,PITTSBURGH,data.pa.gov,42003271600,True,True
ALLEGHENY,OM PETRO INC,OM PETRO INC,15025,USA,02**6525,Cigarette/OTP Retail,2027-02-28,1344 STATE RTE 51,JEFFERSON HILLS,PA,-79.93547,40.30678,OM PETRO INC,1344 STATE RTE 51,15025,1344 STATE RTE 51|15025,OM PETRO INC|1344 STATE RTE 51|15025,1344 STATE RTE 51,cd36ecbe45,True,False,JEFFERSON HILLS,data.pa.gov,42003491101,False,False
ALLEGHENY,BUSCH KEARN CORPORATION,PUFF DISCOUNT TOBACCO #5,15132-6100,USA,02**9914,Cigarette/OTP Retail,2027-02-28,4313 WALNUT ST STE 27,MCKEESPORT,PA,-79.83486,40.32153,PUFF DISCOUNT TOBACCO #5,4313 WALNUT ST STE 27,15132,4313 WALNUT ST STE 27|15132,PUFF DISCOUNT TOBACCO #5|4313 WALNUT ST STE 27|15132,4313 WALNUT ST,69a491b6c6,True,False,MCKEESPORT,data.pa.gov,42003501000,False,False
ALLEGHENY,ULTRA BIZ INC,ULTRA BIZ INCORPORATED COGOS #1322,15017-2053,USA,02**9662,Cigarette/OTP Retail,2027-02-28,510 STATION ST STE 1,BRIDGEVILLE,PA,-80.11058,40.35738,ULTRA BIZ INCORPORATED COGOS #1322,510 STATION ST STE 1,15017,510 STATION ST STE 1|15017,ULTRA BIZ INCORPORATED COGOS #1322|510 STATION ST STE 1|15017,510 STATION ST,3e7ee5d708,True,False,BRIDGEVILLE,data.pa.gov,42003457200,False,False
ALLEGHENY,NATHAN J'S CONSULTING,NATHAN J'S CONSULTING LLC,15104-2117,USA,02**8479,OTP Retail,2027-02-28,218 HAWKINS AVE OFC 1,BRADDOCK,PA,-79.86927,40.41135,NATHAN J'S CONSULTING LLC,218 HAWKINS AVE OFC 1,15104,218 HAWKINS AVE OFC 1|15104,NATHAN J'S CONSULTING LLC|218 HAWKINS AVE OFC 1|15104,218 HAWKINS AVE OFC 1,0f75d9e9c0,True,False,BRADDOCK,data.pa.gov,42003513000,False,False
ALLEGHENY,BEER LIME AND SUNSHINE LLC,BEER LIME AND SUNSHINE LLC,15222-1816,USA,02**6821,Cigarette/OTP Retail,2027-02-28,411 WOOD ST,PITTSBURGH,PA,-80.00115,40.43967,BEER LIME AND SUNSHINE LLC,411 WOOD ST,15222,411 WOOD ST|15222,BEER LIME AND SUNSHINE LLC|411 WOOD ST|15222,411 WOOD ST,f71f3398ee,True,False,PITTSBURGH,data.pa.gov,42003020100,True,True
ALLEGHENY,PAVITRA CORPORATION,7-ELEVEN STORE #36189A,15102-4016,USA,02**0858,Cigarette/OTP Retail,2027-02-28,6250 LIBRARY RD,BETHEL PARK,PA,-80.0311,40.29363,7-ELEVEN STORE #36189A,6250 LIBRARY RD,15102,6250 LIBRARY RD|15102,7-ELEVEN STORE #36189A|6250 LIBRARY RD|15102,6250 LIBRARY RD,cd61b12b5c,True,False,BETHEL PARK,data.pa.gov,42003475304,False,False
ALLEGHENY,HAPPY SMOKE AND VAPE 2 LLC,HAPPY SMOKE AND VAPE 2 LLC,15146-3556,USA,02**3988,OTP Retail,2027-02-28,2526 MOSSIDE BLVD STE D,MONROEVILLE,PA,-79.7534,40.42612,HAPPY SMOKE AND VAPE 2 LLC,2526 MOSSIDE BLVD STE D,15146,2526 MOSSIDE BLVD STE D|15146,HAPPY SMOKE AND VAPE 2 LLC|2526 MOSSIDE BLVD STE D|15146,2526 MOSSIDE BLVD,a00a8fa04e,True,False,MONROEVILLE,data.pa.gov,42003521301,False,False
ALLEGHENY,EL LAYALI,EL LAAYALI,15222-4603,USA,02**7284,OTP Retail,2027-02-28,2531 PENN AVE,PITTSBURGH,PA,-79.97936,40.45429,EL LAAYALI,2531 PENN AVE,15222,2531 PENN AVE|15222,EL LAAYALI|2531 PENN AVE|15222,2531 PENN AVE,12b92f7cc6,True,False,PITTSBURGH,data.pa.gov,42003020300,True,True
ALLEGHENY,SPEEDWAY LLC,SPEEDWAY 2900,15146-3712,USA,02**6790,Cigarette/OTP Retail,2027-02-28,4830 WILLIAM PENN HWY,MONROEVILLE,PA,-79.72091,40.42738,SPEEDWAY 2900,4830 WILLIAM PENN HWY,15146,4830 WILLIAM PENN HWY|15146,SPEEDWAY 2900|4830 WILLIAM PENN HWY|15146,4830 WILLIAM PENN HWY,7e61106c74,True,False,MONROEVILLE,data.pa.gov,42003521401,False,False
ALLEGHENY,DOLGENCORP LLC,DOLLAR GENERAL STORE #4990,15108-1802,USA,02**6131,Cigarette/OTP Retail,2027-02-28,926 5TH AVE,CORAOPOLIS,PA,-80.16555,40.51794,DOLLAR GENERAL STORE #4990,926 5TH AVE,15108,926 5TH AVE|15108,DOLLAR GENERAL STORE #4990|926 5TH AVE|15108,926 5TH AVE,3416eba471,True,False,CORAOPOLIS,data.pa.gov,42003450800,False,False
ALLEGHENY,ZENNER ANTHONY J,SATILIOS,15211-1701,USA,63**7782,Cigarette Vending,2027-02-28,27 BAILEY AVE,PITTSBURGH,PA,-80.00424,40.427,SATILIOS,27 BAILEY AVE,15211,27 BAILEY AVE|15211,SATILIOS|27 BAILEY AVE|15211,27 BAILEY AVE,6016573194,False,True,PITTSBURGH,data.pa.gov,42003180700,True,True
ALLEGHENY,7-ELEVEN INC,A PLUS #40164H,15241,USA,02**5176,Cigarette/OTP Retail,2027-02-28,1710 WASHINGTON RD,PITTSBURGH,PA,-80.05324,40.34816,A PLUS #40164H,1710 WASHINGTON RD,15241,1710 WASHINGTON RD|15241,A PLUS #40164H|1710 WASHINGTON RD|15241,1710 WASHINGTON RD,a6c887a69b,True,False,PITTSBURGH,data.pa.gov,42003475101,False,True
ALLEGHENY,FAMILY DOLLAR STORES OF PA LLC,FAMILY DOLLAR #23340,15076,USA,02**3956,Cigarette/OTP Retail,2027-02-28,745 LITTLE DEER CREEK VALLEY RD,RUSSELLTON,PA,-79.83375,40.61718,FAMILY DOLLAR #23340,745 LITTLE DEER CREEK VALLEY RD,15076,745 LITTLE DEER CREEK VALLEY RD|15076,FAMILY DOLLAR #23340|745 LITTLE DEER CREEK VALLEY RD|15076,745 LITTLE DEER CREEK VALLEY RD,42187d5cc0,True,False,RUSSELLTON,data.pa.gov,42003407001,False,False
ALLEGHENY,PITTSBURG TOBACCCO & VAPE SHOP INC.,PITTSBURG TOBACCO & VAPE SHOP INC,15224-2040,USA,02**4994,Cigarette/OTP Retail,2027-02-28,4776 LIBERTY AVE,PITTSBURGH,PA,-79.94749,40.46081,PITTSBURG TOBACCO & VAPE SHOP INC,4776 LIBERTY AVE,15224,4776 LIBERTY AVE|15224,PITTSBURG TOBACCO & VAPE SHOP INC|4776 LIBERTY AVE|15224,4776 LIBERTY AVE,522cb3f569,True,False,PITTSBURGH,data.pa.gov,42003080200,True,True
ALLEGHENY,DOLGENCORP LLC,DOLLAR GENERAL STORE #24234,15136-3643,USA,02**2044,Cigarette/OTP Retail,2027-02-28,1225 CHARTIERS AVE,MC KEES ROCKS,PA,-80.07163,40.4646,DOLLAR GENERAL STORE #24234,1225 CHARTIERS AVE,15136,1225 CHARTIERS AVE|15136,DOLLAR GENERAL STORE #24234|1225 CHARTIERS AVE|15136,1225 CHARTIERS AVE,49ec247cdf,True,False,MC KEES ROCKS,data.pa.gov,42003463900,False,False
ALLEGHENY,SHEETZ INC,SHEETZ #705,15122-2559,USA,02**2723,Cigarette/OTP Retail,2027-02-28,2400 LEBANON CHURCH RD,WEST MIFFLIN,PA,-79.93791,40.34855,SHEETZ #705,2400 LEBANON CHURCH RD,15122,2400 LEBANON CHURCH RD|15122,SHEETZ #705|2400 LEBANON CHURCH RD|15122,2400 LEBANON CHURCH RD,55315a074b,True,False,WEST MIFFLIN,data.pa.gov,42003488600,False,False
ALLEGHENY,LAXMI NARAYANA CORPORATION,SHELL CLAIRTON,15025-3922,USA,02**2275,Cigarette/OTP Retail,2027-02-28,1405 N STATE ST,CLAIRTON,PA,-79.89924,40.31823,SHELL CLAIRTON,1405 N STATE ST,15025,1405 N STATE ST|15025,SHELL CLAIRTON|1405 N STATE ST|15025,1405 N STATE ST,8797943561,True,False,CLAIRTON,data.pa.gov,42003492700,False,False
ALLEGHENY,GUL & JAN LLC,GUL & JAN LLC,15221-3991,USA,02**4539,Cigarette/OTP Retail,2027-02-28,901 ELIZABETH ST STE 3,PITTSBURGH,PA,-79.84103,40.42614,GUL & JAN LLC,901 ELIZABETH ST STE 3,15221,901 ELIZABETH ST STE 3|15221,GUL & JAN LLC|901 ELIZABETH ST STE 3|15221,901 ELIZABETH ST,a665fdc1a3,True,False,PITTSBURGH,data.pa.gov,42003520002,False,True
ALLEGHENY,NIKITUK JACOB W,PAZZAOS ITALIAN RESTAURANT,15132-2409,USA,02**5008,Cigarette Vending,2027-02-28,412 CENTER ST,MCKEESPORT,PA,-79.85322,40.35227,PAZZAOS ITALIAN RESTAURANT,412 CENTER ST,15132,412 CENTER ST|15132,PAZZAOS ITALIAN RESTAURANT|412 CENTER ST|15132,412 CENTER ST,e3f53fe979,False,True,MCKEESPORT,data.pa.gov,42003551900,False,False
ALLEGHENY,SIDEBAR SUPPLY LLC,KOREMOBI AND COLLABORATIONS,15221-2326,USA,02**5114,OTP Vending,2027-02-28,919 PENN AVE,WILKINSBURG,PA,-79.87964,40.44198,KOREMOBI AND COLLABORATIONS,919 PENN AVE,15221,919 PENN AVE|15221,KOREMOBI AND COLLABORATIONS|919 PENN AVE|15221,919 PENN AVE,4aa31cbf11,False,True,WILKINSBURG,data.pa.gov,42003564700,False,False
ALLEGHENY,SK & NK INC,ABE'S MARKET,15219-4369,USA,02**7729,OTP Retail,2027-02-28,1860 CENTRE AVE,PITTSBURGH,PA,-79.98093,40.44253,ABE'S MARKET,1860 CENTRE AVE,15219,1860 CENTRE AVE|15219,ABE'S MARKET|1860 CENTRE AVE|15219,1860 CENTRE AVE,3d0223e20e,True,False,PITTSBURGH,data.pa.gov,42003030500,True,True
ALLEGHENY,MATARANI INC,MATARANI INC,15224-1307,USA,02**4875,Cigarette/OTP Retail,2027-02-28,4201 PENN AVE,PITTSBURGH,PA,-79.95437,40.46584,MATARANI INC,4201 PENN AVE,15224,4201 PENN AVE|15224,MATARANI INC|4201 PENN AVE|15224,4201 PENN AVE,4351151b94,True,False,PITTSBURGH,data.pa.gov,42003090200,True,True
ALLEGHENY,SHEETZ INC,SHEETZ #376,15236-4648,USA,70**7251,Cigarette/OTP Retail,2027-02-28,1000 CLAIRTON BLVD,PITTSBURGH,PA,-79.94153,40.31748,SHEETZ #376,1000 CLAIRTON BLVD,15236,1000 CLAIRTON BLVD|15236,SHEETZ #376|1000 CLAIRTON BLVD|15236,1000 CLAIRTON BLVD,d736fa7b8e,True,False,PITTSBURGH,data.pa.gov,42003489001,False,True
ALLEGHENY,WILSONS PHARMACY,WILSONS PHARMACY,15224-1326,USA,02**6401,Cigarette/OTP Retail,2027-02-28,4101 PENN AVE,PITTSBURGH,PA,-79.95512,40.46566,WILSONS PHARMACY,4101 PENN AVE,15224,4101 PENN AVE|15224,WILSONS PHARMACY|4101 PENN AVE|15224,4101 PENN AVE,a12fd031de,True,False,PITTSBURGH,data.pa.gov,42003090300,True,True
ALLEGHENY,VBD VENDING LLC,BOOTLEGGERS,15213-4719,USA,02**0742,OTP Retail,2027-02-28,403 SEMPLE ST,PITTSBURGH,PA,-79.95482,40.43699,BOOTLEGGERS,403 SEMPLE ST,15213,403 SEMPLE ST|15213,BOOTLEGGERS|403 SEMPLE ST|15213,403 SEMPLE ST,f303445dd6,True,False,PITTSBURGH,data.pa.gov,42003040600,True,True
ALLEGHENY,BELFIORE AMUSEMENT CO,APPIAN WAY,15108-3824,USA,63**7797,Cigarette Vending,2027-02-28,418 MOON CLINTON RD,MOON TOWNSHIP,PA,-80.23957,40.50959,APPIAN WAY,418 MOON CLINTON RD,15108,418 MOON CLINTON RD|15108,APPIAN WAY|418 MOON CLINTON RD|15108,418 MOON CLINTON RD,9e4875542e,False,True,MOON TOWNSHIP,data.pa.gov,42003451105,False,False
ALLEGHENY,BEHL EMPIRE INC.,7-ELEVEN STORE #36131B,15205-2233,USA,02**4527,Cigarette/OTP Retail,2027-02-28,10 W PROSPECT AVE,PITTSBURGH,PA,-80.06636,40.44508,7-ELEVEN STORE #36131B,10 W PROSPECT AVE,15205,10 W PROSPECT AVE|15205,7-ELEVEN STORE #36131B|10 W PROSPECT AVE|15205,10 W PROSPECT AVE,359b2feb7a,True,False,PITTSBURGH,data.pa.gov,42003464300,False,True
ALLEGHENY,WALMART STORES EAST LP,WAL MART 2603,15044-9610,USA,70**8077,Cigarette/OTP Retail,2027-02-28,300 WALMART DR,GIBSONIA,PA,-79.94712,40.62335,WAL MART 2603,300 WALMART DR,15044,300 WALMART DR|15044,WAL MART 2603|300 WALMART DR|15044,300 WALMART DR,5aa1ebf303,True,False,GIBSONIA,data.pa.gov,42003408002,False,False
ALLEGHENY,MOON MINI MART INC,MOON MINI MART INC,15108-2584,USA,02**6130,Cigarette/OTP Retail,2027-02-28,6700 UNIVERSITY BLVD,MOON TOWNSHIP,PA,-80.22069,40.51772,MOON MINI MART INC,6700 UNIVERSITY BLVD,15108,6700 UNIVERSITY BLVD|15108,MOON MINI MART INC|6700 UNIVERSITY BLVD|15108,6700 UNIVERSITY BLVD,92a764aa41,True,False,MOON TOWNSHIP,data.pa.gov,42003451101,False,False
ALLEGHENY,PITTSBURGH VAPE EMPIRE LLC,EMPIRE,15203-1706,USA,02**2613,Cigarette/OTP Retail,2027-02-28,1728 E CARSON ST FL 1,PITTSBURGH,PA,-79.98103,40.42879,EMPIRE,1728 E CARSON ST FL 1,15203,1728 E CARSON ST FL 1|15203,EMPIRE|1728 E CARSON ST FL 1|15203,1728 E CARSON ST,6fe4308878,True,False,PITTSBURGH,data.pa.gov,42003170200,True,True
ALLEGHENY,DAHNTAHN INDUSTRIES,FRANKSTOWN,15235-3172,USA,02**4705,Cigarette/OTP Retail,2027-02-28,11575 FRANKSTOWN RD,PITTSBURGH,PA,-79.82948,40.46493,FRANKSTOWN,11575 FRANKSTOWN RD,15235,11575 FRANKSTOWN RD|15235,FRANKSTOWN|11575 FRANKSTOWN RD|15235,11575 FRANKSTOWN RD,94c1329705,True,False,PITTSBURGH,data.pa.gov,42003523400,False,True
ALLEGHENY,DHARMA GROUP LLC,SUNOCO,15045-1440,USA,02**4050,OTP Retail,2027-02-28,336 MONONGAHELA AVE,GLASSPORT,PA,-79.89279,40.32959,SUNOCO,336 MONONGAHELA AVE,15045,336 MONONGAHELA AVE|15045,SUNOCO|336 MONONGAHELA AVE|15045,336 MONONGAHELA AVE,760a4aefff,True,False,GLASSPORT,data.pa.gov,42003499400,False,False
ALLEGHENY,NIKITUK JACOB W,H & H LOUNGE,15235-2356,USA,02**5008,Cigarette Vending,2027-02-28,1903 LEECHBURG RD,PITTSBURGH,PA,-79.78985,40.49331,H & H LOUNGE,1903 LEECHBURG RD,15235,1903 LEECHBURG RD|15235,H & H LOUNGE|1903 LEECHBURG RD|15235,1903 LEECHBURG RD,85e838101f,False,True,PITTSBURGH,data.pa.gov,42003523702,False,True
ALLEGHENY,GIANT EAGLE INC,GIANT EAGLE 17,15206-4096,USA,70**3011,Cigarette/OTP Retail,2027-02-28,6320 SHAKESPEARE ST STE 1,PITTSBURGH,PA,-79.92127,40.45873,GIANT EAGLE 17,6320 SHAKESPEARE ST STE 1,15206,6320 SHAKESPEARE ST STE 1|15206,GIANT EAGLE 17|6320 SHAKESPEARE ST STE 1|15206,6320 SHAKESPEARE ST,9678b7e121,True,False,PITTSBURGH,data.pa.gov,42003070800,True,True
ALLEGHENY,G & M UNITED LIMITED LIABILITY COMPANY,BIG BOY MARKET,15132-1816,USA,02**6199,OTP Retail,2027-02-28,3100 BROWNLEE AVE,MCKEESPORT,PA,-79.84059,40.34896,BIG BOY MARKET,3100 BROWNLEE AVE,15132,3100 BROWNLEE AVE|15132,BIG BOY MARKET|3100 BROWNLEE AVE|15132,3100 BROWNLEE AVE,b3a60e401a,True,False,MCKEESPORT,data.pa.gov,42003551200,False,False
ALLEGHENY,PENN RETAIL ENTERPRISES LLC,PENN RETAIL ENTERPRISES LLC,15224-1333,USA,02**4967,Cigarette Retail,2027-02-28,4067 PENN AVE,PITTSBURGH,PA,-79.95545,40.46561,PENN RETAIL ENTERPRISES LLC,4067 PENN AVE,15224,4067 PENN AVE|15224,PENN RETAIL ENTERPRISES LLC|4067 PENN AVE|15224,4067 PENN AVE,dd87bb838d,True,False,PITTSBURGH,data.pa.gov,42003090300,True,True
ALLEGHENY,CENTER INDEPENDENT OIL STORES LLC,CIO STORES LLC PAINTERS MARA #14,15241-3014,USA,02**5832,Cigarette/OTP Retail,2027-02-28,1980 PAINTERS RUN RD,PITTSBURGH,PA,-80.08637,40.36407,CIO STORES LLC PAINTERS MARA #14,1980 PAINTERS RUN RD,15241,1980 PAINTERS RUN RD|15241,CIO STORES LLC PAINTERS MARA #14|1980 PAINTERS RUN RD|15241,1980 PAINTERS RUN RD,9ec5483551,True,False,PITTSBURGH,data.pa.gov,42003470400,False,True
ALLEGHENY,PARSIN LLC,PARSIN LLC,15146-2301,USA,02**8439,Cigarette Retail,2027-02-28,2677 MONROEVILLE BLVD,MONROEVILLE,PA,-79.78236,40.43552,PARSIN LLC,2677 MONROEVILLE BLVD,15146,2677 MONROEVILLE BLVD|15146,PARSIN LLC|2677 MONROEVILLE BLVD|15146,2677 MONROEVILLE BLVD,a179b9876c,True,False,MONROEVILLE,data.pa.gov,42003521200,False,False
ALLEGHENY,GIANT EAGLE INC,GIANT EAGLE 73,15122-2469,USA,70**3096,Cigarette/OTP Retail,2027-02-28,9901 MOUNTAIN VIEW DR,WEST MIFFLIN,PA,-79.95063,40.33968,GIANT EAGLE 73,9901 MOUNTAIN VIEW DR,15122,9901 MOUNTAIN VIEW DR|15122,GIANT EAGLE 73|9901 MOUNTAIN VIEW DR|15122,9901 MOUNTAIN VIEW DR,4ed35b01c4,True,False,WEST MIFFLIN,data.pa.gov,42003488600,False,False
ALLEGHENY,QUALITY FOODS CORPORATION,KUHNS MARKET,15237-1747,USA,02**1964,Cigarette Wholesaler,2027-02-28,537 ROCHESTER RD,PITTSBURGH,PA,-80.05103,40.53802,KUHNS MARKET,537 ROCHESTER RD,15237,537 ROCHESTER RD|15237,KUHNS MARKET|537 ROCHESTER RD|15237,537 ROCHESTER RD,3c816be36b,False,True,PITTSBURGH,data.pa.gov,42003429300,False,True
ALLEGHENY,PATTON MICHAEL P,PRIMA ROMA RESTAURANT,15024-9441,USA,02**5102,Cigarette Vending,2027-02-28,928 ROUTE 910,CHESWICK,PA,-79.86689,40.58119,PRIMA ROMA RESTAURANT,928 ROUTE 910,15024,928 ROUTE 910|15024,PRIMA ROMA RESTAURANT|928 ROUTE 910|15024,928 ROUTE 910,ec69c52c30,False,True,CHESWICK,data.pa.gov,42003415001,False,False
ALLEGHENY,FAMILY DOLLAR STORES OF PA LLC,FAMILY DOLLAR #32538,15235-3040,USA,02**1126,Cigarette/OTP Retail,2027-02-28,10707 FRANKSTOWN RD,PITTSBURGH,PA,-79.84175,40.46101,FAMILY DOLLAR #32538,10707 FRANKSTOWN RD,15235,10707 FRANKSTOWN RD|15235,FAMILY DOLLAR #32538|10707 FRANKSTOWN RD|15235,10707 FRANKSTOWN RD,7c1feca3e5,True,False,PITTSBURGH,data.pa.gov,42003523300,False,True
ALLEGHENY,RELIEF & RECREATION LLC,RELIEF & RECREATION LLC,15136-1352,USA,02**7719,OTP Retail,2027-02-28,5992 STEUBENVILLE PIKE # 994D,MC KEES ROCKS,PA,-80.14392,40.44638,RELIEF & RECREATION LLC,5992 STEUBENVILLE PIKE # 994D,15136,5992 STEUBENVILLE PIKE # 994D|15136,RELIEF & RECREATION LLC|5992 STEUBENVILLE PIKE # 994D|15136,5992 STEUBENVILLE PIKE 994D,070301689b,True,False,MC KEES ROCKS,data.pa.gov,42003459201,False,False
ALLEGHENY,GETGO OPERATING LLC,GETGO #3147,15218-1671,USA,02**1654,Cigarette/OTP Retail,2027-02-28,1599 S BRADDOCK AVE,PITTSBURGH,PA,-79.89116,40.42766,GETGO #3147,1599 S BRADDOCK AVE,15218,1599 S BRADDOCK AVE|15218,GETGO #3147|1599 S BRADDOCK AVE|15218,1599 S BRADDOCK AVE,95f86e87b6,True,False,PITTSBURGH,data.pa.gov,42003515401,False,True
ALLEGHENY,HDSS LLC,HWY 51,15236-2101,USA,02**0135,OTP Retail,2027-02-28,4907 CLAIRTON BLVD,PITTSBURGH,PA,-79.97535,40.34909,HWY 51,4907 CLAIRTON BLVD,15236,4907 CLAIRTON BLVD|15236,HWY 51|4907 CLAIRTON BLVD|15236,4907 CLAIRTON BLVD,f1b6179dd0,True,False,PITTSBURGH,data.pa.gov,42003480200,False,True
ALLEGHENY,WAHEGURUJI ENTERPRISES LLC,MILLVALE STORE,15209-2501,USA,02**2096,OTP Retail,2027-02-28,215 NORTH AVE FL 1STFL,MILLVALE,PA,-79.97465,40.48126,MILLVALE STORE,215 NORTH AVE FL 1STFL,15209,215 NORTH AVE FL 1STFL|15209,MILLVALE STORE|215 NORTH AVE FL 1STFL|15209,215 N AVE,40accd5c34,True,False,MILLVALE,data.pa.gov,42003427000,False,False
ALLEGHENY,JALARAM OIL INC,SUNOCO PITTSBURGH,15223-1304,USA,02**0226,Cigarette/OTP Retail,2027-02-28,900 BUTLER ST,PITTSBURGH,PA,-79.94661,40.51155,SUNOCO PITTSBURGH,900 BUTLER ST,15223,900 BUTLER ST|15223,SUNOCO PITTSBURGH|900 BUTLER ST|15223,900 BUTLER ST,4bbc3e1f06,True,False,PITTSBURGH,data.pa.gov,42003426700,False,True
ALLEGHENY,M MASKAS & SONS INC,M MASKAS & SONS INC,15084-1511,USA,02**1872,Cigarette Wholesaler,2027-02-28,142 E 7TH AVE,TARENTUM,PA,-79.75594,40.60242,M MASKAS & SONS INC,142 E 7TH AVE,15084,142 E 7TH AVE|15084,M MASKAS & SONS INC|142 E 7TH AVE|15084,142 E 7TH AVE,03a92aba2a,False,True,TARENTUM,data.pa.gov,42003403500,False,False
ALLEGHENY,ATHWAL PETROLEUM INC,ATHWAL PEROLEUM INC,15210-2250,USA,02**2083,Cigarette/OTP Retail,2027-02-28,427 BROWNSVILLE RD,MOUNT OLIVER,PA,-79.98925,40.41243,ATHWAL PEROLEUM INC,427 BROWNSVILLE RD,15210,427 BROWNSVILLE RD|15210,ATHWAL PEROLEUM INC|427 BROWNSVILLE RD|15210,427 BROWNSVILLE RD,1a15cf3208,True,False,MOUNT OLIVER,data.pa.gov,42003481000,False,False
ALLEGHENY,DEEP OIL CORPORATION,DEEP OIL CORPORATION,15132-7053,USA,02**5520,Cigarette Retail,2027-02-28,2105 WALNUT ST,MCKEESPORT,PA,-79.85261,40.33637,DEEP OIL CORPORATION,2105 WALNUT ST,15132,2105 WALNUT ST|15132,DEEP OIL CORPORATION|2105 WALNUT ST|15132,2105 WALNUT ST,52dca57007,True,False,MCKEESPORT,data.pa.gov,42003552400,False,False
ALLEGHENY,ROCKS FOR US INC,ROCKS FOR US INC,15108-4270,USA,02**7885,Cigarette/OTP Retail,2027-02-28,612 ABERDEEN CT,MOON TOWNSHIP,PA,-80.2389,40.52369,ROCKS FOR US INC,612 ABERDEEN CT,15108,612 ABERDEEN CT|15108,ROCKS FOR US INC|612 ABERDEEN CT|15108,612 ABERDEEN CT,5b784bec2e,True,False,MOON TOWNSHIP,data.pa.gov,42003451105,False,False
ALLEGHENY,SMOKE APP LLC,SMOKE APP LLC,15147-1723,USA,02**4908,Cigarette/OTP Retail,2027-02-28,8259 NADINE RD UNIT 400,VERONA,PA,-79.86644,40.47659,SMOKE APP LLC,8259 NADINE RD UNIT 400,15147,8259 NADINE RD UNIT 400|15147,SMOKE APP LLC|8259 NADINE RD UNIT 400|15147,8259 NADINE RD,1ec3f2c11a,True,False,VERONA,data.pa.gov,42003523100,False,False
ALLEGHENY,PAR MAR OIL COMPANY,PAR MAR STORE #204,15202-2832,USA,02**7056,Cigarette/OTP Retail,2027-02-28,901 OHIO RIVER BLVD,PITTSBURGH,PA,-80.0665,40.49574,PAR MAR STORE #204,901 OHIO RIVER BLVD,15202,901 OHIO RIVER BLVD|15202,PAR MAR STORE #204|901 OHIO RIVER BLVD|15202,901 OHIO RIVER BLVD,5adbd06c9f,True,False,PITTSBURGH,data.pa.gov,42003432400,False,True
ALLEGHENY,INDS INC,KENNEDY BEER POP FOR LESS,15136-1661,USA,02**6315,Cigarette/OTP Retail,2027-02-28,500 PINE HOLLOW RD,MC KEES ROCKS,PA,-80.094221,40.473351,KENNEDY BEER POP FOR LESS,500 PINE HOLLOW RD,15136,500 PINE HOLLOW RD|15136,KENNEDY BEER POP FOR LESS|500 PINE HOLLOW RD|15136,500 PINE HOLLOW RD,37178987db,True,False,MC KEES ROCKS,data.pa.gov,42003460002,False,False
ALLEGHENY,SHIV PETROLEUM INC,SHIV PETROLEUM INC,15144-1502,USA,02**2434,Cigarette/OTP Retail,2027-02-28,627 PITTSBURGH ST,SPRINGDALE,PA,-79.78305,40.54121,SHIV PETROLEUM INC,627 PITTSBURGH ST,15144,627 PITTSBURGH ST|15144,SHIV PETROLEUM INC|627 PITTSBURGH ST|15144,627 PITTSBURGH ST,872cedbeb5,True,False,SPRINGDALE,data.pa.gov,42003417100,False,False
ALLEGHENY,FAMILY DOLLAR STORES OF PA LLC,FAMILY DOLLAR # 21631,15132-2745,USA,02**3870,Cigarette/OTP Retail,2027-02-28,130 LYSLE BLVD,MCKEESPORT,PA,-79.86768,40.35088,FAMILY DOLLAR # 21631,130 LYSLE BLVD,15132,130 LYSLE BLVD|15132,FAMILY DOLLAR # 21631|130 LYSLE BLVD|15132,130 LYSLE BLVD,59d53c9d21,True,False,MCKEESPORT,data.pa.gov,42003551900,False,False
ALLEGHENY,GK FOODMART INC,GK FOODMART INC,15132-3945,USA,02**3645,Cigarette Retail,2027-02-28,1026 WALNUT ST,MCKEESPORT,PA,-79.86371,40.34537,GK FOODMART INC,1026 WALNUT ST,15132,1026 WALNUT ST|15132,GK FOODMART INC|1026 WALNUT ST|15132,1026 WALNUT ST,2cf9694a84,True,False,MCKEESPORT,data.pa.gov,42003552100,False,False
ALLEGHENY,MIDNIGHT MARKET VENDING LLC,ANN'S CHOP HOUSE,15102-3885,USA,02**4832,OTP Vending,2027-02-28,2783 S PARK RD,BETHEL PARK,PA,-80.03467,40.32786,ANN'S CHOP HOUSE,2783 S PARK RD,15102,2783 S PARK RD|15102,ANN'S CHOP HOUSE|2783 S PARK RD|15102,2783 S PARK RD,0197c9fc85,False,True,BETHEL PARK,data.pa.gov,42003475301,False,False
ALLEGHENY,BELMONT AMUSEMENT COMPANY INC,OLYMPIA CLUB,15220-5541,USA,02**7694,Cigarette Vending,2027-02-28,450 S MAIN ST,PITTSBURGH,PA,-80.03457,40.44103,OLYMPIA CLUB,450 S MAIN ST,15220,450 S MAIN ST|15220,OLYMPIA CLUB|450 S MAIN ST|15220,450 S MAIN ST,d8fa868adc,False,True,PITTSBURGH,data.pa.gov,42003562600,True,True
ALLEGHENY,OCTOPUS INK VAPOR LLC,OCTOPUS INK VAPOR LLC,15239-2451,USA,02**7704,OTP Retail,2027-02-28,2750 GOLDEN MILE HWY STE 6,PLUM,PA,-79.70735,40.47395,OCTOPUS INK VAPOR LLC,2750 GOLDEN MILE HWY STE 6,15239,2750 GOLDEN MILE HWY STE 6|15239,OCTOPUS INK VAPOR LLC|2750 GOLDEN MILE HWY STE 6|15239,2750 GOLDEN MILE HWY,42c135307d,True,False,PLUM,data.pa.gov,42003526302,False,False
ALLEGHENY,HARTMAN MUSIC INC,LIBRARY VETS,15129,USA,02**7708,Cigarette Vending,2027-02-28,6544 CHURCH STREET,SOUTH PARK,PA,-80.02272,40.2875,LIBRARY VETS,6544 CHURCH STREET,15129,6544 CHURCH STREET|15129,LIBRARY VETS|6544 CHURCH STREET|15129,6544 CHURCH ST,e06fd6e1aa,False,True,SOUTH PARK,data.pa.gov,42003490002,False,False
ALLEGHENY,KING CITY SMOKE SHOP LLC,STORE,15222-1823,USA,02**3938,Cigarette/OTP Retail,2027-02-28,418 WOOD ST,PITTSBURGH,PA,-80.00098,40.4399,STORE,418 WOOD ST,15222,418 WOOD ST|15222,STORE|418 WOOD ST|15222,418 WOOD ST,b43d54f8b1,True,False,PITTSBURGH,data.pa.gov,42003020100,True,True
ALLEGHENY,PATTON MICHAEL P,CONDORDIA CLUB,15106-2507,USA,02**5102,Cigarette Vending,2027-02-28,424 2ND AVE,CARNEGIE,PA,-80.09156,40.40208,CONDORDIA CLUB,424 2ND AVE,15106,424 2ND AVE|15106,CONDORDIA CLUB|424 2ND AVE|15106,424 2ND AVE,56d36a5493,False,True,CARNEGIE,data.pa.gov,42003468800,False,False
ALLEGHENY,MOHAMMAD ASIF REHANA SIDDIQUI,7 ELEVEN STORE 36158A,15122-2604,USA,70**2139,Cigarette/OTP Retail,2027-02-28,321 CAMP HOLLOW RD,WEST MIFFLIN,PA,-79.92674,40.34912,7 ELEVEN STORE 36158A,321 CAMP HOLLOW RD,15122,321 CAMP HOLLOW RD|15122,7 ELEVEN STORE 36158A|321 CAMP HOLLOW RD|15122,321 CAMP HOLLOW RD,9cb88facbf,True,False,WEST MIFFLIN,data.pa.gov,42003488600,False,False
ALLEGHENY,SASSY ASH CIGARS LLC,SASSY ASH CIGARS,15210-1173,USA,02**2847,OTP Retail,2027-02-28,81 LAFFERTY AVE,PITTSBURGH,PA,-80.00682,40.41793,SASSY ASH CIGARS,81 LAFFERTY AVE,15210,81 LAFFERTY AVE|15210,SASSY ASH CIGARS|81 LAFFERTY AVE|15210,81 LAFFERTY AVE,6ec7a8517b,True,False,PITTSBURGH,data.pa.gov,42003562400,True,True
ALLEGHENY,TIPSY TIKKA MASALA,TIPSY TIKKA MASALA LLC,15222-3701,USA,02**3340,Cigarette/OTP Retail,2027-02-28,969 LIBERTY AVE,PITTSBURGH,PA,-79.99546,40.44359,TIPSY TIKKA MASALA LLC,969 LIBERTY AVE,15222,969 LIBERTY AVE|15222,TIPSY TIKKA MASALA LLC|969 LIBERTY AVE|15222,969 LIBERTY AVE,e5f18ff27e,True,False,PITTSBURGH,data.pa.gov,42003020100,True,True
ALLEGHENY,GIANT EAGLE INC,GIANT EAGLE #1291,15044-7523,USA,02**8425,Cigarette/OTP Retail,2027-02-28,400 NORTHTOWNE SQ,GIBSONIA,PA,-79.94175,40.63653,GIANT EAGLE #1291,400 NORTHTOWNE SQ,15044,400 NORTHTOWNE SQ|15044,GIANT EAGLE #1291|400 NORTHTOWNE SQ|15044,400 NORTHTOWNE SQ,a07044584b,True,False,GIBSONIA,data.pa.gov,42003408001,False,False
ALLEGHENY,SHEETZ INC,SHEETZ INC 189,15024-1521,USA,70**7159,Cigarette/OTP Retail,2027-02-28,1505 PITTSBURGH ST,CHESWICK,PA,-79.79881,40.5416,SHEETZ INC 189,1505 PITTSBURGH ST,15024,1505 PITTSBURGH ST|15024,SHEETZ INC 189|1505 PITTSBURGH ST|15024,1505 PITTSBURGH ST,a6f4bf0116,True,False,CHESWICK,data.pa.gov,42003418000,False,False
ALLEGHENY,FRANK ZUK INC,SCOTT TWP MINI MART,15106-3621,USA,02**5099,Cigarette/OTP Retail,2027-02-28,1200 WASHINGTON AVE,CARNEGIE,PA,-80.08551,40.39665,SCOTT TWP MINI MART,1200 WASHINGTON AVE,15106,1200 WASHINGTON AVE|15106,SCOTT TWP MINI MART|1200 WASHINGTON AVE|15106,1200 WASHINGTON AVE,51236ba75c,True,False,CARNEGIE,data.pa.gov,42003470600,False,False
ALLEGHENY,GLOBAL RETAIL OIL INC,SUNOCO,15065-1909,USA,02**0905,Cigarette/OTP Retail,2027-02-28,3039 FREEPORT RD,NATRONA HEIGHTS,PA,-79.71064,40.64226,SUNOCO,3039 FREEPORT RD,15065,3039 FREEPORT RD|15065,SUNOCO|3039 FREEPORT RD|15065,3039 FREEPORT RD,6852e56784,True,False,NATRONA HEIGHTS,data.pa.gov,42003401100,False,False
ALLEGHENY,BIG DOG VENDING INC,JUST ONE MORE SALOON,15210-3912,USA,02**7778,Cigarette Vending,2027-02-28,1613 BROWNSVILLE RD,PITTSBURGH,PA,-79.98902,40.39936,JUST ONE MORE SALOON,1613 BROWNSVILLE RD,15210,1613 BROWNSVILLE RD|15210,JUST ONE MORE SALOON|1613 BROWNSVILLE RD|15210,1613 BROWNSVILLE RD,1cdaf45bd7,False,True,PITTSBURGH,data.pa.gov,42003290100,True,True
ALLEGHENY,KAUR KAMALJIT,NEW BIG TOM CORNER STORE,15212-2636,USA,02**7709,Cigarette/OTP Retail,2027-02-28,1300 WOODLAND AVE,PITTSBURGH,PA,-80.0301,40.46907,NEW BIG TOM CORNER STORE,1300 WOODLAND AVE,15212,1300 WOODLAND AVE|15212,NEW BIG TOM CORNER STORE|1300 WOODLAND AVE|15212,1300 WOODLAND AVE,5e555b9bcc,True,False,PITTSBURGH,data.pa.gov,42003271600,True,True
ALLEGHENY,HARTMAN MUSIC INC,B&J'S,15226-1725,USA,02**7708,Cigarette Vending,2027-02-28,2506 W LIBERTY AVE,PITTSBURGH,PA,-80.0256,40.39889,B&J'S,2506 W LIBERTY AVE,15226,2506 W LIBERTY AVE|15226,B&J'S|2506 W LIBERTY AVE|15226,2506 W LIBERTY AVE,363c9ceed0,False,True,PITTSBURGH,data.pa.gov,42003192000,True,True
ALLEGHENY,LINCOLN STORE LLC,LINCOLN STORE LLC,15202-3673,USA,02**5007,OTP Retail,2027-02-28,471 LINCOLN AVE,BELLEVUE,PA,-80.05471,40.49515,LINCOLN STORE LLC,471 LINCOLN AVE,15202,471 LINCOLN AVE|15202,LINCOLN STORE LLC|471 LINCOLN AVE|15202,471 LINCOLN AVE,c9fa26fbe1,True,False,BELLEVUE,data.pa.gov,42003431500,False,False
ALLEGHENY,ACME VENDING INC,BLAWNOX SPORTSMENS CLUB,15238-3419,USA,02**7734,Cigarette Vending,2027-02-28,314 FREEPORT RD,BLAWNOX,PA,-79.86184,40.49345,BLAWNOX SPORTSMENS CLUB,314 FREEPORT RD,15238,314 FREEPORT RD|15238,BLAWNOX SPORTSMENS CLUB|314 FREEPORT RD|15238,314 FREEPORT RD,1430bba22c,False,True,BLAWNOX,data.pa.gov,42003420000,False,False
ALLEGHENY,VBD VENDING LLC,CORY CLIPZ,15108-1525,USA,02**1227,OTP Vending,2027-02-28,731 5TH AVE,CORAOPOLIS,PA,-80.1706,40.51993,CORY CLIPZ,731 5TH AVE,15108,731 5TH AVE|15108,CORY CLIPZ|731 5TH AVE|15108,731 5TH AVE,20b7ac87b9,False,True,CORAOPOLIS,data.pa.gov,42003450800,False,False
ALLEGHENY,WALGREEN EASTERN CO INC,WALGREENS #09675,15235-2067,USA,70**9056,Cigarette/OTP Retail,2027-02-28,6201 SALTSBURG RD,PITTSBURGH,PA,-79.81668,40.48506,WALGREENS #09675,6201 SALTSBURG RD,15235,6201 SALTSBURG RD|15235,WALGREENS #09675|6201 SALTSBURG RD|15235,6201 SALTSBURG RD,ef00c638e3,True,False,PITTSBURGH,data.pa.gov,42003523702,False,True
ALLEGHENY,WALGREEN EASTERN CO INC,WALGREENS #01034,15205-2604,USA,70**9035,Cigarette/OTP Retail,2027-02-28,112 W STEUBEN ST,CRAFTON,PA,-80.07278,40.43948,WALGREENS #01034,112 W STEUBEN ST,15205,112 W STEUBEN ST|15205,WALGREENS #01034|112 W STEUBEN ST|15205,112 W STEUBEN ST,dcc070eabc,True,False,CRAFTON,data.pa.gov,42003465600,False,False
ALLEGHENY,RSA LLC,ISALY'S,15212-5516,USA,02**1562,Cigarette/OTP Retail,2027-02-28,537 E OHIO ST,PITTSBURGH,PA,-79.99937,40.45373,ISALY'S,537 E OHIO ST,15212,537 E OHIO ST|15212,ISALY'S|537 E OHIO ST|15212,537 E OHIO ST,5f321efcd2,True,False,PITTSBURGH,data.pa.gov,42003563202,True,True
ALLEGHENY,UNIVERSAL VENTURES,UNIVERSAL VENTURES LLC,15216-3258,USA,02**0981,Cigarette Retail,2027-02-28,1006 HAMPSHIRE AVE,PITTSBURGH,PA,-80.0251,40.41054,UNIVERSAL VENTURES LLC,1006 HAMPSHIRE AVE,15216,1006 HAMPSHIRE AVE|15216,UNIVERSAL VENTURES LLC|1006 HAMPSHIRE AVE|15216,1006 HAMPSHIRE AVE,8c7634a16d,True,False,PITTSBURGH,data.pa.gov,42003191600,True,True
ALLEGHENY,SANA ENTERPRISE OIL INC,SANA ENTERPRISE OIL INC,15229-1606,USA,02**9180,Cigarette/OTP Retail,2027-02-28,1498 CENTER AVE,WEST VIEW,PA,-80.0448,40.51521,SANA ENTERPRISE OIL INC,1498 CENTER AVE,15229,1498 CENTER AVE|15229,SANA ENTERPRISE OIL INC|1498 CENTER AVE|15229,1498 CENTER AVE,a4055c6517,True,False,WEST VIEW,data.pa.gov,42003430200,False,False
ALLEGHENY,AKSHAR CONVENIENCE CORP,UNIMART,15236-2705,USA,02**9775,Cigarette/OTP Retail,2027-02-28,298 KNOEDLER RD,PITTSBURGH,PA,-79.98155,40.34188,UNIMART,298 KNOEDLER RD,15236,298 KNOEDLER RD|15236,UNIMART|298 KNOEDLER RD|15236,298 KNOEDLER RD,f15493e731,True,False,PITTSBURGH,data.pa.gov,42003480101,False,True
ALLEGHENY,SHRIJI OIL CORPORATION,QUICK SUB MART,15238-3451,USA,02**3431,OTP Retail,2027-02-28,164 FREEPORT RD,BLAWNOX,PA,-79.86566,40.49152,QUICK SUB MART,164 FREEPORT RD,15238,164 FREEPORT RD|15238,QUICK SUB MART|164 FREEPORT RD|15238,164 FREEPORT RD,d1dbc956bc,True,False,BLAWNOX,data.pa.gov,42003420000,False,False
ALLEGHENY,APVP LLC,APVP LLC,15122-3654,USA,02**4839,Cigarette/OTP Retail,2027-02-28,5700 HOMEVILLE RD,WEST MIFFLIN,PA,-79.87147,40.36626,APVP LLC,5700 HOMEVILLE RD,15122,5700 HOMEVILLE RD|15122,APVP LLC|5700 HOMEVILLE RD|15122,5700 HOMEVILLE RD,a0c818bbb1,True,False,WEST MIFFLIN,data.pa.gov,42003488400,False,False
ALLEGHENY,DOLGENCORP LLC,DOLLAR GENERAL # 14985,15207-2406,USA,02**8553,Cigarette/OTP Retail,2027-02-28,5800 BUTTERMILK HOLLOW RD,PITTSBURGH,PA,-79.90889,40.36499,DOLLAR GENERAL # 14985,5800 BUTTERMILK HOLLOW RD,15207,5800 BUTTERMILK HOLLOW RD|15207,DOLLAR GENERAL # 14985|5800 BUTTERMILK HOLLOW RD|15207,5800 BUTTERMILK HOLLOW RD,e4222983df,True,False,PITTSBURGH,data.pa.gov,42003310200,True,True
ALLEGHENY,S & S CANDY & CIGAR COMPANY INC,S & S CANDY & CIGAR CO INC,15203-1901,USA,02**3492,OTP Wholesaler,2027-02-28,2025 E CARSON ST,PITTSBURGH,PA,-79.97651,40.42853,S & S CANDY & CIGAR CO INC,2025 E CARSON ST,15203,2025 E CARSON ST|15203,S & S CANDY & CIGAR CO INC|2025 E CARSON ST|15203,2025 E CARSON ST,2c4d9f2f9f,False,True,PITTSBURGH,data.pa.gov,42003170200,True,True
ALLEGHENY,SPEEDWAY LLC,SPEEDWAY #2916,15122-2237,USA,02**7265,OTP Retail,2027-02-28,4315 KENNYWOOD BLVD,WEST MIFFLIN,PA,-79.86887,40.39051,SPEEDWAY #2916,4315 KENNYWOOD BLVD,15122,4315 KENNYWOOD BLVD|15122,SPEEDWAY #2916|4315 KENNYWOOD BLVD|15122,4315 KENNYWOOD BLVD,d3db557a77,True,False,WEST MIFFLIN,data.pa.gov,42003488200,False,False
ALLEGHENY,BROOKLYN 2 MARKET INC,BROOKLYN 2 MARKET INC,15221-1328,USA,02**4511,Cigarette Retail,2027-02-28,7926 FRANKSTOWN AVE,PITTSBURGH,PA,-79.88496,40.45528,BROOKLYN 2 MARKET INC,7926 FRANKSTOWN AVE,15221,7926 FRANKSTOWN AVE|15221,BROOKLYN 2 MARKET INC|7926 FRANKSTOWN AVE|15221,7926 FRANKSTOWN AVE,972d8e718e,True,False,PITTSBURGH,data.pa.gov,42003130600,True,True
ALLEGHENY,SONNYS TAVERN INC,SONNYS TAVERN INC,15224-2149,USA,02**8180,Cigarette Retail,2027-02-28,630 S MILLVALE AVE,PITTSBURGH,PA,-79.94741,40.45789,SONNYS TAVERN INC,630 S MILLVALE AVE,15224,630 S MILLVALE AVE|15224,SONNYS TAVERN INC|630 S MILLVALE AVE|15224,630 S MILLVALE AVE,2d81b57125,True,False,PITTSBURGH,data.pa.gov,42003080400,True,True
ALLEGHENY,PATTON MICHAEL P,WICKED WITCHES,15024-1210,USA,02**5102,Cigarette Vending,2027-02-28,919 FREEPORT RD,CHESWICK,PA,-79.81524,40.54074,WICKED WITCHES,919 FREEPORT RD,15024,919 FREEPORT RD|15024,WICKED WITCHES|919 FREEPORT RD|15024,919 FREEPORT RD,bf2161d23e,False,True,CHESWICK,data.pa.gov,42003419000,False,False
ALLEGHENY,PAR MAR OIL COMPANY,PAR MAR STORES 56,15237-5707,USA,02**1008,Cigarette/OTP Retail,2027-02-28,8197 MCKNIGHT RD,PITTSBURGH,PA,-80.02331,40.55755,PAR MAR STORES 56,8197 MCKNIGHT RD,15237,8197 MCKNIGHT RD|15237,PAR MAR STORES 56|8197 MCKNIGHT RD|15237,8197 MCKNIGHT RD,67103c1ad1,True,False,PITTSBURGH,data.pa.gov,42003413300,False,True
ALLEGHENY,VBD VENDING LLC,SHENANIGANS'S BAR AND GRILL,15237-3220,USA,02**3257,OTP Vending,2027-02-28,2310 BABCOCK BLVD,PITTSBURGH,PA,-80.00086,40.51351,SHENANIGANS'S BAR AND GRILL,2310 BABCOCK BLVD,15237,2310 BABCOCK BLVD|15237,SHENANIGANS'S BAR AND GRILL|2310 BABCOCK BLVD|15237,2310 BABCOCK BLVD,239286b146,False,True,PITTSBURGH,data.pa.gov,42003429202,False,True
ALLEGHENY,SHYAM BEER DISTRIBUTOR INC,SHYAM BEER DISTRIBUTOR INC,15025,USA,02**4304,Cigarette/OTP Retail,2027-02-28,1450 PA 51,CLAIRTON,PA,-79.9293,40.30118,SHYAM BEER DISTRIBUTOR INC,1450 PA 51,15025,1450 PA 51|15025,SHYAM BEER DISTRIBUTOR INC|1450 PA 51|15025,1450 PA 51,88e1bf542b,True,False,CLAIRTON,data.pa.gov,42003491101,False,False
ALLEGHENY,PATTON MICHAEL P,MARRONIS LOUNGE,15056-1116,USA,02**5102,Cigarette Vending,2027-02-28,1 OHIO RIVER BLVD,LEETSDALE,PA,-80.21237,40.5671,MARRONIS LOUNGE,1 OHIO RIVER BLVD,15056,1 OHIO RIVER BLVD|15056,MARRONIS LOUNGE|1 OHIO RIVER BLVD|15056,1 OHIO RIVER BLVD,cf8e6c6228,False,True,LEETSDALE,data.pa.gov,42003448000,False,False
ALLEGHENY,EDGEWOOD AVENUE EXPRESS INC,EDGEWOOD AVENUE EXPRESS INC,15218-1595,USA,02**4890,OTP Retail,2027-02-28,253 EDGEWOOD AVE,PITTSBURGH,PA,-79.88426,40.43025,EDGEWOOD AVENUE EXPRESS INC,253 EDGEWOOD AVE,15218,253 EDGEWOOD AVE|15218,EDGEWOOD AVENUE EXPRESS INC|253 EDGEWOOD AVE|15218,253 EDGEWOOD AVE,12e6e7be0f,True,False,PITTSBURGH,data.pa.gov,42003516200,False,True
ALLEGHENY,3 BROTHERS ENTERPRISE LLC,3 BROTHERS ENTERPRISE LLC,15024-1307,USA,02**4905,Cigarette Retail,2027-02-28,1001 PITTSBURGH ST,CHESWICK,PA,-79.8072,40.541,3 BROTHERS ENTERPRISE LLC,1001 PITTSBURGH ST,15024,1001 PITTSBURGH ST|15024,3 BROTHERS ENTERPRISE LLC|1001 PITTSBURGH ST|15024,1001 PITTSBURGH ST,fe7a022228,True,False,CHESWICK,data.pa.gov,42003418000,False,False
ALLEGHENY,BELFIORE AMUSEMENT CO,SETTLE INN,15108-9797,USA,63**7797,Cigarette Vending,2027-02-28,297 MAHONEY RD,CORAOPOLIS,PA,-80.20606,40.4514,SETTLE INN,297 MAHONEY RD,15108,297 MAHONEY RD|15108,SETTLE INN|297 MAHONEY RD|15108,297 MAHONEY RD,cd0261ae4c,False,True,CORAOPOLIS,data.pa.gov,42003453004,False,False
ALLEGHENY,VERONA FOODS INC,VERONA GIANT EAGLE,15147-1053,USA,02**6546,Cigarette/OTP Retail,2027-02-28,200 ALLEGHENY RIVER BLVD,VERONA,PA,-79.8443,40.49894,VERONA GIANT EAGLE,200 ALLEGHENY RIVER BLVD,15147,200 ALLEGHENY RIVER BLVD|15147,VERONA GIANT EAGLE|200 ALLEGHENY RIVER BLVD|15147,200 ALLEGHENY RIVER BLVD,5ae55397dc,True,False,VERONA,data.pa.gov,42003524000,False,False
ALLEGHENY,LPK ENTERPRISES INC.,7-ELEVEN STORE #40106A,15213-2781,USA,02**2712,Cigarette/OTP Retail,2027-02-28,195 N CRAIG ST,PITTSBURGH,PA,-79.95062,40.4496,7-ELEVEN STORE #40106A,195 N CRAIG ST,15213,195 N CRAIG ST|15213,7-ELEVEN STORE #40106A|195 N CRAIG ST|15213,195 N CRAIG ST,2226cf5836,True,False,PITTSBURGH,data.pa.gov,42003040400,True,True
ALLEGHENY,SGK VENDING LLC,MEDUSA'S LAIR,15213-1835,USA,02**2478,OTP Vending,2027-02-28,280 MOREWOOD AVE,PITTSBURGH,PA,-79.94512,40.45459,MEDUSA'S LAIR,280 MOREWOOD AVE,15213,280 MOREWOOD AVE|15213,MEDUSA'S LAIR|280 MOREWOOD AVE|15213,280 MOREWOOD AVE,355409f78f,False,True,PITTSBURGH,data.pa.gov,42003080400,True,True
ALLEGHENY,GEORGE'S DELI AND GROCERY,GEORGE'S DELI AND GROCERY,15132-1957,USA,02**4720,Cigarette/OTP Retail,2027-02-28,3100 VERSAILLES AVE,MCKEESPORT,PA,-79.84082,40.34517,GEORGE'S DELI AND GROCERY,3100 VERSAILLES AVE,15132,3100 VERSAILLES AVE|15132,GEORGE'S DELI AND GROCERY|3100 VERSAILLES AVE|15132,3100 VERSAILLES AVE,15553927cb,True,False,MCKEESPORT,data.pa.gov,42003551200,False,False
ALLEGHENY,PETES BEER INC,PETES BEER INC,15210-2279,USA,02**9275,Cigarette Retail,2027-02-28,401 BROWNSVILLE RD,PITTSBURGH,PA,-79.98885,40.41322,PETES BEER INC,401 BROWNSVILLE RD,15210,401 BROWNSVILLE RD|15210,PETES BEER INC|401 BROWNSVILLE RD|15210,401 BROWNSVILLE RD,810339df3e,True,False,PITTSBURGH,data.pa.gov,42003481000,False,True
ALLEGHENY,DOLGENCORP LLC,DOLLAR GENERAL #17870,15037,USA,02**4382,Cigarette Retail,2027-02-28,420 SCENERY DR DOLLAR GENERAL STORE #17870,ELIZABETH,PA,-79.83828,40.27616,DOLLAR GENERAL #17870,420 SCENERY DR DOLLAR GENERAL STORE #17870,15037,420 SCENERY DR DOLLAR GENERAL STORE #17870|15037,DOLLAR GENERAL #17870|420 SCENERY DR DOLLAR GENERAL STORE #17870|15037,420 SCENERY DR DOLLAR GENERAL STORE 17870,c260bcc9fc,True,False,ELIZABETH,data.pa.gov,42003496101,False,False
ALLEGHENY,SHEETZ INC,SHEETZ #610,15237-1327,USA,02**1794,Cigarette/OTP Retail,2027-02-28,211 MOUNT NEBO RD,PITTSBURGH,PA,-80.07138,40.53322,SHEETZ #610,211 MOUNT NEBO RD,15237,211 MOUNT NEBO RD|15237,SHEETZ #610|211 MOUNT NEBO RD|15237,211 MOUNT NEBO RD,3a12aca5cd,True,False,PITTSBURGH,data.pa.gov,42003437000,False,True
ALLEGHENY,WALMART STORES EAST LP,WALMART #2588 FUEL STATION,15137-1531,USA,02**9826,Cigarette/OTP Retail,2027-02-28,107 WALMART DR,NORTH VERSAILLES,PA,-79.82251,40.38723,WALMART #2588 FUEL STATION,107 WALMART DR,15137,107 WALMART DR|15137,WALMART #2588 FUEL STATION|107 WALMART DR|15137,107 WALMART DR,40255d7e0e,True,False,NORTH VERSAILLES,data.pa.gov,42003504100,False,False
ALLEGHENY,PINKYS VENDING INC,RUSTIC LANTERN,15223-1936,USA,02**7775,Cigarette Vending,2027-02-28,623 BUTLER ST,PITTSBURGH,PA,-79.94703,40.50293,RUSTIC LANTERN,623 BUTLER ST,15223,623 BUTLER ST|15223,RUSTIC LANTERN|623 BUTLER ST|15223,623 BUTLER ST,47f3dcb5f4,False,True,PITTSBURGH,data.pa.gov,42003425000,False,True
ALLEGHENY,GAJANAN ENTERPRISE LLC,SMOKE CONNECTION,15102-2831,USA,02**8036,Cigarette Retail,2027-02-28,4982 LIBRARY RD,BETHEL PARK,PA,-80.027,40.3429,SMOKE CONNECTION,4982 LIBRARY RD,15102,4982 LIBRARY RD|15102,SMOKE CONNECTION|4982 LIBRARY RD|15102,4982 LIBRARY RD,565375d3ed,True,False,BETHEL PARK,data.pa.gov,42003475102,False,False
ALLEGHENY,GIANT EAGLE INC,GIANT EAGLE #24,15017-1460,USA,70**3259,Cigarette/OTP Retail,2027-02-28,3239 WASHINGTON PIKE,BRIDGEVILLE,PA,-80.11856,40.34136,GIANT EAGLE #24,3239 WASHINGTON PIKE,15017,3239 WASHINGTON PIKE|15017,GIANT EAGLE #24|3239 WASHINGTON PIKE|15017,3239 WASHINGTON PIKE,30286a3463,True,False,BRIDGEVILLE,data.pa.gov,42003456004,False,False
ALLEGHENY,BEECHWOOD BEER LLC,BEECHWOOD BEER LLC,15217-2669,USA,02**4680,Cigarette/OTP Retail,2027-02-28,4073 BEECHWOOD BLVD,PITTSBURGH,PA,-79.93879,40.42712,BEECHWOOD BEER LLC,4073 BEECHWOOD BLVD,15217,4073 BEECHWOOD BLVD|15217,BEECHWOOD BEER LLC|4073 BEECHWOOD BLVD|15217,4073 BEECHWOOD BLVD,35e392b544,True,False,PITTSBURGH,data.pa.gov,42003151700,True,True
ALLEGHENY,COCHRAN TEAM BNA LLC,7-ELEVEN STORE #40135A,15228-1231,USA,02**2999,Cigarette/OTP Retail,2027-02-28,339 COCHRAN RD,MT LEBANON,PA,-80.05239,40.38269,7-ELEVEN STORE #40135A,339 COCHRAN RD,15228,339 COCHRAN RD|15228,7-ELEVEN STORE #40135A|339 COCHRAN RD|15228,339 COCHRAN RD,168f0c0889,True,False,MT LEBANON,data.pa.gov,42003473200,False,False
ALLEGHENY,QUALITY FOODS CORPORATION,KUHNS MARKETS,15202-3405,USA,02**7101,Cigarette/OTP Retail,2027-02-28,661 LINCOLN AVE,BELLEVUE,PA,-80.06014,40.49731,KUHNS MARKETS,661 LINCOLN AVE,15202,661 LINCOLN AVE|15202,KUHNS MARKETS|661 LINCOLN AVE|15202,661 LINCOLN AVE,af326fe095,True,False,BELLEVUE,data.pa.gov,42003431500,False,False
ALLEGHENY,PATTON MICHAEL P,WALKERS BAR & GRILL,15046-5312,USA,02**5102,Cigarette Vending,2027-02-28,176 MCGOVERN BLVD,GLENWILLARD,PA,-80.23052,40.5659,WALKERS BAR & GRILL,176 MCGOVERN BLVD,15046,176 MCGOVERN BLVD|15046,WALKERS BAR & GRILL|176 MCGOVERN BLVD|15046,176 MCGOVERN BLVD,86f6f491ec,False,True,GLENWILLARD,data.pa.gov,42003449000,False,False
ALLEGHENY,DOLGENCORP LLC,DOLLAR GENERAL STORE #10426,15112-1544,USA,02**6288,Cigarette/OTP Retail,2027-02-28,995 GREENSBURG PIKE,EAST PITTSBURGH,PA,-79.84001,40.41694,DOLLAR GENERAL STORE #10426,995 GREENSBURG PIKE,15112,995 GREENSBURG PIKE|15112,DOLLAR GENERAL STORE #10426|995 GREENSBURG PIKE|15112,995 GREENSBURG PIKE,359e3c3f4f,True,False,EAST PITTSBURGH,data.pa.gov,42003563900,False,False
ALLEGHENY,DOLGENCORP LLC,DOLLAR GENERAL STORE #7673,15215-2712,USA,02**6256,Cigarette/OTP Retail,2027-02-28,1811 MAIN ST,SHARPSBURG,PA,-79.921,40.49451,DOLLAR GENERAL STORE #7673,1811 MAIN ST,15215,1811 MAIN ST|15215,DOLLAR GENERAL STORE #7673|1811 MAIN ST|15215,1811 MAIN ST,95076b37d0,True,False,SHARPSBURG,data.pa.gov,42003424000,False,False
ALLEGHENY,GLASSPORT MINIMART LLC,GLASSPORT MINIMART LLC,15045-1607,USA,02**1515,Cigarette/OTP Retail,2027-02-28,601 MONONGAHELA AVE,GLASSPORT,PA,-79.89248,40.32586,GLASSPORT MINIMART LLC,601 MONONGAHELA AVE,15045,601 MONONGAHELA AVE|15045,GLASSPORT MINIMART LLC|601 MONONGAHELA AVE|15045,601 MONONGAHELA AVE,dac1c5ff53,True,False,GLASSPORT,data.pa.gov,42003499400,False,False
ALLEGHENY,SMOKERSVILLE 2 INC,SMOKERSVILLE,15237-2106,USA,02**3027,Cigarette/OTP Retail,2027-02-28,947 PERRY HWY,PITTSBURGH,PA,-80.03617,40.53577,SMOKERSVILLE,947 PERRY HWY,15237,947 PERRY HWY|15237,SMOKERSVILLE|947 PERRY HWY|15237,947 PERRY HWY,10c05c36a5,True,False,PITTSBURGH,data.pa.gov,42003429300,False,True
ALLEGHENY,HMJ ENTERPRISE INC.,7-ELEVEN STORE #40169A,15017-2710,USA,02**2705,Cigarette/OTP Retail,2027-02-28,1001 WASHINGTON PIKE,BRIDGEVILLE,PA,-80.10955,40.36438,7-ELEVEN STORE #40169A,1001 WASHINGTON PIKE,15017,1001 WASHINGTON PIKE|15017,7-ELEVEN STORE #40169A|1001 WASHINGTON PIKE|15017,1001 WASHINGTON PIKE,e8b3810e0c,True,False,BRIDGEVILLE,data.pa.gov,42003458001,False,False
ALLEGHENY,FARM FRESH MARKET OF PITTSBURGH INC,FARM FRESH MARKET OF PITTSBURGH INC,15206-2850,USA,02**0721,Cigarette/OTP Retail,2027-02-28,226 N NEGLEY AVE,PITTSBURGH,PA,-79.92948,40.46547,FARM FRESH MARKET OF PITTSBURGH INC,226 N NEGLEY AVE,15206,226 N NEGLEY AVE|15206,FARM FRESH MARKET OF PITTSBURGH INC|226 N NEGLEY AVE|15206,226 N NEGLEY AVE,6fc1c3ebfc,True,False,PITTSBURGH,data.pa.gov,42003111500,True,True
ALLEGHENY,GETGO OPERATING LLC,GETGO #3191,15101-2719,USA,02**1661,Cigarette/OTP Retail,2027-02-28,1675 DUNCAN AVE,ALLISON PARK,PA,-79.99929,40.56632,GETGO #3191,1675 DUNCAN AVE,15101,1675 DUNCAN AVE|15101,GETGO #3191|1675 DUNCAN AVE|15101,1675 DUNCAN AVE,a9cd1b2cd9,True,False,ALLISON PARK,data.pa.gov,42003413500,False,False
ALLEGHENY,GIANT EAGLE INC,GIANT EAGLE 40,15232-1206,USA,70**3110,Cigarette/OTP Retail,2027-02-28,5550 CENTRE AVE,PITTSBURGH,PA,-79.93517,40.45694,GIANT EAGLE 40,5550 CENTRE AVE,15232,5550 CENTRE AVE|15232,GIANT EAGLE 40|5550 CENTRE AVE|15232,5550 CENTRE AVE,da7f2aec94,True,False,PITTSBURGH,data.pa.gov,42003070900,True,True
ALLEGHENY,AVALON BEER LLC,AVALON BEER LLC,15202-2428,USA,02**2858,Cigarette Retail,2027-02-28,621 CALIFORNIA AVE,PITTSBURGH,PA,-80.06823,40.5015,AVALON BEER LLC,621 CALIFORNIA AVE,15202,621 CALIFORNIA AVE|15202,AVALON BEER LLC|621 CALIFORNIA AVE|15202,621 CALIFORNIA AVE,5dcfa5bcb5,True,False,PITTSBURGH,data.pa.gov,42003432300,False,True
ALLEGHENY,POLAT GROUP LLC,PUFF HOUSE,15219-2024,USA,02**2419,Cigarette/OTP Retail,2027-02-28,225 ROSS ST UNIT 205,PITTSBURGH,PA,-79.99687,40.43696,PUFF HOUSE,225 ROSS ST UNIT 205,15219,225 ROSS ST UNIT 205|15219,PUFF HOUSE|225 ROSS ST UNIT 205|15219,225 ROSS ST,822da58dd2,True,False,PITTSBURGH,data.pa.gov,42003020100,True,True
ALLEGHENY,PERRYS VAPOR COMPANY LLC,YOUNG BROTHERS BAR,15212-2347,USA,02**4853,OTP Vending,2027-02-28,1441 WOODS RUN AVE,PITTSBURGH,PA,-80.03503,40.47516,YOUNG BROTHERS BAR,1441 WOODS RUN AVE,15212,1441 WOODS RUN AVE|15212,YOUNG BROTHERS BAR|1441 WOODS RUN AVE|15212,1441 WOODS RUN AVE,1f596aeeea,False,True,PITTSBURGH,data.pa.gov,42003270300,True,True
ALLEGHENY,TK 5992 LLC,TK 5992 LLC,15136-1352,USA,02**3838,Cigarette/OTP Retail,2027-02-28,5992 STEUBENVILLE PIKE # 992D,MC KEES ROCKS,PA,-80.14392,40.44638,TK 5992 LLC,5992 STEUBENVILLE PIKE # 992D,15136,5992 STEUBENVILLE PIKE # 992D|15136,TK 5992 LLC|5992 STEUBENVILLE PIKE # 992D|15136,5992 STEUBENVILLE PIKE 992D,d41eefb6d3,True,False,MC KEES ROCKS,data.pa.gov,42003459201,False,False
ALLEGHENY,SHIV OIL INC,GULF,15017,USA,02**8805,Cigarette/OTP Retail,2027-02-28,449 RAILROAD STREET,BRIDGEVILLE,PA,-80.11067,40.35797,GULF,449 RAILROAD STREET,15017,449 RAILROAD STREET|15017,GULF|449 RAILROAD STREET|15017,449 RAILROAD ST,d0daecfed4,True,False,BRIDGEVILLE,data.pa.gov,42003457200,False,False
ALLEGHENY,INTERNATIONAL FOOD MARKET LLC,INTERNATIONAL FOOD MARKET,15102-3666,USA,02**4970,Cigarette/OTP Retail,2027-02-28,5305 BRIGHTWOOD RD,BETHEL PARK,PA,-80.03008,40.32814,INTERNATIONAL FOOD MARKET,5305 BRIGHTWOOD RD,15102,5305 BRIGHTWOOD RD|15102,INTERNATIONAL FOOD MARKET|5305 BRIGHTWOOD RD|15102,5305 BRIGHTWOOD RD,386941b3e4,True,False,BETHEL PARK,data.pa.gov,42003475301,False,False
ALLEGHENY,BANK TOWER MARKET LLC,BANK TOWER MARKET LLC,15222-1818,USA,02**7122,Cigarette/OTP Retail,2027-02-28,406 WOOD ST,PITTSBURGH,PA,-80.00117,40.43963,BANK TOWER MARKET LLC,406 WOOD ST,15222,406 WOOD ST|15222,BANK TOWER MARKET LLC|406 WOOD ST|15222,406 WOOD ST,5fb82c72a4,True,False,PITTSBURGH,data.pa.gov,42003020100,True,True
ALLEGHENY,NUZHAT CORPORATION,7-ELEVEN STORE 2701-36154B,15226-2203,USA,02**0906,Cigarette/OTP Retail,2027-02-28,1101 BROOKLINE BLVD,PITTSBURGH,PA,-80.01481,40.39201,7-ELEVEN STORE 2701-36154B,1101 BROOKLINE BLVD,15226,1101 BROOKLINE BLVD|15226,7-ELEVEN STORE 2701-36154B|1101 BROOKLINE BLVD|15226,1101 BROOKLINE BLVD,48a1b9842a,True,False,PITTSBURGH,data.pa.gov,42003320600,True,True
ALLEGHENY,SHRAAM CORP.,ELIZABETH VALERO,15037-2900,USA,02**8301,Cigarette/OTP Retail,2027-02-28,2002 LINCOLN BLVD # 2004,ELIZABETH,PA,-79.87495,40.27898,ELIZABETH VALERO,2002 LINCOLN BLVD # 2004,15037,2002 LINCOLN BLVD # 2004|15037,ELIZABETH VALERO|2002 LINCOLN BLVD # 2004|15037,2002 LINCOLN BLVD 2004,3fe25cff88,True,False,ELIZABETH,data.pa.gov,42003497000,False,False
ALLEGHENY,LUX VAPE & CIGAR LLC,LUX VAPE & CIGAR LLC,15146-2127,USA,02**3050,Cigarette/OTP Retail,2027-02-28,3865 WILLIAM PENN HWY,MONROEVILLE,PA,-79.78198,40.43712,LUX VAPE & CIGAR LLC,3865 WILLIAM PENN HWY,15146,3865 WILLIAM PENN HWY|15146,LUX VAPE & CIGAR LLC|3865 WILLIAM PENN HWY|15146,3865 WILLIAM PENN HWY,12c87ba482,True,False,MONROEVILLE,data.pa.gov,42003521200,False,False
ALLEGHENY,MONROEVILLE BEER & LOTTERY LLC,MONROEVILLE BEER & LOTTERY,15146-2132,USA,02**2000,Cigarette/OTP Retail,2027-02-28,3837 NORTHERN PIKE,MONROEVILLE,PA,-79.77869,40.43825,MONROEVILLE BEER & LOTTERY,3837 NORTHERN PIKE,15146,3837 NORTHERN PIKE|15146,MONROEVILLE BEER & LOTTERY|3837 NORTHERN PIKE|15146,3837 NORTHERN PIKE,cdcfab5c00,True,False,MONROEVILLE,data.pa.gov,42003521200,False,False
ALLEGHENY,JAY SHAKTI LLC,MEGA DELI,15112-1546,USA,02**3198,Cigarette/OTP Retail,2027-02-28,995 GREENSBURG PIKE,EAST PITTSBURGH,PA,-79.84001,40.41694,MEGA DELI,995 GREENSBURG PIKE,15112,995 GREENSBURG PIKE|15112,MEGA DELI|995 GREENSBURG PIKE|15112,995 GREENSBURG PIKE,41d7c64450,True,False,EAST PITTSBURGH,data.pa.gov,42003563900,False,False
ALLEGHENY,DES DRAGONS INC,CRAFTON BEVERAGE CENTER,15205-2351,USA,02**6682,Cigarette Retail,2027-02-28,15 FOSTER AVE,PITTSBURGH,PA,-80.06884,40.44103,CRAFTON BEVERAGE CENTER,15 FOSTER AVE,15205,15 FOSTER AVE|15205,CRAFTON BEVERAGE CENTER|15 FOSTER AVE|15205,15 FOSTER AVE,1509a161c5,True,False,PITTSBURGH,data.pa.gov,42003465600,False,True
ALLEGHENY,CARPENTIERI NOVELTIES - PA INC.,WILD SIDE SMOKE SHOP,15146-2012,USA,02**5515,Cigarette/OTP Retail,2027-02-28,1770 GOLDEN MILE HWY,MONROEVILLE,PA,-79.71311,40.44499,WILD SIDE SMOKE SHOP,1770 GOLDEN MILE HWY,15146,1770 GOLDEN MILE HWY|15146,WILD SIDE SMOKE SHOP|1770 GOLDEN MILE HWY|15146,1770 GOLDEN MILE HWY,14fbcbec80,True,False,MONROEVILLE,data.pa.gov,42003521500,False,False
ALLEGHENY,SUHAIL MOHAMED A,IN&OUT TOBBACO,15218-2475,USA,02**5230,Cigarette/OTP Retail,2027-02-28,1922 MONONGAHELA AVE,PITTSBURGH,PA,-79.89,40.42131,IN&OUT TOBBACO,1922 MONONGAHELA AVE,15218,1922 MONONGAHELA AVE|15218,IN&OUT TOBBACO|1922 MONONGAHELA AVE|15218,1922 MONONGAHELA AVE,850832a2d9,True,False,PITTSBURGH,data.pa.gov,42003515300,False,True
ALLEGHENY,GIANT EAGLE INC,GIANT EAGLE 78,15235-3337,USA,70**3044,Cigarette/OTP Retail,2027-02-28,230 RODI RD,PENN HILLS,PA,-79.82522,40.46225,GIANT EAGLE 78,230 RODI RD,15235,230 RODI RD|15235,GIANT EAGLE 78|230 RODI RD|15235,230 RODI RD,d049a6cbd6,True,False,PENN HILLS,data.pa.gov,42003523400,False,False
ALLEGHENY,HARTMAN MUSIC INC,NORWICK BEVERAGE,15214-1224,USA,02**7708,Cigarette Vending,2027-02-28,41 STERLING DR,PITTSBURGH,PA,-80.01878,40.49784,NORWICK BEVERAGE,41 STERLING DR,15214,41 STERLING DR|15214,NORWICK BEVERAGE|41 STERLING DR|15214,41 STERLING DR,f973bf74d2,False,True,PITTSBURGH,data.pa.gov,42003429100,False,True
ALLEGHENY,DKD ENTERPRISES INC,S & S TOBACCO OUTLE,15227-2608,USA,02**7737,Cigarette Retail,2027-02-28,4034 SAW MILL RUN BLVD,PITTSBURGH,PA,-79.98361,40.36807,S & S TOBACCO OUTLE,4034 SAW MILL RUN BLVD,15227,4034 SAW MILL RUN BLVD|15227,S & S TOBACCO OUTLE|4034 SAW MILL RUN BLVD|15227,4034 SAW MILL RUN BLVD,7fb6c30847,True,False,PITTSBURGH,data.pa.gov,42003478100,False,True
ALLEGHENY,DUFFYS BEER LLC,DUFFYS BEER,15236-4621,USA,02**5748,OTP Retail,2027-02-28,294 CURRY HOLLOW RD,PLEASANT HILLS,PA,-79.97511,40.33682,DUFFYS BEER,294 CURRY HOLLOW RD,15236,294 CURRY HOLLOW RD|15236,DUFFYS BEER|294 CURRY HOLLOW RD|15236,294 CURRY HOLLOW RD,4b770e83f0,True,False,PLEASANT HILLS,data.pa.gov,42003489002,False,False
ALLEGHENY,GOVIND ENTERPRISE INC,SUDZ BEER,15208-1707,USA,02**1611,Cigarette/OTP Retail,2027-02-28,6936 5TH AVE,PITTSBURGH,PA,-79.90856,40.45794,SUDZ BEER,6936 5TH AVE,15208,6936 5TH AVE|15208,SUDZ BEER|6936 5TH AVE|15208,6936 5TH AVE,013858cb97,True,False,PITTSBURGH,data.pa.gov,42003130700,True,True
ALLEGHENY,SAIKRIPA INCORPORATED,COGOS BELLEVIEW,15202-3406,USA,02**4782,Cigarette/OTP Retail,2027-02-28,620 LINCOLN AVE,BELLEVUE,PA,-80.0591,40.49759,COGOS BELLEVIEW,620 LINCOLN AVE,15202,620 LINCOLN AVE|15202,COGOS BELLEVIEW|620 LINCOLN AVE|15202,620 LINCOLN AVE,7961af3df1,True,False,BELLEVUE,data.pa.gov,42003431500,False,False
ALLEGHENY,MCMURRAY BETHEL DISTRIBUTORS LLC,BETHEL BEER AND MORE,15102-1143,USA,02**0996,Cigarette/OTP Retail,2027-02-28,441 MCMURRAY RD,BETHEL PARK,PA,-80.06627,40.31177,BETHEL BEER AND MORE,441 MCMURRAY RD,15102,441 MCMURRAY RD|15102,BETHEL BEER AND MORE|441 MCMURRAY RD|15102,441 MCMURRAY RD,a0de1372a7,True,False,BETHEL PARK,data.pa.gov,42003475200,False,False
ALLEGHENY,SMOKEY BROS UNLIMITED INC,SHOP,15213-3408,USA,02**0328,Cigarette/OTP Retail,2027-02-28,3713 FORBES AVE,PITTSBURGH,PA,-79.95731,40.4413,SHOP,3713 FORBES AVE,15213,3713 FORBES AVE|15213,SHOP|3713 FORBES AVE|15213,3713 FORBES AVE,9d2f07b32a,True,False,PITTSBURGH,data.pa.gov,42003040500,True,True
ALLEGHENY,NATURAL HEALING AND WELLNESS OF AMERICA,YOUR CBD STORE,15146-2301,USA,02**8480,OTP Retail,2027-02-28,2671 MONROEVILLE BLVD,MONROEVILLE,PA,-79.78262,40.43541,YOUR CBD STORE,2671 MONROEVILLE BLVD,15146,2671 MONROEVILLE BLVD|15146,YOUR CBD STORE|2671 MONROEVILLE BLVD|15146,2671 MONROEVILLE BLVD,cfce199d7b,True,False,MONROEVILLE,data.pa.gov,42003521200,False,False
ALLEGHENY,PATTON MICHAEL P,EVERGREEN CAFE,15208-2529,USA,02**5102,Cigarette Vending,2027-02-28,7328 PENN AVE,PITTSBURGH,PA,-79.89848,40.44823,EVERGREEN CAFE,7328 PENN AVE,15208,7328 PENN AVE|15208,EVERGREEN CAFE|7328 PENN AVE|15208,7328 PENN AVE,a1debee8d9,False,True,PITTSBURGH,data.pa.gov,42003141200,True,True
ALLEGHENY,PRIME STOP,PRIME STOP,15206-4008,USA,02**4699,Cigarette/OTP Retail,2027-02-28,6494 FRANKSTOWN AVE,PITTSBURGH,PA,-79.91388,40.46048,PRIME STOP,6494 FRANKSTOWN AVE,15206,6494 FRANKSTOWN AVE|15206,PRIME STOP|6494 FRANKSTOWN AVE|15206,6494 FRANKSTOWN AVE,008a4b550a,True,False,PITTSBURGH,data.pa.gov,42003120900,True,True
ALLEGHENY,BIG DOG VENDING INC,ROOKIES,15227-3154,USA,02**7778,Cigarette Vending,2027-02-28,3619 BROWNSVILLE RD,PITTSBURGH,PA,-79.97552,40.37333,ROOKIES,3619 BROWNSVILLE RD,15227,3619 BROWNSVILLE RD|15227,ROOKIES|3619 BROWNSVILLE RD|15227,3619 BROWNSVILLE RD,7924e48a95,False,True,PITTSBURGH,data.pa.gov,42003478100,False,True
ALLEGHENY,SHUBHSWARA INC.,SUNOCO BLAWNOX,15238-2710,USA,02**4812,Cigarette Retail,2027-02-28,806 FREEPORT RD,BLAWNOX,PA,-79.85346,40.49902,SUNOCO BLAWNOX,806 FREEPORT RD,15238,806 FREEPORT RD|15238,SUNOCO BLAWNOX|806 FREEPORT RD|15238,806 FREEPORT RD,1a49266d82,True,False,BLAWNOX,data.pa.gov,42003421100,False,False
ALLEGHENY,VBD VENDING LLC,BOOTLEGGERS,15213-4719,USA,02**0743,OTP Vending,2027-02-28,403 SEMPLE ST,PITTSBURGH,PA,-79.95482,40.43699,BOOTLEGGERS,403 SEMPLE ST,15213,403 SEMPLE ST|15213,BOOTLEGGERS|403 SEMPLE ST|15213,403 SEMPLE ST,e413b0e088,False,True,PITTSBURGH,data.pa.gov,42003040600,True,True
ALLEGHENY,KAJAL OIL & GAS INC,KAJAL OIL AND GAS INC,15131-2401,USA,02**1049,Cigarette/OTP Retail,2027-02-28,1969 LINCOLN WAY,WHITE OAK,PA,-79.81073,40.33968,KAJAL OIL AND GAS INC,1969 LINCOLN WAY,15131,1969 LINCOLN WAY|15131,KAJAL OIL AND GAS INC|1969 LINCOLN WAY|15131,1969 LINCOLN WAY,42a9e58206,True,False,WHITE OAK,data.pa.gov,42003503002,False,False
ALLEGHENY,DOLGENCORP LLC,DOLLAR GENERAL STORE #31781,15220-4810,USA,02**5211,Cigarette/OTP Retail,2027-02-28,1211 CHARTIERS AVE,PITTSBURGH,PA,-80.04315,40.44567,DOLLAR GENERAL STORE #31781,1211 CHARTIERS AVE,15220,1211 CHARTIERS AVE|15220,DOLLAR GENERAL STORE #31781|1211 CHARTIERS AVE|15220,1211 CHARTIERS AVE,cd728b665c,True,False,PITTSBURGH,data.pa.gov,42003562600,True,True
ALLEGHENY,RIM MARKET INC,RIM MARKET INC,15136-3030,USA,02**5632,Cigarette/OTP Retail,2027-02-28,641 BROADWAY AVE,MC KEES ROCKS,PA,-80.07247,40.47174,RIM MARKET INC,641 BROADWAY AVE,15136,641 BROADWAY AVE|15136,RIM MARKET INC|641 BROADWAY AVE|15136,641 BROADWAY AVE,489c19b9cd,True,False,MC KEES ROCKS,data.pa.gov,42003462600,False,False
ALLEGHENY,THREE R TOBACCO INC,TOBACCO OUTLET,15212-3140,USA,02**3921,Cigarette/OTP Retail,2027-02-28,1920 SPRING GARDEN AVE,PITTSBURGH,PA,-79.98635,40.46911,TOBACCO OUTLET,1920 SPRING GARDEN AVE,15212,1920 SPRING GARDEN AVE|15212,TOBACCO OUTLET|1920 SPRING GARDEN AVE|15212,1920 SPRING GARDEN AVE,3f72891078,True,False,PITTSBURGH,data.pa.gov,42003241300,True,True
ALLEGHENY,KOIRALA BROTHERS LLC,ASIAN GROCERY,15234-1512,USA,02**0765,Cigarette/OTP Retail,2027-02-28,300 MOUNT LEBANON BLVD STE SR15,PITTSBURGH,PA,-80.03486,40.36908,ASIAN GROCERY,300 MOUNT LEBANON BLVD STE SR15,15234,300 MOUNT LEBANON BLVD STE SR15|15234,ASIAN GROCERY|300 MOUNT LEBANON BLVD STE SR15|15234,300 MOUNT LEBANON BLVD,4a4546b96e,True,False,PITTSBURGH,data.pa.gov,42003476100,False,True
ALLEGHENY,ABOVE THE CLOUDZ,ABOVE THE CLOUDZ,15147-1373,USA,02**7024,OTP Retail,2027-02-28,757 ALLEGHENY RIVER BLVD,VERONA,PA,-79.84292,40.50629,ABOVE THE CLOUDZ,757 ALLEGHENY RIVER BLVD,15147,757 ALLEGHENY RIVER BLVD|15147,ABOVE THE CLOUDZ|757 ALLEGHENY RIVER BLVD|15147,757 ALLEGHENY RIVER BLVD,1b927c0d43,True,False,VERONA,data.pa.gov,42003524000,False,False
ALLEGHENY,GETGO OPERATING LLC,GETGO #3667,15137-2512,USA,02**1684,Cigarette/OTP Retail,2027-02-28,1820 LINCOLN HWY,NORTH VERSAILLES,PA,-79.78084,40.36795,GETGO #3667,1820 LINCOLN HWY,15137,1820 LINCOLN HWY|15137,GETGO #3667|1820 LINCOLN HWY|15137,1820 LINCOLN HWY,e3e5dc0196,True,False,NORTH VERSAILLES,data.pa.gov,42003564400,False,False
ALLEGHENY,SCOTTDALE MUSIC LLC,ROBINSON VFW,15949,USA,26**2248,Cigarette Vending,2027-02-28,60 CAROLINE STREET,ROBINSON,PA,-79.13919,40.39992,ROBINSON VFW,60 CAROLINE STREET,15949,60 CAROLINE STREET|15949,ROBINSON VFW|60 CAROLINE STREET|15949,60 CAROLINE ST,4ef12d26c9,False,True,ROBINSON,data.pa.gov,,False,False
ALLEGHENY,HARI KRISHNAJI CORPORATION,STOP & SAVE,15221-4824,USA,02**2399,Cigarette/OTP Retail,2027-02-28,2110 ARDMORE BLVD,PITTSBURGH,PA,-79.84996,40.41914,STOP & SAVE,2110 ARDMORE BLVD,15221,2110 ARDMORE BLVD|15221,STOP & SAVE|2110 ARDMORE BLVD|15221,2110 ARDMORE BLVD,4022653733,True,False,PITTSBURGH,data.pa.gov,42003563900,False,True
ALLEGHENY,BIG DOG VENDING INC,FOX CHAPEL YACHT CLUB,15238-3107,USA,02**7778,Cigarette Vending,2027-02-28,1366 FREEPORT RD,PITTSBURGH,PA,-79.87309,40.48963,FOX CHAPEL YACHT CLUB,1366 FREEPORT RD,15238,1366 FREEPORT RD|15238,FOX CHAPEL YACHT CLUB|1366 FREEPORT RD|15238,1366 FREEPORT RD,d8fcd06884,False,True,PITTSBURGH,data.pa.gov,42003421100,False,True
ALLEGHENY,MINTZ HOLDINGS PA LLC,MINTZ HOLDINGS LLC,15045-1624,USA,02**2584,Cigarette/OTP Retail,2027-02-28,733 MONONGAHELA AVE,GLASSPORT,PA,-79.89223,40.32298,MINTZ HOLDINGS LLC,733 MONONGAHELA AVE,15045,733 MONONGAHELA AVE|15045,MINTZ HOLDINGS LLC|733 MONONGAHELA AVE|15045,733 MONONGAHELA AVE,7bce771beb,True,False,GLASSPORT,data.pa.gov,42003499400,False,False
ALLEGHENY,ARJI FUEL LLC,BROOKLINE MINI MARTT,15226-2201,USA,02**4764,Cigarette/OTP Retail,2027-02-28,1001 BROOKLINE BLVD,PITTSBURGH,PA,-80.01749,40.39203,BROOKLINE MINI MARTT,1001 BROOKLINE BLVD,15226,1001 BROOKLINE BLVD|15226,BROOKLINE MINI MARTT|1001 BROOKLINE BLVD|15226,1001 BROOKLINE BLVD,0764801cc5,True,False,PITTSBURGH,data.pa.gov,42003191800,True,True
ALLEGHENY,THE A-Z STRIP MARKET INC,THE A-Z STRIP MARKET INC,15222-4401,USA,02**4836,Cigarette/OTP Retail,2027-02-28,57 18TH ST,PITTSBURGH,PA,-79.98524,40.45062,THE A-Z STRIP MARKET INC,57 18TH ST,15222,57 18TH ST|15222,THE A-Z STRIP MARKET INC|57 18TH ST|15222,57 18TH ST,50f84de086,True,False,PITTSBURGH,data.pa.gov,42003020300,True,True
ALLEGHENY,WALGREEN EASTERN CO INC,WALGREENS # 09736,15237-3400,USA,70**9069,Cigarette/OTP Retail,2027-02-28,4885 MCKNIGHT RD,PITTSBURGH,PA,-80.0104,40.53027,WALGREENS # 09736,4885 MCKNIGHT RD,15237,4885 MCKNIGHT RD|15237,WALGREENS # 09736|4885 MCKNIGHT RD|15237,4885 MCKNIGHT RD,de5ce2aa44,True,False,PITTSBURGH,data.pa.gov,42003429500,False,True
ALLEGHENY,ACME VENDING INC,BLUE MOON,15201-2606,USA,02**7734,Cigarette Vending,2027-02-28,5115 BUTLER ST,PITTSBURGH,PA,-79.95543,40.47879,BLUE MOON,5115 BUTLER ST,15201,5115 BUTLER ST|15201,BLUE MOON|5115 BUTLER ST|15201,5115 BUTLER ST,49d4d99919,False,True,PITTSBURGH,data.pa.gov,42003101100,True,True
ALLEGHENY,BUSCH KEARN CORPORATION,PUFF DISCOUNT TOBACCO #4,15239-1923,USA,02**9330,Cigarette/OTP Retail,2027-02-28,7901 SALTSBURG RD,PLUM,PA,-79.76033,40.47669,PUFF DISCOUNT TOBACCO #4,7901 SALTSBURG RD,15239,7901 SALTSBURG RD|15239,PUFF DISCOUNT TOBACCO #4|7901 SALTSBURG RD|15239,7901 SALTSBURG RD,21f5e90cd3,True,False,PLUM,data.pa.gov,42003526202,False,False
ALLEGHENY,SJ RETAIL SERVICES LLC,TIGER MART,15122-3654,USA,02**5441,Cigarette Retail,2027-02-28,5700 HOMEVILLE RD,WEST MIFFLIN,PA,-79.87147,40.36626,TIGER MART,5700 HOMEVILLE RD,15122,5700 HOMEVILLE RD|15122,TIGER MART|5700 HOMEVILLE RD|15122,5700 HOMEVILLE RD,52b4bdb2a1,True,False,WEST MIFFLIN,data.pa.gov,42003488400,False,False
ALLEGHENY,ANSA CORPORATION,7 ELEVEN STORE 36122A,15223-1842,USA,70**2157,Cigarette/OTP Retail,2027-02-28,22 GRANT AVE,PITTSBURGH,PA,-79.94877,40.50387,7 ELEVEN STORE 36122A,22 GRANT AVE,15223,22 GRANT AVE|15223,7 ELEVEN STORE 36122A|22 GRANT AVE|15223,22 GRANT AVE,d5545aa183,True,False,PITTSBURGH,data.pa.gov,42003425000,False,True
ALLEGHENY,S & A SMOKE ANDVAPE LLC,S & A SMOKE AND VAPE LLC,15146,USA,02**5998,Cigarette Retail,2027-02-28,MONROEVILLE MALL 200 MALL CIRCLE DRIVE,MONROEVILLE,PA,-79.79581,40.42991,S & A SMOKE AND VAPE LLC,MONROEVILLE MALL 200 MALL CIRCLE DRIVE,15146,MONROEVILLE MALL 200 MALL CIRCLE DRIVE|15146,S & A SMOKE AND VAPE LLC|MONROEVILLE MALL 200 MALL CIRCLE DRIVE|15146,MONROEVILLE MALL 200 MALL CIRCLE DR,0171d7c697,True,False,MONROEVILLE,data.pa.gov,42003521200,False,False
ALLEGHENY,MIDNIGHT MARKET VENDING LLC,CHAMPIONS SPORTS BAR & GRILL,15227-2716,USA,02**4833,Cigarette Vending,2027-02-28,3344 SAW MILL RUN BLVD,BRENTWOOD,PA,-79.98269,40.37465,CHAMPIONS SPORTS BAR & GRILL,3344 SAW MILL RUN BLVD,15227,3344 SAW MILL RUN BLVD|15227,CHAMPIONS SPORTS BAR & GRILL|3344 SAW MILL RUN BLVD|15227,3344 SAW MILL RUN BLVD,b58751f190,False,True,BRENTWOOD,data.pa.gov,42003478100,False,False
ALLEGHENY,4133 LIBERTY BEER INC,LIBERTY BEER,15224-1448,USA,02**0370,Cigarette/OTP Retail,2027-02-28,4133 LIBERTY AVE,PITTSBURGH,PA,-79.95324,40.46377,LIBERTY BEER,4133 LIBERTY AVE,15224,4133 LIBERTY AVE|15224,LIBERTY BEER|4133 LIBERTY AVE|15224,4133 LIBERTY AVE,9ca7e14808,True,False,PITTSBURGH,data.pa.gov,42003090300,True,True
ALLEGHENY,PARAS ENTERPRISE INC,SHAH SUNOCO,15137-2031,USA,02**1731,Cigarette/OTP Retail,2027-02-28,903 LINCOLN HWY,NORTH VERSAILLES,PA,-79.8047,40.37866,SHAH SUNOCO,903 LINCOLN HWY,15137,903 LINCOLN HWY|15137,SHAH SUNOCO|903 LINCOLN HWY|15137,903 LINCOLN HWY,5ab2e2bbe8,True,False,NORTH VERSAILLES,data.pa.gov,42003564400,False,False
ALLEGHENY,SISTERS GROCERY LLC,2950 BROWNSVILLE,15227-1906,USA,02**6376,Cigarette/OTP Retail,2027-02-28,2950 BROWNSVILLE RD,PITTSBURGH,PA,-79.97622,40.38149,2950 BROWNSVILLE,2950 BROWNSVILLE RD,15227,2950 BROWNSVILLE RD|15227,2950 BROWNSVILLE|2950 BROWNSVILLE RD|15227,2950 BROWNSVILLE RD,484b444bb6,True,False,PITTSBURGH,data.pa.gov,42003478200,False,True
ALLEGHENY,SHASHWAT LLC,STEEL CITY CONVENIENCE,15102-4071,USA,02**1043,Cigarette/OTP Retail,2027-02-28,6063 LIBRARY RD,BETHEL PARK,PA,-80.03018,40.30047,STEEL CITY CONVENIENCE,6063 LIBRARY RD,15102,6063 LIBRARY RD|15102,STEEL CITY CONVENIENCE|6063 LIBRARY RD|15102,6063 LIBRARY RD,994db712fe,True,False,BETHEL PARK,data.pa.gov,42003475402,False,False
ALLEGHENY,CENTER INDEPENDENT OIL STORES LLC,CIO STORES LLC WHITE OAK #15,15131-1421,USA,02**5833,Cigarette/OTP Retail,2027-02-28,DOUBLE CAR WASH & SHELL 2305 ONEIL BLVD,WHITE OAK,PA,-79.82897,40.35171,CIO STORES LLC WHITE OAK #15,DOUBLE CAR WASH & SHELL 2305 ONEIL BLVD,15131,DOUBLE CAR WASH & SHELL 2305 ONEIL BLVD|15131,CIO STORES LLC WHITE OAK #15|DOUBLE CAR WASH & SHELL 2305 ONEIL BLVD|15131,DOUBLE CAR WASH & SHELL 2305 ONEIL BLVD,f26c74cccf,True,False,WHITE OAK,data.pa.gov,42003503002,False,False
ALLEGHENY,HR02 LLC,CHOICE TOBACCO DISCOUNT OUTLET,15102-2743,USA,02**2303,Cigarette/OTP Retail,2027-02-28,5129 BRIGHTWOOD RD,BETHEL PARK,PA,-80.03067,40.33101,CHOICE TOBACCO DISCOUNT OUTLET,5129 BRIGHTWOOD RD,15102,5129 BRIGHTWOOD RD|15102,CHOICE TOBACCO DISCOUNT OUTLET|5129 BRIGHTWOOD RD|15102,5129 BRIGHTWOOD RD,04cc3e13c3,True,False,BETHEL PARK,data.pa.gov,42003475301,False,False
ALLEGHENY,CLOUD 7 TOBACCO & VAPE SHOP LLC,CLOUD 7 TOBACCO & VAPE SHOP LLC,15102-3666,USA,02**3972,Cigarette/OTP Retail,2027-02-28,5305 BRIGHTWOOD RD,BETHEL PARK,PA,-80.03008,40.32814,CLOUD 7 TOBACCO & VAPE SHOP LLC,5305 BRIGHTWOOD RD,15102,5305 BRIGHTWOOD RD|15102,CLOUD 7 TOBACCO & VAPE SHOP LLC|5305 BRIGHTWOOD RD|15102,5305 BRIGHTWOOD RD,ce7b75ab8f,True,False,BETHEL PARK,data.pa.gov,42003475301,False,False
ALLEGHENY,SHREE BALAJI GAS INC,SHREE BALAJI GAS INC,15235-2122,USA,02**0590,Cigarette/OTP Retail,2027-02-28,6500 SALTSBURG RD,PENN HILLS,PA,-79.80927,40.48251,SHREE BALAJI GAS INC,6500 SALTSBURG RD,15235,6500 SALTSBURG RD|15235,SHREE BALAJI GAS INC|6500 SALTSBURG RD|15235,6500 SALTSBURG RD,d5657e9fb4,True,False,PENN HILLS,data.pa.gov,42003523501,False,False
ALLEGHENY,PITT LIQUORIA LLC,ROBINSON BEER & BEVERAGE,15136-1339,USA,02**0525,Cigarette/OTP Retail,2027-02-28,5899 STEUBENVILLE PIKE,MC KEES ROCKS,PA,-80.14123,40.44885,ROBINSON BEER & BEVERAGE,5899 STEUBENVILLE PIKE,15136,5899 STEUBENVILLE PIKE|15136,ROBINSON BEER & BEVERAGE|5899 STEUBENVILLE PIKE|15136,5899 STEUBENVILLE PIKE,e2caf6c314,True,False,MC KEES ROCKS,data.pa.gov,42003459201,False,False
ALLEGHENY,GETGO OPERATING LLC,GETGO #3379,15120-1143,USA,02**1706,Cigarette/OTP Retail,2027-02-28,430 E WATERFRONT DR,HOMESTEAD,PA,-79.90894,40.41255,GETGO #3379,430 E WATERFRONT DR,15120,430 E WATERFRONT DR|15120,GETGO #3379|430 E WATERFRONT DR|15120,430 E WATERFRONT DR,4cab91e415,True,False,HOMESTEAD,data.pa.gov,42003483800,False,False
ALLEGHENY,WELMART INC,WELMART INC,15065-2846,USA,02**0249,Cigarette/OTP Retail,2027-02-28,200 ALTER RD STE 1,NATRONA HEIGHTS,PA,-79.71249,40.66708,WELMART INC,200 ALTER RD STE 1,15065,200 ALTER RD STE 1|15065,WELMART INC|200 ALTER RD STE 1|15065,200 ALTER RD,2d0db29dc5,True,False,NATRONA HEIGHTS,data.pa.gov,42003401100,False,False
ALLEGHENY,GIANT EAGLE INC,GIANT EAGLE #4,15102,USA,70**3004,Cigarette/OTP Retail,2027-02-28,RR 88 BOX BRIGHTWOOD RD,BETHEL PARK,PA,,,GIANT EAGLE #4,RR 88 BOX BRIGHTWOOD RD,15102,RR 88 BOX BRIGHTWOOD RD|15102,GIANT EAGLE #4|RR 88 BOX BRIGHTWOOD RD|15102,RR 88 BOX BRIGHTWOOD RD,e16013dc11,True,False,BETHEL PARK,census_geocoder,,False,False
ALLEGHENY,SHERADEN TOBACCO OUTLET INC,SHERADEN TOBACCO OUTLET INC,15204-1709,USA,02**8330,OTP Retail,2027-02-28,649 HILLSBORO ST,PITTSBURGH,PA,-80.05407,40.45329,SHERADEN TOBACCO OUTLET INC,649 HILLSBORO ST,15204,649 HILLSBORO ST|15204,SHERADEN TOBACCO OUTLET INC|649 HILLSBORO ST|15204,649 HILLSBORO ST,6f4381a77c,True,False,PITTSBURGH,data.pa.gov,42003562500,True,True
ALLEGHENY,DOLGENCORP LLC,DOLLAR GENERAL STORE #13486,15065-2123,USA,02**6419,Cigarette/OTP Retail,2027-02-28,1710 BROADVIEW BLVD,NATRONA HEIGHTS,PA,-79.72513,40.62299,DOLLAR GENERAL STORE #13486,1710 BROADVIEW BLVD,15065,1710 BROADVIEW BLVD|15065,DOLLAR GENERAL STORE #13486|1710 BROADVIEW BLVD|15065,1710 BROADVIEW BLVD,9b912e6027,True,False,NATRONA HEIGHTS,data.pa.gov,42003401200,False,False
ALLEGHENY,S&S FOREVER LLC,S&S FOREVER LLC,15236-4313,USA,02**4053,Cigarette/OTP Retail,2027-02-28,600 OLD CLAIRTON RD,PITTSBURGH,PA,-79.9571,40.32556,S&S FOREVER LLC,600 OLD CLAIRTON RD,15236,600 OLD CLAIRTON RD|15236,S&S FOREVER LLC|600 OLD CLAIRTON RD|15236,600 OLD CLAIRTON RD,ed079c89f5,True,False,PITTSBURGH,data.pa.gov,42003489002,False,True
ALLEGHENY,BUSCH KEARN CORPORATION,PUFF DISCOUNT BILLING,15221-4818,USA,02**1720,Cigarette Wholesaler,2027-02-28,BRADDOCK HILLS SHOP CTR,PITTSBURGH,PA,,,PUFF DISCOUNT BILLING,BRADDOCK HILLS SHOP CTR,15221,BRADDOCK HILLS SHOP CTR|15221,PUFF DISCOUNT BILLING|BRADDOCK HILLS SHOP CTR|15221,BRADDOCK HILLS SHOP CTR,416284f376,False,True,PITTSBURGH,census_geocoder,,False,True
ALLEGHENY,LAXMI NARAYANA CORPORATION,ROUTE 286 SHELL,15239,USA,02**3064,Cigarette/OTP Retail,2027-02-28,2405 ROUTE 206,PITTSBURGH,PA,,,ROUTE 286 SHELL,2405 ROUTE 206,15239,2405 ROUTE 206|15239,ROUTE 286 SHELL|2405 ROUTE 206|15239,2405 ROUTE 206,c1434fa3ca,True,False,PITTSBURGH,census_geocoder,,False,True
ALLEGHENY,MIDWEST CONVENIENCE INC,REBEL 910,15122-2471,USA,02**3681,Cigarette Retail,2027-02-28,6999 CLAIRTON RD,WEST MIFFLIN,PA,-79.93949,40.34507,REBEL 910,6999 CLAIRTON RD,15122,6999 CLAIRTON RD|15122,REBEL 910|6999 CLAIRTON RD|15122,6999 CLAIRTON RD,2cdef372fa,True,False,WEST MIFFLIN,data.pa.gov,42003488600,False,False
ALLEGHENY,VIRGILI BEER DIST INC,VIRGILI BEER DIST. INC.,15102-3808,USA,02**1888,Cigarette Retail,2027-02-28,2834 S PARK RD,BETHEL PARK,PA,-80.03746,40.32802,VIRGILI BEER DIST. INC.,2834 S PARK RD,15102,2834 S PARK RD|15102,VIRGILI BEER DIST. INC.|2834 S PARK RD|15102,2834 S PARK RD,caa1d60b86,True,False,BETHEL PARK,data.pa.gov,42003475301,False,False
ALLEGHENY,AR INVESTMENT LLC,AR INVESTMENT INC,15226-2201,USA,02**7258,Cigarette Retail,2027-02-28,1019 BROOKLINE BLVD,PITTSBURGH,PA,-80.01698,40.39187,AR INVESTMENT INC,1019 BROOKLINE BLVD,15226,1019 BROOKLINE BLVD|15226,AR INVESTMENT INC|1019 BROOKLINE BLVD|15226,1019 BROOKLINE BLVD,9258ef2f26,True,False,PITTSBURGH,data.pa.gov,42003191800,True,True
ALLEGHENY,BEER BUZZ LLC,BEER BUZZ LLC,15211-1623,USA,02**1970,Cigarette/OTP Retail,2027-02-28,223 SHILOH ST,PITTSBURGH,PA,-80.00736,40.42992,BEER BUZZ LLC,223 SHILOH ST,15211,223 SHILOH ST|15211,BEER BUZZ LLC|223 SHILOH ST|15211,223 SHILOH ST,b08f43b599,True,False,PITTSBURGH,data.pa.gov,42003191400,True,True
ALLEGHENY,SHEETZ INC,SHEETZ # 582,15146-1900,USA,02**9686,Cigarette/OTP Retail,2027-02-28,4723 WILLIAM PENN HWY,MONROEVILLE,PA,-79.73267,40.43496,SHEETZ # 582,4723 WILLIAM PENN HWY,15146,4723 WILLIAM PENN HWY|15146,SHEETZ # 582|4723 WILLIAM PENN HWY|15146,4723 WILLIAM PENN HWY,07097ae800,True,False,MONROEVILLE,data.pa.gov,42003521500,False,False
ALLEGHENY,DOLGENCORP LLC,DOLLAR GENERAL STORE #8549,15229-1818,USA,02**6355,Cigarette/OTP Retail,2027-02-28,425 PERRY HWY,WEST VIEW,PA,-80.03246,40.51911,DOLLAR GENERAL STORE #8549,425 PERRY HWY,15229,425 PERRY HWY|15229,DOLLAR GENERAL STORE #8549|425 PERRY HWY|15229,425 PERRY HWY,74c937e6d9,True,False,WEST VIEW,data.pa.gov,42003430200,False,False
ALLEGHENY,RAFA ENTERPRISE LLC,RAFA ENTERPRISE LLC,15208-2505,USA,02**4932,Cigarette/OTP Retail,2027-02-28,7530 PENN AVE,PITTSBURGH,PA,-79.89544,40.44693,RAFA ENTERPRISE LLC,7530 PENN AVE,15208,7530 PENN AVE|15208,RAFA ENTERPRISE LLC|7530 PENN AVE|15208,7530 PENN AVE,fd2212a772,True,False,PITTSBURGH,data.pa.gov,42003141200,True,True
ALLEGHENY,ECLIPSE WHOLESALE INC,ECLIPSE WHOLESALE INC,15201-3205,USA,02**0299,Cigarette Stamping Agent,2027-02-28,26 39TH ST,PITTSBURGH,PA,-79.96621,40.47082,ECLIPSE WHOLESALE INC,26 39TH ST,15201,26 39TH ST|15201,ECLIPSE WHOLESALE INC|26 39TH ST|15201,26 39TH ST,3993682184,False,True,PITTSBURGH,data.pa.gov,42003060300,True,True
ALLEGHENY,Z & A ENTERPRISE LLC,Z & A ENTERPRISE LLC,15227-1905,USA,02**4394,Cigarette/OTP Retail,2027-02-28,2800 BROWNSVILLE RD,PITTSBURGH,PA,-79.97725,40.38355,Z & A ENTERPRISE LLC,2800 BROWNSVILLE RD,15227,2800 BROWNSVILLE RD|15227,Z & A ENTERPRISE LLC|2800 BROWNSVILLE RD|15227,2800 BROWNSVILLE RD,7be19ba012,True,False,PITTSBURGH,data.pa.gov,42003478200,False,True
ALLEGHENY,CITY COIN MACHINE SERVICE INC,MILLERS,15212-1633,USA,02**6148,Cigarette Vending,2027-02-28,3853 CALIFORNIA AVE,PITTSBURGH,PA,-80.04172,40.48496,MILLERS,3853 CALIFORNIA AVE,15212,3853 CALIFORNIA AVE|15212,MILLERS|3853 CALIFORNIA AVE|15212,3853 CALIFORNIA AVE,255dee753a,False,True,PITTSBURGH,data.pa.gov,42003270100,True,True
ALLEGHENY,MOON CONVENIENCE LLC,MOON CONVENIENCE LLC,15108-2837,USA,02**2151,Cigarette/OTP Retail,2027-02-28,910 BEAVER GRADE RD,MOON TOWNSHIP,PA,-80.21536,40.51216,MOON CONVENIENCE LLC,910 BEAVER GRADE RD,15108,910 BEAVER GRADE RD|15108,MOON CONVENIENCE LLC|910 BEAVER GRADE RD|15108,910 BEAVER GRADE RD,813061ee1d,True,False,MOON TOWNSHIP,data.pa.gov,42003451105,False,False
ALLEGHENY,GLASS N AT INC,GLASS N AT INC,15034-1420,USA,02**1665,Cigarette/OTP Retail,2027-02-28,100 BETTIS RD STE 1,DRAVOSBURG,PA,-79.89622,40.35671,GLASS N AT INC,100 BETTIS RD STE 1,15034,100 BETTIS RD STE 1|15034,GLASS N AT INC|100 BETTIS RD STE 1|15034,100 BETTIS RD,c83b77b711,True,False,DRAVOSBURG,data.pa.gov,42003487000,False,False
ALLEGHENY,NEW HAYMAKER BEER LLC,NEW HAYMAKER BEER LLC,15146-4745,USA,02**4506,Cigarette/OTP Retail,2027-02-28,4538 BROADWAY BLVD,MONROEVILLE,PA,-79.76691,40.38965,NEW HAYMAKER BEER LLC,4538 BROADWAY BLVD,15146,4538 BROADWAY BLVD|15146,NEW HAYMAKER BEER LLC|4538 BROADWAY BLVD|15146,4538 BROADWAY BLVD,01fe3f30aa,True,False,MONROEVILLE,data.pa.gov,42003521301,False,False
ALLEGHENY,ISHREEKHODIYAR LLC,ISHREEKHODIYAR LLC WEST LIBERTY,15226-1211,USA,02**5394,Cigarette/OTP Retail,2027-02-28,1829 W LIBERTY AVE,PITTSBURGH,PA,-80.01853,40.40565,ISHREEKHODIYAR LLC WEST LIBERTY,1829 W LIBERTY AVE,15226,1829 W LIBERTY AVE|15226,ISHREEKHODIYAR LLC WEST LIBERTY|1829 W LIBERTY AVE|15226,1829 W LIBERTY AVE,a3f9df395b,True,False,PITTSBURGH,data.pa.gov,42003191700,True,True
ALLEGHENY,SAMS MARKET INC,SAMS MARKET INC,15206-2344,USA,02**4775,OTP Retail,2027-02-28,7356 STRANAHAN ST,PITTSBURGH,PA,-79.88999,40.46169,SAMS MARKET INC,7356 STRANAHAN ST,15206,7356 STRANAHAN ST|15206,SAMS MARKET INC|7356 STRANAHAN ST|15206,7356 STRANAHAN ST,e50c0a37ff,True,False,PITTSBURGH,data.pa.gov,42003130700,True,True
ALLEGHENY,KTD ENTERPRISE INC,KTD ENTERPRISE INC,15037-2053,USA,02**6257,OTP Retail,2027-02-28,410 SCENERY DR,ELIZABETH,PA,-79.8377,40.27662,KTD ENTERPRISE INC,410 SCENERY DR,15037,410 SCENERY DR|15037,KTD ENTERPRISE INC|410 SCENERY DR|15037,410 SCENERY DR,444390200b,True,False,ELIZABETH,data.pa.gov,42003496101,False,False
ALLEGHENY,DOLGENCORP LLC,DOLLAR GENERAL #19007,15210-1562,USA,02**5126,Cigarette Retail,2027-02-28,700 E WARRINGTON AVE,PITTSBURGH,PA,-79.99564,40.42152,DOLLAR GENERAL #19007,700 E WARRINGTON AVE,15210,700 E WARRINGTON AVE|15210,DOLLAR GENERAL #19007|700 E WARRINGTON AVE|15210,700 E WARRINGTON AVE,ed7149f5b9,True,False,PITTSBURGH,data.pa.gov,42003180300,True,True
ALLEGHENY,YB AND BY LLC,616 OLD CLAIRTON,15236-4313,USA,02**3077,OTP Retail,2027-02-28,616 OLD CLAIRTON RD,PITTSBURGH,PA,-79.95729,40.32494,616 OLD CLAIRTON,616 OLD CLAIRTON RD,15236,616 OLD CLAIRTON RD|15236,616 OLD CLAIRTON|616 OLD CLAIRTON RD|15236,616 OLD CLAIRTON RD,b762ddd124,True,False,PITTSBURGH,data.pa.gov,42003489002,False,True
ALLEGHENY,GIANT EAGLE INC,GIANT EAGLE 61,15203,USA,70**3061,Cigarette/OTP Retail,2027-02-28,2021 WHARTON AVE,PITTSBURGH,PA,-79.97712,40.43102,GIANT EAGLE 61,2021 WHARTON AVE,15203,2021 WHARTON AVE|15203,GIANT EAGLE 61|2021 WHARTON AVE|15203,2021 WHARTON AVE,17f1f0e93d,True,False,PITTSBURGH,data.pa.gov,42003170200,True,True
ALLEGHENY,TOBACCO CASTLE LLC,TOBACCO CASTLE LLC,15202-1502,USA,02**4794,OTP Retail,2027-02-28,8140 OHIO RIVER BLVD,EMSWORTH,PA,-80.09495,40.51032,TOBACCO CASTLE LLC,8140 OHIO RIVER BLVD,15202,8140 OHIO RIVER BLVD|15202,TOBACCO CASTLE LLC|8140 OHIO RIVER BLVD|15202,8140 OHIO RIVER BLVD,816dcf05d8,True,False,EMSWORTH,data.pa.gov,42003435000,False,False
ALLEGHENY,BALA JI HOLDINGS INC,BALA JI HOLDINGS INC,15108-4270,USA,02**6995,Cigarette/OTP Retail,2027-02-28,612 ABERDEEN CT,MOON TOWNSHIP,PA,-80.2389,40.52369,BALA JI HOLDINGS INC,612 ABERDEEN CT,15108,612 ABERDEEN CT|15108,BALA JI HOLDINGS INC|612 ABERDEEN CT|15108,612 ABERDEEN CT,5018028530,True,False,MOON TOWNSHIP,data.pa.gov,42003451105,False,False
ALLEGHENY,K&Z LLC,K& Z LLCC,15108-1116,USA,02**7098,Cigarette/OTP Retail,2027-02-28,101 FERN HOLLOW RD,CORAOPOLIS,PA,-80.19312,40.52117,K& Z LLCC,101 FERN HOLLOW RD,15108,101 FERN HOLLOW RD|15108,K& Z LLCC|101 FERN HOLLOW RD|15108,101 FERN HOLLOW RD,d7bb0f726a,True,False,CORAOPOLIS,data.pa.gov,42003451102,False,False
ALLEGHENY,NOBLESTOWN TOBACCO LLC,NOBLESTOWN TOBACCO LLC,15205-4128,USA,02**4236,Cigarette/OTP Retail,2027-02-28,2350 NOBLESTOWN RD,PITTSBURGH,PA,-80.05586,40.4276,NOBLESTOWN TOBACCO LLC,2350 NOBLESTOWN RD,15205,2350 NOBLESTOWN RD|15205,NOBLESTOWN TOBACCO LLC|2350 NOBLESTOWN RD|15205,2350 NOBLESTOWN RD,abbca40965,True,False,PITTSBURGH,data.pa.gov,42003562800,True,True
ALLEGHENY,PETERS JOSEPH C,MONROEVILLE VFD,15146-1418,USA,65**7908,Cigarette Vending,2027-02-28,100 SECO RD,MONROEVILLE,PA,-79.75787,40.4466,MONROEVILLE VFD,100 SECO RD,15146,100 SECO RD|15146,MONROEVILLE VFD|100 SECO RD|15146,100 SECO RD,000ec7507f,False,True,MONROEVILLE,data.pa.gov,42003521500,False,False
ALLEGHENY,LIZZIES DAIRY ON WHITAKER INC,LIZZIES DAIRY ON WHITAKER INC,15120-2427,USA,02**8434,OTP Retail,2027-02-28,106 WHITAKER ST,HOMESTEAD,PA,-79.88818,40.40151,LIZZIES DAIRY ON WHITAKER INC,106 WHITAKER ST,15120,106 WHITAKER ST|15120,LIZZIES DAIRY ON WHITAKER INC|106 WHITAKER ST|15120,106 WHITAKER ST,7dd112820c,True,False,HOMESTEAD,data.pa.gov,42003485000,False,False
ALLEGHENY,GIANT PENN LLC,GP #905,15132-7340,USA,02**2506,Cigarette/OTP Retail,2027-02-28,3800 WALNUT ST,MCKEESPORT,PA,-79.83948,40.32554,GP #905,3800 WALNUT ST,15132,3800 WALNUT ST|15132,GP #905|3800 WALNUT ST|15132,3800 WALNUT ST,e4dcf5212b,True,False,MCKEESPORT,data.pa.gov,42003551300,False,False
ALLEGHENY,HARTMAN MUSIC INC,SHAWN RYANS,15227,USA,02**7708,Cigarette Vending,2027-02-28,BROWNSVILLE ROAD,PITTSBURGH,PA,,,SHAWN RYANS,BROWNSVILLE ROAD,15227,BROWNSVILLE ROAD|15227,SHAWN RYANS|BROWNSVILLE ROAD|15227,BROWNSVILLE RD,71c6c61fb7,False,True,PITTSBURGH,census_geocoder,,False,True
ALLEGHENY,CIGAR STOP & TOBACCO LLC,CIGAR STOP & TOBACCO,15234-1300,USA,02**4638,Cigarette/OTP Retail,2027-02-28,4136 LIBRARY RD FRNT B3,CASTLE SHANNON,PA,-80.02917,40.35939,CIGAR STOP & TOBACCO,4136 LIBRARY RD FRNT B3,15234,4136 LIBRARY RD FRNT B3|15234,CIGAR STOP & TOBACCO|4136 LIBRARY RD FRNT B3|15234,4136 LIBRARY RD FRNT B3,85389b810e,True,False,CASTLE SHANNON,data.pa.gov,42003476100,False,False
ALLEGHENY,DOLGENCORP LLC,DOLLAR GENERAL STORE #30649,15235-1947,USA,02**6198,Cigarette/OTP Retail,2027-02-28,12818 FRANKSTOWN RD,PENN HILLS,PA,-79.82216,40.48088,DOLLAR GENERAL STORE #30649,12818 FRANKSTOWN RD,15235,12818 FRANKSTOWN RD|15235,DOLLAR GENERAL STORE #30649|12818 FRANKSTOWN RD|15235,12818 FRANKSTOWN RD,0a826f4bb3,True,False,PENN HILLS,data.pa.gov,42003523501,False,False
ALLEGHENY,KEHM OIL COMPANY,TJS DELI MART 2,15136-1315,USA,02**5391,Cigarette/OTP Retail,2027-02-28,5924 STEUBENVILLE PIKE,MC KEES ROCKS,PA,-80.14249,40.44877,TJS DELI MART 2,5924 STEUBENVILLE PIKE,15136,5924 STEUBENVILLE PIKE|15136,TJS DELI MART 2|5924 STEUBENVILLE PIKE|15136,5924 STEUBENVILLE PIKE,47cbe3174b,True,False,MC KEES ROCKS,data.pa.gov,42003459201,False,False
ALLEGHENY,GETGO OPERATING LLC,GETGO #3642,15108-2578,USA,02**1678,Cigarette/OTP Retail,2027-02-28,6507 UNIVERSITY BLVD,CORAOPOLIS,PA,-80.21873,40.51816,GETGO #3642,6507 UNIVERSITY BLVD,15108,6507 UNIVERSITY BLVD|15108,GETGO #3642|6507 UNIVERSITY BLVD|15108,6507 UNIVERSITY BLVD,11d8aaeaf5,True,False,CORAOPOLIS,data.pa.gov,42003451102,False,False
ALLEGHENY,NIKITUK JACOB W,MANNY'S ROCK STATION CAFE,15106-1207,USA,02**5008,Cigarette Vending,2027-02-28,201 HAWTHORNE AVE,CARNEGIE,PA,-80.0681,40.41524,MANNY'S ROCK STATION CAFE,201 HAWTHORNE AVE,15106,201 HAWTHORNE AVE|15106,MANNY'S ROCK STATION CAFE|201 HAWTHORNE AVE|15106,201 HAWTHORNE AVE,c79ba254bf,False,True,CARNEGIE,data.pa.gov,42003469000,False,False
ALLEGHENY,BELMONT AMUSEMENT COMPANY INC,FRANKSTOWNE CLUB,15207-1093,USA,02**7694,Cigarette Vending,2027-02-28,547 GREENFIELD AVE,PITTSBURGH,PA,-79.94072,40.42593,FRANKSTOWNE CLUB,547 GREENFIELD AVE,15207,547 GREENFIELD AVE|15207,FRANKSTOWNE CLUB|547 GREENFIELD AVE|15207,547 GREENFIELD AVE,5d33e4bde0,False,True,PITTSBURGH,data.pa.gov,42003151600,True,True
ALLEGHENY,FAMILY DOLLAR STORES OF PA LLC,FAMILY DOLLAR #26554,15132-1126,USA,02**3998,Cigarette/OTP Retail,2027-02-28,2347 5TH AVE,MCKEESPORT,PA,-79.83692,40.35455,FAMILY DOLLAR #26554,2347 5TH AVE,15132,2347 5TH AVE|15132,FAMILY DOLLAR #26554|2347 5TH AVE|15132,2347 5TH AVE,0c25c6d65b,True,False,MCKEESPORT,data.pa.gov,42003551900,False,False
ALLEGHENY,SAFRANS SUPERMARKET LLC,SAFRANS SUPERMARKET,15143-1535,USA,02**8375,Cigarette/OTP Retail,2027-02-28,429 WALNUT ST,SEWICKLEY,PA,-80.18202,40.54088,SAFRANS SUPERMARKET,429 WALNUT ST,15143,429 WALNUT ST|15143,SAFRANS SUPERMARKET|429 WALNUT ST|15143,429 WALNUT ST,ca5caafaf7,True,False,SEWICKLEY,data.pa.gov,42003445500,False,False
ALLEGHENY,A ONE CLAIRTON CORP,A ONE CLAIRTON CORP,15147-1734,USA,02**4826,Cigarette/OTP Retail,2027-02-28,4689 VERONA RD,VERONA,PA,-79.84888,40.4753,A ONE CLAIRTON CORP,4689 VERONA RD,15147,4689 VERONA RD|15147,A ONE CLAIRTON CORP|4689 VERONA RD|15147,4689 VERONA RD,b1910fbfdd,True,False,VERONA,data.pa.gov,42003523200,False,False
ALLEGHENY,PAR MAR OIL COMPANY,PAR MAR STORE # 88,15120-1006,USA,02**6184,Cigarette Retail,2027-02-28,431 W 7TH AVE,WEST HOMESTEAD,PA,-79.91799,40.40263,PAR MAR STORE # 88,431 W 7TH AVE,15120,431 W 7TH AVE|15120,PAR MAR STORE # 88|431 W 7TH AVE|15120,431 W 7TH AVE,d9d48a9ba8,True,False,WEST HOMESTEAD,data.pa.gov,42003482500,False,False
ALLEGHENY,DOLGENCORP LLC,DOLLAR GENERAL STORE 817,15102-2826,USA,02**5999,Cigarette/OTP Retail,2027-02-28,5000 LIBRARY RD,BETHEL PARK,PA,-80.02666,40.34181,DOLLAR GENERAL STORE 817,5000 LIBRARY RD,15102,5000 LIBRARY RD|15102,DOLLAR GENERAL STORE 817|5000 LIBRARY RD|15102,5000 LIBRARY RD,78c45681d1,True,False,BETHEL PARK,data.pa.gov,42003475102,False,False
ALLEGHENY,HAPPY SMOKE AND VAPE 2 LLC,HAPPY SMOKE AND VAPE 2 LLC,15146-3556,USA,02**1830,Cigarette Retail,2027-02-28,2526 MOSSIDE BLVD STE D,MONROEVILLE,PA,-79.7534,40.42612,HAPPY SMOKE AND VAPE 2 LLC,2526 MOSSIDE BLVD STE D,15146,2526 MOSSIDE BLVD STE D|15146,HAPPY SMOKE AND VAPE 2 LLC|2526 MOSSIDE BLVD STE D|15146,2526 MOSSIDE BLVD,c15c45a8bd,True,False,MONROEVILLE,data.pa.gov,42003521301,False,False
ALLEGHENY,FAMILY DOLLAR STORES OF PA LLC,FAMILY DOLLAR #31553,15206-2713,USA,02**3037,Cigarette/OTP Retail,2027-02-28,1111 LINCOLN AVE,PITTSBURGH,PA,-79.90076,40.46469,FAMILY DOLLAR #31553,1111 LINCOLN AVE,15206,1111 LINCOLN AVE|15206,FAMILY DOLLAR #31553|1111 LINCOLN AVE|15206,1111 LINCOLN AVE,f62519672f,True,False,PITTSBURGH,data.pa.gov,42003120300,True,True
ALLEGHENY,GETGO OPERATING LLC,GETGO #3057,15205-1005,USA,02**1629,Cigarette/OTP Retail,2027-02-28,6513A STEUBENVILLE PIKE,PITTSBURGH,PA,-80.16342,40.44736,GETGO #3057,6513A STEUBENVILLE PIKE,15205,6513A STEUBENVILLE PIKE|15205,GETGO #3057|6513A STEUBENVILLE PIKE|15205,6513A STEUBENVILLE PIKE,830ac23824,True,False,PITTSBURGH,data.pa.gov,42003459201,False,True
ALLEGHENY,SHERADEN SHOPPE N KITCHEN INC,SHERADEN SHOPPE N KITCHEN,15204-2301,USA,02**3462,Cigarette Retail,2027-02-28,2827 CHARTIERS AVE,PITTSBURGH,PA,-80.05492,40.45347,SHERADEN SHOPPE N KITCHEN,2827 CHARTIERS AVE,15204,2827 CHARTIERS AVE|15204,SHERADEN SHOPPE N KITCHEN|2827 CHARTIERS AVE|15204,2827 CHARTIERS AVE,cb35663a4a,True,False,PITTSBURGH,data.pa.gov,42003562500,True,True
ALLEGHENY,ACME VENDING INC,KOSBAR RANCH,15108-4052,USA,02**7734,Cigarette Vending,2027-02-28,263 CORAOPOLIS RD,CORAOPOLIS,PA,-80.11703,40.50164,KOSBAR RANCH,263 CORAOPOLIS RD,15108,263 CORAOPOLIS RD|15108,KOSBAR RANCH|263 CORAOPOLIS RD|15108,263 CORAOPOLIS RD,0261ff0474,False,True,CORAOPOLIS,data.pa.gov,42003460001,False,False
ALLEGHENY,JHS SINGH ENTERPRISE INC,J & S FOOD MART,15110-1685,USA,02**8410,Cigarette/OTP Retail,2027-02-28,625 GRANT AVE,DUQUESNE,PA,-79.85183,40.37201,J & S FOOD MART,625 GRANT AVE,15110,625 GRANT AVE|15110,J & S FOOD MART|625 GRANT AVE|15110,625 GRANT AVE,1fdfedfde6,True,False,DUQUESNE,data.pa.gov,42003486800,False,False
ALLEGHENY,GURU'S VAPE MARKET LLC,GURU'S VAPE MARKET LLC,15227-3306,USA,02**3722,Cigarette/OTP Retail,2027-02-28,4123 BROWNSVILLE RD,PITTSBURGH,PA,-79.98198,40.3659,GURU'S VAPE MARKET LLC,4123 BROWNSVILLE RD,15227,4123 BROWNSVILLE RD|15227,GURU'S VAPE MARKET LLC|4123 BROWNSVILLE RD|15227,4123 BROWNSVILLE RD,1538aab392,True,False,PITTSBURGH,data.pa.gov,42003478100,False,True
ALLEGHENY,MAHDEV CORPORATION,FUELLAND,15205-4147,USA,02**5242,Cigarette/OTP Retail,2027-02-28,2373 NOBLESTOWN RD,PITTSBURGH,PA,-80.05606,40.42667,FUELLAND,2373 NOBLESTOWN RD,15205,2373 NOBLESTOWN RD|15205,FUELLAND|2373 NOBLESTOWN RD|15205,2373 NOBLESTOWN RD,2b11ba29c2,True,False,PITTSBURGH,data.pa.gov,42003469000,False,True
ALLEGHENY,CALIFORNIA MINI MART LLC,CALIFORNIA MINI MART LLC,15212-1610,USA,02**4048,OTP Retail,2027-02-28,3901 CALIFORNIA AVE,PITTSBURGH,PA,-80.04215,40.48524,CALIFORNIA MINI MART LLC,3901 CALIFORNIA AVE,15212,3901 CALIFORNIA AVE|15212,CALIFORNIA MINI MART LLC|3901 CALIFORNIA AVE|15212,3901 CALIFORNIA AVE,12762c5c5f,True,False,PITTSBURGH,data.pa.gov,42003270100,True,True
ALLEGHENY,MIRAMAR BRANDS PENNSYLVANIA INC.,7-ELEVEN STORE #36188,15237-3417,USA,02**1850,Cigarette/OTP Retail,2027-02-28,4775 MCKNIGHT RD,PITTSBURGH,PA,-80.00525,40.52153,7-ELEVEN STORE #36188,4775 MCKNIGHT RD,15237,4775 MCKNIGHT RD|15237,7-ELEVEN STORE #36188|4775 MCKNIGHT RD|15237,4775 MCKNIGHT RD,d58efc10a9,True,False,PITTSBURGH,data.pa.gov,42003429202,False,True
ALLEGHENY,VBD VENDING LLC,NS PUB INC,15233-1718,USA,02**1948,OTP Vending,2027-02-28,900 WESTERN AVE,PITTSBURGH,PA,-80.01664,40.45195,NS PUB INC,900 WESTERN AVE,15233,900 WESTERN AVE|15233,NS PUB INC|900 WESTERN AVE|15233,900 WESTERN AVE,4a41c5f59b,False,True,PITTSBURGH,data.pa.gov,42003562700,True,True
ALLEGHENY,GIANT EAGLE INC,COMMUNITY MARKET #96,15224-1561,USA,02**1610,Cigarette/OTP Retail,2027-02-28,4401 LIBERTY AVE,PITTSBURGH,PA,-79.95201,40.46326,COMMUNITY MARKET #96,4401 LIBERTY AVE,15224,4401 LIBERTY AVE|15224,COMMUNITY MARKET #96|4401 LIBERTY AVE|15224,4401 LIBERTY AVE,2eca49ab96,True,False,PITTSBURGH,data.pa.gov,42003090300,True,True
ALLEGHENY,SCHRIM WILLIAM J,REAL LUCK CAFE,15222-4312,USA,02**1545,Cigarette Vending,2027-02-28,1519 PENN AVE,PITTSBURGH,PA,-79.98807,40.44874,REAL LUCK CAFE,1519 PENN AVE,15222,1519 PENN AVE|15222,REAL LUCK CAFE|1519 PENN AVE|15222,1519 PENN AVE,1fb0f431b4,False,True,PITTSBURGH,data.pa.gov,42003020300,True,True
ALLEGHENY,BELMONT AMUSEMENT COMPANY INC,DMV,15102-2831,USA,02**7694,Cigarette Vending,2027-02-28,4962 LIBRARY RD,BETHEL PARK,PA,-80.02713,40.34337,DMV,4962 LIBRARY RD,15102,4962 LIBRARY RD|15102,DMV|4962 LIBRARY RD|15102,4962 LIBRARY RD,26f11c4d05,False,True,BETHEL PARK,data.pa.gov,42003475102,False,False
ALLEGHENY,SPEEDWAY LLC,SPEEDWAY #2910,15225-1202,USA,02**8910,Cigarette/OTP Retail,2027-02-28,5701 GRAND AVE,PITTSBURGH,PA,-80.13236,40.51204,SPEEDWAY #2910,5701 GRAND AVE,15225,5701 GRAND AVE|15225,SPEEDWAY #2910|5701 GRAND AVE|15225,5701 GRAND AVE,380e81e01d,True,False,PITTSBURGH,data.pa.gov,42003461000,False,True
ALLEGHENY,ROADSIDE DISTRIBUTORS INC,ROADSIDE DISTRIBUTORS INC,15223-2005,USA,02**3694,OTP Retail,2027-02-28,188 BUTLER ST,PITTSBURGH,PA,-79.94833,40.49336,ROADSIDE DISTRIBUTORS INC,188 BUTLER ST,15223,188 BUTLER ST|15223,ROADSIDE DISTRIBUTORS INC|188 BUTLER ST|15223,188 BUTLER ST,967fc407b4,True,False,PITTSBURGH,data.pa.gov,42003425000,False,True
ALLEGHENY,ESSEX BEER DISTRIBUTOR INC,ESSEX BEER DISTRIBUTORS INC,15071-4009,USA,02**6760,Cigarette/OTP Retail,2027-02-28,100 MARKET PLACE DR,OAKDALE,PA,-80.23968,40.44115,ESSEX BEER DISTRIBUTORS INC,100 MARKET PLACE DR,15071,100 MARKET PLACE DR|15071,ESSEX BEER DISTRIBUTORS INC|100 MARKET PLACE DR|15071,100 MARKET PL DR,c66693e3df,True,False,OAKDALE,data.pa.gov,42003564000,False,False
ALLEGHENY,KEYSTONE R & M LLC,KEYSTONE VAPORS,15201-3010,USA,02**9975,OTP Retail,2027-02-28,4328 BUTLER ST,PITTSBURGH,PA,-79.95984,40.47138,KEYSTONE VAPORS,4328 BUTLER ST,15201,4328 BUTLER ST|15201,KEYSTONE VAPORS|4328 BUTLER ST|15201,4328 BUTLER ST,2db5bea69b,True,False,PITTSBURGH,data.pa.gov,42003090200,True,True
ALLEGHENY,BFS FOODS INC,BFS FOODS INC #64,15146-2435,USA,70**4021,Cigarette/OTP Retail,2027-02-28,3984 MONROEVILLE BLVD,MONROEVILLE,PA,-79.77299,40.43627,BFS FOODS INC #64,3984 MONROEVILLE BLVD,15146,3984 MONROEVILLE BLVD|15146,BFS FOODS INC #64|3984 MONROEVILLE BLVD|15146,3984 MONROEVILLE BLVD,146ec0b7a7,True,False,MONROEVILLE,data.pa.gov,42003521302,False,False
ALLEGHENY,RIGGS LOUNGE INCORPORATED,RIGGS RESTAURANT LOUNGE,15233-1602,USA,02**9909,Cigarette Vending,2027-02-28,1204 BRIGHTON RD # 8,PITTSBURGH,PA,-80.0148,40.45474,RIGGS RESTAURANT LOUNGE,1204 BRIGHTON RD # 8,15233,1204 BRIGHTON RD # 8|15233,RIGGS RESTAURANT LOUNGE|1204 BRIGHTON RD # 8|15233,1204 BRIGHTON RD 8,41eb6802a6,False,True,PITTSBURGH,data.pa.gov,42003565100,True,True
ALLEGHENY,KEYSTONE MINI MART INC,KEYSTONE MINI MART INC,15145-1974,USA,02**4619,OTP Retail,2027-02-28,932 PENN AVE,TURTLE CREEK,PA,-79.8246,40.40405,KEYSTONE MINI MART INC,932 PENN AVE,15145,932 PENN AVE|15145,KEYSTONE MINI MART INC|932 PENN AVE|15145,932 PENN AVE,96e28adce3,True,False,TURTLE CREEK,data.pa.gov,42003509400,False,False
ALLEGHENY,SHEETZ INC,SHEETZ #631,15065-1347,USA,02**4004,Cigarette Retail,2027-02-28,1002 CALIFORNIA AVE,NATRONA HEIGHTS,PA,-79.73177,40.61878,SHEETZ #631,1002 CALIFORNIA AVE,15065,1002 CALIFORNIA AVE|15065,SHEETZ #631|1002 CALIFORNIA AVE|15065,1002 CALIFORNIA AVE,5c6db8939d,True,False,NATRONA HEIGHTS,data.pa.gov,42003401300,False,False
ALLEGHENY,SGK VENDING LLC,CLUB 412,15136-2616,USA,02**2478,OTP Vending,2027-02-28,824 ISLAND AVE,MC KEES ROCKS,PA,-80.06336,40.47378,CLUB 412,824 ISLAND AVE,15136,824 ISLAND AVE|15136,CLUB 412|824 ISLAND AVE|15136,824 ISLAND AVE,6f6ebd9deb,False,True,MC KEES ROCKS,data.pa.gov,42003464400,False,False
ALLEGHENY,BOBS AUTOTORIUM INC,BOBS AUTOTORIUM INC,15120-2302,USA,02**4508,Cigarette/OTP Retail,2027-02-28,1408 RIVER RD,HOMESTEAD,PA,-79.88292,40.40363,BOBS AUTOTORIUM INC,1408 RIVER RD,15120,1408 RIVER RD|15120,BOBS AUTOTORIUM INC|1408 RIVER RD|15120,1408 RIVER RD,ba34d48895,True,False,HOMESTEAD,data.pa.gov,42003485000,False,False
ALLEGHENY,OLIVER MARKET INC,OLIVER MARKET INC,15210-2116,USA,02**3156,Cigarette Retail,2027-02-28,200 BROWNSVILLE RD,PITTSBURGH,PA,-79.98721,40.41581,OLIVER MARKET INC,200 BROWNSVILLE RD,15210,200 BROWNSVILLE RD|15210,OLIVER MARKET INC|200 BROWNSVILLE RD|15210,200 BROWNSVILLE RD,460244e5d2,True,False,PITTSBURGH,data.pa.gov,42003481000,False,True
ALLEGHENY,UNIVERSAL JOINT INC,UNIVERSAL JOINT INC.,15235-3639,USA,02**8317,Cigarette Retail,2027-02-28,2310 MAIN ST,PENN HILLS,PA,-79.79109,40.4686,UNIVERSAL JOINT INC.,2310 MAIN ST,15235,2310 MAIN ST|15235,UNIVERSAL JOINT INC.|2310 MAIN ST|15235,2310 MAIN ST,f6ce8709e0,True,False,PENN HILLS,data.pa.gov,42003523502,False,False
ALLEGHENY,MIDNIGHT MARKET VENDING LLC,MICHEAL'S LOUNGE,15136-2392,USA,02**4833,Cigarette Vending,2027-02-28,331 SINGER AVE LOWR 1,MC KEES ROCKS,PA,-80.07644,40.46953,MICHEAL'S LOUNGE,331 SINGER AVE LOWR 1,15136,331 SINGER AVE LOWR 1|15136,MICHEAL'S LOUNGE|331 SINGER AVE LOWR 1|15136,331 SINGER AVE LOWR 1,8ad02e4546,False,True,MC KEES ROCKS,data.pa.gov,42003463900,False,False
ALLEGHENY,PATTON MICHAEL P,CLYDE &PATTI'S LOUNGE,15024-1210,USA,02**5102,Cigarette Vending,2027-02-28,901 FREEPORT RD,CHESWICK,PA,-79.81589,40.54099,CLYDE &PATTI'S LOUNGE,901 FREEPORT RD,15024,901 FREEPORT RD|15024,CLYDE &PATTI'S LOUNGE|901 FREEPORT RD|15024,901 FREEPORT RD,a55e4824d1,False,True,CHESWICK,data.pa.gov,42003419000,False,False
ALLEGHENY,7701 PENN AVE LLC,7701 PENN AVE,15221-2115,USA,02**5130,Cigarette/OTP Retail,2027-02-28,7701 PENN AVE,PITTSBURGH,PA,-79.89333,40.44655,7701 PENN AVE,7701 PENN AVE,15221,7701 PENN AVE|15221,7701 PENN AVE|7701 PENN AVE|15221,7701 PENN AVE,cecf92f2d0,True,False,PITTSBURGH,data.pa.gov,42003140500,True,True
ALLEGHENY,GOPIMAYA ENTERPRISE INC,BP PENN HILLS,15235-3409,USA,02**3376,Cigarette Retail,2027-02-28,11835 FRANKSTOWN RD,PITTSBURGH,PA,-79.82381,40.46991,BP PENN HILLS,11835 FRANKSTOWN RD,15235,11835 FRANKSTOWN RD|15235,BP PENN HILLS|11835 FRANKSTOWN RD|15235,11835 FRANKSTOWN RD,c59e4797a1,True,False,PITTSBURGH,data.pa.gov,42003523300,False,True
ALLEGHENY,SOUTH PARK CONVENIENCE STORE INC,CURRY HOLLOW SUNOCO,15236-2912,USA,02**0721,Cigarette/OTP Retail,2027-02-28,5660 BROWNSVILLE RD,PITTSBURGH,PA,-79.98783,40.33044,CURRY HOLLOW SUNOCO,5660 BROWNSVILLE RD,15236,5660 BROWNSVILLE RD|15236,CURRY HOLLOW SUNOCO|5660 BROWNSVILLE RD|15236,5660 BROWNSVILLE RD,befc851a64,True,False,PITTSBURGH,data.pa.gov,42003490003,False,True
ALLEGHENY,CORNERS BEER LLC,CORNERS BEER,15241-1205,USA,02**5586,Cigarette/OTP Retail,2027-02-28,1755 N HIGHLAND RD,PITTSBURGH,PA,-80.05277,40.34944,CORNERS BEER,1755 N HIGHLAND RD,15241,1755 N HIGHLAND RD|15241,CORNERS BEER|1755 N HIGHLAND RD|15241,1755 N HIGHLAND RD,a926a15d8e,True,False,PITTSBURGH,data.pa.gov,42003475101,False,True
ALLEGHENY,TAHA ERKAN,SULTAN BEY,15213-1503,USA,02**0504,Cigarette/OTP Retail,2027-02-28,4601 CENTRE AVE,PITTSBURGH,PA,-79.95186,40.45194,SULTAN BEY,4601 CENTRE AVE,15213,4601 CENTRE AVE|15213,SULTAN BEY|4601 CENTRE AVE|15213,4601 CENTRE AVE,458db2bd20,True,False,PITTSBURGH,data.pa.gov,42003562000,True,True
ALLEGHENY,ALLIED CONVENIENCE LLC,WILMERDING FOOD MART,15148-1186,USA,02**1718,Cigarette/OTP Retail,2027-02-28,500 STATION ST,WILMERDING,PA,-79.81003,40.39324,WILMERDING FOOD MART,500 STATION ST,15148,500 STATION ST|15148,WILMERDING FOOD MART|500 STATION ST|15148,500 STATION ST,828f4c54f9,True,False,WILMERDING,data.pa.gov,42003508000,False,False
ALLEGHENY,WALGREEN EASTERN CO INC,WALGREENS #09803,15139-1917,USA,70**9062,Cigarette/OTP Retail,2027-02-28,324 HULTON RD,OAKMONT,PA,-79.84155,40.52556,WALGREENS #09803,324 HULTON RD,15139,324 HULTON RD|15139,WALGREENS #09803|324 HULTON RD|15139,324 HULTON RD,199f959fd5,True,False,OAKMONT,data.pa.gov,42003525300,False,False
ALLEGHENY,MARKET IN SMITHFIELD INC,MARKET ON SMITHFIELD INC,15222-2210,USA,02**2439,Cigarette/OTP Retail,2027-02-28,400 SMITHFIELD ST,PITTSBURGH,PA,-79.99948,40.43885,MARKET ON SMITHFIELD INC,400 SMITHFIELD ST,15222,400 SMITHFIELD ST|15222,MARKET ON SMITHFIELD INC|400 SMITHFIELD ST|15222,400 SMITHFIELD ST,6f64106028,True,False,PITTSBURGH,data.pa.gov,42003020100,True,True
ALLEGHENY,VACCO STEPHEN L,7 ELEVEN STORE 36118A,15219-3030,USA,70**2151,Cigarette/OTP Retail,2027-02-28,1 BIGELOW SQ,PITTSBURGH,PA,-79.99437,40.44019,7 ELEVEN STORE 36118A,1 BIGELOW SQ,15219,1 BIGELOW SQ|15219,7 ELEVEN STORE 36118A|1 BIGELOW SQ|15219,1 BIGELOW SQ,d816419442,True,False,PITTSBURGH,data.pa.gov,42003020100,True,True
ALLEGHENY,ACME VENDING INC,GUYASUTA LOUNGE,15215-2458,USA,02**7734,Cigarette Vending,2027-02-28,1004 N CANAL ST,PITTSBURGH,PA,-79.93229,40.49468,GUYASUTA LOUNGE,1004 N CANAL ST,15215,1004 N CANAL ST|15215,GUYASUTA LOUNGE|1004 N CANAL ST|15215,1004 N CANAL ST,84e69bd1be,False,True,PITTSBURGH,data.pa.gov,42003424000,False,True
ALLEGHENY,OM RETAIL OIL INC,OM RETAIL OIL INC,15112-1172,USA,02**4678,Cigarette/OTP Retail,2027-02-28,521 LINCOLN HWY,EAST PITTSBURGH,PA,-79.8397,40.40474,OM RETAIL OIL INC,521 LINCOLN HWY,15112,521 LINCOLN HWY|15112,OM RETAIL OIL INC|521 LINCOLN HWY|15112,521 LINCOLN HWY,681eda4e79,True,False,EAST PITTSBURGH,data.pa.gov,42003512000,False,False
ALLEGHENY,CALIFORNIA MINI MART LLC,CALIFORNIA MINI MART,15212-1610,USA,02**9224,Cigarette Retail,2027-02-28,3901 CALIFORNIA AVE,PITTSBURGH,PA,-80.04215,40.48524,CALIFORNIA MINI MART,3901 CALIFORNIA AVE,15212,3901 CALIFORNIA AVE|15212,CALIFORNIA MINI MART|3901 CALIFORNIA AVE|15212,3901 CALIFORNIA AVE,4da9e55b8c,True,False,PITTSBURGH,data.pa.gov,42003270100,True,True
ALLEGHENY,HOLY SPICE LLC,HOLY SPICE LLC- MIFFLIN FOOD & CONVENIENCE,15122-1812,USA,02**3322,Cigarette/OTP Retail,2027-02-28,100 DIVISION ST,WEST MIFFLIN,PA,-79.88505,40.39233,HOLY SPICE LLC- MIFFLIN FOOD & CONVENIENCE,100 DIVISION ST,15122,100 DIVISION ST|15122,HOLY SPICE LLC- MIFFLIN FOOD & CONVENIENCE|100 DIVISION ST|15122,100 DIVISION ST,ca20fea6d0,True,False,WEST MIFFLIN,data.pa.gov,42003488200,False,False
ALLEGHENY,BEER LIME AND SUNSHINE ON LIBERTY INC,BEER LIME AND SUNSHINE ON LIBERTY I,15222-3701,USA,02**6814,Cigarette/OTP Retail,2027-02-28,909 LIBERTY AVE,PITTSBURGH,PA,-79.99762,40.44303,BEER LIME AND SUNSHINE ON LIBERTY I,909 LIBERTY AVE,15222,909 LIBERTY AVE|15222,BEER LIME AND SUNSHINE ON LIBERTY I|909 LIBERTY AVE|15222,909 LIBERTY AVE,c2ea44d99c,True,False,PITTSBURGH,data.pa.gov,42003020100,True,True
ALLEGHENY,JACKS MARKET & BEAUTY SUPPLIES INC,JACKS MARKET & BEAUTY SUPPLIES INC,15120-1515,USA,02**1719,Cigarette/OTP Retail,2027-02-28,245 E 8TH AVE,HOMESTEAD,PA,-79.90942,40.40778,JACKS MARKET & BEAUTY SUPPLIES INC,245 E 8TH AVE,15120,245 E 8TH AVE|15120,JACKS MARKET & BEAUTY SUPPLIES INC|245 E 8TH AVE|15120,245 E 8TH AVE,4791ed2a7f,True,False,HOMESTEAD,data.pa.gov,42003483800,False,False
ALLEGHENY,BROTHER UNITED INC,SKY IS THE LIMIT,15206-3011,USA,02**4465,Cigarette/OTP Retail,2027-02-28,6113 BROAD ST,PITTSBURGH,PA,-79.92244,40.46205,SKY IS THE LIMIT,6113 BROAD ST,15206,6113 BROAD ST|15206,SKY IS THE LIMIT|6113 BROAD ST|15206,6113 BROAD ST,b0ab4cd337,True,False,PITTSBURGH,data.pa.gov,42003111500,True,True
ALLEGHENY,FAMILY DOLLAR STORES OF PA LLC,FAMILY DOLLAR #23675,15221-2113,USA,02**3984,Cigarette/OTP Retail,2027-02-28,7627 PENN AVE,WILKINSBURG,PA,-79.89378,40.44691,FAMILY DOLLAR #23675,7627 PENN AVE,15221,7627 PENN AVE|15221,FAMILY DOLLAR #23675|7627 PENN AVE|15221,7627 PENN AVE,4173dbcfe1,True,False,WILKINSBURG,data.pa.gov,42003140500,True,False
ALLEGHENY,7-ELEVEN INC,A PLUS #40224H,15236-2113,USA,02**5179,Cigarette/OTP Retail,2027-02-28,4639 CLAIRTON BLVD,PITTSBURGH,PA,-79.97978,40.35605,A PLUS #40224H,4639 CLAIRTON BLVD,15236,4639 CLAIRTON BLVD|15236,A PLUS #40224H|4639 CLAIRTON BLVD|15236,4639 CLAIRTON BLVD,7b200fd4c4,True,False,PITTSBURGH,data.pa.gov,42003477300,False,True
ALLEGHENY,CURATED FLAME LLC,505 GRANT AVENUE PITTSBURGH PA 1520,15209-2615,USA,02**6414,OTP Retail,2027-02-28,505 GRANT AVE,PITTSBURGH,PA,-79.97426,40.48053,505 GRANT AVENUE PITTSBURGH PA 1520,505 GRANT AVE,15209,505 GRANT AVE|15209,505 GRANT AVENUE PITTSBURGH PA 1520|505 GRANT AVE|15209,505 GRANT AVE,8e7b575afc,True,False,PITTSBURGH,data.pa.gov,42003427000,False,True
ALLEGHENY,ZENNER ANTHONY J,FIREMANS CLUB,15106,USA,63**7782,Cigarette Vending,2027-02-28,100 GREEK STREET,GLENDALE,PA,-80.08784,40.40193,FIREMANS CLUB,100 GREEK STREET,15106,100 GREEK STREET|15106,FIREMANS CLUB|100 GREEK STREET|15106,100 GREEK ST,947e9c75ef,False,True,GLENDALE,data.pa.gov,42003470600,False,False
ALLEGHENY,SHEETZ INC,SHEETZ #824,15239-2726,USA,02**5137,Cigarette/OTP Retail,2027-02-28,950 PRESQUE ISLE DR,PITTSBURGH,PA,-79.70596,40.46344,SHEETZ #824,950 PRESQUE ISLE DR,15239,950 PRESQUE ISLE DR|15239,SHEETZ #824|950 PRESQUE ISLE DR|15239,950 PRESQUE ISLE DR,77f32b5cdc,True,False,PITTSBURGH,data.pa.gov,42003526302,False,True
ALLEGHENY,EVENT NETWORK LLC,EVENT NETWORK #5016,15219-1162,USA,02**3755,Cigarette/OTP Retail,2027-02-28,300 W STATION SQUARE DR,PITTSBURGH,PA,-80.0064,40.43443,EVENT NETWORK #5016,300 W STATION SQUARE DR,15219,300 W STATION SQUARE DR|15219,EVENT NETWORK #5016|300 W STATION SQUARE DR|15219,300 W STATION SQ DR,131b0100e9,True,False,PITTSBURGH,data.pa.gov,42003980700,True,True
ALLEGHENY,DHALIWAL BROS LLC,DHALIWAL BROS LLC,15222-3786,USA,02**1064,Cigarette/OTP Retail,2027-02-28,808 LIBERTY AVE,PITTSBURGH,PA,-79.99886,40.44272,DHALIWAL BROS LLC,808 LIBERTY AVE,15222,808 LIBERTY AVE|15222,DHALIWAL BROS LLC|808 LIBERTY AVE|15222,808 LIBERTY AVE,0a44ad48f1,True,False,PITTSBURGH,data.pa.gov,42003020100,True,True
ALLEGHENY,GIANT EAGLE INC,GIANT EAGLE #91,15212,USA,02**2921,Cigarette Retail,2027-02-28,318-320 CEDAR AVE # 91,PITTSBURGH,PA,-80.0001,40.45161,GIANT EAGLE #91,318-320 CEDAR AVE # 91,15212,318-320 CEDAR AVE # 91|15212,GIANT EAGLE #91|318-320 CEDAR AVE # 91|15212,318-320 CEDAR AVE 91,7f8ea7dc83,True,False,PITTSBURGH,data.pa.gov,42003563202,True,True
ALLEGHENY,HS MALIK ENTERPRISE INC,HS MALIK ENTERPRISE,15132-7162,USA,02**1828,Cigarette/OTP Retail,2027-02-28,3111 WALNUT ST,MCKEESPORT,PA,-79.84313,40.33067,HS MALIK ENTERPRISE,3111 WALNUT ST,15132,3111 WALNUT ST|15132,HS MALIK ENTERPRISE|3111 WALNUT ST|15132,3111 WALNUT ST,7339205124,True,False,MCKEESPORT,data.pa.gov,42003552400,False,False
ALLEGHENY,PITTSBURGH BURN LLC,PITTSBURGH BURN LLC,15212-5870,USA,02**2958,Cigarette/OTP Retail,2027-02-28,346 N SHORE DR,PITTSBURGH,PA,-80.01163,40.44587,PITTSBURGH BURN LLC,346 N SHORE DR,15212,346 N SHORE DR|15212,PITTSBURGH BURN LLC|346 N SHORE DR|15212,346 N SHORE DR,da49b9e02d,True,False,PITTSBURGH,data.pa.gov,42003981200,True,True
ALLEGHENY,OKOYE CLEMENT M,DOLLAR EAGLE DISCOUNTS,15216-3336,USA,02**3546,OTP Retail,2027-02-28,1552 BEECHVIEW AVE,PITTSBURGH,PA,-80.02474,40.41082,DOLLAR EAGLE DISCOUNTS,1552 BEECHVIEW AVE,15216,1552 BEECHVIEW AVE|15216,DOLLAR EAGLE DISCOUNTS|1552 BEECHVIEW AVE|15216,1552 BEECHVIEW AVE,d901d0344a,True,False,PITTSBURGH,data.pa.gov,42003191600,True,True
ALLEGHENY,NEW HORIZONS OF PITTSBURGH INC,COUSINS MARKET,15221-1604,USA,02**4037,Cigarette Retail,2027-02-28,1694 LAKETON RD,PITTSBURGH,PA,-79.86777,40.4491,COUSINS MARKET,1694 LAKETON RD,15221,1694 LAKETON RD|15221,COUSINS MARKET|1694 LAKETON RD|15221,1694 LAKETON RD,69f503d2a9,True,False,PITTSBURGH,data.pa.gov,42003561400,False,True
ALLEGHENY,GETGO OPERATING LLC,GETGO #3489,15101-3501,USA,02**1668,Cigarette/OTP Retail,2027-02-28,2401 FERGUSON RD,ALLISON PARK,PA,-79.97132,40.55552,GETGO #3489,2401 FERGUSON RD,15101,2401 FERGUSON RD|15101,GETGO #3489|2401 FERGUSON RD|15101,2401 FERGUSON RD,9461b2c421,True,False,ALLISON PARK,data.pa.gov,42003414200,False,False
ALLEGHENY,GIANT EAGLE INC,GIANT EAGLE 65,15212,USA,70**3033,Cigarette/OTP Retail,2027-02-28,BRIGHTON RD & BASCOM ST,PITTSBURGH,PA,-80.043633988665,40.489841993384,GIANT EAGLE 65,BRIGHTON RD & BASCOM ST,15212,BRIGHTON RD & BASCOM ST|15212,GIANT EAGLE 65|BRIGHTON RD & BASCOM ST|15212,BRIGHTON RD & BASCOM ST,17fe167a23,True,False,PITTSBURGH,census_geocoder,42003429700,False,True
ALLEGHENY,RD YOUNG LLC,THE BEER MINE,15241-3114,USA,02**9529,Cigarette/OTP Retail,2027-02-28,1870 PAINTERS RUN RD,PITTSBURGH,PA,-80.08394,40.36304,THE BEER MINE,1870 PAINTERS RUN RD,15241,1870 PAINTERS RUN RD|15241,THE BEER MINE|1870 PAINTERS RUN RD|15241,1870 PAINTERS RUN RD,bc5cdb25a7,True,False,PITTSBURGH,data.pa.gov,42003474101,False,True
ALLEGHENY,BEER LOVER CITY LLC,BEER LOVER CITY LLC,15203-2101,USA,02**6296,Cigarette/OTP Retail,2027-02-28,2504 E CARSON ST,PITTSBURGH,PA,-79.9695,40.42776,BEER LOVER CITY LLC,2504 E CARSON ST,15203,2504 E CARSON ST|15203,BEER LOVER CITY LLC|2504 E CARSON ST|15203,2504 E CARSON ST,0fe6c4322e,True,False,PITTSBURGH,data.pa.gov,42003160900,True,True
ALLEGHENY,SHREE VIJAYALAXMI INC,SHREE VIJAYALAXMI INC,15211-1631,USA,02**8547,OTP Retail,2027-02-28,1 VIRGINIA AVE,PITTSBURGH,PA,-80.0069,40.42923,SHREE VIJAYALAXMI INC,1 VIRGINIA AVE,15211,1 VIRGINIA AVE|15211,SHREE VIJAYALAXMI INC|1 VIRGINIA AVE|15211,1 VIRGINIA AVE,1cde8330ec,True,False,PITTSBURGH,data.pa.gov,42003191400,True,True
ALLEGHENY,BD FRANKSTOWN INC,BD FRANKSTOWN INC,15224-1304,USA,02**4105,Cigarette/OTP Retail,2027-02-28,4010 PENN AVE,PITTSBURGH,PA,-79.95753,40.46524,BD FRANKSTOWN INC,4010 PENN AVE,15224,4010 PENN AVE|15224,BD FRANKSTOWN INC|4010 PENN AVE|15224,4010 PENN AVE,4bf96eafe6,True,False,PITTSBURGH,data.pa.gov,42003090300,True,True
ALLEGHENY,PLSS STAFFING LIMITED,MCKEESPORT VALERO,15132-2626,USA,02**2989,Cigarette/OTP Retail,2027-02-28,231 5TH AVE,MCKEESPORT,PA,-79.86535,40.35122,MCKEESPORT VALERO,231 5TH AVE,15132,231 5TH AVE|15132,MCKEESPORT VALERO|231 5TH AVE|15132,231 5TH AVE,f5cf964c1a,True,False,MCKEESPORT,data.pa.gov,42003551900,False,False
ALLEGHENY,DAILY MART CONVENIENCE STORE INC,DAILY MART CONVENIENCE STORE INC,15203-1410,USA,02**0148,Cigarette/OTP Retail,2027-02-28,1125 ARLINGTON AVE,PITTSBURGH,PA,-79.99174,40.42226,DAILY MART CONVENIENCE STORE INC,1125 ARLINGTON AVE,15203,1125 ARLINGTON AVE|15203,DAILY MART CONVENIENCE STORE INC|1125 ARLINGTON AVE|15203,1125 ARLINGTON AVE,34460f45e8,True,False,PITTSBURGH,data.pa.gov,42003180300,True,True
ALLEGHENY,MACS CONVENIENCE STORES LLC,CIRCLE K 4704201,15215-2043,USA,70**8002,Cigarette/OTP Retail,2027-02-28,501 N MAIN ST,SHARPSBURG,PA,-79.93611,40.49479,CIRCLE K 4704201,501 N MAIN ST,15215,501 N MAIN ST|15215,CIRCLE K 4704201|501 N MAIN ST|15215,501 N MAIN ST,7462004825,True,False,SHARPSBURG,data.pa.gov,42003424000,False,False
ALLEGHENY,G & M UNITED LIMITED LIABILITY COMPANY,BIG BOY MARKET,15132-1816,USA,02**6118,Cigarette Retail,2027-02-28,3100 BROWNLEE AVE,MCKEESPORT,PA,-79.84059,40.34896,BIG BOY MARKET,3100 BROWNLEE AVE,15132,3100 BROWNLEE AVE|15132,BIG BOY MARKET|3100 BROWNLEE AVE|15132,3100 BROWNLEE AVE,b0cfc9b257,True,False,MCKEESPORT,data.pa.gov,42003551200,False,False
ALLEGHENY,VVS WHOLESALE LLC,LOOSE MOOSE SALOON,15236-2644,USA,02**4609,OTP Vending,2027-02-28,5185 BROWNSVILLE RD,PITTSBURGH,PA,-79.98474,40.34416,LOOSE MOOSE SALOON,5185 BROWNSVILLE RD,15236,5185 BROWNSVILLE RD|15236,LOOSE MOOSE SALOON|5185 BROWNSVILLE RD|15236,5185 BROWNSVILLE RD,891f9c8555,False,True,PITTSBURGH,data.pa.gov,42003480101,False,True
ALLEGHENY,LINDENWOOD DISTRIBUTING CO,LINDENWOOD DIST,15234-2220,USA,02**0545,Cigarette Retail,2027-02-28,830 SLEEPY HOLLOW RD,PITTSBURGH,PA,-80.01992,40.37374,LINDENWOOD DIST,830 SLEEPY HOLLOW RD,15234,830 SLEEPY HOLLOW RD|15234,LINDENWOOD DIST|830 SLEEPY HOLLOW RD|15234,830 SLEEPY HOLLOW RD,54e1fbac5e,True,False,PITTSBURGH,data.pa.gov,42003476100,False,True
ALLEGHENY,GIANT EAGLE INC,GIANT EAGLE 2,15136-1600,USA,70**3090,Cigarette/OTP Retail,2027-02-28,1800 MCKEES ROCKS RD,MC KEES ROCKS,PA,-80.09737,40.46919,GIANT EAGLE 2,1800 MCKEES ROCKS RD,15136,1800 MCKEES ROCKS RD|15136,GIANT EAGLE 2|1800 MCKEES ROCKS RD|15136,1800 MCKEES ROCKS RD,bc09aade44,True,False,MC KEES ROCKS,data.pa.gov,42003460002,False,False
ALLEGHENY,LUV KUSH LLC,LUV KUSH LLC,15065-1972,USA,02**9194,Cigarette/OTP Retail,2027-02-28,76 HIGHLANDS MALL,NATRONA HEIGHTS,PA,-79.71219,40.64571,LUV KUSH LLC,76 HIGHLANDS MALL,15065,76 HIGHLANDS MALL|15065,LUV KUSH LLC|76 HIGHLANDS MALL|15065,76 HIGHLANDS MALL,2f7c1f0bf7,True,False,NATRONA HEIGHTS,data.pa.gov,42003401100,False,False
ALLEGHENY,NIKITUK JACOB W,DUKE'S RODI LOUNGE,15235-4462,USA,02**5008,Cigarette Vending,2027-02-28,604 TULIP RD,PITTSBURGH,PA,-79.82774,40.44974,DUKE'S RODI LOUNGE,604 TULIP RD,15235,604 TULIP RD|15235,DUKE'S RODI LOUNGE|604 TULIP RD|15235,604 TULIP RD,c101abf197,False,True,PITTSBURGH,data.pa.gov,42003523400,False,True
ALLEGHENY,PENN PLAZA BEER LLC,TURTLE CREEK,15145-1913,USA,02**2452,Cigarette/OTP Retail,2027-02-28,107 PENN PLZ,TURTLE CREEK,PA,-79.82633,40.40566,TURTLE CREEK,107 PENN PLZ,15145,107 PENN PLZ|15145,TURTLE CREEK|107 PENN PLZ|15145,107 PENN PLZ,6378cb2ceb,True,False,TURTLE CREEK,data.pa.gov,42003509400,False,False
ALLEGHENY,ASHRAF & SHAH LLC,ASHRAF & SHAH LLC DBA UNI-MART,15133-3515,USA,02**0136,Cigarette/OTP Retail,2027-02-28,1181 ROMINE AVE,MCKEESPORT,PA,-79.87139,40.34238,ASHRAF & SHAH LLC DBA UNI-MART,1181 ROMINE AVE,15133,1181 ROMINE AVE|15133,ASHRAF & SHAH LLC DBA UNI-MART|1181 ROMINE AVE|15133,1181 ROMINE AVE,be2b998f28,True,False,MCKEESPORT,data.pa.gov,42003500300,False,False
ALLEGHENY,SANDYS CS LLC,SANDY'S 07WO,15131-1714,USA,02**3998,Cigarette/OTP Retail,2027-02-28,1620 LINCOLN WAY,WHITE OAK,PA,-79.81699,40.34696,SANDY'S 07WO,1620 LINCOLN WAY,15131,1620 LINCOLN WAY|15131,SANDY'S 07WO|1620 LINCOLN WAY|15131,1620 LINCOLN WAY,f7d2b99ae4,True,False,WHITE OAK,data.pa.gov,42003503002,False,False
ALLEGHENY,HAZELWOOD MARKET OF PITTSBURGH INC,HAZELWOOD MARKET OF PITTSBURGH,15207-1624,USA,02**5436,Cigarette/OTP Retail,2027-02-28,5009 2ND AVE,PITTSBURGH,PA,-79.94358,40.40821,HAZELWOOD MARKET OF PITTSBURGH,5009 2ND AVE,15207,5009 2ND AVE|15207,HAZELWOOD MARKET OF PITTSBURGH|5009 2ND AVE|15207,5009 2ND AVE,b3668586d4,True,False,PITTSBURGH,data.pa.gov,42003562300,True,True
ALLEGHENY,JI KRISHNA LLC,JI KRISHNA LLC,15236-2714,USA,02**7017,Cigarette/OTP Retail,2027-02-28,5403 CLAIRTON BLVD,PITTSBURGH,PA,-79.96854,40.34289,JI KRISHNA LLC,5403 CLAIRTON BLVD,15236,5403 CLAIRTON BLVD|15236,JI KRISHNA LLC|5403 CLAIRTON BLVD|15236,5403 CLAIRTON BLVD,5bb8d76542,True,False,PITTSBURGH,data.pa.gov,42003480101,False,True
ALLEGHENY,PAR MAR OIL COMPANY,PAR MAR STORE #75,15145-1112,USA,02**2225,Cigarette/OTP Retail,2027-02-28,710 BEULAH RD,TURTLE CREEK,PA,-79.83606,40.42736,PAR MAR STORE #75,710 BEULAH RD,15145,710 BEULAH RD|15145,PAR MAR STORE #75|710 BEULAH RD|15145,710 BEULAH RD,1a29392006,True,False,TURTLE CREEK,data.pa.gov,42003520002,False,False
ALLEGHENY,HARTMAN MUSIC INC,JABBY JOES,15136-2441,USA,02**7708,Cigarette Vending,2027-02-28,1562 ISLAND AVE,MC KEES ROCKS,PA,-80.079,40.48875,JABBY JOES,1562 ISLAND AVE,15136,1562 ISLAND AVE|15136,JABBY JOES|1562 ISLAND AVE|15136,1562 ISLAND AVE,7054d1b067,False,True,MC KEES ROCKS,data.pa.gov,42003462100,False,False
ALLEGHENY,GETGO OPERATING LLC,GETGO #3137,15056-1206,USA,02**1652,Cigarette/OTP Retail,2027-02-28,8A QUAKER VILLAGE SHOPPING CTR,LEETSDALE,PA,-80.20492,40.55872,GETGO #3137,8A QUAKER VILLAGE SHOPPING CTR,15056,8A QUAKER VILLAGE SHOPPING CTR|15056,GETGO #3137|8A QUAKER VILLAGE SHOPPING CTR|15056,8A QUAKER VILLAGE SHOPPING CTR,64cd533a07,True,False,LEETSDALE,data.pa.gov,42003448000,False,False
ALLEGHENY,MERCY MARKET LLC,MERCY MARKET LLC,15214-3918,USA,02**8212,Cigarette/OTP Retail,2027-02-28,6 MERCY ST,PITTSBURGH,PA,-80.00853,40.4624,MERCY MARKET LLC,6 MERCY ST,15214,6 MERCY ST|15214,MERCY MARKET LLC|6 MERCY ST|15214,6 MERCY ST,3c7a0773ed,True,False,PITTSBURGH,data.pa.gov,42003250900,True,True
ALLEGHENY,GIANT PENN LLC,GP #920,16046-9414,USA,02**0749,Cigarette/OTP Retail,2027-02-28,940 SHERATON DR,MARS,PA,-80.09721,40.67307,GP #920,940 SHERATON DR,16046,940 SHERATON DR|16046,GP #920|940 SHERATON DR|16046,940 SHERATON DR,863f4db7ec,True,False,MARS,data.pa.gov,42003411001,False,False
ALLEGHENY,RICHIE MART LLC,2501 BRIGHTON ROAD,15212-2741,USA,02**0552,Cigarette/OTP Retail,2027-02-28,2501 BRIGHTON RD,PITTSBURGH,PA,-80.02499,40.46692,2501 BRIGHTON ROAD,2501 BRIGHTON RD,15212,2501 BRIGHTON RD|15212,2501 BRIGHTON ROAD|2501 BRIGHTON RD|15212,2501 BRIGHTON RD,a1cc4679ff,True,False,PITTSBURGH,data.pa.gov,42003261500,True,True
ALLEGHENY,KUDLAS SERVICE CENTER LLC,KUDLA SERVICE CENTER LLC,15102-3805,USA,02**9933,Cigarette/OTP Retail,2027-02-28,2733 S PARK RD,BETHEL PARK,PA,-80.03175,40.32767,KUDLA SERVICE CENTER LLC,2733 S PARK RD,15102,2733 S PARK RD|15102,KUDLA SERVICE CENTER LLC|2733 S PARK RD|15102,2733 S PARK RD,5b39ed6a95,True,False,BETHEL PARK,data.pa.gov,42003475301,False,False
ALLEGHENY,GIANT EAGLE INC,GIANT EAGLE #0097,15206-4342,USA,02**3706,Cigarette/OTP Retail,2027-02-28,6310 PENN AVE,PITTSBURGH,PA,-79.91921,40.45873,GIANT EAGLE #0097,6310 PENN AVE,15206,6310 PENN AVE|15206,GIANT EAGLE #0097|6310 PENN AVE|15206,6310 PENN AVE,51077382ee,True,False,PITTSBURGH,data.pa.gov,42003111500,True,True
ALLEGHENY,LAXMI OIL CORPORATION,LAXMI OIL CORPORATION,15224-1423,USA,02**6928,Cigarette/OTP Retail,2027-02-28,4006 LIBERTY AVE,PITTSBURGH,PA,-79.95699,40.46288,LAXMI OIL CORPORATION,4006 LIBERTY AVE,15224,4006 LIBERTY AVE|15224,LAXMI OIL CORPORATION|4006 LIBERTY AVE|15224,4006 LIBERTY AVE,411a26608f,True,False,PITTSBURGH,data.pa.gov,42003090300,True,True
ALLEGHENY,JEET ENTERPRISE INC,JEETS SUNOCO,15229-2106,USA,02**1242,Cigarette/OTP Retail,2027-02-28,5457 PERRY HWY,PITTSBURGH,PA,-80.03056,40.51349,JEETS SUNOCO,5457 PERRY HWY,15229,5457 PERRY HWY|15229,JEETS SUNOCO|5457 PERRY HWY|15229,5457 PERRY HWY,c7f96ad1cd,True,False,PITTSBURGH,data.pa.gov,42003429700,False,True
ALLEGHENY,SORBARA & SON LP,HEIDELBERG SHOP N SAVE,15106-3751,USA,02**3343,Cigarette/OTP Retail,2027-02-28,2100 WASHINGTON PIKE,CARNEGIE,PA,-80.09217,40.38777,HEIDELBERG SHOP N SAVE,2100 WASHINGTON PIKE,15106,2100 WASHINGTON PIKE|15106,HEIDELBERG SHOP N SAVE|2100 WASHINGTON PIKE|15106,2100 WASHINGTON PIKE,25511102c5,True,False,CARNEGIE,data.pa.gov,42003470300,False,False
ALLEGHENY,ROJELS FOODS LLC,BETHEL PARK SHOP N SAVE,15102-2811,USA,02**8809,Cigarette/OTP Retail,2027-02-28,5001 LIBRARY RD,BETHEL PARK,PA,-80.02491,40.34067,BETHEL PARK SHOP N SAVE,5001 LIBRARY RD,15102,5001 LIBRARY RD|15102,BETHEL PARK SHOP N SAVE|5001 LIBRARY RD|15102,5001 LIBRARY RD,a3d2119cf2,True,False,BETHEL PARK,data.pa.gov,42003475401,False,False
ALLEGHENY,TOBACCO CASTLE LLC,TOBACCO CASTLE LLC,15202-1502,USA,02**4658,Cigarette Retail,2027-02-28,8140 OHIO RIVER BLVD,EMSWORTH,PA,-80.09495,40.51032,TOBACCO CASTLE LLC,8140 OHIO RIVER BLVD,15202,8140 OHIO RIVER BLVD|15202,TOBACCO CASTLE LLC|8140 OHIO RIVER BLVD|15202,8140 OHIO RIVER BLVD,7089b9dcb5,True,False,EMSWORTH,data.pa.gov,42003435000,False,False
ALLEGHENY,PATTON MICHAEL P,MIKES MOON SALOON,15044-7954,USA,02**5102,Cigarette Vending,2027-02-28,2059 SAXONBURG BLVD,GIBSONIA,PA,-79.86095,40.62545,MIKES MOON SALOON,2059 SAXONBURG BLVD,15044,2059 SAXONBURG BLVD|15044,MIKES MOON SALOON|2059 SAXONBURG BLVD|15044,2059 SAXONBURG BLVD,79e034dd88,False,True,GIBSONIA,data.pa.gov,42003407002,False,False
ALLEGHENY,AKSHARPURSHOTTAM LLC,MCNEILLY FOOD MART,15226-2504,USA,02**7539,Cigarette/OTP Retail,2027-02-28,580 MCNEILLY RD,PITTSBURGH,PA,-80.02039,40.3833,MCNEILLY FOOD MART,580 MCNEILLY RD,15226,580 MCNEILLY RD|15226,MCNEILLY FOOD MART|580 MCNEILLY RD|15226,580 MCNEILLY RD,e48aed91a9,True,False,PITTSBURGH,data.pa.gov,42003479000,False,True
ALLEGHENY,412 TOBACCO LLC,412 TOBACCO LLC,15210-3969,USA,02**3305,Cigarette/OTP Retail,2027-02-28,1812 BROWNSVILLE RD,PITTSBURGH,PA,-79.98777,40.39687,412 TOBACCO LLC,1812 BROWNSVILLE RD,15210,1812 BROWNSVILLE RD|15210,412 TOBACCO LLC|1812 BROWNSVILLE RD|15210,1812 BROWNSVILLE RD,b2126929f4,True,False,PITTSBURGH,data.pa.gov,42003290100,True,True
ALLEGHENY,MJS FOODS LLC,GLENSHAW SHOP N SAVE,15223-1303,USA,02**3032,Cigarette/OTP Retail,2027-02-28,917 BUTLER ST,PITTSBURGH,PA,-79.94968,40.51187,GLENSHAW SHOP N SAVE,917 BUTLER ST,15223,917 BUTLER ST|15223,GLENSHAW SHOP N SAVE|917 BUTLER ST|15223,917 BUTLER ST,a75ceeb79c,True,False,PITTSBURGH,data.pa.gov,42003426700,False,True
ALLEGHENY,GUL SARDAR M,FA MARKET,15104-2428,USA,02**1020,Cigarette/OTP Retail,2027-02-28,623 JONES AVE,BRADDOCK,PA,-79.86185,40.40412,FA MARKET,623 JONES AVE,15104,623 JONES AVE|15104,FA MARKET|623 JONES AVE|15104,623 JONES AVE,bc8ef8d282,True,False,BRADDOCK,data.pa.gov,42003513000,False,False
ALLEGHENY,AYUVED INC,AYUVED INC,15235-3045,USA,02**7996,Cigarette Retail,2027-02-28,10991 FRANKSTOWN RD,PENN HILLS,PA,-79.8379,40.46644,AYUVED INC,10991 FRANKSTOWN RD,15235,10991 FRANKSTOWN RD|15235,AYUVED INC|10991 FRANKSTOWN RD|15235,10991 FRANKSTOWN RD,e214d11549,True,False,PENN HILLS,data.pa.gov,42003523300,False,False
ALLEGHENY,THE PITT MARKET ON FORBES INC,PITT MARKET ON FORBES INC,15213-3124,USA,02**3365,Cigarette/OTP Retail,2027-02-28,3347 FORBES AVE,PITTSBURGH,PA,-79.96161,40.43856,PITT MARKET ON FORBES INC,3347 FORBES AVE,15213,3347 FORBES AVE|15213,PITT MARKET ON FORBES INC|3347 FORBES AVE|15213,3347 FORBES AVE,0a842b47d2,True,False,PITTSBURGH,data.pa.gov,42003040900,True,True
ALLEGHENY,NIKITUK JACOB W,POUR HOUSE,15101-2248,USA,02**5008,Cigarette Vending,2027-02-28,4655 WILLIAM FLYNN HWY STE 118,ALLISON PARK,PA,-79.94837,40.59195,POUR HOUSE,4655 WILLIAM FLYNN HWY STE 118,15101,4655 WILLIAM FLYNN HWY STE 118|15101,POUR HOUSE|4655 WILLIAM FLYNN HWY STE 118|15101,4655 WILLIAM FLYNN HWY,4a2c5cb9ad,False,True,ALLISON PARK,data.pa.gov,42003414102,False,False
ALLEGHENY,YASH DISTRIBUTOR LLC,YASH DISTRIBUTOR LLC,15213-4131,USA,02**3125,Cigarette/OTP Retail,2027-02-28,402 SEMPLE ST,PITTSBURGH,PA,-79.95487,40.43703,YASH DISTRIBUTOR LLC,402 SEMPLE ST,15213,402 SEMPLE ST|15213,YASH DISTRIBUTOR LLC|402 SEMPLE ST|15213,402 SEMPLE ST,91f3991554,True,False,PITTSBURGH,data.pa.gov,42003040600,True,True
ALLEGHENY,PATTON MICHAEL P,PIT STOP,15032,USA,02**5102,Cigarette Vending,2027-02-28,1798 SAXONBURG BLVD,CURTISVILLE,PA,,,PIT STOP,1798 SAXONBURG BLVD,15032,1798 SAXONBURG BLVD|15032,PIT STOP|1798 SAXONBURG BLVD|15032,1798 SAXONBURG BLVD,d3be3f43bf,False,True,CURTISVILLE,census_geocoder,,False,False
ALLEGHENY,PAR MAR OIL COMPANY,PAR MAR STORE #104,15237-1232,USA,02**8282,Cigarette Retail,2027-02-28,501 LOWRIES RUN RD,PITTSBURGH,PA,-80.05285,40.53424,PAR MAR STORE #104,501 LOWRIES RUN RD,15237,501 LOWRIES RUN RD|15237,PAR MAR STORE #104|501 LOWRIES RUN RD|15237,501 LOWRIES RUN RD,241ea0cdd1,True,False,PITTSBURGH,data.pa.gov,42003429300,False,True
ALLEGHENY,DOLGENCORP LLC,DOLLAR GENERAL STORE #24733,15065,USA,02**9055,Cigarette/OTP Retail,2027-02-28,1250 SR 908,NATRONA HEIGHTS,PA,-79.72901,40.66729,DOLLAR GENERAL STORE #24733,1250 SR 908,15065,1250 SR 908|15065,DOLLAR GENERAL STORE #24733|1250 SR 908|15065,1250 SR 908,a64b024493,True,False,NATRONA HEIGHTS,data.pa.gov,42003406000,False,False
ALLEGHENY,SLF UNITED INC,SLF UNITED INC,15218-2124,USA,02**4917,Cigarette/OTP Retail,2027-02-28,2003 S BRADDOCK AVE,PITTSBURGH,PA,-79.88522,40.42225,SLF UNITED INC,2003 S BRADDOCK AVE,15218,2003 S BRADDOCK AVE|15218,SLF UNITED INC|2003 S BRADDOCK AVE|15218,2003 S BRADDOCK AVE,a777cc9db0,True,False,PITTSBURGH,data.pa.gov,42003515100,False,True
ALLEGHENY,GIANT PENN LLC,GP #902,15206-1032,USA,02**2505,Cigarette/OTP Retail,2027-02-28,7338 BUTLER ST,PITTSBURGH,PA,-79.91987,40.4877,GP #902,7338 BUTLER ST,15206,7338 BUTLER ST|15206,GP #902|7338 BUTLER ST|15206,7338 BUTLER ST,e0f7fba5d6,True,False,PITTSBURGH,data.pa.gov,42003101400,True,True
ALLEGHENY,DKD ENTERPRISES INC,S & S TOBACCO OUTLET,15227-2608,USA,02**6422,OTP Retail,2027-02-28,4034 SAW MILL RUN BLVD,PITTSBURGH,PA,-79.98361,40.36807,S & S TOBACCO OUTLET,4034 SAW MILL RUN BLVD,15227,4034 SAW MILL RUN BLVD|15227,S & S TOBACCO OUTLET|4034 SAW MILL RUN BLVD|15227,4034 SAW MILL RUN BLVD,598c117a4f,True,False,PITTSBURGH,data.pa.gov,42003478100,False,True
ALLEGHENY,WEST MIFFLIN TOBACCO & VAPE CORP,WEST MIFFLIN TOBACCO & VAPE CORP,15122-2317,USA,02**6037,OTP Retail,2027-02-28,1315 HOFFMAN BLVD,WEST MIFFLIN,PA,-79.86946,40.38313,WEST MIFFLIN TOBACCO & VAPE CORP,1315 HOFFMAN BLVD,15122,1315 HOFFMAN BLVD|15122,WEST MIFFLIN TOBACCO & VAPE CORP|1315 HOFFMAN BLVD|15122,1315 HOFFMAN BLVD,7ea2f10e17,True,False,WEST MIFFLIN,data.pa.gov,42003488200,False,False
ALLEGHENY,BELLEVUE COFFEE AND CIGAR COMPANY,BELLEVUE CIGAR,15202-3531,USA,02**3188,OTP Retail,2027-02-28,565 LINCOLN AVE,BELLEVUE,PA,-80.05768,40.4966,BELLEVUE CIGAR,565 LINCOLN AVE,15202,565 LINCOLN AVE|15202,BELLEVUE CIGAR|565 LINCOLN AVE|15202,565 LINCOLN AVE,0ca2b5426a,True,False,BELLEVUE,data.pa.gov,42003431500,False,False
ALLEGHENY,SIDEBAR SUPPLY LLC,TONIDALE,15071-3307,USA,02**4874,Cigarette/OTP Retail,2027-02-28,7001 STEUBENVILLE PIKE,OAKDALE,PA,-80.17142,40.44602,TONIDALE,7001 STEUBENVILLE PIKE,15071,7001 STEUBENVILLE PIKE|15071,TONIDALE|7001 STEUBENVILLE PIKE|15071,7001 STEUBENVILLE PIKE,28bd2e2363,True,False,OAKDALE,data.pa.gov,42003459201,False,False
ALLEGHENY,ADAM VAPES & TOBACCO INC.,ADAM VAPES & TOBACCO INC.,15236-3811,USA,02**0030,OTP Retail,2027-02-28,681 CLAIRTON BLVD STE B,PITTSBURGH,PA,-79.94451,40.32938,ADAM VAPES & TOBACCO INC.,681 CLAIRTON BLVD STE B,15236,681 CLAIRTON BLVD STE B|15236,ADAM VAPES & TOBACCO INC.|681 CLAIRTON BLVD STE B|15236,681 CLAIRTON BLVD,15eb480f21,True,False,PITTSBURGH,data.pa.gov,42003489001,False,True
ALLEGHENY,BLOOM CIGAR CO INC,BLOOM CIGAR CO INC,15203-1131,USA,02**0084,Cigarette Retail,2027-02-28,54 S 12TH ST,PITTSBURGH,PA,-79.98642,40.42899,BLOOM CIGAR CO INC,54 S 12TH ST,15203,54 S 12TH ST|15203,BLOOM CIGAR CO INC|54 S 12TH ST|15203,54 S 12TH ST,74ca89ef11,True,False,PITTSBURGH,data.pa.gov,42003170200,True,True
ALLEGHENY,BELMONT AMUSEMENT COMPANY INC,YESTERDAYS,15207-1051,USA,02**7694,Cigarette Vending,2027-02-28,501 GREENFIELD AVE,PITTSBURGH,PA,-79.94231,40.42555,YESTERDAYS,501 GREENFIELD AVE,15207,501 GREENFIELD AVE|15207,YESTERDAYS|501 GREENFIELD AVE|15207,501 GREENFIELD AVE,5e3567dfbd,False,True,PITTSBURGH,data.pa.gov,42003151600,True,True
ALLEGHENY,FAMILY DOLLAR STORES OF PA LLC,FAMILY DOLLAR #31619,15132-1925,USA,02**1198,Cigarette/OTP Retail,2027-02-28,3215 VERSAILLES AVE,MCKEESPORT,PA,-79.83978,40.34518,FAMILY DOLLAR #31619,3215 VERSAILLES AVE,15132,3215 VERSAILLES AVE|15132,FAMILY DOLLAR #31619|3215 VERSAILLES AVE|15132,3215 VERSAILLES AVE,2f23df53a3,True,False,MCKEESPORT,data.pa.gov,42003551200,False,False
ALLEGHENY,DOLGENCORP LLC,DOLLAR GENERAL STORE 21679,15212-3140,USA,02**1261,Cigarette/OTP Retail,2027-02-28,1930 SPRING GARDEN AVE,PITTSBURGH,PA,-79.98629,40.46961,DOLLAR GENERAL STORE 21679,1930 SPRING GARDEN AVE,15212,1930 SPRING GARDEN AVE|15212,DOLLAR GENERAL STORE 21679|1930 SPRING GARDEN AVE|15212,1930 SPRING GARDEN AVE,058a7b95da,True,False,PITTSBURGH,data.pa.gov,42003241300,True,True
ALLEGHENY,BOYD JR ROBERT A,KNUCKLEHEAD CIGAR COMPANY,15236-2725,USA,02**4796,Cigarette Retail,2027-02-28,448 MACASSAR DR,PITTSBURGH,PA,-79.97592,40.34327,KNUCKLEHEAD CIGAR COMPANY,448 MACASSAR DR,15236,448 MACASSAR DR|15236,KNUCKLEHEAD CIGAR COMPANY|448 MACASSAR DR|15236,448 MACASSAR DR,b56d6b6b41,True,False,PITTSBURGH,data.pa.gov,42003480101,False,True
ALLEGHENY,819 LIBERTY LLC,819 LIBERTY LLC,15222-3703,USA,02**3036,Cigarette/OTP Retail,2027-02-28,819 LIBERTY AVE,PITTSBURGH,PA,-79.99828,40.44286,819 LIBERTY LLC,819 LIBERTY AVE,15222,819 LIBERTY AVE|15222,819 LIBERTY LLC|819 LIBERTY AVE|15222,819 LIBERTY AVE,f65a12cda5,True,False,PITTSBURGH,data.pa.gov,42003020100,True,True
ALLEGHENY,GIANT EAGLE INC,GIANT EAGLE #31,15236,USA,70**3051,Cigarette/OTP Retail,2027-02-28,BAPTIST & GROVE RD,PITTSBURGH,PA,-80.0006,40.35756,GIANT EAGLE #31,BAPTIST & GROVE RD,15236,BAPTIST & GROVE RD|15236,GIANT EAGLE #31|BAPTIST & GROVE RD|15236,BAPTIST & GROVE RD,381b442ccf,True,False,PITTSBURGH,data.pa.gov,42003477100,False,True
ALLEGHENY,VBD VENDING LLC,MARIOS SOUTHSIDE SALOON,15203-1702,USA,02**0016,OTP Vending,2027-02-28,1514 E CARSON ST,PITTSBURGH,PA,-79.98293,40.42886,MARIOS SOUTHSIDE SALOON,1514 E CARSON ST,15203,1514 E CARSON ST|15203,MARIOS SOUTHSIDE SALOON|1514 E CARSON ST|15203,1514 E CARSON ST,4225e835a3,False,True,PITTSBURGH,data.pa.gov,42003170200,True,True
ALLEGHENY,S A CONVENIENCE INC,THE ORIGINAL HOTSPOT,15045-1607,USA,02**2477,Cigarette/OTP Retail,2027-02-28,601 MONONGAHELA AVE,GLASSPORT,PA,-79.89248,40.32586,THE ORIGINAL HOTSPOT,601 MONONGAHELA AVE,15045,601 MONONGAHELA AVE|15045,THE ORIGINAL HOTSPOT|601 MONONGAHELA AVE|15045,601 MONONGAHELA AVE,3e3840f940,True,False,GLASSPORT,data.pa.gov,42003499400,False,False
ALLEGHENY,GIANT EAGLE INC,GIANT EAGLE 76,15146-1835,USA,70**3043,Cigarette/OTP Retail,2027-02-28,4685 OLD WILLIAM PENN HWY,MONROEVILLE,PA,-79.74304,40.44089,GIANT EAGLE 76,4685 OLD WILLIAM PENN HWY,15146,4685 OLD WILLIAM PENN HWY|15146,GIANT EAGLE 76|4685 OLD WILLIAM PENN HWY|15146,4685 OLD WILLIAM PENN HWY,964d77f128,True,False,MONROEVILLE,data.pa.gov,42003521500,False,False
ALLEGHENY,GETGO OPERATING LLC,GETGO #3021,15237-3517,USA,02**1613,Cigarette/OTP Retail,2027-02-28,7675 MCKNIGHT RD,PITTSBURGH,PA,-80.01671,40.54546,GETGO #3021,7675 MCKNIGHT RD,15237,7675 MCKNIGHT RD|15237,GETGO #3021|7675 MCKNIGHT RD|15237,7675 MCKNIGHT RD,6672572f63,True,False,PITTSBURGH,data.pa.gov,42003429500,False,True
ALLEGHENY,PASHUPATI LLC,PASHUPATI LLC,15136-3245,USA,02**0354,Cigarette Retail,2027-02-28,721 ISLAND AVE,MC KEES ROCKS,PA,-80.06258,40.47327,PASHUPATI LLC,721 ISLAND AVE,15136,721 ISLAND AVE|15136,PASHUPATI LLC|721 ISLAND AVE|15136,721 ISLAND AVE,94b823da27,True,False,MC KEES ROCKS,data.pa.gov,42003464400,False,False
ALLEGHENY,SYED & SINGH LLC,HAZELWOOD FOOD MART,15207-1530,USA,02**4735,Cigarette/OTP Retail,2027-02-28,4563 IRVINE ST,PITTSBURGH,PA,-79.94625,40.41509,HAZELWOOD FOOD MART,4563 IRVINE ST,15207,4563 IRVINE ST|15207,HAZELWOOD FOOD MART|4563 IRVINE ST|15207,4563 IRVINE ST,e8074cef89,True,False,PITTSBURGH,data.pa.gov,42003562901,True,True
ALLEGHENY,SHEETZ INC,SHEETZ #123,15044-9646,USA,70**7117,Cigarette/OTP Retail,2027-02-28,5300 WILLIAM FLYNN HWY,GIBSONIA,PA,-79.94656,40.61421,SHEETZ #123,5300 WILLIAM FLYNN HWY,15044,5300 WILLIAM FLYNN HWY|15044,SHEETZ #123|5300 WILLIAM FLYNN HWY|15044,5300 WILLIAM FLYNN HWY,0e321bb980,True,False,GIBSONIA,data.pa.gov,42003414101,False,False
ALLEGHENY,HIGH CLOUDS CORP,HIGH CLOUDS CORP,15101-1424,USA,02**7154,Cigarette/OTP Retail,2027-02-28,4485 WILLIAM FLYNN HWY,ALLISON PARK,PA,-79.95073,40.58475,HIGH CLOUDS CORP,4485 WILLIAM FLYNN HWY,15101,4485 WILLIAM FLYNN HWY|15101,HIGH CLOUDS CORP|4485 WILLIAM FLYNN HWY|15101,4485 WILLIAM FLYNN HWY,bf19554845,True,False,ALLISON PARK,data.pa.gov,42003414101,False,False
ALLEGHENY,CENTER INDEPENDENT OIL STORES LLC,CIO STORES LLC - RT 88 #11,15234-2232,USA,02**2427,Cigarette/OTP Retail,2027-02-28,3739 LIBRARY RD,CASTLE SHANNON,PA,-80.02077,40.36451,CIO STORES LLC - RT 88 #11,3739 LIBRARY RD,15234,3739 LIBRARY RD|15234,CIO STORES LLC - RT 88 #11|3739 LIBRARY RD|15234,3739 LIBRARY RD,b98e0d07e0,True,False,CASTLE SHANNON,data.pa.gov,42003476200,False,False
ALLEGHENY,GOLDEN MOON HAIR & BEAUTY INC,GOLDEN MOON HAIR & BEAUTY,15233-1407,USA,02**4933,Cigarette/OTP Retail,2027-02-28,802 PENNSYLVANIA AVE,PITTSBURGH,PA,-80.01573,40.45624,GOLDEN MOON HAIR & BEAUTY,802 PENNSYLVANIA AVE,15233,802 PENNSYLVANIA AVE|15233,GOLDEN MOON HAIR & BEAUTY|802 PENNSYLVANIA AVE|15233,802 PENNSYLVANIA AVE,14e2f48881,True,False,PITTSBURGH,data.pa.gov,42003565200,True,True
ALLEGHENY,DOLGENCORP LLC,DOLLAR GENERAL # 15559,15213-1714,USA,02**8554,Cigarette/OTP Retail,2027-02-28,4725 CENTRE AVE,PITTSBURGH,PA,-79.94901,40.45316,DOLLAR GENERAL # 15559,4725 CENTRE AVE,15213,4725 CENTRE AVE|15213,DOLLAR GENERAL # 15559|4725 CENTRE AVE|15213,4725 CENTRE AVE,b76b4687f4,True,False,PITTSBURGH,data.pa.gov,42003080400,True,True
ALLEGHENY,CITY COIN MACHINE SERVICE INC,CITY COIN MACHINE SERVICE INC,15017-1959,USA,02**8553,Cigarette Wholesaler,2027-02-28,258 MURRAY AVE,BRIDGEVILLE,PA,-80.11356,40.36072,CITY COIN MACHINE SERVICE INC,258 MURRAY AVE,15017,258 MURRAY AVE|15017,CITY COIN MACHINE SERVICE INC|258 MURRAY AVE|15017,258 MURRAY AVE,ab30a65d60,False,True,BRIDGEVILLE,data.pa.gov,42003457100,False,False
ALLEGHENY,LAXMI NARAYANA CORPORATION,LNC #15 MCKEES ROCKS,15136-4009,USA,02**2690,Cigarette/OTP Retail,2027-02-28,137 CLEVER RD,MC KEES ROCKS,PA,-80.10054,40.46987,LNC #15 MCKEES ROCKS,137 CLEVER RD,15136,137 CLEVER RD|15136,LNC #15 MCKEES ROCKS|137 CLEVER RD|15136,137 CLEVER RD,f3f1caf11f,True,False,MC KEES ROCKS,data.pa.gov,42003460002,False,False
ALLEGHENY,USGAS INC,USGAS INC,15202-3848,USA,02**6031,Cigarette/OTP Retail,2027-02-28,4215 OHIO RIVER BLVD,PITTSBURGH,PA,-80.05616,40.48735,USGAS INC,4215 OHIO RIVER BLVD,15202,4215 OHIO RIVER BLVD|15202,USGAS INC|4215 OHIO RIVER BLVD|15202,4215 OHIO RIVER BLVD,a9185c811d,True,False,PITTSBURGH,data.pa.gov,42003431100,False,True
ALLEGHENY,BASHIR NUMAN,ONE STOP,15213-4305,USA,02**5622,Cigarette Retail,2027-02-28,3601 BLVD OF THE ALLIES,PITTSBURGH,PA,-79.95434,40.43455,ONE STOP,3601 BLVD OF THE ALLIES,15213,3601 BLVD OF THE ALLIES|15213,ONE STOP|3601 BLVD OF THE ALLIES|15213,3601 BLVD OF THE ALLIES,41cbccf648,True,False,PITTSBURGH,data.pa.gov,42003040900,True,True
ALLEGHENY,S & S CANDY & CIGAR COMPANY INC,S & S CANDY & CIGAR CO INC,15203-1901,USA,02**0125,Cigarette Stamping Agent,2027-02-28,2025 E CARSON ST,PITTSBURGH,PA,-79.97651,40.42853,S & S CANDY & CIGAR CO INC,2025 E CARSON ST,15203,2025 E CARSON ST|15203,S & S CANDY & CIGAR CO INC|2025 E CARSON ST|15203,2025 E CARSON ST,4a3c50fa9a,False,True,PITTSBURGH,data.pa.gov,42003170200,True,True
ALLEGHENY,DOLGENCORP LLC,DOLLAR GENERAL STORE #8740,15146-4745,USA,02**6365,Cigarette/OTP Retail,2027-02-28,4500 BROADWAY BLVD,MONROEVILLE,PA,-79.76706,40.39081,DOLLAR GENERAL STORE #8740,4500 BROADWAY BLVD,15146,4500 BROADWAY BLVD|15146,DOLLAR GENERAL STORE #8740|4500 BROADWAY BLVD|15146,4500 BROADWAY BLVD,a8fb086618,True,False,MONROEVILLE,data.pa.gov,42003521301,False,False
ALLEGHENY,HAPPY SMOKE MT LEBANON LLC,HAPPY SMOKE MT LEBANON LLC,15234-1527,USA,02**3927,Cigarette/OTP Retail,2027-02-28,325 MOUNT LEBANON BLVD,PITTSBURGH,PA,-80.03497,40.36935,HAPPY SMOKE MT LEBANON LLC,325 MOUNT LEBANON BLVD,15234,325 MOUNT LEBANON BLVD|15234,HAPPY SMOKE MT LEBANON LLC|325 MOUNT LEBANON BLVD|15234,325 MOUNT LEBANON BLVD,5c61b787a2,True,False,PITTSBURGH,data.pa.gov,42003476100,False,True
ALLEGHENY,SVS DESI BAZAR LLC,SVS DESI BAZAR LLC,15205-4868,USA,02**2761,Cigarette/OTP Retail,2027-02-28,6521 ROBINSON CENTER DR,PITTSBURGH,PA,-80.16171,40.4554,SVS DESI BAZAR LLC,6521 ROBINSON CENTER DR,15205,6521 ROBINSON CENTER DR|15205,SVS DESI BAZAR LLC|6521 ROBINSON CENTER DR|15205,6521 ROBINSON CENTER DR,c9d52ce0b6,True,False,PITTSBURGH,data.pa.gov,42003459201,False,True
ALLEGHENY,BRIGHTON BEVERAGES LLC,BRIGHTON BEVERAGES LLC DBA BRIGHTON,15212-1670,USA,02**0378,Cigarette/OTP Retail,2027-02-28,3873 BRIGHTON RD,PITTSBURGH,PA,-80.0368,40.48655,BRIGHTON BEVERAGES LLC DBA BRIGHTON,3873 BRIGHTON RD,15212,3873 BRIGHTON RD|15212,BRIGHTON BEVERAGES LLC DBA BRIGHTON|3873 BRIGHTON RD|15212,3873 BRIGHTON RD,52d9b8a6d8,True,False,PITTSBURGH,data.pa.gov,42003270100,True,True
ALLEGHENY,ARSENAL BEER LLC,ARSENAL BEER,15201-3122,USA,02**3132,OTP Retail,2027-02-28,4104 BUTLER ST,PITTSBURGH,PA,-79.96116,40.46961,ARSENAL BEER,4104 BUTLER ST,15201,4104 BUTLER ST|15201,ARSENAL BEER|4104 BUTLER ST|15201,4104 BUTLER ST,6736fc1051,True,False,PITTSBURGH,data.pa.gov,42003090100,True,True
ALLEGHENY,NIKITUK JACOB W,VFW CARNEGIE,15106-2364,USA,02**5008,Cigarette Vending,2027-02-28,370 LOGAN ST,CARNEGIE,PA,-80.09254,40.40457,VFW CARNEGIE,370 LOGAN ST,15106,370 LOGAN ST|15106,VFW CARNEGIE|370 LOGAN ST|15106,370 LOGAN ST,185de2eb71,False,True,CARNEGIE,data.pa.gov,42003468800,False,False
ALLEGHENY,PINKYS VENDING INC,LUCKY FRANKS IRISH PUB,15104-1434,USA,02**7775,Cigarette Vending,2027-02-28,312 BRADDOCK AVE,BRADDOCK,PA,-79.87202,40.40534,LUCKY FRANKS IRISH PUB,312 BRADDOCK AVE,15104,312 BRADDOCK AVE|15104,LUCKY FRANKS IRISH PUB|312 BRADDOCK AVE|15104,312 BRADDOCK AVE,b0802615a1,False,True,BRADDOCK,data.pa.gov,42003513800,False,False
ALLEGHENY,EXOTIC PUFF SMOKE SHOP INC,EXOTIC PUFF SMOKE SHOP INC,15222-2204,USA,02**0307,Cigarette/OTP Retail,2027-02-28,116 SMITHFIELD ST,PITTSBURGH,PA,-80.0003,40.43766,EXOTIC PUFF SMOKE SHOP INC,116 SMITHFIELD ST,15222,116 SMITHFIELD ST|15222,EXOTIC PUFF SMOKE SHOP INC|116 SMITHFIELD ST|15222,116 SMITHFIELD ST,a2c8408bd5,True,False,PITTSBURGH,data.pa.gov,42003020100,True,True
ALLEGHENY,ZEE1 LLC,ZEE1 LLC,15025-2254,USA,02**9779,Cigarette/OTP Retail,2027-02-28,551 N STATE ST,CLAIRTON,PA,-79.89109,40.30945,ZEE1 LLC,551 N STATE ST,15025,551 N STATE ST|15025,ZEE1 LLC|551 N STATE ST|15025,551 N STATE ST,956d75a26b,True,False,CLAIRTON,data.pa.gov,42003492700,False,False
ALLEGHENY,SHIV PETROLEUM INC,SHIV PETROLEUM INC,15037-2051,USA,02**1296,Cigarette/OTP Retail,2027-02-28,314 SCENERY DR,ELIZABETH,PA,-79.83718,40.27805,SHIV PETROLEUM INC,314 SCENERY DR,15037,314 SCENERY DR|15037,SHIV PETROLEUM INC|314 SCENERY DR|15037,314 SCENERY DR,337448d6fa,True,False,ELIZABETH,data.pa.gov,42003496101,False,False
ALLEGHENY,DOLGENCORP LLC,DOLLAR GENERAL #19485,15044-5042,USA,02**7319,Cigarette Retail,2027-02-28,289 OAK RD # 19485,GIBSONIA,PA,-79.88809,40.6302,DOLLAR GENERAL #19485,289 OAK RD # 19485,15044,289 OAK RD # 19485|15044,DOLLAR GENERAL #19485|289 OAK RD # 19485|15044,289 OAK RD 19485,02f78965d5,True,False,GIBSONIA,data.pa.gov,42003407001,False,False
ALLEGHENY,COOL VAPES LLC,COOL VAPES LLC,15237-3501,USA,02**5334,OTP Retail,2027-02-28,7206 MCKNIGHT RD,PITTSBURGH,PA,-80.0105,40.5352,COOL VAPES LLC,7206 MCKNIGHT RD,15237,7206 MCKNIGHT RD|15237,COOL VAPES LLC|7206 MCKNIGHT RD|15237,7206 MCKNIGHT RD,5f07bd94ca,True,False,PITTSBURGH,data.pa.gov,42003429201,False,True
ALLEGHENY,GK FOODMART INC,GK FOODMART INC,15132-3945,USA,02**3697,OTP Retail,2027-02-28,1026 WALNUT ST,MCKEESPORT,PA,-79.86371,40.34537,GK FOODMART INC,1026 WALNUT ST,15132,1026 WALNUT ST|15132,GK FOODMART INC|1026 WALNUT ST|15132,1026 WALNUT ST,959369e97d,True,False,MCKEESPORT,data.pa.gov,42003552100,False,False
ALLEGHENY,HARTMAN MUSIC INC,CRAFTY JACKELOPE,15017,USA,02**7708,Cigarette Vending,2027-02-28,126 MIDDLE WAY,BRIDGEVILLE,PA,,,CRAFTY JACKELOPE,126 MIDDLE WAY,15017,126 MIDDLE WAY|15017,CRAFTY JACKELOPE|126 MIDDLE WAY|15017,126 MIDDLE WAY,101cac3dbf,False,True,BRIDGEVILLE,census_geocoder,,False,False
ALLEGHENY,NIKITUK JACOB W,BLONDIES BAR,15136-3607,USA,02**5008,Cigarette Vending,2027-02-28,1035 CHARTIERS AVE,MC KEES ROCKS,PA,-80.06789,40.46503,BLONDIES BAR,1035 CHARTIERS AVE,15136,1035 CHARTIERS AVE|15136,BLONDIES BAR|1035 CHARTIERS AVE|15136,1035 CHARTIERS AVE,1a98dbf0c8,False,True,MC KEES ROCKS,data.pa.gov,42003463900,False,False
ALLEGHENY,CARPENTIERI NOVELTIES - PA INC.,WILD SIDE SMOKE SHOP,15213-1556,USA,02**5199,Cigarette Retail,2027-02-28,4634 CENTRE AVE,PITTSBURGH,PA,-79.95068,40.45229,WILD SIDE SMOKE SHOP,4634 CENTRE AVE,15213,4634 CENTRE AVE|15213,WILD SIDE SMOKE SHOP|4634 CENTRE AVE|15213,4634 CENTRE AVE,a2b76cf8b1,True,False,PITTSBURGH,data.pa.gov,42003562000,True,True
ALLEGHENY,CLOUD 9 SMOKE SHOP 2 LLC,STORE FRONT,15137-1667,USA,02**3144,Cigarette/OTP Retail,2027-02-28,1734 GREENSBURG AVE,NORTH VERSAILLES,PA,-79.82165,40.38687,STORE FRONT,1734 GREENSBURG AVE,15137,1734 GREENSBURG AVE|15137,STORE FRONT|1734 GREENSBURG AVE|15137,1734 GREENSBURG AVE,a65de882a0,True,False,NORTH VERSAILLES,data.pa.gov,42003504100,False,False
ALLEGHENY,PAKALULU INC,PAKALULU INC,15221-2815,USA,02**1949,Cigarette/OTP Retail,2027-02-28,619 SOUTH AVE,WILKINSBURG,PA,-79.8861,40.44223,PAKALULU INC,619 SOUTH AVE,15221,619 SOUTH AVE|15221,PAKALULU INC|619 SOUTH AVE|15221,619 S AVE,974208d450,True,False,WILKINSBURG,data.pa.gov,42003564700,False,False
ALLEGHENY,WALMART STORES EAST LP,WAL MART STORE #5040,15106-3750,USA,70**8116,Cigarette/OTP Retail,2027-02-28,2200 WASHINGTON PIKE,CARNEGIE,PA,-80.09558,40.38672,WAL MART STORE #5040,2200 WASHINGTON PIKE,15106,2200 WASHINGTON PIKE|15106,WAL MART STORE #5040|2200 WASHINGTON PIKE|15106,2200 WASHINGTON PIKE,f17a62e315,True,False,CARNEGIE,data.pa.gov,42003470300,False,False
ALLEGHENY,MAURIBLOCKX LLC,MAURIBLOCKX LLC,15218-2468,USA,02**1434,Cigarette Retail,2027-02-28,1908 MONONGAHELA AVE,PITTSBURGH,PA,-79.8902,40.42161,MAURIBLOCKX LLC,1908 MONONGAHELA AVE,15218,1908 MONONGAHELA AVE|15218,MAURIBLOCKX LLC|1908 MONONGAHELA AVE|15218,1908 MONONGAHELA AVE,d4bdcce9a0,True,False,PITTSBURGH,data.pa.gov,42003515300,False,True
ALLEGHENY,LATHIA INVESTMENTS LLC,ELLIOTTS TOWN MARKET,15220-5616,USA,02**1651,Cigarette/OTP Retail,2027-02-28,928 CHARTIERS AVE,PITTSBURGH,PA,-80.04051,40.44385,ELLIOTTS TOWN MARKET,928 CHARTIERS AVE,15220,928 CHARTIERS AVE|15220,ELLIOTTS TOWN MARKET|928 CHARTIERS AVE|15220,928 CHARTIERS AVE,b29086fd94,True,False,PITTSBURGH,data.pa.gov,42003562600,True,True
ALLEGHENY,GETGO OPERATING LLC,GETGO #3399,15146-1431,USA,02**1707,Cigarette/OTP Retail,2027-02-28,317 OLD HAYMAKER RD,MONROEVILLE,PA,-79.75946,40.44529,GETGO #3399,317 OLD HAYMAKER RD,15146,317 OLD HAYMAKER RD|15146,GETGO #3399|317 OLD HAYMAKER RD|15146,317 OLD HAYMAKER RD,db0c42b7fc,True,False,MONROEVILLE,data.pa.gov,42003521500,False,False
ALLEGHENY,FAMILY DOLLAR STORES OF PA LLC,FAMILY DOLLAR #25250,15203-1931,USA,02**4014,Cigarette/OTP Retail,2027-02-28,2020 WHARTON ST,PITTSBURGH,PA,-79.97679,40.43037,FAMILY DOLLAR #25250,2020 WHARTON ST,15203,2020 WHARTON ST|15203,FAMILY DOLLAR #25250|2020 WHARTON ST|15203,2020 WHARTON ST,3b780d1653,True,False,PITTSBURGH,data.pa.gov,42003170200,True,True
ALLEGHENY,OCTOPUS INK VAPOR LLC,OCTOPUS INK VAPOR LLC,15065-2513,USA,02**8849,OTP Retail,2027-02-28,2614 FREEPORT RD,NATRONA HEIGHTS,PA,-79.71348,40.6342,OCTOPUS INK VAPOR LLC,2614 FREEPORT RD,15065,2614 FREEPORT RD|15065,OCTOPUS INK VAPOR LLC|2614 FREEPORT RD|15065,2614 FREEPORT RD,6b3dc20983,True,False,NATRONA HEIGHTS,data.pa.gov,42003401100,False,False
ALLEGHENY,SGK VENDING LLC,CONTROVERSY,15219-1039,USA,02**2478,OTP Vending,2027-02-28,1635 W CARSON ST,PITTSBURGH,PA,-80.02338,40.44233,CONTROVERSY,1635 W CARSON ST,15219,1635 W CARSON ST|15219,CONTROVERSY|1635 W CARSON ST|15219,1635 W CARSON ST,2f18c45326,False,True,PITTSBURGH,data.pa.gov,42003980700,True,True
ALLEGHENY,DHILLON MART INC,DHILLON MART INC,15135-3332,USA,02**0061,Cigarette/OTP Retail,2027-02-28,1 DUNCAN STATION RD,MCKEESPORT,PA,-79.81737,40.29312,DHILLON MART INC,1 DUNCAN STATION RD,15135,1 DUNCAN STATION RD|15135,DHILLON MART INC|1 DUNCAN STATION RD|15135,1 DUNCAN STATION RD,81f5eced53,True,False,MCKEESPORT,data.pa.gov,42003496200,False,False
ALLEGHENY,MOMBA PHARMACY SERVICES LLC,MOMBA PHARMACY SERVICES LLC,15212-3711,USA,02**2168,OTP Retail,2027-02-28,1435 SPRING GARDEN AVE,PITTSBURGH,PA,-79.98691,40.46269,MOMBA PHARMACY SERVICES LLC,1435 SPRING GARDEN AVE,15212,1435 SPRING GARDEN AVE|15212,MOMBA PHARMACY SERVICES LLC|1435 SPRING GARDEN AVE|15212,1435 SPRING GARDEN AVE,7f4ef8a566,True,False,PITTSBURGH,data.pa.gov,42003241300,True,True
ALLEGHENY,PETERS JOSEPH C,EDDIES,15148,USA,65**7908,Cigarette Vending,2027-02-28,WALL AVENUE,WALL,PA,,,EDDIES,WALL AVENUE,15148,WALL AVENUE|15148,EDDIES|WALL AVENUE|15148,WALL AVE,4b39ecc696,False,True,WALL,census_geocoder,,False,False
ALLEGHENY,VVS WHOLESALE LLC,CHAMPIONS BAR,15227-2716,USA,02**4609,OTP Vending,2027-02-28,3344 SAW MILL RUN BLVD,PITTSBURGH,PA,-79.98269,40.37465,CHAMPIONS BAR,3344 SAW MILL RUN BLVD,15227,3344 SAW MILL RUN BLVD|15227,CHAMPIONS BAR|3344 SAW MILL RUN BLVD|15227,3344 SAW MILL RUN BLVD,101c1b8fd1,False,True,PITTSBURGH,data.pa.gov,42003478100,False,True
ALLEGHENY,SAVE N GO BEER LLC,BEER ON 8,15044-9516,USA,02**9852,Cigarette/OTP Retail,2027-02-28,5610 WILLIAM FLYNN HWY,GIBSONIA,PA,-79.93918,40.63552,BEER ON 8,5610 WILLIAM FLYNN HWY,15044,5610 WILLIAM FLYNN HWY|15044,BEER ON 8|5610 WILLIAM FLYNN HWY|15044,5610 WILLIAM FLYNN HWY,ab258d137a,True,False,GIBSONIA,data.pa.gov,42003408001,False,False
ALLEGHENY,PINKYS VENDING INC,AMERICAN LEGION,15045-1422,USA,02**7775,Cigarette Vending,2027-02-28,417 MONONGAHELA AVE,GLASSPORT,PA,-79.89251,40.32846,AMERICAN LEGION,417 MONONGAHELA AVE,15045,417 MONONGAHELA AVE|15045,AMERICAN LEGION|417 MONONGAHELA AVE|15045,417 MONONGAHELA AVE,b974ea7979,False,True,GLASSPORT,data.pa.gov,42003499400,False,False
ALLEGHENY,FRANKLIN SQUARE LP,KUHN S MARKET,15237-3423,USA,02**5010,Cigarette/OTP Retail,2027-02-28,4801 MCKNIGHT RD,PITTSBURGH,PA,-80.00612,40.52583,KUHN S MARKET,4801 MCKNIGHT RD,15237,4801 MCKNIGHT RD|15237,KUHN S MARKET|4801 MCKNIGHT RD|15237,4801 MCKNIGHT RD,0aa18532b7,True,False,PITTSBURGH,data.pa.gov,42003429500,False,True
ALLEGHENY,GLS MINIMART INC,GLS MINIMART INC,15236-3826,USA,02**7635,Cigarette Retail,2027-02-28,104 CLAIRTON BLVD,PITTSBURGH,PA,-79.96002,40.33894,GLS MINIMART INC,104 CLAIRTON BLVD,15236,104 CLAIRTON BLVD|15236,GLS MINIMART INC|104 CLAIRTON BLVD|15236,104 CLAIRTON BLVD,8dca62c888,True,False,PITTSBURGH,data.pa.gov,42003489001,False,True
ALLEGHENY,ARAMA L.L.C,OG'S MINI MART,15140-1342,USA,02**2573,Cigarette Retail,2027-02-28,378 BROADWAY,PITCAIRN,PA,-79.78031,40.40136,OG'S MINI MART,378 BROADWAY,15140,378 BROADWAY|15140,OG'S MINI MART|378 BROADWAY|15140,378 BROADWAY,a9d482f745,True,False,PITCAIRN,data.pa.gov,42003522000,False,False
ALLEGHENY,THREE STARS ENTERPRISE,SMOKE N VAPE,15205-4831,USA,02**3220,Cigarette/OTP Retail,2027-02-28,100 ROBINSON CENTER DR SPC 1370,PITTSBURGH,PA,-80.155,40.45563,SMOKE N VAPE,100 ROBINSON CENTER DR SPC 1370,15205,100 ROBINSON CENTER DR SPC 1370|15205,SMOKE N VAPE|100 ROBINSON CENTER DR SPC 1370|15205,100 ROBINSON CENTER DR SPC 1370,350fa0edef,True,False,PITTSBURGH,data.pa.gov,42003459201,False,True
ALLEGHENY,KAY UNITED INC,KAY UNITED LLC ( HOME TOWN MART ),15025-1765,USA,02**1783,Cigarette/OTP Retail,2027-02-28,570 MILLER AVE,CLAIRTON,PA,-79.88335,40.29277,KAY UNITED LLC ( HOME TOWN MART ),570 MILLER AVE,15025,570 MILLER AVE|15025,KAY UNITED LLC ( HOME TOWN MART )|570 MILLER AVE|15025,570 MILLER AVE,81e035785a,True,False,CLAIRTON,data.pa.gov,42003492800,False,False
ALLEGHENY,KNORRS AUTOMOTIVE SERVICE INC,KNORRS AUTOMOTIVE,15106-2433,USA,02**1387,Cigarette/OTP Retail,2027-02-28,208 MANSFIELD BLVD,CARNEGIE,PA,-80.08601,40.40902,KNORRS AUTOMOTIVE,208 MANSFIELD BLVD,15106,208 MANSFIELD BLVD|15106,KNORRS AUTOMOTIVE|208 MANSFIELD BLVD|15106,208 MANSFIELD BLVD,d97213b5af,True,False,CARNEGIE,data.pa.gov,42003468700,False,False
ALLEGHENY,ACME VENDING INC,ACME VENDING INC,15215-2712,USA,02**1359,Cigarette Wholesaler,2027-02-28,1843 MAIN ST,PITTSBURGH,PA,-79.91977,40.49434,ACME VENDING INC,1843 MAIN ST,15215,1843 MAIN ST|15215,ACME VENDING INC|1843 MAIN ST|15215,1843 MAIN ST,c955f5f033,False,True,PITTSBURGH,data.pa.gov,42003424000,False,True
ALLEGHENY,MIDNIGHT MARKET VENDING LLC,UGLY DOG SALOON,15205-4138,USA,02**4833,Cigarette Vending,2027-02-28,2351 NOBLESTOWN RD STE 1,PITTSBURGH,PA,-80.05542,40.42691,UGLY DOG SALOON,2351 NOBLESTOWN RD STE 1,15205,2351 NOBLESTOWN RD STE 1|15205,UGLY DOG SALOON|2351 NOBLESTOWN RD STE 1|15205,2351 NOBLESTOWN RD,03a8c8796d,False,True,PITTSBURGH,data.pa.gov,42003469000,False,True
ALLEGHENY,SG MANAGEMENT SERVICES LLC,MOON BP,15108-4223,USA,02**7851,Cigarette/OTP Retail,2027-02-28,9411 UNIVERSITY BLVD,CORAOPOLIS,PA,-80.22177,40.50209,MOON BP,9411 UNIVERSITY BLVD,15108,9411 UNIVERSITY BLVD|15108,MOON BP|9411 UNIVERSITY BLVD|15108,9411 UNIVERSITY BLVD,7c0f7d0a7c,True,False,CORAOPOLIS,data.pa.gov,42003451105,False,False
ALLEGHENY,RSIM FOODS CORPORATION,FRANKLIN,15221-3034,USA,02**3005,OTP Retail,2027-02-28,1105 FRANKLIN AVE,PITTSBURGH,PA,-79.8789,40.43892,FRANKLIN,1105 FRANKLIN AVE,15221,1105 FRANKLIN AVE|15221,FRANKLIN|1105 FRANKLIN AVE|15221,1105 FRANKLIN AVE,029f06aaf7,True,False,PITTSBURGH,data.pa.gov,42003564700,False,True
ALLEGHENY,ROADSIDE DISTRIBUTORS INC,ROADSIDE DISTRIBUTORS INC,15223-2005,USA,02**3486,Cigarette Retail,2027-02-28,188 BUTLER ST,PITTSBURGH,PA,-79.94833,40.49336,ROADSIDE DISTRIBUTORS INC,188 BUTLER ST,15223,188 BUTLER ST|15223,ROADSIDE DISTRIBUTORS INC|188 BUTLER ST|15223,188 BUTLER ST,25131741ec,True,False,PITTSBURGH,data.pa.gov,42003425000,False,True
ALLEGHENY,COMMUNITY SUPER MARKET,COMMUNITY SUPER MARKET INC,15147-3716,USA,02**1050,Cigarette/OTP Retail,2027-02-28,1117 MILLTOWN RD,VERONA,PA,-79.79077,40.49877,COMMUNITY SUPER MARKET INC,1117 MILLTOWN RD,15147,1117 MILLTOWN RD|15147,COMMUNITY SUPER MARKET INC|1117 MILLTOWN RD|15147,1117 MILLTOWN RD,ff23d8d424,True,False,VERONA,data.pa.gov,42003523702,False,False
ALLEGHENY,UMSTOTT INC,7 ELEVEN STORE 36140B,15233-2023,USA,70**2051,Cigarette/OTP Retail,2027-02-28,1001 WESTERN AVE,PITTSBURGH,PA,-80.01934,40.45114,7 ELEVEN STORE 36140B,1001 WESTERN AVE,15233,1001 WESTERN AVE|15233,7 ELEVEN STORE 36140B|1001 WESTERN AVE|15233,1001 WESTERN AVE,c9a65ffc5a,True,False,PITTSBURGH,data.pa.gov,42003980600,True,True
ALLEGHENY,GETGO OPERATING LLC,GETGO #3117,15203-1829,USA,02**1644,Cigarette/OTP Retail,2027-02-28,117 S 18TH ST,PITTSBURGH,PA,-79.98066,40.42756,GETGO #3117,117 S 18TH ST,15203,117 S 18TH ST|15203,GETGO #3117|117 S 18TH ST|15203,117 S 18TH ST,4acf20113b,True,False,PITTSBURGH,data.pa.gov,42003170200,True,True
ALLEGHENY,DOLGENCORP LLC,DOLLAR GENERAL #19273,15132-7259,USA,02**4687,OTP Retail,2027-02-28,3600 WALNUT ST,MCKEESPORT,PA,-79.84089,40.32738,DOLLAR GENERAL #19273,3600 WALNUT ST,15132,3600 WALNUT ST|15132,DOLLAR GENERAL #19273|3600 WALNUT ST|15132,3600 WALNUT ST,4d37ca2699,True,False,MCKEESPORT,data.pa.gov,42003552400,False,False
ALLEGHENY,FAMILY DOLLAR STORES OF PA LLC,FAMILY DOLLAR #32168,15210-4206,USA,02**7344,Cigarette Retail,2027-02-28,2116 BROWNSVILLE RD,PITTSBURGH,PA,-79.98658,40.39266,FAMILY DOLLAR #32168,2116 BROWNSVILLE RD,15210,2116 BROWNSVILLE RD|15210,FAMILY DOLLAR #32168|2116 BROWNSVILLE RD|15210,2116 BROWNSVILLE RD,7a802670b4,True,False,PITTSBURGH,data.pa.gov,42003290100,True,True
ALLEGHENY,MDWORLD INC,7-ELEVEN STORE #36128B,15236-3530,USA,02**0955,Cigarette/OTP Retail,2027-02-28,6403 BROWNSVILLE RD,PITTSBURGH,PA,-79.9952,40.32194,7-ELEVEN STORE #36128B,6403 BROWNSVILLE RD,15236,6403 BROWNSVILLE RD|15236,7-ELEVEN STORE #36128B|6403 BROWNSVILLE RD|15236,6403 BROWNSVILLE RD,f75d45289a,True,False,PITTSBURGH,data.pa.gov,42003490003,False,True
ALLEGHENY,PARTH OIL CORPORATION,PARTH OIL CORPORATION,15235-3337,USA,02**5366,Cigarette Retail,2027-02-28,214 RODI RD,PITTSBURGH,PA,-79.82429,40.46299,PARTH OIL CORPORATION,214 RODI RD,15235,214 RODI RD|15235,PARTH OIL CORPORATION|214 RODI RD|15235,214 RODI RD,72d4207738,True,False,PITTSBURGH,data.pa.gov,42003523400,False,True
ALLEGHENY,STOP & GO TOBACCO LLC,STOP & GO TOBACCO LLC,15102-4025,USA,02**2451,Cigarette/OTP Retail,2027-02-28,6284 LIBRARY RD,BETHEL PARK,PA,-80.03032,40.29262,STOP & GO TOBACCO LLC,6284 LIBRARY RD,15102,6284 LIBRARY RD|15102,STOP & GO TOBACCO LLC|6284 LIBRARY RD|15102,6284 LIBRARY RD,ca49585813,True,False,BETHEL PARK,data.pa.gov,42003475402,False,False
ALLEGHENY,HANINIS MARKET AND SUBS LLC,HANINIS MARKET AND SUBS,15212-2365,USA,02**1046,OTP Retail,2027-02-28,3245 BRIGHTON RD,PITTSBURGH,PA,-80.03172,40.47642,HANINIS MARKET AND SUBS,3245 BRIGHTON RD,15212,3245 BRIGHTON RD|15212,HANINIS MARKET AND SUBS|3245 BRIGHTON RD|15212,3245 BRIGHTON RD,cc38031922,True,False,PITTSBURGH,data.pa.gov,42003271600,True,True
ALLEGHENY,NATRONA HEIGHTS SMOKE & VAPE LLC,NATRONA HEIGHTS SMOKE & VAPE LLC,15065-1444,USA,02**0665,Cigarette/OTP Retail,2027-02-28,1703 FREEPORT RD,NATRONA HEIGHTS,PA,-79.72583,40.62295,NATRONA HEIGHTS SMOKE & VAPE LLC,1703 FREEPORT RD,15065,1703 FREEPORT RD|15065,NATRONA HEIGHTS SMOKE & VAPE LLC|1703 FREEPORT RD|15065,1703 FREEPORT RD,dc4f20f401,True,False,NATRONA HEIGHTS,data.pa.gov,42003401300,False,False
ALLEGHENY,PENN EXPRESS MART LLC,PENN EXPRESS MART LLC,15235-3439,USA,02**3933,Cigarette/OTP Retail,2027-02-28,12120 FRANKSTOWN RD,PITTSBURGH,PA,-79.81992,40.47125,PENN EXPRESS MART LLC,12120 FRANKSTOWN RD,15235,12120 FRANKSTOWN RD|15235,PENN EXPRESS MART LLC|12120 FRANKSTOWN RD|15235,12120 FRANKSTOWN RD,5e76b84a22,True,False,PITTSBURGH,data.pa.gov,42003523501,False,True
ALLEGHENY,ANSA CORPORATION,7-ELEVEN STORE 2701-36124B,15227-1565,USA,02**9963,Cigarette/OTP Retail,2027-02-28,1400 RADFORD RD,PITTSBURGH,PA,-79.96779,40.36399,7-ELEVEN STORE 2701-36124B,1400 RADFORD RD,15227,1400 RADFORD RD|15227,7-ELEVEN STORE 2701-36124B|1400 RADFORD RD|15227,1400 RADFORD RD,16f4fd4e5f,True,False,PITTSBURGH,data.pa.gov,42003477300,False,True
ALLEGHENY,EDGEWOOD AVENUE EXPRESS INC,EDGEWOOD AVENUE EXPRESS,15218-1595,USA,02**4799,Cigarette Retail,2027-02-28,253 EDGEWOOD AVE,PITTSBURGH,PA,-79.88426,40.43025,EDGEWOOD AVENUE EXPRESS,253 EDGEWOOD AVE,15218,253 EDGEWOOD AVE|15218,EDGEWOOD AVENUE EXPRESS|253 EDGEWOOD AVE|15218,253 EDGEWOOD AVE,bc553c6c00,True,False,PITTSBURGH,data.pa.gov,42003516200,False,True
ALLEGHENY,JAY GANESH OIL CORPORATION INC,JAY GANESH OIL CORPORATION INC,15216-2404,USA,02**2810,Cigarette/OTP Retail,2027-02-28,3100 W LIBERTY AVE,PITTSBURGH,PA,-80.03886,40.3914,JAY GANESH OIL CORPORATION INC,3100 W LIBERTY AVE,15216,3100 W LIBERTY AVE|15216,JAY GANESH OIL CORPORATION INC|3100 W LIBERTY AVE|15216,3100 W LIBERTY AVE,dc96b2db7c,True,False,PITTSBURGH,data.pa.gov,42003472400,False,True
ALLEGHENY,SPEEDWAY LLC,SPEEDWAY 2901,15146-1441,USA,02**6791,Cigarette/OTP Retail,2027-02-28,4380 OLD WILLIAM PENN HWY,MONROEVILLE,PA,-79.76805,40.44396,SPEEDWAY 2901,4380 OLD WILLIAM PENN HWY,15146,4380 OLD WILLIAM PENN HWY|15146,SPEEDWAY 2901|4380 OLD WILLIAM PENN HWY|15146,4380 OLD WILLIAM PENN HWY,1d9a6731a1,True,False,MONROEVILLE,data.pa.gov,42003521200,False,False
ALLEGHENY,KRISH GOPAL INC,DC FOOD MART,15132-3340,USA,02**2321,Cigarette/OTP Retail,2027-02-28,929 UNION AVE,MCKEESPORT,PA,-79.85473,40.34675,DC FOOD MART,929 UNION AVE,15132,929 UNION AVE|15132,DC FOOD MART|929 UNION AVE|15132,929 UNION AVE,e8baad42f0,True,False,MCKEESPORT,data.pa.gov,42003550900,False,False
ALLEGHENY,DOLGENCORP LLC,DOLLAR GENERAL STORE #7045,15226-2517,USA,02**6174,Cigarette/OTP Retail,2027-02-28,3060 SUSSEX AVE,PITTSBURGH,PA,-80.01585,40.38387,DOLLAR GENERAL STORE #7045,3060 SUSSEX AVE,15226,3060 SUSSEX AVE|15226,DOLLAR GENERAL STORE #7045|3060 SUSSEX AVE|15226,3060 SUSSEX AVE,9a36020010,True,False,PITTSBURGH,data.pa.gov,42003479000,False,True
ALLEGHENY,QUALITY FOODS CORPORATION,KUHN'S MARKET,15101,USA,02**0167,Cigarette/OTP Retail,2027-02-28,2413 FERGUSON RD,ALLISON PARK,PA,-79.9716,40.55546,KUHN'S MARKET,2413 FERGUSON RD,15101,2413 FERGUSON RD|15101,KUHN'S MARKET|2413 FERGUSON RD|15101,2413 FERGUSON RD,3e04e05adc,True,False,ALLISON PARK,data.pa.gov,42003414200,False,False
ALLEGHENY,SADHI LLC,SADHI LLC,15212-1670,USA,02**6768,Cigarette/OTP Retail,2027-02-28,3889 BRIGHTON RD,PITTSBURGH,PA,-80.03711,40.48663,SADHI LLC,3889 BRIGHTON RD,15212,3889 BRIGHTON RD|15212,SADHI LLC|3889 BRIGHTON RD|15212,3889 BRIGHTON RD,f391fe54fa,True,False,PITTSBURGH,data.pa.gov,42003270100,True,True
ALLEGHENY,MIRAMAR BRANDS PENNSYLVANIA INC.,7-ELEVEN STORE #36205,15147-3524,USA,02**1852,Cigarette/OTP Retail,2027-02-28,6106 SALTSBURG RD,VERONA,PA,-79.81859,40.48428,7-ELEVEN STORE #36205,6106 SALTSBURG RD,15147,6106 SALTSBURG RD|15147,7-ELEVEN STORE #36205|6106 SALTSBURG RD|15147,6106 SALTSBURG RD,eb78b784cd,True,False,VERONA,data.pa.gov,42003523501,False,False
ALLEGHENY,M MASKAS & SONS INC,M MASKAS & SONS INC,15084-1511,USA,02**8080,OTP Wholesaler,2027-02-28,142 E 7TH AVE,TARENTUM,PA,-79.75594,40.60242,M MASKAS & SONS INC,142 E 7TH AVE,15084,142 E 7TH AVE|15084,M MASKAS & SONS INC|142 E 7TH AVE|15084,142 E 7TH AVE,3c26c07615,False,True,TARENTUM,data.pa.gov,42003403500,False,False
ALLEGHENY,MIKE & ROB INC,SOUTH FAYETTE SUNOCO,15017-1320,USA,02**3388,Cigarette/OTP Retail,2027-02-28,140 MILLERS RUN RD,BRIDGEVILLE,PA,-80.12013,40.357057,SOUTH FAYETTE SUNOCO,140 MILLERS RUN RD,15017,140 MILLERS RUN RD|15017,SOUTH FAYETTE SUNOCO|140 MILLERS RUN RD|15017,140 MILLERS RUN RD,03368cf93e,True,False,BRIDGEVILLE,data.pa.gov,42003456001,False,False
ALLEGHENY,PAR MAR OIL COMPANY,PAR MAR STORES #91,15071-3309,USA,02**9035,OTP Retail,2027-02-28,1001 MONTOUR CHURCH RD,OAKDALE,PA,-80.17505,40.44457,PAR MAR STORES #91,1001 MONTOUR CHURCH RD,15071,1001 MONTOUR CHURCH RD|15071,PAR MAR STORES #91|1001 MONTOUR CHURCH RD|15071,1001 MONTOUR CHURCH RD,a8d23cf41b,True,False,OAKDALE,data.pa.gov,42003453003,False,False
ALLEGHENY,GETGO OPERATING LLC,GETGO #3002,15136-1609,USA,02**1604,Cigarette/OTP Retail,2027-02-28,1809 MCKEES ROCKS RD,MC KEES ROCKS,PA,-80.09629,40.46783,GETGO #3002,1809 MCKEES ROCKS RD,15136,1809 MCKEES ROCKS RD|15136,GETGO #3002|1809 MCKEES ROCKS RD|15136,1809 MCKEES ROCKS RD,721cbe4684,True,False,MC KEES ROCKS,data.pa.gov,42003460002,False,False
ALLEGHENY,KEEPIN IT GLASSY LLC,KEEPIN IT GLASSY,15017-2064,USA,02**1801,Cigarette/OTP Retail,2027-02-28,522 WASHINGTON AVE,BRIDGEVILLE,PA,-80.1125,40.35782,KEEPIN IT GLASSY,522 WASHINGTON AVE,15017,522 WASHINGTON AVE|15017,KEEPIN IT GLASSY|522 WASHINGTON AVE|15017,522 WASHINGTON AVE,a76d7f58fb,True,False,BRIDGEVILLE,data.pa.gov,42003457100,False,False
ALLEGHENY,BELMONT AMUSEMENT COMPANY INC,MURPHYS TAP ROOM,15218-1238,USA,02**7694,Cigarette Vending,2027-02-28,1106 S BRADDOCK AVE,PITTSBURGH,PA,-79.89385,40.43257,MURPHYS TAP ROOM,1106 S BRADDOCK AVE,15218,1106 S BRADDOCK AVE|15218,MURPHYS TAP ROOM|1106 S BRADDOCK AVE|15218,1106 S BRADDOCK AVE,831db2753f,False,True,PITTSBURGH,data.pa.gov,42003516100,False,True
ALLEGHENY,SK & NK INC,SK & NK INC ABE'S MARKET,15219-4369,USA,02**8972,Cigarette Retail,2027-02-28,1860 CENTRE AVE,PITTSBURGH,PA,-79.98093,40.44253,SK & NK INC ABE'S MARKET,1860 CENTRE AVE,15219,1860 CENTRE AVE|15219,SK & NK INC ABE'S MARKET|1860 CENTRE AVE|15219,1860 CENTRE AVE,fb5850bb86,True,False,PITTSBURGH,data.pa.gov,42003030500,True,True
ALLEGHENY,TUBE CITY DISTRIBUTING CO,TUBE CITY DISTRIBUTING CO,15132-3920,USA,02**1076,Cigarette/OTP Retail,2027-02-28,912 WALNUT ST,MCKEESPORT,PA,-79.86405,40.34686,TUBE CITY DISTRIBUTING CO,912 WALNUT ST,15132,912 WALNUT ST|15132,TUBE CITY DISTRIBUTING CO|912 WALNUT ST|15132,912 WALNUT ST,6d4fbf4409,True,False,MCKEESPORT,data.pa.gov,42003552100,False,False
ALLEGHENY,SHEETZ INC,SHEETZ #360,15146-2407,USA,70**7243,Cigarette/OTP Retail,2027-02-28,3954 WILLIAM PENN HWY,MONROEVILLE,PA,-79.77395,40.43749,SHEETZ #360,3954 WILLIAM PENN HWY,15146,3954 WILLIAM PENN HWY|15146,SHEETZ #360|3954 WILLIAM PENN HWY|15146,3954 WILLIAM PENN HWY,4d90ffdff4,True,False,MONROEVILLE,data.pa.gov,42003521200,False,False
ALLEGHENY,MIDNIGHT MARKET VENDING LLC,ANN'S CHOP HOUSE,15102-3885,USA,02**4833,Cigarette Vending,2027-02-28,2783 S PARK RD,BETHEL PARK,PA,-80.03467,40.32786,ANN'S CHOP HOUSE,2783 S PARK RD,15102,2783 S PARK RD|15102,ANN'S CHOP HOUSE|2783 S PARK RD|15102,2783 S PARK RD,cbf19e9e85,False,True,BETHEL PARK,data.pa.gov,42003475301,False,False
ALLEGHENY,WL ENTERPRISE LLC,DJS QUICK STOP,15026-1255,USA,04**2967,Cigarette/OTP Retail,2027-02-28,345 ROUTE 30,CLINTON,PA,-80.36235,40.49752,DJS QUICK STOP,345 ROUTE 30,15026,345 ROUTE 30|15026,DJS QUICK STOP|345 ROUTE 30|15026,345 ROUTE 30,c7ae6e5325,True,False,CLINTON,data.pa.gov,,False,False
ALLEGHENY,STEEL VAPE AND MART INC,STEEL VAPE AND MART INC,15216-2546,USA,02**8391,Cigarette/OTP Retail,2027-02-28,2961 W LIBERTY AVE,PITTSBURGH,PA,-80.03568,40.39405,STEEL VAPE AND MART INC,2961 W LIBERTY AVE,15216,2961 W LIBERTY AVE|15216,STEEL VAPE AND MART INC|2961 W LIBERTY AVE|15216,2961 W LIBERTY AVE,45ffc66e3b,True,False,PITTSBURGH,data.pa.gov,42003472200,False,True
ALLEGHENY,KLAFTERS INC,SMOKER FRIENDLY,15044-9644,USA,70**8002,Cigarette/OTP Retail,2027-02-28,5325 WILLIAM FLYNN HWY,GIBSONIA,PA,-79.94641,40.6166,SMOKER FRIENDLY,5325 WILLIAM FLYNN HWY,15044,5325 WILLIAM FLYNN HWY|15044,SMOKER FRIENDLY|5325 WILLIAM FLYNN HWY|15044,5325 WILLIAM FLYNN HWY,d85812c0b5,True,False,GIBSONIA,data.pa.gov,42003408002,False,False
ALLEGHENY,BELFIORE AMUSEMENT CO,POLISH AM CIT CLUB,15106-3413,USA,63**7797,Cigarette Vending,2027-02-28,811 PAUL ST,CARNEGIE,PA,-80.09077,40.39649,POLISH AM CIT CLUB,811 PAUL ST,15106,811 PAUL ST|15106,POLISH AM CIT CLUB|811 PAUL ST|15106,811 PAUL ST,d204349a67,False,True,CARNEGIE,data.pa.gov,42003470600,False,False
ALLEGHENY,MORNINGSIDE MINI MART INC,MORNINGSIDE MINI MART INC,15206-1130,USA,02**0622,Cigarette/OTP Retail,2027-02-28,1748 CHISLETT ST,PITTSBURGH,PA,-79.92591,40.48533,MORNINGSIDE MINI MART INC,1748 CHISLETT ST,15206,1748 CHISLETT ST|15206,MORNINGSIDE MINI MART INC|1748 CHISLETT ST|15206,1748 CHISLETT ST,184a9582d6,True,False,PITTSBURGH,data.pa.gov,42003101400,True,True
ALLEGHENY,BAN BROTHERS CORPORATION,7-ELEVEN STORE #40121A,15227-2317,USA,02**2940,Cigarette/OTP Retail,2027-02-28,3299 SAW MILL RUN BLVD,PITTSBURGH,PA,-79.98365,40.37586,7-ELEVEN STORE #40121A,3299 SAW MILL RUN BLVD,15227,3299 SAW MILL RUN BLVD|15227,7-ELEVEN STORE #40121A|3299 SAW MILL RUN BLVD|15227,3299 SAW MILL RUN BLVD,48376a44c3,True,False,PITTSBURGH,data.pa.gov,42003478100,False,True
ALLEGHENY,DOLGENCORP LLC,DOLLAR GENERAL STORE #15784,15129-9233,USA,02**9430,Cigarette/OTP Retail,2027-02-28,2301 BROWNSVILLE RD,SOUTH PARK,PA,-79.99426,40.29806,DOLLAR GENERAL STORE #15784,2301 BROWNSVILLE RD,15129,2301 BROWNSVILLE RD|15129,DOLLAR GENERAL STORE #15784|2301 BROWNSVILLE RD|15129,2301 BROWNSVILLE RD,9e52b7a8fd,True,False,SOUTH PARK,data.pa.gov,42003490003,False,False
ALLEGHENY,HAIR SAGA BEAUTY SUPPLY INC,HAIR SAGA BEAUTY SUPPLY INC,15235-3329,USA,02**5202,Cigarette/OTP Retail,2027-02-28,11663 PENN HILLS DR,PITTSBURGH,PA,-79.8255,40.4655,HAIR SAGA BEAUTY SUPPLY INC,11663 PENN HILLS DR,15235,11663 PENN HILLS DR|15235,HAIR SAGA BEAUTY SUPPLY INC|11663 PENN HILLS DR|15235,11663 PENN HILLS DR,9f6be1ebe0,True,False,PITTSBURGH,data.pa.gov,42003523400,False,True
ALLEGHENY,DOLGENCORP LLC,DOLLAR GENERAL STORE #4355,15110-1441,USA,02**6099,Cigarette/OTP Retail,2027-02-28,351 HOFFMAN BLVD,DUQUESNE,PA,-79.86426,40.38335,DOLLAR GENERAL STORE #4355,351 HOFFMAN BLVD,15110,351 HOFFMAN BLVD|15110,DOLLAR GENERAL STORE #4355|351 HOFFMAN BLVD|15110,351 HOFFMAN BLVD,8602aac0cd,True,False,DUQUESNE,data.pa.gov,42003486700,False,False
ALLEGHENY,GIANT EAGLE INC,GIANT EAGLE #1614,15037-1917,USA,02**2668,Cigarette/OTP Retail,2027-02-28,800 MCKEESPORT RD,ELIZABETH,PA,-79.87551,40.27978,GIANT EAGLE #1614,800 MCKEESPORT RD,15037,800 MCKEESPORT RD|15037,GIANT EAGLE #1614|800 MCKEESPORT RD|15037,800 MCKEESPORT RD,fc567534d4,True,False,ELIZABETH,data.pa.gov,42003496102,False,False
ALLEGHENY,BIG DOG VENDING INC,NADINES,15222-4729,USA,02**7778,Cigarette Vending,2027-02-28,19 27TH ST,PITTSBURGH,PA,-79.97911,40.45767,NADINES,19 27TH ST,15222,19 27TH ST|15222,NADINES|19 27TH ST|15222,19 27TH ST,982684387a,False,True,PITTSBURGH,data.pa.gov,42003020300,True,True
ALLEGHENY,MIRAMAR BRANDS PENNSYLVANIA INC.,7-ELEVEN STORE #36187,15101-2440,USA,02**1849,Cigarette/OTP Retail,2027-02-28,4630 WILLIAM FLYNN HWY,ALLISON PARK,PA,-79.94761,40.59062,7-ELEVEN STORE #36187,4630 WILLIAM FLYNN HWY,15101,4630 WILLIAM FLYNN HWY|15101,7-ELEVEN STORE #36187|4630 WILLIAM FLYNN HWY|15101,4630 WILLIAM FLYNN HWY,98ebcb0e70,True,False,ALLISON PARK,data.pa.gov,42003414101,False,False
ALLEGHENY,CLOUD 9 SMOKES & VAPES LLC,STORE,15213-1515,USA,02**0271,Cigarette/OTP Retail,2027-02-28,214 N CRAIG ST,PITTSBURGH,PA,-79.95105,40.45031,STORE,214 N CRAIG ST,15213,214 N CRAIG ST|15213,STORE|214 N CRAIG ST|15213,214 N CRAIG ST,da6bbafcf8,True,False,PITTSBURGH,data.pa.gov,42003562000,True,True
ALLEGHENY,KEYSTONE R & M LLC,GWC VAPE SHOP,15217-2104,USA,02**9972,OTP Retail,2027-02-28,2010 MURRAY AVE,PITTSBURGH,PA,-79.9229,40.43436,GWC VAPE SHOP,2010 MURRAY AVE,15217,2010 MURRAY AVE|15217,GWC VAPE SHOP|2010 MURRAY AVE|15217,2010 MURRAY AVE,3c0750017c,True,False,PITTSBURGH,data.pa.gov,42003141300,True,True
ALLEGHENY,GRINFELD LLC,HIGHLAND APLUS,15206-2523,USA,02**5101,Cigarette Retail,2027-02-28,514 N HIGHLAND AVE,PITTSBURGH,PA,-79.92253,40.46639,HIGHLAND APLUS,514 N HIGHLAND AVE,15206,514 N HIGHLAND AVE|15206,HIGHLAND APLUS|514 N HIGHLAND AVE|15206,514 N HIGHLAND AVE,4459a413be,True,False,PITTSBURGH,data.pa.gov,42003111300,True,True
ALLEGHENY,ARNISH INC,ARNISH INC,15213-2320,USA,02**1568,Cigarette/OTP Retail,2027-02-28,504 OAK HILL DR,PITTSBURGH,PA,-79.96993,40.44328,ARNISH INC,504 OAK HILL DR,15213,504 OAK HILL DR|15213,ARNISH INC|504 OAK HILL DR|15213,504 OAK HILL DR,93d09e4938,True,False,PITTSBURGH,data.pa.gov,42003051000,True,True
ALLEGHENY,THE 1864 CLUB BY VILLAGIO LLC,THE 1864 CLUB BY VILLAGIO LLC,15233-1717,USA,02**2987,OTP Retail,2027-02-28,939 WESTERN AVE,PITTSBURGH,PA,-80.018,40.45168,THE 1864 CLUB BY VILLAGIO LLC,939 WESTERN AVE,15233,939 WESTERN AVE|15233,THE 1864 CLUB BY VILLAGIO LLC|939 WESTERN AVE|15233,939 WESTERN AVE,d0eacac54c,True,False,PITTSBURGH,data.pa.gov,42003562700,True,True
ALLEGHENY,2176 WEBSTER LLC,JAY'S LOUNGE,15219-4259,USA,02**0610,Cigarette/OTP Retail,2027-02-28,2176 WEBSTER AVE,PITTSBURGH,PA,-79.97797,40.44727,JAY'S LOUNGE,2176 WEBSTER AVE,15219,2176 WEBSTER AVE|15219,JAY'S LOUNGE|2176 WEBSTER AVE|15219,2176 WEBSTER AVE,31b8ce7a65,True,False,PITTSBURGH,data.pa.gov,42003050100,True,True
ALLEGHENY,SJ RETAIL SERVICES LLC,CROSSROAD SUNOCO,15122-1335,USA,02**7262,OTP Retail,2027-02-28,4600 HOMESTEAD DUQUESNE RD,WEST MIFFLIN,PA,-79.894262,40.376154,CROSSROAD SUNOCO,4600 HOMESTEAD DUQUESNE RD,15122,4600 HOMESTEAD DUQUESNE RD|15122,CROSSROAD SUNOCO|4600 HOMESTEAD DUQUESNE RD|15122,4600 HOMESTEAD DUQUESNE RD,47ce223c42,True,False,WEST MIFFLIN,data.pa.gov,42003488300,False,False
ALLEGHENY,Z CORNER STORE LLC,Z CORNER STORE OF TARENTUM,15084-3861,USA,02**1221,Cigarette/OTP Retail,2027-02-28,590 PITTSBURGH MILLS CIR STE 520,TARENTUM,PA,-79.79783,40.57382,Z CORNER STORE OF TARENTUM,590 PITTSBURGH MILLS CIR STE 520,15084,590 PITTSBURGH MILLS CIR STE 520|15084,Z CORNER STORE OF TARENTUM|590 PITTSBURGH MILLS CIR STE 520|15084,590 PITTSBURGH MILLS CIR,d6cdd6b569,True,False,TARENTUM,data.pa.gov,42003405000,False,False
ALLEGHENY,HARTLEY INC,HOLIDAY PARK SHOP N SAVE,15239-2710,USA,02**9658,Cigarette/OTP Retail,2027-02-28,2362 GOLDEN MILE HWY,PITTSBURGH,PA,-79.70449,40.46266,HOLIDAY PARK SHOP N SAVE,2362 GOLDEN MILE HWY,15239,2362 GOLDEN MILE HWY|15239,HOLIDAY PARK SHOP N SAVE|2362 GOLDEN MILE HWY|15239,2362 GOLDEN MILE HWY,fb24318e3a,True,False,PITTSBURGH,data.pa.gov,42003526302,False,True
ALLEGHENY,QUALITY FOODS CORPORATION,KUHNS MARKETS,15212-2771,USA,02**3229,Cigarette/OTP Retail,2027-02-28,1130 HIGHWOOD ST,PITTSBURGH,PA,-80.02657,40.46827,KUHNS MARKETS,1130 HIGHWOOD ST,15212,1130 HIGHWOOD ST|15212,KUHNS MARKETS|1130 HIGHWOOD ST|15212,1130 HIGHWOOD ST,56956bb122,True,False,PITTSBURGH,data.pa.gov,42003271600,True,True
ALLEGHENY,NIKITUK JACOB W,BROAD STREET BISTRO,15137-2101,USA,02**5008,Cigarette Vending,2027-02-28,1025 BROAD ST,NORTH VERSAILLES,PA,-79.79755,40.37423,BROAD STREET BISTRO,1025 BROAD ST,15137,1025 BROAD ST|15137,BROAD STREET BISTRO|1025 BROAD ST|15137,1025 BROAD ST,09c31cf3d8,False,True,NORTH VERSAILLES,data.pa.gov,42003564400,False,False
ALLEGHENY,LATHIA INVESTMENTS LLC,THE QUICK SERVE,15202-2922,USA,02**1653,Cigarette/OTP Retail,2027-02-28,400 UNION AVE,BELLEVUE,PA,-80.06173,40.50406,THE QUICK SERVE,400 UNION AVE,15202,400 UNION AVE|15202,THE QUICK SERVE|400 UNION AVE|15202,400 UNION AVE,6840043b6a,True,False,BELLEVUE,data.pa.gov,42003432300,False,False
ALLEGHENY,MCCANDLESS PETRO LLC,MARATHON,15237-5724,USA,02**3787,Cigarette Retail,2027-02-28,8716 PEEBLES RD,PITTSBURGH,PA,-80.00737,40.56705,MARATHON,8716 PEEBLES RD,15237,8716 PEEBLES RD|15237,MARATHON|8716 PEEBLES RD|15237,8716 PEEBLES RD,7feeb33c54,True,False,PITTSBURGH,data.pa.gov,42003413400,False,True
ALLEGHENY,CLAIRTON MINI MART INC,CLAIRTON MINI MART INC,15025-1435,USA,02**4179,Cigarette Retail,2027-02-28,540 SAINT CLAIR AVE,CLAIRTON,PA,-79.88707,40.29325,CLAIRTON MINI MART INC,540 SAINT CLAIR AVE,15025,540 SAINT CLAIR AVE|15025,CLAIRTON MINI MART INC|540 SAINT CLAIR AVE|15025,540 SAINT CLAIR AVE,4b2ac02dd5,True,False,CLAIRTON,data.pa.gov,42003492800,False,False
ALLEGHENY,RSIM FOODS CORPORATION,HANINI MARKET,15221-3034,USA,02**4189,Cigarette Retail,2027-02-28,1105 FRANKLIN AVE,PITTSBURGH,PA,-79.8789,40.43892,HANINI MARKET,1105 FRANKLIN AVE,15221,1105 FRANKLIN AVE|15221,HANINI MARKET|1105 FRANKLIN AVE|15221,1105 FRANKLIN AVE,ca9eb54ebe,True,False,PITTSBURGH,data.pa.gov,42003564700,False,True
ALLEGHENY,WALMART STORES EAST LP,WAL MART SUPERCENTER #3838,15084-3850,USA,70**8124,Cigarette/OTP Retail,2027-02-28,2010 VILLAGE CENTER DR,TARENTUM,PA,-79.80337,40.56419,WAL MART SUPERCENTER #3838,2010 VILLAGE CENTER DR,15084,2010 VILLAGE CENTER DR|15084,WAL MART SUPERCENTER #3838|2010 VILLAGE CENTER DR|15084,2010 VILLAGE CENTER DR,e5b0e7f170,True,False,TARENTUM,data.pa.gov,42003405000,False,False
ALLEGHENY,AT VAPE AND WELLNESS 105 INC,AT VAPE AND WELLNESS 105 INC,15201-1420,USA,02**3040,Cigarette/OTP Retail,2027-02-28,3505 BUTLER ST,PITTSBURGH,PA,-79.96618,40.46414,AT VAPE AND WELLNESS 105 INC,3505 BUTLER ST,15201,3505 BUTLER ST|15201,AT VAPE AND WELLNESS 105 INC|3505 BUTLER ST|15201,3505 BUTLER ST,81a3386efa,True,False,PITTSBURGH,data.pa.gov,42003060300,True,True
ALLEGHENY,PINKYS VENDING INC,AMVETS,15104,USA,02**7775,Cigarette Vending,2027-02-28,1135 BRINTON AVE,N. BRADDOCK,PA,-79.84539,40.40691,AMVETS,1135 BRINTON AVE,15104,1135 BRINTON AVE|15104,AMVETS|1135 BRINTON AVE|15104,1135 BRINTON AVE,7938c5ff21,False,True,N. BRADDOCK,data.pa.gov,42003512000,False,False
ALLEGHENY,INSTANT SHOP INC,INSTANT SHOP INC,15239-1723,USA,02**1882,Cigarette/OTP Retail,2027-02-28,7615 SALTSBURG RD,PLUM,PA,-79.77859,40.47607,INSTANT SHOP INC,7615 SALTSBURG RD,15239,7615 SALTSBURG RD|15239,INSTANT SHOP INC|7615 SALTSBURG RD|15239,7615 SALTSBURG RD,55a9b87ed5,True,False,PLUM,data.pa.gov,42003526202,False,False
ALLEGHENY,DIPEN ENTERPRISE INC,PRASHANT MINI MART,15234-2231,USA,02**0530,Cigarette/OTP Retail,2027-02-28,3646 LIBRARY RD,PITTSBURGH,PA,-80.01942,40.36501,PRASHANT MINI MART,3646 LIBRARY RD,15234,3646 LIBRARY RD|15234,PRASHANT MINI MART|3646 LIBRARY RD|15234,3646 LIBRARY RD,e6073ddd50,True,False,PITTSBURGH,data.pa.gov,42003476200,False,True
ALLEGHENY,GETGO OPERATING LLC,GETGO #3257,15205-1005,USA,02**1700,Cigarette/OTP Retail,2027-02-28,6513B STEUBENVILLE PIKE,PITTSBURGH,PA,-80.16342,40.44736,GETGO #3257,6513B STEUBENVILLE PIKE,15205,6513B STEUBENVILLE PIKE|15205,GETGO #3257|6513B STEUBENVILLE PIKE|15205,6513B STEUBENVILLE PIKE,fe38d85a58,True,False,PITTSBURGH,data.pa.gov,42003459201,False,True
ALLEGHENY,NOBLES ENTERPRISE LLC,NOBLES ENTERPRISE LLC,15205-4138,USA,02**4300,Cigarette/OTP Retail,2027-02-28,2351 NOBLESTOWN RD,PITTSBURGH,PA,-80.05542,40.42691,NOBLES ENTERPRISE LLC,2351 NOBLESTOWN RD,15205,2351 NOBLESTOWN RD|15205,NOBLES ENTERPRISE LLC|2351 NOBLESTOWN RD|15205,2351 NOBLESTOWN RD,7410a3f537,True,False,PITTSBURGH,data.pa.gov,42003469000,False,True
ALLEGHENY,SHRAAM CORP.,ELIZABETH BP,15037-1650,USA,02**8302,Cigarette/OTP Retail,2027-02-28,141 MCKEESPORT RD,ELIZABETH,PA,-79.88344,40.2746,ELIZABETH BP,141 MCKEESPORT RD,15037,141 MCKEESPORT RD|15037,ELIZABETH BP|141 MCKEESPORT RD|15037,141 MCKEESPORT RD,c3d4834019,True,False,ELIZABETH,data.pa.gov,42003494000,False,False
ALLEGHENY,DEEP ASIAN GROCERIES LLC,4010 SAW MILL,15227-2608,USA,02**4267,Cigarette/OTP Retail,2027-02-28,4010 SAW MILL RUN BLVD,PITTSBURGH,PA,-79.98348,40.36874,4010 SAW MILL,4010 SAW MILL RUN BLVD,15227,4010 SAW MILL RUN BLVD|15227,4010 SAW MILL|4010 SAW MILL RUN BLVD|15227,4010 SAW MILL RUN BLVD,9583465e77,True,False,PITTSBURGH,data.pa.gov,42003478100,False,True
ALLEGHENY,FAMILY DOLLAR STORES OF PA LLC,FAMILY DOLLAR # 20824,15221-4822,USA,02**3849,Cigarette/OTP Retail,2027-02-28,1500 YOST BLVD,PITTSBURGH,PA,-79.85297,40.41432,FAMILY DOLLAR # 20824,1500 YOST BLVD,15221,1500 YOST BLVD|15221,FAMILY DOLLAR # 20824|1500 YOST BLVD|15221,1500 YOST BLVD,b30757e3fb,True,False,PITTSBURGH,data.pa.gov,42003517000,False,True
ALLEGHENY,HARTMAN MUSIC INC,NIX VOGEL AMERICAN LEGION,15227-4054,USA,02**7708,Cigarette Vending,2027-02-28,280 JOSEPH ST,PITTSBURGH,PA,-79.96986,40.39433,NIX VOGEL AMERICAN LEGION,280 JOSEPH ST,15227,280 JOSEPH ST|15227,NIX VOGEL AMERICAN LEGION|280 JOSEPH ST|15227,280 JOSEPH ST,9b49bbe5f7,False,True,PITTSBURGH,data.pa.gov,42003480300,False,True
ALLEGHENY,FAMILY DOLLAR STORES OF PA LLC,FAMILY DOLLAR #26347,15104-1635,USA,02**3974,Cigarette/OTP Retail,2027-02-28,401 6TH ST,BRADDOCK,PA,-79.86884,40.40366,FAMILY DOLLAR #26347,401 6TH ST,15104,401 6TH ST|15104,FAMILY DOLLAR #26347|401 6TH ST|15104,401 6TH ST,4c21303d95,True,False,BRADDOCK,data.pa.gov,42003513800,False,False
ALLEGHENY,MARKET ON LIBERTY INC,MARKET ON LIBERTY INC,15222-3737,USA,02**0929,Cigarette/OTP Retail,2027-02-28,905 LIBERTY AVE,PITTSBURGH,PA,-79.99771,40.44301,MARKET ON LIBERTY INC,905 LIBERTY AVE,15222,905 LIBERTY AVE|15222,MARKET ON LIBERTY INC|905 LIBERTY AVE|15222,905 LIBERTY AVE,ccd4568bd5,True,False,PITTSBURGH,data.pa.gov,42003020100,True,True
ALLEGHENY,CENTER INDEPENDENT OIL STORES LLC,CIO STORES LLC #26,15229,USA,02**2764,Cigarette/OTP Retail,2027-02-28,411PERRY HIGHWAY,WEST VIEW,PA,-80.03179,40.51847,CIO STORES LLC #26,411PERRY HIGHWAY,15229,411PERRY HIGHWAY|15229,CIO STORES LLC #26|411PERRY HIGHWAY|15229,411PERRY HWY,340b013985,True,False,WEST VIEW,data.pa.gov,42003430200,False,False
ALLEGHENY,SHEETZ INC,SHEETZ #353,15205-1026,USA,70**7240,Cigarette/OTP Retail,2027-02-28,5410 CAMPBELLS RUN RD,PITTSBURGH,PA,-80.15747,40.44757,SHEETZ #353,5410 CAMPBELLS RUN RD,15205,5410 CAMPBELLS RUN RD|15205,SHEETZ #353|5410 CAMPBELLS RUN RD|15205,5410 CAMPBELLS RUN RD,5a1796b658,True,False,PITTSBURGH,data.pa.gov,42003459201,False,True
ALLEGHENY,DUQUESNE SUPER MART INC,DUQUESNE SUPER MART INC,15110-1147,USA,02**5531,Cigarette/OTP Retail,2027-02-28,9 S 2ND ST,DUQUESNE,PA,-79.84685,40.37284,DUQUESNE SUPER MART INC,9 S 2ND ST,15110,9 S 2ND ST|15110,DUQUESNE SUPER MART INC|9 S 2ND ST|15110,9 S 2ND ST,fb707a8065,True,False,DUQUESNE,data.pa.gov,42003486800,False,False
ALLEGHENY,SHAQ AND PIE INC,SHAQ AND PIE INC,15108-8960,USA,02**6806,Cigarette/OTP Retail,2027-02-28,624 FIELDSTONE DR,CORAOPOLIS,PA,-80.2536,40.52751,SHAQ AND PIE INC,624 FIELDSTONE DR,15108,624 FIELDSTONE DR|15108,SHAQ AND PIE INC|624 FIELDSTONE DR|15108,624 FIELDSTONE DR,ab4e7c4d13,True,False,CORAOPOLIS,data.pa.gov,42003451104,False,False
ALLEGHENY,CORNELLS CIGAR & VAPE LLC,CORNELL'S CIGAR & VAPE LLC,15228-1915,USA,02**4273,Cigarette/OTP Retail,2027-02-28,668 WASHINGTON RD,PITTSBURGH,PA,-80.04455,40.38053,CORNELL'S CIGAR & VAPE LLC,668 WASHINGTON RD,15228,668 WASHINGTON RD|15228,CORNELL'S CIGAR & VAPE LLC|668 WASHINGTON RD|15228,668 WASHINGTON RD,13a96baa44,True,False,PITTSBURGH,data.pa.gov,42003473200,False,True
ALLEGHENY,DUFFYS BEER LLC,DUFFYS BEER,15236-4621,USA,02**3197,Cigarette Retail,2027-02-28,294 CURRY HOLLOW RD,PLEASANT HILLS,PA,-79.97511,40.33682,DUFFYS BEER,294 CURRY HOLLOW RD,15236,294 CURRY HOLLOW RD|15236,DUFFYS BEER|294 CURRY HOLLOW RD|15236,294 CURRY HOLLOW RD,3cbf300fd7,True,False,PLEASANT HILLS,data.pa.gov,42003489002,False,False
ALLEGHENY,TOWNE DRUGS LLC,TOWNE DRUGS,15215-3024,USA,02**0361,Cigarette Retail,2027-02-28,227 COMMERCIAL AVE,ASPINWALL,PA,-79.90398,40.49011,TOWNE DRUGS,227 COMMERCIAL AVE,15215,227 COMMERCIAL AVE|15215,TOWNE DRUGS|227 COMMERCIAL AVE|15215,227 COMMERCIAL AVE,c134c6926b,True,False,ASPINWALL,data.pa.gov,42003423000,False,False
ALLEGHENY,CLAIRTON MINI MART INC,CLAIRTON MINI MART INC,15025-1435,USA,02**4293,OTP Retail,2027-02-28,540 SAINT CLAIR AVE,CLAIRTON,PA,-79.88707,40.29325,CLAIRTON MINI MART INC,540 SAINT CLAIR AVE,15025,540 SAINT CLAIR AVE|15025,CLAIRTON MINI MART INC|540 SAINT CLAIR AVE|15025,540 SAINT CLAIR AVE,8c38617113,True,False,CLAIRTON,data.pa.gov,42003492800,False,False
ALLEGHENY,PAR MAR OIL COMPANY,PAR MAR STORE # 81,15108-2351,USA,02**9037,OTP Retail,2027-02-28,921 BRODHEAD RD,CORAOPOLIS,PA,-80.22195,40.51679,PAR MAR STORE # 81,921 BRODHEAD RD,15108,921 BRODHEAD RD|15108,PAR MAR STORE # 81|921 BRODHEAD RD|15108,921 BRODHEAD RD,9d62e467ab,True,False,CORAOPOLIS,data.pa.gov,42003451105,False,False
ALLEGHENY,SHEETZ INC,SHEETZ#629,15136-1408,USA,02**3972,OTP Retail,2027-02-28,5554 STEUBENVILLE PIKE,MC KEES ROCKS,PA,-80.12924,40.4519,SHEETZ#629,5554 STEUBENVILLE PIKE,15136,5554 STEUBENVILLE PIKE|15136,SHEETZ#629|5554 STEUBENVILLE PIKE|15136,5554 STEUBENVILLE PIKE,0c2ed6d7d3,True,False,MC KEES ROCKS,data.pa.gov,42003459201,False,False
ALLEGHENY,KRAM 786 LLC,KRAM 786 LLC,15227-2005,USA,02**8692,Cigarette/OTP Retail,2027-02-28,2625 BROWNSVILLE RD,PITTSBURGH,PA,-79.97824,40.38501,KRAM 786 LLC,2625 BROWNSVILLE RD,15227,2625 BROWNSVILLE RD|15227,KRAM 786 LLC|2625 BROWNSVILLE RD|15227,2625 BROWNSVILLE RD,2c15a04bf3,True,False,PITTSBURGH,data.pa.gov,42003290400,True,True
ALLEGHENY,OM SHIVA GROUP INC,HOMESTEAD FOOD MART,15120-1516,USA,02**9944,Cigarette/OTP Retail,2027-02-28,238 E 8TH AVE,HOMESTEAD,PA,-79.9095,40.40766,HOMESTEAD FOOD MART,238 E 8TH AVE,15120,238 E 8TH AVE|15120,HOMESTEAD FOOD MART|238 E 8TH AVE|15120,238 E 8TH AVE,362c54c9ce,True,False,HOMESTEAD,data.pa.gov,42003483800,False,False
ALLEGHENY,DOLGENCORP LLC,DOLLAR GENERAL STORE #12185,15227-2712,USA,02**6380,Cigarette/OTP Retail,2027-02-28,3750 SAW MILL RUN BLVD,PITTSBURGH,PA,-79.98256,40.37116,DOLLAR GENERAL STORE #12185,3750 SAW MILL RUN BLVD,15227,3750 SAW MILL RUN BLVD|15227,DOLLAR GENERAL STORE #12185|3750 SAW MILL RUN BLVD|15227,3750 SAW MILL RUN BLVD,42fa70b04a,True,False,PITTSBURGH,data.pa.gov,42003478100,False,True
ALLEGHENY,WALGREEN EASTERN CO INC,WALGREENS # 10917,15108-4248,USA,70**9085,Cigarette/OTP Retail,2027-02-28,6906 UNIVERSITY BLVD,MOON TOWNSHIP,PA,-80.22108,40.51747,WALGREENS # 10917,6906 UNIVERSITY BLVD,15108,6906 UNIVERSITY BLVD|15108,WALGREENS # 10917|6906 UNIVERSITY BLVD|15108,6906 UNIVERSITY BLVD,e7d69c66a5,True,False,MOON TOWNSHIP,data.pa.gov,42003451101,False,False
ALLEGHENY,VBD VENDING LLC,CHEERLEADERS,15201-1416,USA,02**0013,OTP Vending,2027-02-28,3100 LIBERTY AVE,PITTSBURGH,PA,-79.97053,40.45892,CHEERLEADERS,3100 LIBERTY AVE,15201,3100 LIBERTY AVE|15201,CHEERLEADERS|3100 LIBERTY AVE|15201,3100 LIBERTY AVE,86ebf86486,False,True,PITTSBURGH,data.pa.gov,42003060500,True,True
ALLEGHENY,FAMILY DOLLAR STORES OF PA LLC,FAMILY DOLLAR #24708,15106-2423,USA,02**3958,Cigarette/OTP Retail,2027-02-28,300 BROADWAY ST,CARNEGIE,PA,-80.08573,40.40848,FAMILY DOLLAR #24708,300 BROADWAY ST,15106,300 BROADWAY ST|15106,FAMILY DOLLAR #24708|300 BROADWAY ST|15106,300 BROADWAY ST,ac00b6fa83,True,False,CARNEGIE,data.pa.gov,42003468700,False,False
ALLEGHENY,LAXMI NARAYANA CORPORATION,R & M VARIETY STORE,15122-3928,USA,02**4716,Cigarette/OTP Retail,2027-02-28,1739 PENNSYLVANIA AVE,WEST MIFFLIN,PA,-79.86101,40.36209,R & M VARIETY STORE,1739 PENNSYLVANIA AVE,15122,1739 PENNSYLVANIA AVE|15122,R & M VARIETY STORE|1739 PENNSYLVANIA AVE|15122,1739 PENNSYLVANIA AVE,eb7ba5ef1e,True,False,WEST MIFFLIN,data.pa.gov,42003488400,False,False
ALLEGHENY,KAJAL OIL & GAS INC,SUNOCO MINI MART,15241-1611,USA,02**9923,Cigarette/OTP Retail,2027-02-28,127 MCMURRAY RD,UPPR ST CLAIR,PA,-80.06573,40.32635,SUNOCO MINI MART,127 MCMURRAY RD,15241,127 MCMURRAY RD|15241,SUNOCO MINI MART|127 MCMURRAY RD|15241,127 MCMURRAY RD,3b9413373c,True,False,UPPR ST CLAIR,data.pa.gov,42003474102,False,False
ALLEGHENY,NEW PENN TOBACCO OUTLET INC,NEW PENN TOBACCO OUTLET INC,15145-1911,USA,02**4663,Cigarette/OTP Retail,2027-02-28,705 PENN AVE,TURTLE CREEK,PA,-79.82589,40.40509,NEW PENN TOBACCO OUTLET INC,705 PENN AVE,15145,705 PENN AVE|15145,NEW PENN TOBACCO OUTLET INC|705 PENN AVE|15145,705 PENN AVE,3d57bb56a0,True,False,TURTLE CREEK,data.pa.gov,42003509400,False,False
ALLEGHENY,DHAN LAXMI CORPORATION,DHAN LAXMI CORPORATION,15239-1359,USA,02**9139,Cigarette/OTP Retail,2027-02-28,255 UNITY CENTER RD,PITTSBURGH,PA,-79.7805,40.48998,DHAN LAXMI CORPORATION,255 UNITY CENTER RD,15239,255 UNITY CENTER RD|15239,DHAN LAXMI CORPORATION|255 UNITY CENTER RD|15239,255 UNITY CENTER RD,b251da0eec,True,False,PITTSBURGH,data.pa.gov,42003526201,False,True
ALLEGHENY,FMLONE CORPORATION,7-ELEVEN STORE 2702-36193A,15220-3238,USA,02**6984,Cigarette/OTP Retail,2027-02-28,999 GREENTREE RD,PITTSBURGH,PA,-80.0447,40.41673,7-ELEVEN STORE 2702-36193A,999 GREENTREE RD,15220,999 GREENTREE RD|15220,7-ELEVEN STORE 2702-36193A|999 GREENTREE RD|15220,999 GREENTREE RD,7920cffb4f,True,False,PITTSBURGH,data.pa.gov,42003469000,False,True
ALLEGHENY,SHEETZ INC,SHEETZ # 617,15143-8504,USA,02**2522,Cigarette/OTP Retail,2027-02-28,2615 NICHOLSON RD,SEWICKLEY,PA,-80.10055,40.61254,SHEETZ # 617,2615 NICHOLSON RD,15143,2615 NICHOLSON RD|15143,SHEETZ # 617|2615 NICHOLSON RD|15143,2615 NICHOLSON RD,5297cb9d8a,True,False,SEWICKLEY,data.pa.gov,42003412004,False,False
ALLEGHENY,DOLGENCORP LLC,DOLLAR GENERAL STORE #8103,15205-3054,USA,02**6329,Cigarette/OTP Retail,2027-02-28,131 BRADFORD AVE,CRAFTON,PA,-80.06678,40.43393,DOLLAR GENERAL STORE #8103,131 BRADFORD AVE,15205,131 BRADFORD AVE|15205,DOLLAR GENERAL STORE #8103|131 BRADFORD AVE|15205,131 BRADFORD AVE,dfd32dfb85,True,False,CRAFTON,data.pa.gov,42003465800,False,False
ALLEGHENY,GLASSMERE FUEL SERVICE INC,GLASSMERE FOOD MART 252,15144,USA,02**5599,Cigarette/OTP Retail,2027-02-28,3001 PITTSBURGH ST,SPRINGDALE,PA,,,GLASSMERE FOOD MART 252,3001 PITTSBURGH ST,15144,3001 PITTSBURGH ST|15144,GLASSMERE FOOD MART 252|3001 PITTSBURGH ST|15144,3001 PITTSBURGH ST,bb9fd6efc8,True,False,SPRINGDALE,census_geocoder,,False,False
ALLEGHENY,PUJA ENTERPRISES INC,BEER & POP 4 LESS,15108-4229,USA,02**0650,Cigarette/OTP Retail,2027-02-28,5990 UNIVERSITY BLVD STE 2,CORAOPOLIS,PA,-80.21886,40.52011,BEER & POP 4 LESS,5990 UNIVERSITY BLVD STE 2,15108,5990 UNIVERSITY BLVD STE 2|15108,BEER & POP 4 LESS|5990 UNIVERSITY BLVD STE 2|15108,5990 UNIVERSITY BLVD,248acc0d2e,True,False,CORAOPOLIS,data.pa.gov,42003451101,False,False
ALLEGHENY,BELLEVUE TOBACCO & NEWS LLC,BELLEVUE TOBACCO & NEWS LLC,15202-3439,USA,02**9569,Cigarette/OTP Retail,2027-02-28,615 LINCOLN AVE STE 1,BELLEVUE,PA,-80.05879,40.49716,BELLEVUE TOBACCO & NEWS LLC,615 LINCOLN AVE STE 1,15202,615 LINCOLN AVE STE 1|15202,BELLEVUE TOBACCO & NEWS LLC|615 LINCOLN AVE STE 1|15202,615 LINCOLN AVE,04f7271411,True,False,BELLEVUE,data.pa.gov,42003431500,False,False
ALLEGHENY,MINAXI LLC,TARENTUM MINI MART,15084-1508,USA,02**5020,Cigarette/OTP Retail,2027-02-28,331 E 6TH AVE,TARENTUM,PA,-79.75268,40.603,TARENTUM MINI MART,331 E 6TH AVE,15084,331 E 6TH AVE|15084,TARENTUM MINI MART|331 E 6TH AVE|15084,331 E 6TH AVE,f998fa4613,True,False,TARENTUM,data.pa.gov,42003403500,False,False
ALLEGHENY,ECLIPSE WHOLESALE INC,ECLIPSE WHOLESALE INC,15201-3205,USA,02**8509,OTP Wholesaler,2027-02-28,26 39TH ST,PITTSBURGH,PA,-79.96621,40.47082,ECLIPSE WHOLESALE INC,26 39TH ST,15201,26 39TH ST|15201,ECLIPSE WHOLESALE INC|26 39TH ST|15201,26 39TH ST,f610e6cb8e,False,True,PITTSBURGH,data.pa.gov,42003060300,True,True
ALLEGHENY,PATTON MICHAEL P,STEPPS WESTEND TAVERN,15084,USA,02**5102,Cigarette Vending,2027-02-28,240 W 7TH AVE.,TARENTUM,PA,-79.76205,40.59956,STEPPS WESTEND TAVERN,240 W 7TH AVE,15084,240 W 7TH AVE|15084,STEPPS WESTEND TAVERN|240 W 7TH AVE|15084,240 W 7TH AVE,8856ccf0f0,False,True,TARENTUM,data.pa.gov,42003403500,False,False
ALLEGHENY,KEYSTONE R & M LLC,KEYSTONE VAPORS,15234-2230,USA,02**5234,OTP Retail,2027-02-28,3613 LIBRARY RD,PITTSBURGH,PA,-80.01812,40.36488,KEYSTONE VAPORS,3613 LIBRARY RD,15234,3613 LIBRARY RD|15234,KEYSTONE VAPORS|3613 LIBRARY RD|15234,3613 LIBRARY RD,e95a01420f,True,False,PITTSBURGH,data.pa.gov,42003476200,False,True
ALLEGHENY,TULSI OIL CORP,MCKEES ROCKS SUNOCO A PLUS,15204-1333,USA,02**8220,Cigarette/OTP Retail,2027-02-28,351 STANHOPE ST,PITTSBURGH,PA,-80.05631,40.46346,MCKEES ROCKS SUNOCO A PLUS,351 STANHOPE ST,15204,351 STANHOPE ST|15204,MCKEES ROCKS SUNOCO A PLUS|351 STANHOPE ST|15204,351 STANHOPE ST,016ad79102,True,False,PITTSBURGH,data.pa.gov,42003562500,True,True
ALLEGHENY,MIDNIGHT MARKET VENDING LLC,CHAMPIONS SPORTS BAR & GRILL,15227-2716,USA,02**4832,OTP Vending,2027-02-28,3344 SAW MILL RUN BLVD,BRENTWOOD,PA,-79.98269,40.37465,CHAMPIONS SPORTS BAR & GRILL,3344 SAW MILL RUN BLVD,15227,3344 SAW MILL RUN BLVD|15227,CHAMPIONS SPORTS BAR & GRILL|3344 SAW MILL RUN BLVD|15227,3344 SAW MILL RUN BLVD,dde783c252,False,True,BRENTWOOD,data.pa.gov,42003478100,False,False
ALLEGHENY,KESARI PETRO INC.,KESARI PETRO INC,15229-1334,USA,02**7924,Cigarette/OTP Retail,2027-02-28,100 ROCHESTER RD,WEST VIEW,PA,-80.02503,40.52071,KESARI PETRO INC,100 ROCHESTER RD,15229,100 ROCHESTER RD|15229,KESARI PETRO INC|100 ROCHESTER RD|15229,100 ROCHESTER RD,ab99581ef1,True,False,WEST VIEW,data.pa.gov,42003430100,False,False
ALLEGHENY,FAMILY DOLLAR STORES OF PA LLC,FAMILY DOLLAR STORE #32193,15084-1408,USA,02**7649,Cigarette Retail,2027-02-28,140 W 7TH AVE # 32193,TARENTUM,PA,-79.76061,40.60035,FAMILY DOLLAR STORE #32193,140 W 7TH AVE # 32193,15084,140 W 7TH AVE # 32193|15084,FAMILY DOLLAR STORE #32193|140 W 7TH AVE # 32193|15084,140 W 7TH AVE 32193,6f965501fe,True,False,TARENTUM,data.pa.gov,42003403500,False,False
ALLEGHENY,NEUPANE BROTHERS LLC,001,15236-4621,USA,02**2445,Cigarette/OTP Retail,2027-02-28,308 CURRY HOLLOW RD,PLEASANT HILLS,PA,-79.97597,40.33746,001,308 CURRY HOLLOW RD,15236,308 CURRY HOLLOW RD|15236,001|308 CURRY HOLLOW RD|15236,308 CURRY HOLLOW RD,c49c5df74b,True,False,PLEASANT HILLS,data.pa.gov,42003480101,False,False
ALLEGHENY,SHUBHSWARA INC.,SHUBHSWARA INC #2,15132-2512,USA,02**4998,Cigarette/OTP Retail,2027-02-28,600 LYSLE BLVD,MCKEESPORT,PA,-79.85923,40.35172,SHUBHSWARA INC #2,600 LYSLE BLVD,15132,600 LYSLE BLVD|15132,SHUBHSWARA INC #2|600 LYSLE BLVD|15132,600 LYSLE BLVD,6b00ed153b,True,False,MCKEESPORT,data.pa.gov,42003551900,False,False
ALLEGHENY,PATTON MICHAEL P,GOLDEN GOBLET,15146-2011,USA,02**5102,Cigarette Vending,2027-02-28,1741 GOLDEN MILE HWY,MONROEVILLE,PA,-79.71384,40.44281,GOLDEN GOBLET,1741 GOLDEN MILE HWY,15146,1741 GOLDEN MILE HWY|15146,GOLDEN GOBLET|1741 GOLDEN MILE HWY|15146,1741 GOLDEN MILE HWY,0a9e42f8f1,False,True,MONROEVILLE,data.pa.gov,42003521500,False,False
ALLEGHENY,PINKYS VENDING INC,ROSE CLIFF LOUNGE,15146-2508,USA,02**7775,Cigarette Vending,2027-02-28,4040 MONROEVILLE BLVD,MONROEVILLE,PA,-79.76905,40.43494,ROSE CLIFF LOUNGE,4040 MONROEVILLE BLVD,15146,4040 MONROEVILLE BLVD|15146,ROSE CLIFF LOUNGE|4040 MONROEVILLE BLVD|15146,4040 MONROEVILLE BLVD,8d082f88b6,False,True,MONROEVILLE,data.pa.gov,42003521302,False,False
ALLEGHENY,GETGO OPERATING LLC,GETGO #3106,15221-2136,USA,02**1639,Cigarette/OTP Retail,2027-02-28,408 PENN AVE,WILKINSBURG,PA,-79.8894,40.44496,GETGO #3106,408 PENN AVE,15221,408 PENN AVE|15221,GETGO #3106|408 PENN AVE|15221,408 PENN AVE,86816d0de6,True,False,WILKINSBURG,data.pa.gov,42003560400,False,False
ALLEGHENY,SPEEDWAY LLC,SPEEDWAY #2926,15025-1912,USA,02**4002,Cigarette Retail,2027-02-28,222 STATE ST,CLAIRTON,PA,-79.87556,40.29906,SPEEDWAY #2926,222 STATE ST,15025,222 STATE ST|15025,SPEEDWAY #2926|222 STATE ST|15025,222 STATE ST,68d8741354,True,False,CLAIRTON,data.pa.gov,42003492700,False,False
ALLEGHENY,STEEL VALLEY BEER LLC,STEEL VALLEY BEER,15120-2536,USA,02**2567,Cigarette/OTP Retail,2027-02-28,117 E 22ND AVE,MUNHALL,PA,-79.90263,40.39766,STEEL VALLEY BEER,117 E 22ND AVE,15120,117 E 22ND AVE|15120,STEEL VALLEY BEER|117 E 22ND AVE|15120,117 E 22ND AVE,caae6b3137,True,False,MUNHALL,data.pa.gov,42003484600,False,False
ALLEGHENY,SHIV OIL INC,MCKEESPORT MARATHON,15132-3505,USA,02**8808,Cigarette/OTP Retail,2027-02-28,710 W 5TH AVE,MCKEESPORT,PA,-79.88118,40.34669,MCKEESPORT MARATHON,710 W 5TH AVE,15132,710 W 5TH AVE|15132,MCKEESPORT MARATHON|710 W 5TH AVE|15132,710 W 5TH AVE,fb49772345,True,False,MCKEESPORT,data.pa.gov,42003552200,False,False
ALLEGHENY,SAMS MARKET INC,SAMS MARKET,15206-2344,USA,02**4730,Cigarette Retail,2027-02-28,7356 STRANAHAN ST,PITTSBURGH,PA,-79.88999,40.46169,SAMS MARKET,7356 STRANAHAN ST,15206,7356 STRANAHAN ST|15206,SAMS MARKET|7356 STRANAHAN ST|15206,7356 STRANAHAN ST,f5f9cf0a97,True,False,PITTSBURGH,data.pa.gov,42003130700,True,True
ALLEGHENY,PATTON MICHAEL P,YMR CLUB,15212-4926,USA,02**5102,Cigarette Vending,2027-02-28,631 SUISMON ST,PITTSBURGH,PA,-79.99863,40.45557,YMR CLUB,631 SUISMON ST,15212,631 SUISMON ST|15212,YMR CLUB|631 SUISMON ST|15212,631 SUISMON ST,3eaa4cc87a,False,True,PITTSBURGH,data.pa.gov,42003563202,True,True
ALLEGHENY,PARADISE ISLAND HOOKAH LOUNGE LLC,PARADISE ISLAND HOOKAH LOUNGE LLC,15110-1015,USA,02**2206,Cigarette/OTP Retail,2027-02-28,23 DUQUESNE BLVD BLDG 4,DUQUESNE,PA,-79.84465,40.37342,PARADISE ISLAND HOOKAH LOUNGE LLC,23 DUQUESNE BLVD BLDG 4,15110,23 DUQUESNE BLVD BLDG 4|15110,PARADISE ISLAND HOOKAH LOUNGE LLC|23 DUQUESNE BLVD BLDG 4|15110,23 DUQUESNE BLVD BLDG 4,8c0da62dbc,True,False,DUQUESNE,data.pa.gov,42003486800,False,False
ALLEGHENY,EL FUMADOR CIGARS PIPES TOBACCO INC,EL FUMADOR CIGARS PIPES TOBACCO INC,15143,USA,02**3108,Cigarette/OTP Retail,2027-02-28,511A BEAVER STREET,SEWICKLEY,PA,-80.17991,40.53993,EL FUMADOR CIGARS PIPES TOBACCO INC,511A BEAVER STREET,15143,511A BEAVER STREET|15143,EL FUMADOR CIGARS PIPES TOBACCO INC|511A BEAVER STREET|15143,511A BEAVER ST,c142b2393b,True,False,SEWICKLEY,data.pa.gov,42003445500,False,False
ALLEGHENY,WEST VIEW TOBACCO BEER OUTLET LLC,WEST VIEW TOBACCO BEER OUTLET LLC,15229-1771,USA,02**4813,Cigarette Retail,2027-02-28,1030 W VIEW PARK DR,PITTSBURGH,PA,-80.03799,40.51753,WEST VIEW TOBACCO BEER OUTLET LLC,1030 W VIEW PARK DR,15229,1030 W VIEW PARK DR|15229,WEST VIEW TOBACCO BEER OUTLET LLC|1030 W VIEW PARK DR|15229,1030 W VIEW PARK DR,24ccec4163,True,False,PITTSBURGH,data.pa.gov,42003430200,False,True
ALLEGHENY,SUPER STOP CONVENIENCE STORES CORPORATION,SUPER STOP CONVENIENCE STORES CORP,15104-1130,USA,02**8070,Cigarette/OTP Retail,2027-02-28,430 KENMAWR AVE,RANKIN,PA,-79.87628,40.41196,SUPER STOP CONVENIENCE STORES CORP,430 KENMAWR AVE,15104,430 KENMAWR AVE|15104,SUPER STOP CONVENIENCE STORES CORP|430 KENMAWR AVE|15104,430 KENMAWR AVE,ca7666ba7a,True,False,RANKIN,data.pa.gov,42003514000,False,False
ALLEGHENY,O C I INC,GRAFT OIL CO 223,15221-4823,USA,70**0003,Cigarette/OTP Retail,2027-02-28,2131 ARDMORE BLVD,PITTSBURGH,PA,-79.84911,40.41894,GRAFT OIL CO 223,2131 ARDMORE BLVD,15221,2131 ARDMORE BLVD|15221,GRAFT OIL CO 223|2131 ARDMORE BLVD|15221,2131 ARDMORE BLVD,f66cb10c4c,True,False,PITTSBURGH,data.pa.gov,42003563900,False,True
ALLEGHENY,M & M BROTHERS UNITED INC,GO GO'S MARKET,15207-1691,USA,02**4806,Cigarette Retail,2027-02-28,5001 2ND AVE STE A,PITTSBURGH,PA,-79.94365,40.40844,GO GO'S MARKET,5001 2ND AVE STE A,15207,5001 2ND AVE STE A|15207,GO GO'S MARKET|5001 2ND AVE STE A|15207,5001 2ND AVE,73a03a9415,True,False,PITTSBURGH,data.pa.gov,42003562300,True,True
ALLEGHENY,LIVINGSTON PHARMACY INC,LIVINGSTON PHARMACY,15025-1744,USA,02**5251,Cigarette Retail,2027-02-28,550 MILLER AVE,CLAIRTON,PA,-79.88315,40.29356,LIVINGSTON PHARMACY,550 MILLER AVE,15025,550 MILLER AVE|15025,LIVINGSTON PHARMACY|550 MILLER AVE|15025,550 MILLER AVE,792bf2008a,True,False,CLAIRTON,data.pa.gov,42003492800,False,False
ALLEGHENY,CAMMCC INC,CAMERON'S BREW'RY OUTLET,15116-2634,USA,02**4888,Cigarette/OTP Retail,2027-02-28,966 WILLIAM FLYNN HWY,GLENSHAW,PA,-79.95354,40.51586,CAMERON'S BREW'RY OUTLET,966 WILLIAM FLYNN HWY,15116,966 WILLIAM FLYNN HWY|15116,CAMERON'S BREW'RY OUTLET|966 WILLIAM FLYNN HWY|15116,966 WILLIAM FLYNN HWY,5e2f9c07ad,True,False,GLENSHAW,data.pa.gov,42003426700,False,False
ALLEGHENY,KESARI LLC,KESARI LLC,15210-1560,USA,02**4601,Cigarette/OTP Retail,2027-02-28,838 E WARRINGTON AVE,PITTSBURGH,PA,-79.99208,40.4218,KESARI LLC,838 E WARRINGTON AVE,15210,838 E WARRINGTON AVE|15210,KESARI LLC|838 E WARRINGTON AVE|15210,838 E WARRINGTON AVE,26d8fef087,True,False,PITTSBURGH,data.pa.gov,42003180300,True,True
ALLEGHENY,HDSS LLC,HAPPY DRAGON MT WASHINGTON,15211-1623,USA,02**4553,Cigarette/OTP Retail,2027-02-28,207 SHILOH ST BLDG 1,PITTSBURGH,PA,-80.0074,40.43038,HAPPY DRAGON MT WASHINGTON,207 SHILOH ST BLDG 1,15211,207 SHILOH ST BLDG 1|15211,HAPPY DRAGON MT WASHINGTON|207 SHILOH ST BLDG 1|15211,207 SHILOH ST BLDG 1,c904a57850,True,False,PITTSBURGH,data.pa.gov,42003191400,True,True
ALLEGHENY,GAJANAN ENTERPRISE LLC,SMOKE CONNECTION,15217-1602,USA,02**5364,OTP Retail,2027-02-28,5804 FORBES AVE,PITTSBURGH,PA,-79.92256,40.43806,SMOKE CONNECTION,5804 FORBES AVE,15217,5804 FORBES AVE|15217,SMOKE CONNECTION|5804 FORBES AVE|15217,5804 FORBES AVE,2b9b48a111,True,False,PITTSBURGH,data.pa.gov,42003140300,True,True
ALLEGHENY,DOLGENCORP LLC,DOLLAR GENERAL #17870,15037-2053,USA,02**4362,OTP Retail,2027-02-28,420 SCENERY DR,ELIZABETH,PA,-79.83828,40.27616,DOLLAR GENERAL #17870,420 SCENERY DR,15037,420 SCENERY DR|15037,DOLLAR GENERAL #17870|420 SCENERY DR|15037,420 SCENERY DR,f91742ad2f,True,False,ELIZABETH,data.pa.gov,42003496101,False,False
ALLEGHENY,SHEETZ INC,SHEETZ #515,15102-2913,USA,70**7299,Cigarette/OTP Retail,2027-02-28,4599 LIBRARY RD,BETHEL PARK,PA,-80.0224,40.35065,SHEETZ #515,4599 LIBRARY RD,15102,4599 LIBRARY RD|15102,SHEETZ #515|4599 LIBRARY RD|15102,4599 LIBRARY RD,70f8a3c055,True,False,BETHEL PARK,data.pa.gov,42003475401,False,False
ALLEGHENY,UNITY SMOKE LLC,UNITY SMOKE LLC,15239-1317,USA,02**2483,Cigarette/OTP Retail,2027-02-28,325 UNITY CENTER RD,PITTSBURGH,PA,-79.77853,40.48959,UNITY SMOKE LLC,325 UNITY CENTER RD,15239,325 UNITY CENTER RD|15239,UNITY SMOKE LLC|325 UNITY CENTER RD|15239,325 UNITY CENTER RD,02656bef91,True,False,PITTSBURGH,data.pa.gov,42003526201,False,True
ALLEGHENY,PATTON MICHAEL P,DUTCH CLUB,15220-5620,USA,02**5102,Cigarette Vending,2027-02-28,925 CHARTIERS AVE,PITTSBURGH,PA,-80.04037,40.44373,DUTCH CLUB,925 CHARTIERS AVE,15220,925 CHARTIERS AVE|15220,DUTCH CLUB|925 CHARTIERS AVE|15220,925 CHARTIERS AVE,41446119e7,False,True,PITTSBURGH,data.pa.gov,42003562600,True,True
ALLEGHENY,GIANT EAGLE INC,GIANT EAGLE #1220,15131-2439,USA,02**0397,Cigarette/OTP Retail,2027-02-28,2001 LINCOLN WAY STE 25,WHITE OAK,PA,-79.8053,40.33652,GIANT EAGLE #1220,2001 LINCOLN WAY STE 25,15131,2001 LINCOLN WAY STE 25|15131,GIANT EAGLE #1220|2001 LINCOLN WAY STE 25|15131,2001 LINCOLN WAY,7f84b1457e,True,False,WHITE OAK,data.pa.gov,42003564200,False,False
ALLEGHENY,BEARS HOLDINGS,KENMAWR BREW THRU,15136-1536,USA,02**0994,Cigarette/OTP Retail,2027-02-28,1726 PINE HOLLOW RD,MC KEES ROCKS,PA,-80.09728,40.47597,KENMAWR BREW THRU,1726 PINE HOLLOW RD,15136,1726 PINE HOLLOW RD|15136,KENMAWR BREW THRU|1726 PINE HOLLOW RD|15136,1726 PINE HOLLOW RD,49acf1fe42,True,False,MC KEES ROCKS,data.pa.gov,42003460001,False,False
ALLEGHENY,CLOUD ZONE LLC,CLOUD ZONE LLC,15017-2016,USA,02**5118,Cigarette/OTP Retail,2027-02-28,502 WASHINGTON AVE,BRIDGEVILLE,PA,-80.11231,40.3583,CLOUD ZONE LLC,502 WASHINGTON AVE,15017,502 WASHINGTON AVE|15017,CLOUD ZONE LLC|502 WASHINGTON AVE|15017,502 WASHINGTON AVE,c8d7eac01e,True,False,BRIDGEVILLE,data.pa.gov,42003457100,False,False
ALLEGHENY,DOLGENCORP LLC,DOLLAR GENERAL STORE #31767,15045-1652,USA,02**4291,Cigarette/OTP Retail,2027-02-28,210 9TH ST,GLASSPORT,PA,-79.89208,40.32089,DOLLAR GENERAL STORE #31767,210 9TH ST,15045,210 9TH ST|15045,DOLLAR GENERAL STORE #31767|210 9TH ST|15045,210 9TH ST,df5cb8da90,True,False,GLASSPORT,data.pa.gov,42003499400,False,False
ALLEGHENY,SAVE N GO INCORPORATED,SAVE N GO,15044-9516,USA,02**4401,Cigarette/OTP Retail,2027-02-28,5610 WILLIAM FLYNN HWY,GIBSONIA,PA,-79.93918,40.63552,SAVE N GO,5610 WILLIAM FLYNN HWY,15044,5610 WILLIAM FLYNN HWY|15044,SAVE N GO|5610 WILLIAM FLYNN HWY|15044,5610 WILLIAM FLYNN HWY,784b5d7cf5,True,False,GIBSONIA,data.pa.gov,42003408001,False,False
ALLEGHENY,VBD VENDING LLC,YESTERDAY'S BAR AND GRILL,15207-1051,USA,02**0569,OTP Vending,2027-02-28,501 GREENFIELD AVE,PITTSBURGH,PA,-79.94231,40.42555,YESTERDAY'S BAR AND GRILL,501 GREENFIELD AVE,15207,501 GREENFIELD AVE|15207,YESTERDAY'S BAR AND GRILL|501 GREENFIELD AVE|15207,501 GREENFIELD AVE,bc3c29d28f,False,True,PITTSBURGH,data.pa.gov,42003151600,True,True
ALLEGHENY,SPEEDWAY LLC,SPEEDWAY #2906,15137-2553,USA,02**8270,Cigarette/OTP Retail,2027-02-28,1700 LINCOLN HWY,NORTH VERSAILLES,PA,-79.78613,40.3701,SPEEDWAY #2906,1700 LINCOLN HWY,15137,1700 LINCOLN HWY|15137,SPEEDWAY #2906|1700 LINCOLN HWY|15137,1700 LINCOLN HWY,9c02543f9f,True,False,NORTH VERSAILLES,data.pa.gov,42003564400,False,False
ALLEGHENY,RADHE SHYAM OIL CORP,SHOP MART,15221-3022,USA,02**5391,Cigarette/OTP Retail,2027-02-28,625 ARDMORE BLVD,WILKINSBURG,PA,-79.8739,40.43734,SHOP MART,625 ARDMORE BLVD,15221,625 ARDMORE BLVD|15221,SHOP MART|625 ARDMORE BLVD|15221,625 ARDMORE BLVD,55ef93f4fb,True,False,WILKINSBURG,data.pa.gov,42003564700,False,False
ALLEGHENY,SHEETZ INC,SHEETZ #677,15017-1416,USA,02**0543,Cigarette/OTP Retail,2027-02-28,3109 WASHINGTON PIKE,BRIDGEVILLE,PA,-80.11205,40.34834,SHEETZ #677,3109 WASHINGTON PIKE,15017,3109 WASHINGTON PIKE|15017,SHEETZ #677|3109 WASHINGTON PIKE|15017,3109 WASHINGTON PIKE,4f9ceda27b,True,False,BRIDGEVILLE,data.pa.gov,42003456004,False,False
ALLEGHENY,AURA TOBACCO & VAPE CORP,AURA TOBACCO & VAPE CORP,15235-4522,USA,02**3744,Cigarette/OTP Retail,2027-02-28,500 RODI RD,PITTSBURGH,PA,-79.82642,40.45256,AURA TOBACCO & VAPE CORP,500 RODI RD,15235,500 RODI RD|15235,AURA TOBACCO & VAPE CORP|500 RODI RD|15235,500 RODI RD,d4887a3a9d,True,False,PITTSBURGH,data.pa.gov,42003523400,False,True
ALLEGHENY,PRESTO QWIK STOP LLC,PRESTO QWIK STOP LLC,15142-1116,USA,02**0682,Cigarette/OTP Retail,2027-02-28,5237 THOMS RUN RD,PRESTO,PA,-80.11918,40.3731,PRESTO QWIK STOP LLC,5237 THOMS RUN RD,15142,5237 THOMS RUN RD|15142,PRESTO QWIK STOP LLC|5237 THOMS RUN RD|15142,5237 THOMS RUN RD,39511d8965,True,False,PRESTO,data.pa.gov,42003458001,False,False
ALLEGHENY,OLYMPIA PARK PLAZA SHOP N SAVE LLC,OLYMPIA SHOP N SAVE,15132-6135,USA,02**4029,Cigarette/OTP Retail,2027-02-28,4313 WALNUT ST STE 350,MCKEESPORT,PA,-79.83486,40.32153,OLYMPIA SHOP N SAVE,4313 WALNUT ST STE 350,15132,4313 WALNUT ST STE 350|15132,OLYMPIA SHOP N SAVE|4313 WALNUT ST STE 350|15132,4313 WALNUT ST,eb75e134e8,True,False,MCKEESPORT,data.pa.gov,42003501000,False,False
ALLEGHENY,GIANT EAGLE INC,GIANT EAGLE #69,15235-1432,USA,02**5145,OTP Retail,2027-02-28,9001 FRANKSTOWN #69 RD,PITTSBURGH,PA,-79.86535,40.46233,GIANT EAGLE #69,9001 FRANKSTOWN #69 RD,15235,9001 FRANKSTOWN #69 RD|15235,GIANT EAGLE #69|9001 FRANKSTOWN #69 RD|15235,9001 FRANKSTOWN 69 RD,7099d1c5e5,True,False,PITTSBURGH,data.pa.gov,42003523200,False,True
ALLEGHENY,MCKNIGHT SMOKE SHOP,MCKNIGHT SMOKE SHOP,15237-3519,USA,02**2263,Cigarette/OTP Retail,2027-02-28,7773 MCKNIGHT RD,PITTSBURGH,PA,-80.01838,40.54698,MCKNIGHT SMOKE SHOP,7773 MCKNIGHT RD,15237,7773 MCKNIGHT RD|15237,MCKNIGHT SMOKE SHOP|7773 MCKNIGHT RD|15237,7773 MCKNIGHT RD,88ad1055d8,True,False,PITTSBURGH,data.pa.gov,42003429500,False,True
ALLEGHENY,J A S WEB INC,SHOP N GO ONE,15207-2409,USA,02**1241,Cigarette/OTP Retail,2027-02-28,6001 BUTTERMILK HOLLOW RD,PITTSBURGH,PA,-79.90737,40.3627,SHOP N GO ONE,6001 BUTTERMILK HOLLOW RD,15207,6001 BUTTERMILK HOLLOW RD|15207,SHOP N GO ONE|6001 BUTTERMILK HOLLOW RD|15207,6001 BUTTERMILK HOLLOW RD,38b6d8b596,True,False,PITTSBURGH,data.pa.gov,42003310200,True,True
ALLEGHENY,PATTON MICHAEL P,BUENA VISTA FIREHALL,15018,USA,02**5102,Cigarette Vending,2027-02-28,3333 FIRE STATION ST,BUENA VISTA,PA,-79.79955,40.27564,BUENA VISTA FIREHALL,3333 FIRE STATION ST,15018,3333 FIRE STATION ST|15018,BUENA VISTA FIREHALL|3333 FIRE STATION ST|15018,3333 FIRE STATION ST,c57bd67e01,False,True,BUENA VISTA,data.pa.gov,42003496200,False,False
ALLEGHENY,79 SMOKE & VAPE LLC,79 SMOKE & VAPE LLC,15225-1218,USA,02**0801,Cigarette/OTP Retail,2027-02-28,6210 GRAND AVE,PITTSBURGH,PA,-80.13635,40.51354,79 SMOKE & VAPE LLC,6210 GRAND AVE,15225,6210 GRAND AVE|15225,79 SMOKE & VAPE LLC|6210 GRAND AVE|15225,6210 GRAND AVE,c078d58a86,True,False,PITTSBURGH,data.pa.gov,42003461000,False,True
ALLEGHENY,DOLGENCORP LLC,DOLLAR GENERAL STORE 542,15037-1537,USA,02**5991,Cigarette/OTP Retail,2027-02-28,352 N 2ND AVE,ELIZABETH,PA,-79.88528,40.27406,DOLLAR GENERAL STORE 542,352 N 2ND AVE,15037,352 N 2ND AVE|15037,DOLLAR GENERAL STORE 542|352 N 2ND AVE|15037,352 N 2ND AVE,1656a7e7dd,True,False,ELIZABETH,data.pa.gov,42003494000,False,False
ALLEGHENY,BAR 48 LLC,BAR 48,15037-2549,USA,02**7180,OTP Vending,2027-02-28,101 SIMPSON HOWELL RD,ELIZABETH,PA,-79.83717,40.27255,BAR 48,101 SIMPSON HOWELL RD,15037,101 SIMPSON HOWELL RD|15037,BAR 48|101 SIMPSON HOWELL RD|15037,101 SIMPSON HOWELL RD,22e439676b,False,True,ELIZABETH,data.pa.gov,42003496102,False,False
ALLEGHENY,GIANT EAGLE INC,GIANT EAGLE 60,15146-2506,USA,70**3107,Cigarette/OTP Retail,2027-02-28,4010 MONROEVILLE BLVD,MONROEVILLE,PA,-79.77082,40.43568,GIANT EAGLE 60,4010 MONROEVILLE BLVD,15146,4010 MONROEVILLE BLVD|15146,GIANT EAGLE 60|4010 MONROEVILLE BLVD|15146,4010 MONROEVILLE BLVD,9be455e132,True,False,MONROEVILLE,data.pa.gov,42003521301,False,False
ALLEGHENY,AMBE MA INC,EDGWEOOD BEER AND TOBACCO,15218-1663,USA,02**3547,Cigarette/OTP Retail,2027-02-28,1639 S BRADDOCK AVE,PITTSBURGH,PA,-79.88727,40.42796,EDGWEOOD BEER AND TOBACCO,1639 S BRADDOCK AVE,15218,1639 S BRADDOCK AVE|15218,EDGWEOOD BEER AND TOBACCO|1639 S BRADDOCK AVE|15218,1639 S BRADDOCK AVE,2c1adfd8d2,True,False,PITTSBURGH,data.pa.gov,42003516100,False,True
ALLEGHENY,HOMIES SMOKE PLUS INC,HOMIES SMOKE PLUS INC,15206-2712,USA,02**6655,Cigarette/OTP Retail,2027-02-28,1006 LINCOLN AVE,PITTSBURGH,PA,-79.90159,40.46401,HOMIES SMOKE PLUS INC,1006 LINCOLN AVE,15206,1006 LINCOLN AVE|15206,HOMIES SMOKE PLUS INC|1006 LINCOLN AVE|15206,1006 LINCOLN AVE,c439e5f780,True,False,PITTSBURGH,data.pa.gov,42003120300,True,True
ALLEGHENY,DELHI PETRO INC,SUNOCO MINI MART,15237-5454,USA,02**4866,Cigarette/OTP Retail,2027-02-28,9100 PERRY HWY,PITTSBURGH,PA,-80.0368,40.57233,SUNOCO MINI MART,9100 PERRY HWY,15237,9100 PERRY HWY|15237,SUNOCO MINI MART|9100 PERRY HWY|15237,9100 PERRY HWY,ee61fb9512,True,False,PITTSBURGH,data.pa.gov,42003413201,False,True
ALLEGHENY,T BONES INC,T-BONES/BP,15090-6928,USA,02**3976,Cigarette/OTP Retail,2027-02-28,100 VIP DR STE 101,WEXFORD,PA,-80.09326,40.61643,T-BONES/BP,100 VIP DR STE 101,15090,100 VIP DR STE 101|15090,T-BONES/BP|100 VIP DR STE 101|15090,100 VIP DR,fe8d2d3181,True,False,WEXFORD,data.pa.gov,42003411002,False,False
ALLEGHENY,ELECTRIC OASIS VENDING,ELECTRIC OASIS VENDING,15065-2619,USA,02**5303,OTP Retail,2027-02-28,57 GARFIELD ST,NATRONA HEIGHTS,PA,-79.72318,40.61328,ELECTRIC OASIS VENDING,57 GARFIELD ST,15065,57 GARFIELD ST|15065,ELECTRIC OASIS VENDING|57 GARFIELD ST|15065,57 GARFIELD ST,1e86bc1c5d,True,False,NATRONA HEIGHTS,data.pa.gov,42003401200,False,False
ALLEGHENY,GETGO OPERATING LLC,GETGO #3641,15017-1403,USA,02**1677,Cigarette/OTP Retail,2027-02-28,3029 WASHINGTON PIKE,BRIDGEVILLE,PA,-80.11464,40.35292,GETGO #3641,3029 WASHINGTON PIKE,15017,3029 WASHINGTON PIKE|15017,GETGO #3641|3029 WASHINGTON PIKE|15017,3029 WASHINGTON PIKE,da171839bb,True,False,BRIDGEVILLE,data.pa.gov,42003456003,False,False
ALLEGHENY,LOTUS OIL INC,TARENTUM,15084-1508,USA,02**4776,Cigarette Retail,2027-02-28,303 E 6TH AVE,TARENTUM,PA,-79.75418,40.60258,TARENTUM,303 E 6TH AVE,15084,303 E 6TH AVE|15084,TARENTUM|303 E 6TH AVE|15084,303 E 6TH AVE,99bfff20c1,True,False,TARENTUM,data.pa.gov,42003403500,False,False
ALLEGHENY,NIKITUK JACOB W,MCMINN'S IRISH PUB,15234-1811,USA,02**5008,Cigarette Vending,2027-02-28,3925 WILLOW AVE,PITTSBURGH,PA,-80.02799,40.36397,MCMINN'S IRISH PUB,3925 WILLOW AVE,15234,3925 WILLOW AVE|15234,MCMINN'S IRISH PUB|3925 WILLOW AVE|15234,3925 WILLOW AVE,cc7d7b25f9,False,True,PITTSBURGH,data.pa.gov,42003476100,False,True
ALLEGHENY,PETERS JOSEPH C,UKRANIAN CLUB,15148,USA,65**7908,Cigarette Vending,2027-02-28,BOX,WILMERDING,PA,,,UKRANIAN CLUB,BOX,15148,BOX|15148,UKRANIAN CLUB|BOX|15148,BOX,d6ab9a23d3,False,True,WILMERDING,census_geocoder,,False,False
ALLEGHENY,BELMONT AMUSEMENT COMPANY INC,GOOSKIS,15219-6748,USA,02**7694,Cigarette Vending,2027-02-28,3117 BRERETON ST,PITTSBURGH,PA,-79.96643,40.4567,GOOSKIS,3117 BRERETON ST,15219,3117 BRERETON ST|15219,GOOSKIS|3117 BRERETON ST|15219,3117 BRERETON ST,3fc515ab26,False,True,PITTSBURGH,data.pa.gov,42003060500,True,True
ALLEGHENY,LAXMI NARAYANA CORPORATION,LNC STORE #13 BD'S BP,15122-1103,USA,02**0003,Cigarette/OTP Retail,2027-02-28,4731 BUTTERMILK HOLLOW RD,WEST MIFFLIN,PA,-79.90807,40.35935,LNC STORE #13 BD'S BP,4731 BUTTERMILK HOLLOW RD,15122,4731 BUTTERMILK HOLLOW RD|15122,LNC STORE #13 BD'S BP|4731 BUTTERMILK HOLLOW RD|15122,4731 BUTTERMILK HOLLOW RD,2f67e81b95,True,False,WEST MIFFLIN,data.pa.gov,42003488300,False,False
ALLEGHENY,SHREE RIDDHI INC,PA,15090-1512,USA,02**1037,OTP Retail,2027-02-28,512 ROSECLIFF RD,WEXFORD,PA,-80.05041,40.63067,PA,512 ROSECLIFF RD,15090,512 ROSECLIFF RD|15090,PA|512 ROSECLIFF RD|15090,512 ROSECLIFF RD,7bcad5961e,True,False,WEXFORD,data.pa.gov,42003409001,False,False
ALLEGHENY,DK BEERS LLC,DK BEERS LLC,15227-2720,USA,02**2649,Cigarette/OTP Retail,2027-02-28,3550 SAW MILL RUN BLVD,PITTSBURGH,PA,-79.98212,40.37221,DK BEERS LLC,3550 SAW MILL RUN BLVD,15227,3550 SAW MILL RUN BLVD|15227,DK BEERS LLC|3550 SAW MILL RUN BLVD|15227,3550 SAW MILL RUN BLVD,cd594b2988,True,False,PITTSBURGH,data.pa.gov,42003478100,False,True
ALLEGHENY,MAHAVIR ENTERPRISE INC,MAHAVIR ENTERPRISE INC,15226-2101,USA,02**9573,Cigarette/OTP Retail,2027-02-28,721 BROOKLINE BLVD,PITTSBURGH,PA,-80.02095,40.39446,MAHAVIR ENTERPRISE INC,721 BROOKLINE BLVD,15226,721 BROOKLINE BLVD|15226,MAHAVIR ENTERPRISE INC|721 BROOKLINE BLVD|15226,721 BROOKLINE BLVD,20f2c7b46e,True,False,PITTSBURGH,data.pa.gov,42003191900,True,True
ALLEGHENY,NOVO VENDING SERVICE LLC,BRUSH CREEK INN,15086-7592,USA,02**0974,Cigarette Vending,2027-02-28,295 NORTHGATE DR,WARRENDALE,PA,-80.08111,40.65503,BRUSH CREEK INN,295 NORTHGATE DR,15086,295 NORTHGATE DR|15086,BRUSH CREEK INN|295 NORTHGATE DR|15086,295 NORTHGATE DR,9ff5e2fbe8,False,True,WARRENDALE,data.pa.gov,42003411002,False,False
ALLEGHENY,FAMILY DOLLAR STORES OF PA LLC,FAMILY DOLLAR #22396,15215-2301,USA,02**3925,Cigarette/OTP Retail,2027-02-28,909 MAIN ST,PITTSBURGH,PA,-79.93318,40.49459,FAMILY DOLLAR #22396,909 MAIN ST,15215,909 MAIN ST|15215,FAMILY DOLLAR #22396|909 MAIN ST|15215,909 MAIN ST,e91c49782b,True,False,PITTSBURGH,data.pa.gov,42003424000,False,True
ALLEGHENY,WATER STREET ASSOCIATES LLC,BUDDYS BREWS ON CARSON,15203-1964,USA,02**4351,Cigarette/OTP Retail,2027-02-28,2112 E CARSON ST STE A,PITTSBURGH,PA,-79.97561,40.42848,BUDDYS BREWS ON CARSON,2112 E CARSON ST STE A,15203,2112 E CARSON ST STE A|15203,BUDDYS BREWS ON CARSON|2112 E CARSON ST STE A|15203,2112 E CARSON ST,122af35b54,True,False,PITTSBURGH,data.pa.gov,42003160900,True,True
ALLEGHENY,SMOKING STARZ INC,SMOKING STARZ,15222-1722,USA,02**0941,Cigarette/OTP Retail,2027-02-28,433 MARKET ST,PITTSBURGH,PA,-80.00229,40.44108,SMOKING STARZ,433 MARKET ST,15222,433 MARKET ST|15222,SMOKING STARZ|433 MARKET ST|15222,433 MARKET ST,47824448f0,True,False,PITTSBURGH,data.pa.gov,42003020100,True,True
ALLEGHENY,LATHIA INVESTMENTS LLC,BOMBAY FOOD MARKET,15213-1503,USA,02**3080,Cigarette/OTP Retail,2027-02-28,4605 CENTRE AVE,PITTSBURGH,PA,-79.95171,40.45198,BOMBAY FOOD MARKET,4605 CENTRE AVE,15213,4605 CENTRE AVE|15213,BOMBAY FOOD MARKET|4605 CENTRE AVE|15213,4605 CENTRE AVE,fc583edd5e,True,False,PITTSBURGH,data.pa.gov,42003562000,True,True
ALLEGHENY,NIKITUK JACOB W,INDEPENDENT HOSE CO. / PRESTON,15136-2743,USA,02**5008,Cigarette Vending,2027-02-28,369 HELEN ST,MC KEES ROCKS,PA,-80.05887,40.47598,INDEPENDENT HOSE CO. / PRESTON,369 HELEN ST,15136,369 HELEN ST|15136,INDEPENDENT HOSE CO. / PRESTON|369 HELEN ST|15136,369 HELEN ST,2214c26037,False,True,MC KEES ROCKS,data.pa.gov,42003462100,False,False
ALLEGHENY,VBD VENDING LLC,FINN MCCOOL'S OAKLAND,15213-4162,USA,02**1592,OTP Vending,2027-02-28,418 SEMPLE ST,PITTSBURGH,PA,-79.95442,40.43665,FINN MCCOOL'S OAKLAND,418 SEMPLE ST,15213,418 SEMPLE ST|15213,FINN MCCOOL'S OAKLAND|418 SEMPLE ST|15213,418 SEMPLE ST,91baeffe8c,False,True,PITTSBURGH,data.pa.gov,42003040600,True,True
ALLEGHENY,D & D EXXON LLC,D&D EXXON LLC,15235-3632,USA,02**1245,Cigarette/OTP Retail,2027-02-28,7409 SALTSBURG RD BLDG 1,PITTSBURGH,PA,-79.7845,40.47765,D&D EXXON LLC,7409 SALTSBURG RD BLDG 1,15235,7409 SALTSBURG RD BLDG 1|15235,D&D EXXON LLC|7409 SALTSBURG RD BLDG 1|15235,7409 SALTSBURG RD BLDG 1,8223866f6b,True,False,PITTSBURGH,data.pa.gov,42003523702,False,True
ALLEGHENY,JEET ENTERPRISE INC,PENN HILLS SUNOCO,15235-4717,USA,02**6677,Cigarette/OTP Retail,2027-02-28,3899 OLD WILLIAM PENN HWY,PITTSBURGH,PA,-79.81329,40.44409,PENN HILLS SUNOCO,3899 OLD WILLIAM PENN HWY,15235,3899 OLD WILLIAM PENN HWY|15235,PENN HILLS SUNOCO|3899 OLD WILLIAM PENN HWY|15235,3899 OLD WILLIAM PENN HWY,251e978a5b,True,False,PITTSBURGH,data.pa.gov,42003523600,False,True
ALLEGHENY,NOSS ENTERPRISES INC,CENTURY SQUARE SHOP N SAVE,15122-2445,USA,02**3178,Cigarette/OTP Retail,2027-02-28,2381 MOUNTAIN VIEW DR,WEST MIFFLIN,PA,-79.94655,40.345,CENTURY SQUARE SHOP N SAVE,2381 MOUNTAIN VIEW DR,15122,2381 MOUNTAIN VIEW DR|15122,CENTURY SQUARE SHOP N SAVE|2381 MOUNTAIN VIEW DR|15122,2381 MOUNTAIN VIEW DR,1fb338fd69,True,False,WEST MIFFLIN,data.pa.gov,42003488600,False,False
ALLEGHENY,GGW SOUTH SIDE LIMITED,GLASS GALLERY & WELLNESS,15203-1586,USA,02**2537,OTP Retail,2027-02-28,1409 E CARSON ST,PITTSBURGH,PA,-79.98373,40.42885,GLASS GALLERY & WELLNESS,1409 E CARSON ST,15203,1409 E CARSON ST|15203,GLASS GALLERY & WELLNESS|1409 E CARSON ST|15203,1409 E CARSON ST,300ab2814d,True,False,PITTSBURGH,data.pa.gov,42003170200,True,True
ALLEGHENY,GIANT EAGLE INC,GIANT EAGLE #93,15227-3257,USA,02**8335,OTP Retail,2027-02-28,600 TOWNE SQUARE WAY,PITTSBURGH,PA,-79.98312,40.36588,GIANT EAGLE #93,600 TOWNE SQUARE WAY,15227,600 TOWNE SQUARE WAY|15227,GIANT EAGLE #93|600 TOWNE SQUARE WAY|15227,600 TOWNE SQ WAY,30669f3600,True,False,PITTSBURGH,data.pa.gov,42003478100,False,True
ALLEGHENY,DOLGENCORP LLC,DOLLAR GENERAL STORE #10277,15216-1810,USA,02**6283,Cigarette/OTP Retail,2027-02-28,1695 MCFARLAND RD,PITTSBURGH,PA,-80.04695,40.39589,DOLLAR GENERAL STORE #10277,1695 MCFARLAND RD,15216,1695 MCFARLAND RD|15216,DOLLAR GENERAL STORE #10277|1695 MCFARLAND RD|15216,1695 MCFARLAND RD,501a765406,True,False,PITTSBURGH,data.pa.gov,42003473100,False,True
ALLEGHENY,EXOTIC MOOD VAPE & CIGAR 10 LLC,EXOTIC MOOD VAPE & CIGAR 10 LLC,15090-6316,USA,02**1389,Cigarette/OTP Retail,2027-02-28,1500 VILLAGE RUN RD BUILDING 3 STE 316,WEXFORD,PA,-80.05734,40.63377,EXOTIC MOOD VAPE & CIGAR 10 LLC,1500 VILLAGE RUN RD BUILDING 3 STE 316,15090,1500 VILLAGE RUN RD BUILDING 3 STE 316|15090,EXOTIC MOOD VAPE & CIGAR 10 LLC|1500 VILLAGE RUN RD BUILDING 3 STE 316|15090,1500 VILLAGE RUN RD BUILDING 3,38016f42d6,True,False,WEXFORD,data.pa.gov,42003409001,False,False
ALLEGHENY,GAJANAN ENTERPRISE LLC,SMOKE CONNECTION,15102-2831,USA,02**7940,OTP Retail,2027-02-28,4982 LIBRARY RD,BETHEL PARK,PA,-80.027,40.3429,SMOKE CONNECTION,4982 LIBRARY RD,15102,4982 LIBRARY RD|15102,SMOKE CONNECTION|4982 LIBRARY RD|15102,4982 LIBRARY RD,677bcca701,True,False,BETHEL PARK,data.pa.gov,42003475102,False,False
ALLEGHENY,HARTMAN MUSIC INC,COAL MINE,15234,USA,02**7708,Cigarette Vending,2027-02-28,RR 88,CASTLE SHANNON,PA,,,COAL MINE,RR 88,15234,RR 88|15234,COAL MINE|RR 88|15234,RR 88,3b6e3b5d5c,False,True,CASTLE SHANNON,census_geocoder,,False,False
ALLEGHENY,HUSHAMI & PATEL LLC,HUSHAMI & PATEL LLC,15224-1609,USA,02**0562,Cigarette/OTP Retail,2027-02-28,4900 PENN AVE,PITTSBURGH,PA,-79.94482,40.46527,HUSHAMI & PATEL LLC,4900 PENN AVE,15224,4900 PENN AVE|15224,HUSHAMI & PATEL LLC|4900 PENN AVE|15224,4900 PENN AVE,04d23544ec,True,False,PITTSBURGH,data.pa.gov,42003101900,True,True
ALLEGHENY,HARTMAN MUSIC INC,TAGS,15210-2133,USA,02**7708,Cigarette Vending,2027-02-28,1 AMANDA AVE,PITTSBURGH,PA,-79.98823,40.41842,TAGS,1 AMANDA AVE,15210,1 AMANDA AVE|15210,TAGS|1 AMANDA AVE|15210,1 AMANDA AVE,67d04f213f,False,True,PITTSBURGH,data.pa.gov,42003300100,True,True
ALLEGHENY,PERRYS VAPOR COMPANY LLC,CLUB ELEGANCE,15104-1715,USA,02**4852,OTP Vending,2027-02-28,804 BRADDOCK AVE,BRADDOCK,PA,-79.86596,40.40137,CLUB ELEGANCE,804 BRADDOCK AVE,15104,804 BRADDOCK AVE|15104,CLUB ELEGANCE|804 BRADDOCK AVE|15104,804 BRADDOCK AVE,5f66889421,False,True,BRADDOCK,data.pa.gov,42003513800,False,False
ALLEGHENY,ADITYA1 INC,MCINTYRE BEER,15237-4096,USA,02**3213,Cigarette/OTP Retail,2027-02-28,3320 MCINTYRE SQUARE DR,PITTSBURGH,PA,-80.01869,40.55251,MCINTYRE BEER,3320 MCINTYRE SQUARE DR,15237,3320 MCINTYRE SQUARE DR|15237,MCINTYRE BEER|3320 MCINTYRE SQUARE DR|15237,3320 MCINTYRE SQ DR,0dcb8458e2,True,False,PITTSBURGH,data.pa.gov,42003429201,False,True
ALLEGHENY,MONTOUR HOTEL INC,MONTOUR HOTEL INC,15108-1624,USA,02**3208,Cigarette Retail,2027-02-28,1500 4TH AVE,CORAOPOLIS,PA,-80.15453,40.51495,MONTOUR HOTEL INC,1500 4TH AVE,15108,1500 4TH AVE|15108,MONTOUR HOTEL INC|1500 4TH AVE|15108,1500 4TH AVE,50b2219f8a,True,False,CORAOPOLIS,data.pa.gov,42003450700,False,False
ALLEGHENY,WALGREEN EASTERN CO INC,WALGREENS #09188,15236-3905,USA,70**9042,Cigarette/OTP Retail,2027-02-28,4 OLD CLAIRTON RD,PITTSBURGH,PA,-79.96636,40.34028,WALGREENS #09188,4 OLD CLAIRTON RD,15236,4 OLD CLAIRTON RD|15236,WALGREENS #09188|4 OLD CLAIRTON RD|15236,4 OLD CLAIRTON RD,105a2d49f1,True,False,PITTSBURGH,data.pa.gov,42003489002,False,True
ALLEGHENY,BGILL INC,BABCOCK BEER,15209-1386,USA,02**3250,Cigarette/OTP Retail,2027-02-28,2199 BABCOCK BLVD STE 4,PITTSBURGH,PA,-79.9936,40.5106,BABCOCK BEER,2199 BABCOCK BLVD STE 4,15209,2199 BABCOCK BLVD STE 4|15209,BABCOCK BEER|2199 BABCOCK BLVD STE 4|15209,2199 BABCOCK BLVD,77ace005de,True,False,PITTSBURGH,data.pa.gov,42003429100,False,True
ALLEGHENY,K&T FISH AND CHICKEN INC,K & T FISH AND CHICKEN INC,15213-1500,USA,02**8140,Cigarette Retail,2027-02-28,4521 CENTRE AVE,PITTSBURGH,PA,-79.95245,40.45176,K & T FISH AND CHICKEN INC,4521 CENTRE AVE,15213,4521 CENTRE AVE|15213,K & T FISH AND CHICKEN INC|4521 CENTRE AVE|15213,4521 CENTRE AVE,6df6a4ba0c,True,False,PITTSBURGH,data.pa.gov,42003562000,True,True
ALLEGHENY,GETGO OPERATING LLC,GETGO #3188,15122-1035,USA,02**1660,Cigarette/OTP Retail,2027-02-28,1001 LEBANON RD,WEST MIFFLIN,PA,-79.93234,40.36149,GETGO #3188,1001 LEBANON RD,15122,1001 LEBANON RD|15122,GETGO #3188|1001 LEBANON RD|15122,1001 LEBANON RD,69346642b5,True,False,WEST MIFFLIN,data.pa.gov,42003488500,False,False
ALLEGHENY,SMOKE N GUNS INC,SMOKE N GUNS,15139-1445,USA,02**3794,Cigarette Retail,2027-02-28,800 ALLEGHENY RIVER BLVD,OAKMONT,PA,-79.84138,40.52405,SMOKE N GUNS,800 ALLEGHENY RIVER BLVD,15139,800 ALLEGHENY RIVER BLVD|15139,SMOKE N GUNS|800 ALLEGHENY RIVER BLVD|15139,800 ALLEGHENY RIVER BLVD,d01de723e2,True,False,OAKMONT,data.pa.gov,42003525300,False,False
ALLEGHENY,PATTON MICHAEL P,LENNY'S,15044-6313,USA,02**5102,Cigarette Vending,2027-02-28,4118 BAKERSTOWN CULMERVILLE RD,GIBSONIA,PA,-79.91658,40.65204,LENNY'S,4118 BAKERSTOWN CULMERVILLE RD,15044,4118 BAKERSTOWN CULMERVILLE RD|15044,LENNY'S|4118 BAKERSTOWN CULMERVILLE RD|15044,4118 BAKERSTOWN CULMERVILLE RD,85453b464f,False,True,GIBSONIA,data.pa.gov,42003407001,False,False
ALLEGHENY,DOLGENCORP LLC,DOLLAR GENERAL STORE #7672,15144-1408,USA,02**6255,Cigarette/OTP Retail,2027-02-28,494 PITTSBURGH ST,SPRINGDALE,PA,-79.78681,40.54091,DOLLAR GENERAL STORE #7672,494 PITTSBURGH ST,15144,494 PITTSBURGH ST|15144,DOLLAR GENERAL STORE #7672|494 PITTSBURGH ST|15144,494 PITTSBURGH ST,e9110bd096,True,False,SPRINGDALE,data.pa.gov,42003417200,False,False
ALLEGHENY,BLUE OCEAN INC - PA,PENN HILLS STOP N SHOP,15235-3319,USA,02**4189,Cigarette/OTP Retail,2027-02-28,11632 FRANKSTOWN RD,PENN HILLS,PA,-79.82744,40.46536,PENN HILLS STOP N SHOP,11632 FRANKSTOWN RD,15235,11632 FRANKSTOWN RD|15235,PENN HILLS STOP N SHOP|11632 FRANKSTOWN RD|15235,11632 FRANKSTOWN RD,68e8a70a14,True,False,PENN HILLS,data.pa.gov,42003523400,False,False
ALLEGHENY,NATURAL HEALING & WELLNESS OF NORTH HILLS LLC,YOUR CBD STORE OF NORTH HILLS,15237-3523,USA,02**5787,OTP Retail,2027-02-28,7803 MCKNIGHT RD,PITTSBURGH,PA,-80.01847,40.54777,YOUR CBD STORE OF NORTH HILLS,7803 MCKNIGHT RD,15237,7803 MCKNIGHT RD|15237,YOUR CBD STORE OF NORTH HILLS|7803 MCKNIGHT RD|15237,7803 MCKNIGHT RD,d5fcbd1eca,True,False,PITTSBURGH,data.pa.gov,42003429500,False,True
ALLEGHENY,BRACKENRIDGE BEVERAGE INC,BRACKENRIDGE BEVERAGE,15014-1410,USA,02**9404,Cigarette/OTP Retail,2027-02-28,825 1ST AVE,BRACKENRIDGE,PA,-79.743,40.60279,BRACKENRIDGE BEVERAGE,825 1ST AVE,15014,825 1ST AVE|15014,BRACKENRIDGE BEVERAGE|825 1ST AVE|15014,825 1ST AVE,232d677577,True,False,BRACKENRIDGE,data.pa.gov,42003402000,False,False
ALLEGHENY,YMT FOODS INC.,7-ELEVEN STORE #40243A,15212-5506,USA,02**1999,Cigarette/OTP Retail,2027-02-28,310 CEDAR AVE,PITTSBURGH,PA,-80.00081,40.45117,7-ELEVEN STORE #40243A,310 CEDAR AVE,15212,310 CEDAR AVE|15212,7-ELEVEN STORE #40243A|310 CEDAR AVE|15212,310 CEDAR AVE,3b54bbe53e,True,False,PITTSBURGH,data.pa.gov,42003563202,True,True
ALLEGHENY,MIDNIGHT MARKET VENDING LLC,MICHEAL'S LOUNGE,15136-2392,USA,02**4832,OTP Vending,2027-02-28,331 SINGER AVE LOWR 1,MC KEES ROCKS,PA,-80.07644,40.46953,MICHEAL'S LOUNGE,331 SINGER AVE LOWR 1,15136,331 SINGER AVE LOWR 1|15136,MICHEAL'S LOUNGE|331 SINGER AVE LOWR 1|15136,331 SINGER AVE LOWR 1,e2d867d51b,False,True,MC KEES ROCKS,data.pa.gov,42003463900,False,False
ALLEGHENY,PAR MAR OIL COMPANY,PAR MAR STORE #1190,15071-3307,USA,02**3521,Cigarette/OTP Retail,2027-02-28,7025 STEUBENVILLE PIKE,OAKDALE,PA,-80.17428,40.44378,PAR MAR STORE #1190,7025 STEUBENVILLE PIKE,15071,7025 STEUBENVILLE PIKE|15071,PAR MAR STORE #1190|7025 STEUBENVILLE PIKE|15071,7025 STEUBENVILLE PIKE,41883a4384,True,False,OAKDALE,data.pa.gov,42003453003,False,False
ALLEGHENY,GIANT PENN LLC,GP #917,15044-9751,USA,02**0748,Cigarette/OTP Retail,2027-02-28,4100 GRANDVIEW DR,GIBSONIA,PA,-79.9377,40.64141,GP #917,4100 GRANDVIEW DR,15044,4100 GRANDVIEW DR|15044,GP #917|4100 GRANDVIEW DR|15044,4100 GRANDVIEW DR,af8b41ab43,True,False,GIBSONIA,data.pa.gov,42003408001,False,False
ALLEGHENY,SHYAM VENTURES LLC,SHYAM VENTURES LLC,15234-2222,USA,02**7938,OTP Retail,2027-02-28,900 SLEEPY HOLLOW RD,CASTLE SHANNON,PA,-80.01786,40.3719,SHYAM VENTURES LLC,900 SLEEPY HOLLOW RD,15234,900 SLEEPY HOLLOW RD|15234,SHYAM VENTURES LLC|900 SLEEPY HOLLOW RD|15234,900 SLEEPY HOLLOW RD,70a835433c,True,False,CASTLE SHANNON,data.pa.gov,42003476100,False,False
ALLEGHENY,PENN MINI MART INC,PENN MINI MART INC,15221-2217,USA,02**4915,Cigarette/OTP Retail,2027-02-28,766 PENN AVE,PITTSBURGH,PA,-79.88282,40.44305,PENN MINI MART INC,766 PENN AVE,15221,766 PENN AVE|15221,PENN MINI MART INC|766 PENN AVE|15221,766 PENN AVE,577324bb76,True,False,PITTSBURGH,data.pa.gov,42003564800,False,True
ALLEGHENY,5TH AVE CONVENIENCE STORE CORP,5TH AVE CONVENIENCE STORE CORP,15035-1413,USA,02**2616,Cigarette/OTP Retail,2027-02-28,1153 5TH AVE,EAST MC KEESPORT,PA,-79.81155,40.38144,5TH AVE CONVENIENCE STORE CORP,1153 5TH AVE,15035,1153 5TH AVE|15035,5TH AVE CONVENIENCE STORE CORP|1153 5TH AVE|15035,1153 5TH AVE,4db19c30c2,True,False,EAST MC KEESPORT,data.pa.gov,42003507000,False,False
ALLEGHENY,SUPER BEER WORLD LLC,SUPER BEER WORLD LLC,15205-3933,USA,02**8908,OTP Retail,2027-02-28,2121 NOBLESTOWN RD STE 222,PITTSBURGH,PA,-80.05229,40.42947,SUPER BEER WORLD LLC,2121 NOBLESTOWN RD STE 222,15205,2121 NOBLESTOWN RD STE 222|15205,SUPER BEER WORLD LLC|2121 NOBLESTOWN RD STE 222|15205,2121 NOBLESTOWN RD,8654e97704,True,False,PITTSBURGH,data.pa.gov,42003563100,True,True
ALLEGHENY,GREENFIELD TOBACCO SHOP LLC,GREENFIELD TOBACCO SHOP LLC,15217-2903,USA,02**5926,Cigarette/OTP Retail,2027-02-28,4205 MURRAY AVE,PITTSBURGH,PA,-79.92873,40.42296,GREENFIELD TOBACCO SHOP LLC,4205 MURRAY AVE,15217,4205 MURRAY AVE|15217,GREENFIELD TOBACCO SHOP LLC|4205 MURRAY AVE|15217,4205 MURRAY AVE,fe32d00e25,True,False,PITTSBURGH,data.pa.gov,42003151700,True,True
ALLEGHENY,GETGO OPERATING LLC,GETGO #3130,15220-1001,USA,02**1649,Cigarette/OTP Retail,2027-02-28,1636 COCHRAN RD,PITTSBURGH,PA,-80.06075,40.39171,GETGO #3130,1636 COCHRAN RD,15220,1636 COCHRAN RD|15220,GETGO #3130|1636 COCHRAN RD|15220,1636 COCHRAN RD,196851adaa,True,False,PITTSBURGH,data.pa.gov,42003470501,False,True
ALLEGHENY,A E V INC,AEV INC,15237-3416,USA,02**3537,Cigarette Retail,2027-02-28,4770 MCKNIGHT RD,PITTSBURGH,PA,-80.00475,40.52011,AEV INC,4770 MCKNIGHT RD,15237,4770 MCKNIGHT RD|15237,AEV INC|4770 MCKNIGHT RD|15237,4770 MCKNIGHT RD,e912ce2fdc,True,False,PITTSBURGH,data.pa.gov,42003429202,False,True
ALLEGHENY,PIT STOP EXPRESS LLC,PIT STOP EXPRESS #8,15202-3419,USA,02**3301,Cigarette/OTP Retail,2027-02-28,4501 OHIO RIVER BLVD,BELLEVUE,PA,-80.06131,40.49141,PIT STOP EXPRESS #8,4501 OHIO RIVER BLVD,15202,4501 OHIO RIVER BLVD|15202,PIT STOP EXPRESS #8|4501 OHIO RIVER BLVD|15202,4501 OHIO RIVER BLVD,43f2e23345,True,False,BELLEVUE,data.pa.gov,42003431500,False,False
ALLEGHENY,UNITED FRESH & FUEL LLC,HOMESTEAD COGO'S,15120-2803,USA,02**3176,Cigarette/OTP Retail,2027-02-28,3439 W RUN RD,WEST HOMESTEAD,PA,-79.90899,40.3883,HOMESTEAD COGO'S,3439 W RUN RD,15120,3439 W RUN RD|15120,HOMESTEAD COGO'S|3439 W RUN RD|15120,3439 W RUN RD,e6aefdc07a,True,False,WEST HOMESTEAD,data.pa.gov,42003484500,False,False
ALLEGHENY,DOLGENCORP LLC,DOLLAR GENERAL #18694,15025-3690,USA,16**5964,OTP Retail,2027-02-28,1517 ROUTE 51,CLAIRTON,PA,-79.92161,40.29967,DOLLAR GENERAL #18694,1517 ROUTE 51,15025,1517 ROUTE 51|15025,DOLLAR GENERAL #18694|1517 ROUTE 51|15025,1517 ROUTE 51,40b12f943c,True,False,CLAIRTON,data.pa.gov,42003491200,False,False
ALLEGHENY,FAMILY DOLLAR STORES OF PA LLC,FAMILY DOLLAR #27199,15219-4307,USA,02**4079,Cigarette/OTP Retail,2027-02-28,1917 CENTRE AVE,PITTSBURGH,PA,-79.98045,40.44355,FAMILY DOLLAR #27199,1917 CENTRE AVE,15219,1917 CENTRE AVE|15219,FAMILY DOLLAR #27199|1917 CENTRE AVE|15219,1917 CENTRE AVE,89d9b9b81c,True,False,PITTSBURGH,data.pa.gov,42003030500,True,True
ALLEGHENY,ADAM VAPES & TOBACCO INC.,ADAM VAPES & TOBACCO INC.,15236-3811,USA,02**0029,Cigarette Retail,2027-02-28,681 CLAIRTON BLVD STE B,PITTSBURGH,PA,-79.94451,40.32938,ADAM VAPES & TOBACCO INC.,681 CLAIRTON BLVD STE B,15236,681 CLAIRTON BLVD STE B|15236,ADAM VAPES & TOBACCO INC.|681 CLAIRTON BLVD STE B|15236,681 CLAIRTON BLVD,7fa59cc1fe,True,False,PITTSBURGH,data.pa.gov,42003489001,False,True
ALLEGHENY,BUSCH KEARN CORPORATION,PUFF DISCOUNT TOBACCO #1,15221-4818,USA,02**3495,Cigarette/OTP Retail,2027-02-28,BRADDOCK HILLS SHOP CTR 234 YOST BLVD,PITTSBURGH,PA,-79.85428,40.41499,PUFF DISCOUNT TOBACCO #1,BRADDOCK HILLS SHOP CTR 234 YOST BLVD,15221,BRADDOCK HILLS SHOP CTR 234 YOST BLVD|15221,PUFF DISCOUNT TOBACCO #1|BRADDOCK HILLS SHOP CTR 234 YOST BLVD|15221,BRADDOCK HILLS SHOP CTR 234 YOST BLVD,724ec562e7,True,False,PITTSBURGH,data.pa.gov,42003517000,False,True
ALLEGHENY,SAAD UNITED CORPORATION,SAAD UNITED INC,15212-4759,USA,02**2218,Cigarette/OTP Retail,2027-02-28,1318 FEDERAL ST,PITTSBURGH,PA,-80.00721,40.45721,SAAD UNITED INC,1318 FEDERAL ST,15212,1318 FEDERAL ST|15212,SAAD UNITED INC|1318 FEDERAL ST|15212,1318 FEDERAL ST,773f744880,True,False,PITTSBURGH,data.pa.gov,42003565100,True,True
ALLEGHENY,VIP TOBACCO & VAPE CORP,VIP TOBACCO & VAPE CORP,15106-4092,USA,02**1810,Cigarette/OTP Retail,2027-02-28,1906 E RAILROAD ST,HEIDELBERG,PA,-80.08892,40.38897,VIP TOBACCO & VAPE CORP,1906 E RAILROAD ST,15106,1906 E RAILROAD ST|15106,VIP TOBACCO & VAPE CORP|1906 E RAILROAD ST|15106,1906 E RAILROAD ST,05a39b61ea,True,False,HEIDELBERG,data.pa.gov,42003471000,False,False
ALLEGHENY,BEER BUDDY LLC,BEER BUDDY LLC,15222-2409,USA,02**2666,Cigarette/OTP Retail,2027-02-28,355 5TH AVE,PITTSBURGH,PA,-79.99896,40.44019,BEER BUDDY LLC,355 5TH AVE,15222,355 5TH AVE|15222,BEER BUDDY LLC|355 5TH AVE|15222,355 5TH AVE,0a086baa89,True,False,PITTSBURGH,data.pa.gov,42003020100,True,True
ALLEGHENY,GETGO OPERATING LLC,GETGO #3043,15090-5615,USA,02**1621,Cigarette/OTP Retail,2027-02-28,140 TOWNE CENTRE BLVD,WEXFORD,PA,-80.05596,40.63148,GETGO #3043,140 TOWNE CENTRE BLVD,15090,140 TOWNE CENTRE BLVD|15090,GETGO #3043|140 TOWNE CENTRE BLVD|15090,140 TOWNE CENTRE BLVD,341a7c1a41,True,False,WEXFORD,data.pa.gov,42003409001,False,False
ALLEGHENY,DOLGENCORP LLC,DOLLAR GENERAL STORE #2643,15136-1661,USA,02**6048,Cigarette/OTP Retail,2027-02-28,500 PINE HOLLOW RD,MC KEES ROCKS,PA,-80.094221,40.473351,DOLLAR GENERAL STORE #2643,500 PINE HOLLOW RD,15136,500 PINE HOLLOW RD|15136,DOLLAR GENERAL STORE #2643|500 PINE HOLLOW RD|15136,500 PINE HOLLOW RD,0884c5ab9c,True,False,MC KEES ROCKS,data.pa.gov,42003460002,False,False
ALLEGHENY,DOLGENCORP LLC,DOLLAR GENERAL #19684,15209-1650,USA,02**8275,OTP Retail,2027-02-28,1701 BABCOCK BLVD,MILLVALE,PA,-79.98079,40.49968,DOLLAR GENERAL #19684,1701 BABCOCK BLVD,15209,1701 BABCOCK BLVD|15209,DOLLAR GENERAL #19684|1701 BABCOCK BLVD|15209,1701 BABCOCK BLVD,5c50b77ff0,True,False,MILLVALE,data.pa.gov,42003427200,False,False
ALLEGHENY,GIANT EAGLE INC,GIANT EAGLE INC,15212,USA,02**2612,OTP Retail,2027-02-28,318-320 CEDAR AVE,PITTSBURGH,PA,-80.0001,40.45161,GIANT EAGLE INC,318-320 CEDAR AVE,15212,318-320 CEDAR AVE|15212,GIANT EAGLE INC|318-320 CEDAR AVE|15212,318-320 CEDAR AVE,665ac3dedc,True,False,PITTSBURGH,data.pa.gov,42003563202,True,True
ALLEGHENY,DOBARIA LLC,MARATHON,15227-1044,USA,02**5586,Cigarette Retail,2027-02-28,244 PROVOST RD,PITTSBURGH,PA,-79.9943,40.3755,MARATHON,244 PROVOST RD,15227,244 PROVOST RD|15227,MARATHON|244 PROVOST RD|15227,244 PROVOST RD,40ffdbf989,True,False,PITTSBURGH,data.pa.gov,42003477200,False,True
ALLEGHENY,HARTMAN MUSIC INC,PARK VALLEY LOUNGE,15236-3508,USA,02**7708,Cigarette Vending,2027-02-28,5916 BROWNSVILLE RD,PITTSBURGH,PA,-79.9865,40.32632,PARK VALLEY LOUNGE,5916 BROWNSVILLE RD,15236,5916 BROWNSVILLE RD|15236,PARK VALLEY LOUNGE|5916 BROWNSVILLE RD|15236,5916 BROWNSVILLE RD,c2c5b1d015,False,True,PITTSBURGH,data.pa.gov,42003490003,False,True
ALLEGHENY,KAYA OIL CORPORATION,LNC #505 SUNOCO,15110-1523,USA,02**3956,Cigarette/OTP Retail,2027-02-28,825 DUQUESNE BLVD,DUQUESNE,PA,-79.85713,40.38268,LNC #505 SUNOCO,825 DUQUESNE BLVD,15110,825 DUQUESNE BLVD|15110,LNC #505 SUNOCO|825 DUQUESNE BLVD|15110,825 DUQUESNE BLVD,58913218fa,True,False,DUQUESNE,data.pa.gov,42003486700,False,False
ALLEGHENY,BLAYZE LLC,BLAYZE LLC,15210-2113,USA,02**5273,Cigarette/OTP Retail,2027-02-28,131 BROWNSVILLE RD,PITTSBURGH,PA,-79.98688,40.41662,BLAYZE LLC,131 BROWNSVILLE RD,15210,131 BROWNSVILLE RD|15210,BLAYZE LLC|131 BROWNSVILLE RD|15210,131 BROWNSVILLE RD,0de5ce556d,True,False,PITTSBURGH,data.pa.gov,42003481000,False,True
ALLEGHENY,KLAFTERS INC,SMOKER FRIENDLY #14,15136-1398,USA,70**8008,Cigarette/OTP Retail,2027-02-28,6080 STEUBENVILLE PIKE,MC KEES ROCKS,PA,-80.14553,40.44395,SMOKER FRIENDLY #14,6080 STEUBENVILLE PIKE,15136,6080 STEUBENVILLE PIKE|15136,SMOKER FRIENDLY #14|6080 STEUBENVILLE PIKE|15136,6080 STEUBENVILLE PIKE,6552a22317,True,False,MC KEES ROCKS,data.pa.gov,42003459201,False,False
ALLEGHENY,FAMILY DOLLAR STORES OF PA LLC,FAMILY DOLLAR #31650,15045-1608,USA,02**0582,Cigarette/OTP Retail,2027-02-28,642 MONONGAHELA AVE,GLASSPORT,PA,-79.89281,40.3246,FAMILY DOLLAR #31650,642 MONONGAHELA AVE,15045,642 MONONGAHELA AVE|15045,FAMILY DOLLAR #31650|642 MONONGAHELA AVE|15045,642 MONONGAHELA AVE,f43699d55d,True,False,GLASSPORT,data.pa.gov,42003499400,False,False
ALLEGHENY,GETGO OPERATING LLC,GETGO #3038,15217-2301,USA,02**1617,Cigarette/OTP Retail,2027-02-28,5801 FORWARD AVE,PITTSBURGH,PA,-79.92317,40.42999,GETGO #3038,5801 FORWARD AVE,15217,5801 FORWARD AVE|15217,GETGO #3038|5801 FORWARD AVE|15217,5801 FORWARD AVE,0ee2b1a81e,True,False,PITTSBURGH,data.pa.gov,42003140800,True,True
ALLEGHENY,VBD VENDING LLC,FINN MCCOOL'S OAKLAND,15213-4162,USA,02**1591,OTP Retail,2027-02-28,418 SEMPLE ST,PITTSBURGH,PA,-79.95442,40.43665,FINN MCCOOL'S OAKLAND,418 SEMPLE ST,15213,418 SEMPLE ST|15213,FINN MCCOOL'S OAKLAND|418 SEMPLE ST|15213,418 SEMPLE ST,e810bac3a0,True,False,PITTSBURGH,data.pa.gov,42003040600,True,True
ALLEGHENY,SANUF UNITED INC,SANUF UNITED INC,15146-4723,USA,02**8832,Cigarette/OTP Retail,2027-02-28,1855 HAYMAKER RD,MONROEVILLE,PA,-79.76576,40.39169,SANUF UNITED INC,1855 HAYMAKER RD,15146,1855 HAYMAKER RD|15146,SANUF UNITED INC|1855 HAYMAKER RD|15146,1855 HAYMAKER RD,a07d4ab5c7,True,False,MONROEVILLE,data.pa.gov,42003521301,False,False
ALLEGHENY,GLS MINIMART INC,GLS MINIMART INC,15236-3826,USA,02**7658,OTP Retail,2027-02-28,104 CLAIRTON BLVD,PITTSBURGH,PA,-79.96002,40.33894,GLS MINIMART INC,104 CLAIRTON BLVD,15236,104 CLAIRTON BLVD|15236,GLS MINIMART INC|104 CLAIRTON BLVD|15236,104 CLAIRTON BLVD,c2115e47f6,True,False,PITTSBURGH,data.pa.gov,42003489001,False,True
ALLEGHENY,MN VAPES CORP,VAPOR SHARK,15122-1035,USA,02**7001,OTP Retail,2027-02-28,1017 LEBANON RD STE 200,WEST MIFFLIN,PA,-79.93233,40.36109,VAPOR SHARK,1017 LEBANON RD STE 200,15122,1017 LEBANON RD STE 200|15122,VAPOR SHARK|1017 LEBANON RD STE 200|15122,1017 LEBANON RD,25db4bcd2d,True,False,WEST MIFFLIN,data.pa.gov,42003488500,False,False
ALLEGHENY,GETGO OPERATING LLC,GETGO #3705,15106-2712,USA,02**1695,Cigarette/OTP Retail,2027-02-28,410 CHESTNUT ST,CARNEGIE,PA,-80.08211,40.40979,GETGO #3705,410 CHESTNUT ST,15106,410 CHESTNUT ST|15106,GETGO #3705|410 CHESTNUT ST|15106,410 CHESTNUT ST,7e3140d8c1,True,False,CARNEGIE,data.pa.gov,42003468900,False,False
ALLEGHENY,VBD VENDING LLC,MCFADDENS,15212-5860,USA,02**0012,OTP Vending,2027-02-28,211 N SHORE DR,PITTSBURGH,PA,-80.00763,40.4466,MCFADDENS,211 N SHORE DR,15212,211 N SHORE DR|15212,MCFADDENS|211 N SHORE DR|15212,211 N SHORE DR,d976c4c2e4,False,True,PITTSBURGH,data.pa.gov,42003981200,True,True
ALLEGHENY,ACME VENDING INC,BECKERS,15136-2725,USA,02**7734,Cigarette Vending,2027-02-28,315 OLIVIA ST,MC KEES ROCKS,PA,-80.05697,40.47476,BECKERS,315 OLIVIA ST,15136,315 OLIVIA ST|15136,BECKERS|315 OLIVIA ST|15136,315 OLIVIA ST,f33da60b41,False,True,MC KEES ROCKS,data.pa.gov,42003464400,False,False
ALLEGHENY,WALMART STORES EAST LP,SUPERCENTER 2281,15122-2430,USA,70**8044,Cigarette/OTP Retail,2027-02-28,2351 CENTURY DR,WEST MIFFLIN,PA,-79.9465589,40.341795,SUPERCENTER 2281,2351 CENTURY DR,15122,2351 CENTURY DR|15122,SUPERCENTER 2281|2351 CENTURY DR|15122,2351 CENTURY DR,cf57fe6eef,True,False,WEST MIFFLIN,data.pa.gov,42003488600,False,False
ALLEGHENY,SANNINE INC,DONUT CONNECTION,15210-4504,USA,02**7653,Cigarette/OTP Retail,2027-02-28,2414 BROWNSVILLE RD,PITTSBURGH,PA,-79.98229,40.38686,DONUT CONNECTION,2414 BROWNSVILLE RD,15210,2414 BROWNSVILLE RD|15210,DONUT CONNECTION|2414 BROWNSVILLE RD|15210,2414 BROWNSVILLE RD,037e34ef6f,True,False,PITTSBURGH,data.pa.gov,42003290400,True,True
ALLEGHENY,GETGO OPERATING LLC,GETGO #3127,15241-1006,USA,02**1647,Cigarette/OTP Retail,2027-02-28,14 FORT COUCH RD,PITTSBURGH,PA,-80.05085,40.33724,GETGO #3127,14 FORT COUCH RD,15241,14 FORT COUCH RD|15241,GETGO #3127|14 FORT COUCH RD|15241,14 FORT COUCH RD,35877720af,True,False,PITTSBURGH,data.pa.gov,42003475101,False,True
ALLEGHENY,HAPPY MINIMART INC,ELLISON S MINI MART,15108-2838,USA,02**9985,Cigarette/OTP Retail,2027-02-28,1300 BRODHEAD RD STE A,CORAOPOLIS,PA,-80.22934,40.53489,ELLISON S MINI MART,1300 BRODHEAD RD STE A,15108,1300 BRODHEAD RD STE A|15108,ELLISON S MINI MART|1300 BRODHEAD RD STE A|15108,1300 BRODHEAD RD,171a99204e,True,False,CORAOPOLIS,data.pa.gov,42003451101,False,False
ALLEGHENY,GIANT PENN LLC,GP 909,15135-1135,USA,02**1540,Cigarette/OTP Retail,2027-02-28,5738 SMITHFIELD ST,MCKEESPORT,PA,-79.82492,40.31128,GP 909,5738 SMITHFIELD ST,15135,5738 SMITHFIELD ST|15135,GP 909|5738 SMITHFIELD ST|15135,5738 SMITHFIELD ST,5a01258122,True,False,MCKEESPORT,data.pa.gov,42003496200,False,False
ALLEGHENY,DOLGENCORP LLC,DOLLAR GENERAL #19008,15233-1601,USA,02**4751,Cigarette Retail,2027-02-28,1215 BRIGHTON RD # 19008,PITTSBURGH,PA,-80.01531,40.45513,DOLLAR GENERAL #19008,1215 BRIGHTON RD # 19008,15233,1215 BRIGHTON RD # 19008|15233,DOLLAR GENERAL #19008|1215 BRIGHTON RD # 19008|15233,1215 BRIGHTON RD 19008,7a7279d343,True,False,PITTSBURGH,data.pa.gov,42003565100,True,True
ALLEGHENY,FRANKLIN SQUARE LP,KUHNS MARKET,15145-1101,USA,02**7617,Cigarette/OTP Retail,2027-02-28,700 BEULAH RD,TURTLE CREEK,PA,-79.83507,40.42687,KUHNS MARKET,700 BEULAH RD,15145,700 BEULAH RD|15145,KUHNS MARKET|700 BEULAH RD|15145,700 BEULAH RD,92cfd38a91,True,False,TURTLE CREEK,data.pa.gov,42003520002,False,False
ALLEGHENY,DOLGENCORP LLC,DOLLAR GENERAL #19273,15132-7259,USA,02**4702,Cigarette Retail,2027-02-28,3600 WALNUT ST # 19273,MCKEESPORT,PA,-79.84089,40.32738,DOLLAR GENERAL #19273,3600 WALNUT ST # 19273,15132,3600 WALNUT ST # 19273|15132,DOLLAR GENERAL #19273|3600 WALNUT ST # 19273|15132,3600 WALNUT ST 19273,5da54a928c,True,False,MCKEESPORT,data.pa.gov,42003552400,False,False
ALLEGHENY,SPEEDWAY LLC,SPEEDWAY 2902,15217-2951,USA,02**6792,Cigarette/OTP Retail,2027-02-28,4420 BROWNS HILL RD,PITTSBURGH,PA,-79.9274,40.4194,SPEEDWAY 2902,4420 BROWNS HILL RD,15217,4420 BROWNS HILL RD|15217,SPEEDWAY 2902|4420 BROWNS HILL RD|15217,4420 BROWNS HILL RD,145c98a000,True,False,PITTSBURGH,data.pa.gov,42003151700,True,True
ALLEGHENY,JIMMAN ENTERPRISE INC,JIMMAN ENTERPRISE INC,15132-1040,USA,02**5485,Cigarette/OTP Retail,2027-02-28,2904 5TH AVE,MCKEESPORT,PA,-79.83142,40.35825,JIMMAN ENTERPRISE INC,2904 5TH AVE,15132,2904 5TH AVE|15132,JIMMAN ENTERPRISE INC|2904 5TH AVE|15132,2904 5TH AVE,3fe127293b,True,False,MCKEESPORT,data.pa.gov,42003503002,False,False
ALLEGHENY,SGII ENERGY LLC,FRANKSTOWN BP,15235-1427,USA,02**6166,Cigarette/OTP Retail,2027-02-28,8936 FRANKSTOWN RD,PITTSBURGH,PA,-79.86697,40.46079,FRANKSTOWN BP,8936 FRANKSTOWN RD,15235,8936 FRANKSTOWN RD|15235,FRANKSTOWN BP|8936 FRANKSTOWN RD|15235,8936 FRANKSTOWN RD,d973b932c7,True,False,PITTSBURGH,data.pa.gov,42003523100,False,True
ALLEGHENY,SOUTH HILLS COUNTRY CLUB,TAVERN,15236-1998,USA,02**5358,Cigarette Retail,2027-02-28,4305 BROWNSVILLE RD,PITTSBURGH,PA,-79.98568,40.3611,TAVERN,4305 BROWNSVILLE RD,15236,4305 BROWNSVILLE RD|15236,TAVERN|4305 BROWNSVILLE RD|15236,4305 BROWNSVILLE RD,41488fa65a,True,False,PITTSBURGH,data.pa.gov,42003477300,False,True
ALLEGHENY,MJS FOODS LLC,ROCHESTER ROAD SHOP N SAVE,15229-1334,USA,02**1307,Cigarette/OTP Retail,2027-02-28,184 ROCHESTER RD,WEST VIEW,PA,-80.01802,40.52011,ROCHESTER ROAD SHOP N SAVE,184 ROCHESTER RD,15229,184 ROCHESTER RD|15229,ROCHESTER ROAD SHOP N SAVE|184 ROCHESTER RD|15229,184 ROCHESTER RD,fc7c1ce0b8,True,False,WEST VIEW,data.pa.gov,42003429100,False,False
ALLEGHENY,A TO Z CONVENIENCE STORES INC,A TO Z CONVENIENCE STORES INC,15120-1823,USA,02**9454,Cigarette/OTP Retail,2027-02-28,1617 WEST ST,HOMESTEAD,PA,-79.90581,40.4009,A TO Z CONVENIENCE STORES INC,1617 WEST ST,15120,1617 WEST ST|15120,A TO Z CONVENIENCE STORES INC|1617 WEST ST|15120,1617 W ST,1d3ec80be7,True,False,HOMESTEAD,data.pa.gov,42003483800,False,False
ALLEGHENY,PATTON MICHAEL P,MOLNARS LOUNGE,15037-9602,USA,02**5102,Cigarette Vending,2027-02-28,2550 HAYDEN BLVD,ELIZABETH,PA,-79.85549,40.23106,MOLNARS LOUNGE,2550 HAYDEN BLVD,15037,2550 HAYDEN BLVD|15037,MOLNARS LOUNGE|2550 HAYDEN BLVD|15037,2550 HAYDEN BLVD,5eb15e8751,False,True,ELIZABETH,data.pa.gov,42003495000,False,False
ALLEGHENY,PAR MAR OIL COMPANY,PAR MAR STORES #90,15071-3307,USA,02**9036,OTP Retail,2027-02-28,7021 STEUBENVILLE PIKE,OAKDALE,PA,-80.17424,40.44419,PAR MAR STORES #90,7021 STEUBENVILLE PIKE,15071,7021 STEUBENVILLE PIKE|15071,PAR MAR STORES #90|7021 STEUBENVILLE PIKE|15071,7021 STEUBENVILLE PIKE,53ba820838,True,False,OAKDALE,data.pa.gov,42003453003,False,False
ALLEGHENY,DHALE MARKET INC,DHALE MARKET INC,15221-2819,USA,02**1485,Cigarette/OTP Retail,2027-02-28,811 WOOD ST,PITTSBURGH,PA,-79.88547,40.44239,DHALE MARKET INC,811 WOOD ST,15221,811 WOOD ST|15221,DHALE MARKET INC|811 WOOD ST|15221,811 WOOD ST,f94c1a8d5e,True,False,PITTSBURGH,data.pa.gov,42003564700,False,True
ALLEGHENY,SIROFCHUCK VENDING LLC,OWLS CLUB,15018-9606,USA,65**8017,Cigarette Vending,2027-02-28,211 ELWAY AVE,BUENA VISTA,PA,-79.7918,40.26466,OWLS CLUB,211 ELWAY AVE,15018,211 ELWAY AVE|15018,OWLS CLUB|211 ELWAY AVE|15018,211 ELWAY AVE,f349f1754c,False,True,BUENA VISTA,data.pa.gov,42003496101,False,False
ALLEGHENY,3 EXPRESS LLC,K STOP CONVENIENCE,15212-2609,USA,02**0748,Cigarette/OTP Retail,2027-02-28,2903 BRIGHTON RD,PITTSBURGH,PA,-80.02716,40.47163,K STOP CONVENIENCE,2903 BRIGHTON RD,15212,2903 BRIGHTON RD|15212,K STOP CONVENIENCE|2903 BRIGHTON RD|15212,2903 BRIGHTON RD,4c4169ffde,True,False,PITTSBURGH,data.pa.gov,42003271600,True,True
ALLEGHENY,BHANGAL LLC,BHANGAL LLC,15024-1211,USA,02**9009,Cigarette/OTP Retail,2027-02-28,1003 FREEPORT RD,CHESWICK,PA,-79.81417,40.54067,BHANGAL LLC,1003 FREEPORT RD,15024,1003 FREEPORT RD|15024,BHANGAL LLC|1003 FREEPORT RD|15024,1003 FREEPORT RD,c63f3129ec,True,False,CHESWICK,data.pa.gov,42003419000,False,False
ALLEGHENY,DUQUESNE CLUB,DUQUESNE CLUB,15222-2519,USA,02**9286,Cigarette Retail,2027-02-28,325 6TH AVE,PITTSBURGH,PA,-79.99868,40.44181,DUQUESNE CLUB,325 6TH AVE,15222,325 6TH AVE|15222,DUQUESNE CLUB|325 6TH AVE|15222,325 6TH AVE,6d813611a0,True,False,PITTSBURGH,data.pa.gov,42003020100,True,True
ALLEGHENY,SHEETZ INC,SHEETZ #468,15235-5431,USA,70**7284,Cigarette/OTP Retail,2027-02-28,3457 WILLIAM PENN HWY,PITTSBURGH,PA,-79.81124,40.43025,SHEETZ #468,3457 WILLIAM PENN HWY,15235,3457 WILLIAM PENN HWY|15235,SHEETZ #468|3457 WILLIAM PENN HWY|15235,3457 WILLIAM PENN HWY,f9b3c9eb0e,True,False,PITTSBURGH,data.pa.gov,42003520001,False,True
ALLEGHENY,BELLEVUE BEER LLC,BELLEVUE BEER LLC,15202-3528,USA,02**6374,Cigarette/OTP Retail,2027-02-28,4489 OHIO RIVER BLVD,BELLEVUE,PA,-80.06095,40.49076,BELLEVUE BEER LLC,4489 OHIO RIVER BLVD,15202,4489 OHIO RIVER BLVD|15202,BELLEVUE BEER LLC|4489 OHIO RIVER BLVD|15202,4489 OHIO RIVER BLVD,465198f536,True,False,BELLEVUE,data.pa.gov,42003431500,False,False
ALLEGHENY,MUFTI & KHAN INC,N M MART,15218-2514,USA,02**9082,Cigarette/OTP Retail,2027-02-28,2100 NOBLE ST,SWISSVALE,PA,-79.88528,40.42021,N M MART,2100 NOBLE ST,15218,2100 NOBLE ST|15218,N M MART|2100 NOBLE ST|15218,2100 NOBLE ST,eb5742d4fc,True,False,SWISSVALE,data.pa.gov,42003515100,False,False
ALLEGHENY,SMART VENDING NOW INC,BRUSH CREEK INN,15086-7592,USA,02**3203,OTP Vending,2027-02-28,295 NORTHGATE DR,WARRENDALE,PA,-80.08111,40.65503,BRUSH CREEK INN,295 NORTHGATE DR,15086,295 NORTHGATE DR|15086,BRUSH CREEK INN|295 NORTHGATE DR|15086,295 NORTHGATE DR,88d1215c19,False,True,WARRENDALE,data.pa.gov,42003411002,False,False
ALLEGHENY,WHITE NILE MINI MART INC,WHITE NILE MINI MARKET,15219-4266,USA,02**2507,Cigarette/OTP Retail,2027-02-28,2222 WEBSTER AVE,PITTSBURGH,PA,-79.97705,40.44766,WHITE NILE MINI MARKET,2222 WEBSTER AVE,15219,2222 WEBSTER AVE|15219,WHITE NILE MINI MARKET|2222 WEBSTER AVE|15219,2222 WEBSTER AVE,2bcdfcf786,True,False,PITTSBURGH,data.pa.gov,42003050100,True,True
ALLEGHENY,BUSCH KEARN CORPORATION,PUFF DISCOUNT TOBACCO #10,15146-4745,USA,02**1292,Cigarette/OTP Retail,2027-02-28,4520 BROADWAY BLVD,MONROEVILLE,PA,-79.767,40.39031,PUFF DISCOUNT TOBACCO #10,4520 BROADWAY BLVD,15146,4520 BROADWAY BLVD|15146,PUFF DISCOUNT TOBACCO #10|4520 BROADWAY BLVD|15146,4520 BROADWAY BLVD,1672b9dd1e,True,False,MONROEVILLE,data.pa.gov,42003521301,False,False
ALLEGHENY,IQBAL MOHSIN,SUPER MART BRADDOCK,15104-1806,USA,02**9047,Cigarette/OTP Retail,2027-02-28,524 BRADDOCK AVE,BRADDOCK,PA,-79.86974,40.40407,SUPER MART BRADDOCK,524 BRADDOCK AVE,15104,524 BRADDOCK AVE|15104,SUPER MART BRADDOCK|524 BRADDOCK AVE|15104,524 BRADDOCK AVE,555e9137fb,True,False,BRADDOCK,data.pa.gov,42003513800,False,False
ALLEGHENY,BEER MINIMUM LLC,BEER MINIMUM,15235-3329,USA,02**9547,OTP Retail,2027-02-28,11689 PENN HILLS DR,PITTSBURGH,PA,-79.82609,40.46519,BEER MINIMUM,11689 PENN HILLS DR,15235,11689 PENN HILLS DR|15235,BEER MINIMUM|11689 PENN HILLS DR|15235,11689 PENN HILLS DR,601a53b5e8,True,False,PITTSBURGH,data.pa.gov,42003523400,False,True
ALLEGHENY,DOLGENCORP LLC,DOLLAR GENERAL #18057,15227-4101,USA,02**4363,OTP Retail,2027-02-28,93 JOSEPH ST # 18057,PITTSBURGH,PA,-79.96505,40.39006,DOLLAR GENERAL #18057,93 JOSEPH ST # 18057,15227,93 JOSEPH ST # 18057|15227,DOLLAR GENERAL #18057|93 JOSEPH ST # 18057|15227,93 JOSEPH ST 18057,8f7cee8bec,True,False,PITTSBURGH,data.pa.gov,42003480300,False,True
ALLEGHENY,PENN HILLS LUCKY BEER INC,PENN HILLS LUCKY BEER INC,15235-1458,USA,02**2664,Cigarette Retail,2027-02-28,2790 ROBINSON BLVD,PITTSBURGH,PA,-79.86577,40.46024,PENN HILLS LUCKY BEER INC,2790 ROBINSON BLVD,15235,2790 ROBINSON BLVD|15235,PENN HILLS LUCKY BEER INC|2790 ROBINSON BLVD|15235,2790 ROBINSON BLVD,87213ad92c,True,False,PITTSBURGH,data.pa.gov,42003523200,False,True
ALLEGHENY,S R CONVENIENCE STORES LLC,S R CONVENIENCE STORES LLC,15232-1741,USA,02**3511,Cigarette Retail,2027-02-28,5724 ELLSWORTH AVE,PITTSBURGH,PA,-79.93149,40.45515,S R CONVENIENCE STORES LLC,5724 ELLSWORTH AVE,15232,5724 ELLSWORTH AVE|15232,S R CONVENIENCE STORES LLC|5724 ELLSWORTH AVE|15232,5724 ELLSWORTH AVE,188115e37e,True,False,PITTSBURGH,data.pa.gov,42003070500,True,True
ALLEGHENY,PLUM TOBACCO AND VAPE LLC,PLUM TOBACCO AND VAPE,15239-1317,USA,02**1496,Cigarette/OTP Retail,2027-02-28,305 UNITY CENTER RD,PLUM,PA,-79.77945,40.48986,PLUM TOBACCO AND VAPE,305 UNITY CENTER RD,15239,305 UNITY CENTER RD|15239,PLUM TOBACCO AND VAPE|305 UNITY CENTER RD|15239,305 UNITY CENTER RD,bbc7895a1d,True,False,PLUM,data.pa.gov,42003526201,False,False
ALLEGHENY,DOLGENCORP LLC,DOLLAR GENERAL STORE #4384,15137-2550,USA,02**6100,Cigarette/OTP Retail,2027-02-28,1701 LINCOLN HWY STE 2,NORTH VERSAILLES,PA,-79.78698,40.37209,DOLLAR GENERAL STORE #4384,1701 LINCOLN HWY STE 2,15137,1701 LINCOLN HWY STE 2|15137,DOLLAR GENERAL STORE #4384|1701 LINCOLN HWY STE 2|15137,1701 LINCOLN HWY,72f0220088,True,False,NORTH VERSAILLES,data.pa.gov,42003564400,False,False
ALLEGHENY,GIANT EAGLE INC,GIANT EAGLE #29,15122-2322,USA,70**3255,Cigarette/OTP Retail,2027-02-28,1356 HOFFMAN BLVD STE 1,WEST MIFFLIN,PA,-79.86988,40.38238,GIANT EAGLE #29,1356 HOFFMAN BLVD STE 1,15122,1356 HOFFMAN BLVD STE 1|15122,GIANT EAGLE #29|1356 HOFFMAN BLVD STE 1|15122,1356 HOFFMAN BLVD,657363ffb2,True,False,WEST MIFFLIN,data.pa.gov,42003488200,False,False
ALLEGHENY,FRIDAYZZ UNITED INC,TOM FRIDAY MARKET,15212-1868,USA,02**4778,Cigarette/OTP Retail,2027-02-28,3639 CALIFORNIA AVE,PITTSBURGH,PA,-80.04145,40.48126,TOM FRIDAY MARKET,3639 CALIFORNIA AVE,15212,3639 CALIFORNIA AVE|15212,TOM FRIDAY MARKET|3639 CALIFORNIA AVE|15212,3639 CALIFORNIA AVE,64d85fddce,True,False,PITTSBURGH,data.pa.gov,42003270100,True,True
ALLEGHENY,CLOUD 9 SMOKES & VAPES #3 LLC,STORE,15116-1739,USA,02**6173,Cigarette/OTP Retail,2027-02-28,1736 WILLIAM FLYNN HWY,GLENSHAW,PA,-79.96254,40.53895,STORE,1736 WILLIAM FLYNN HWY,15116,1736 WILLIAM FLYNN HWY|15116,STORE|1736 WILLIAM FLYNN HWY|15116,1736 WILLIAM FLYNN HWY,05bd639f2e,True,False,GLENSHAW,data.pa.gov,42003426800,False,False
ALLEGHENY,VVS WHOLESALE LLC,KING'S LOUNGE RESTAURANT & BAR,15236-2114,USA,02**4609,OTP Vending,2027-02-28,4604 CLAIRTON BLVD,PITTSBURGH,PA,-79.98109,40.35719,KING'S LOUNGE RESTAURANT & BAR,4604 CLAIRTON BLVD,15236,4604 CLAIRTON BLVD|15236,KING'S LOUNGE RESTAURANT & BAR|4604 CLAIRTON BLVD|15236,4604 CLAIRTON BLVD,9e2274e680,False,True,PITTSBURGH,data.pa.gov,42003477300,False,True
ALLEGHENY,LUV KUSH LLC,SMOKE O'HOLICS,15065-1610,USA,02**7997,Cigarette/OTP Retail,2027-02-28,2416 FREEPORT RD,NATRONA HEIGHTS,PA,-79.71509,40.63155,SMOKE O'HOLICS,2416 FREEPORT RD,15065,2416 FREEPORT RD|15065,SMOKE O'HOLICS|2416 FREEPORT RD|15065,2416 FREEPORT RD,ac03cfec8a,True,False,NATRONA HEIGHTS,data.pa.gov,42003401100,False,False
ALLEGHENY,MIDNIGHT VENTURES LLC,MIDNIGHT VENTURES LLC,15236-2902,USA,02**5288,Cigarette/OTP Retail,2027-02-28,5302 BROWNSVILLE RD,PITTSBURGH,PA,-79.98489,40.34097,MIDNIGHT VENTURES LLC,5302 BROWNSVILLE RD,15236,5302 BROWNSVILLE RD|15236,MIDNIGHT VENTURES LLC|5302 BROWNSVILLE RD|15236,5302 BROWNSVILLE RD,8b481cd135,True,False,PITTSBURGH,data.pa.gov,42003480101,False,True
ALLEGHENY,PATRON VAPES & CIGAR LLC,PATRON VAPES & CIGAR LLC,15090-8330,USA,02**1760,Cigarette/OTP Retail,2027-02-28,10940 PERRY HWY,WEXFORD,PA,-80.0553,40.61728,PATRON VAPES & CIGAR LLC,10940 PERRY HWY,15090,10940 PERRY HWY|15090,PATRON VAPES & CIGAR LLC|10940 PERRY HWY|15090,10940 PERRY HWY,b375543fc2,True,False,WEXFORD,data.pa.gov,42003409001,False,False
ALLEGHENY,R & D VENTURES INC,R & D VENTURES INC,15235-5440,USA,02**8217,Cigarette/OTP Retail,2027-02-28,3406 WILLIAM PENN HWY,PITTSBURGH,PA,-79.81541,40.43065,R & D VENTURES INC,3406 WILLIAM PENN HWY,15235,3406 WILLIAM PENN HWY|15235,R & D VENTURES INC|3406 WILLIAM PENN HWY|15235,3406 WILLIAM PENN HWY,c1202b985f,True,False,PITTSBURGH,data.pa.gov,42003520001,False,True
ALLEGHENY,CASH & CARRY GAS STATION,CASH & CARRY GAS STATION,15237-2108,USA,02**7891,Cigarette/OTP Retail,2027-02-28,1021 PERRY HWY,PITTSBURGH,PA,-80.03627,40.54069,CASH & CARRY GAS STATION,1021 PERRY HWY,15237,1021 PERRY HWY|15237,CASH & CARRY GAS STATION|1021 PERRY HWY|15237,1021 PERRY HWY,aec91b12b5,True,False,PITTSBURGH,data.pa.gov,42003429300,False,True
ALLEGHENY,MEREDITH & ANTHONY INC,7-ELEVEN STORE 35968B,15229-1820,USA,02**2130,Cigarette/OTP Retail,2027-02-28,525 PERRY HWY,PITTSBURGH,PA,-80.03507,40.52264,7-ELEVEN STORE 35968B,525 PERRY HWY,15229,525 PERRY HWY|15229,7-ELEVEN STORE 35968B|525 PERRY HWY|15229,525 PERRY HWY,a740691547,True,False,PITTSBURGH,data.pa.gov,42003430200,False,True
ALLEGHENY,AT VAPE AND WELLNESS 101 INC,AT VAPE AND WELLNESS 101 INC,15235-2254,USA,02**9411,Cigarette/OTP Retail,2027-02-28,7205 SALTSBURG RD,PITTSBURGH,PA,-79.78862,40.47709,AT VAPE AND WELLNESS 101 INC,7205 SALTSBURG RD,15235,7205 SALTSBURG RD|15235,AT VAPE AND WELLNESS 101 INC|7205 SALTSBURG RD|15235,7205 SALTSBURG RD,c1b3f5b3c6,True,False,PITTSBURGH,data.pa.gov,42003523702,False,True
ALLEGHENY,MEHER INC,MAHER INC,15217-1602,USA,02**4472,Cigarette/OTP Retail,2027-02-28,5880 1/2 FORBES AVE,PITTSBURGH,PA,-79.91977,40.43805,MAHER INC,5880 1/2 FORBES AVE,15217,5880 1/2 FORBES AVE|15217,MAHER INC|5880 1/2 FORBES AVE|15217,5880 1/2 FORBES AVE,3e69cc5879,True,False,PITTSBURGH,data.pa.gov,42003140300,True,True
ALLEGHENY,HOLY KOW LLC,JJS DELI MART,15132-2035,USA,02**7098,Cigarette/OTP Retail,2027-02-28,2300 VERSAILLES AVE,MCKEESPORT,PA,-79.84911,40.34582,JJS DELI MART,2300 VERSAILLES AVE,15132,2300 VERSAILLES AVE|15132,JJS DELI MART|2300 VERSAILLES AVE|15132,2300 VERSAILLES AVE,7d7d1dd480,True,False,MCKEESPORT,data.pa.gov,42003550900,False,False
ALLEGHENY,GIANT EAGLE INC,GIANT EAGLE 52,15237-1202,USA,70**3106,Cigarette/OTP Retail,2027-02-28,132 BEN AVON HEIGHTS RD,PITTSBURGH,PA,-80.06853,40.5216,GIANT EAGLE 52,132 BEN AVON HEIGHTS RD,15237,132 BEN AVON HEIGHTS RD|15237,GIANT EAGLE 52|132 BEN AVON HEIGHTS RD|15237,132 BEN AVON HEIGHTS RD,e83d9b798e,True,False,PITTSBURGH,data.pa.gov,42003437000,False,True
ALLEGHENY,PATTON MICHAEL P,OWLS CLUB,15076-1312,USA,02**5102,Cigarette Vending,2027-02-28,713 LITTLE DEER CREEK VALLEY RD,RUSSELLTON,PA,-79.83392,40.61947,OWLS CLUB,713 LITTLE DEER CREEK VALLEY RD,15076,713 LITTLE DEER CREEK VALLEY RD|15076,OWLS CLUB|713 LITTLE DEER CREEK VALLEY RD|15076,713 LITTLE DEER CREEK VALLEY RD,b9458ab0f2,False,True,RUSSELLTON,data.pa.gov,42003407001,False,False
ALLEGHENY,FAT FRIDAY LLC,FAT FRIDAY,15210,USA,02**1972,Cigarette/OTP Retail,2027-02-28,218-220 BROWNSVILLE ROAD,PITTSBURGH,PA,-79.98738,40.41537,FAT FRIDAY,218-220 BROWNSVILLE ROAD,15210,218-220 BROWNSVILLE ROAD|15210,FAT FRIDAY|218-220 BROWNSVILLE ROAD|15210,218-220 BROWNSVILLE RD,1bcb04840d,True,False,PITTSBURGH,data.pa.gov,42003481000,False,True
ALLEGHENY,SHREE ANIKA INC,SHREE ANIKA INC,15146-2700,USA,10**1087,Cigarette/OTP Retail,2027-02-28,2700 MOSSIDE BLVD,MONROEVILLE,PA,-79.75354,40.43467,SHREE ANIKA INC,2700 MOSSIDE BLVD,15146,2700 MOSSIDE BLVD|15146,SHREE ANIKA INC|2700 MOSSIDE BLVD|15146,2700 MOSSIDE BLVD,d320ccfc1a,True,False,MONROEVILLE,data.pa.gov,42003521301,False,False
ALLEGHENY,JAY GANESH OIL CORPORATION INC,BROOKLINE SUNOCO,15226-2001,USA,02**4988,Cigarette/OTP Retail,2027-02-28,533 BROOKLINE BLVD,PITTSBURGH,PA,-80.02271,40.39573,BROOKLINE SUNOCO,533 BROOKLINE BLVD,15226,533 BROOKLINE BLVD|15226,BROOKLINE SUNOCO|533 BROOKLINE BLVD|15226,533 BROOKLINE BLVD,8e61ab27bb,True,False,PITTSBURGH,data.pa.gov,42003191900,True,True
ALLEGHENY,WAAD2 LLC,WAAD 2 LLC,15212-1640,USA,02**0652,Cigarette/OTP Retail,2027-02-28,1312 BENTON AVE,PITTSBURGH,PA,-80.03642,40.48432,WAAD 2 LLC,1312 BENTON AVE,15212,1312 BENTON AVE|15212,WAAD 2 LLC|1312 BENTON AVE|15212,1312 BENTON AVE,cf96bbb6b9,True,False,PITTSBURGH,data.pa.gov,42003270100,True,True
ALLEGHENY,PAR MAR OIL COMPANY,PAR MAR STORES #88,15120-1006,USA,02**8950,OTP Retail,2027-02-28,431 W 7TH AVE,WEST HOMESTEAD,PA,-79.91799,40.40263,PAR MAR STORES #88,431 W 7TH AVE,15120,431 W 7TH AVE|15120,PAR MAR STORES #88|431 W 7TH AVE|15120,431 W 7TH AVE,5fb1ded662,True,False,WEST HOMESTEAD,data.pa.gov,42003482500,False,False
ALLEGHENY,ROJELS FOODS LLC,IMPERIAL SHOP N SAVE,15071-4008,USA,63**2910,Cigarette/OTP Retail,2027-02-28,600 MARKET PLACE DR,OAKDALE,PA,-80.24088,40.44014,IMPERIAL SHOP N SAVE,600 MARKET PLACE DR,15071,600 MARKET PLACE DR|15071,IMPERIAL SHOP N SAVE|600 MARKET PLACE DR|15071,600 MARKET PL DR,61ad29630c,True,False,OAKDALE,data.pa.gov,42003564000,False,False
ALLEGHENY,AYUVED INC,AYUVED INC,15235-3045,USA,02**1383,OTP Retail,2027-02-28,10991 FRANKSTOWN RD,PENN HILLS,PA,-79.8379,40.46644,AYUVED INC,10991 FRANKSTOWN RD,15235,10991 FRANKSTOWN RD|15235,AYUVED INC|10991 FRANKSTOWN RD|15235,10991 FRANKSTOWN RD,4033836107,True,False,PENN HILLS,data.pa.gov,42003523300,False,False
ALLEGHENY,Y & M FOODS INC,7 ELEVEN STORE 36159A,15044-7451,USA,70**2138,Cigarette/OTP Retail,2027-02-28,1350 WILDWOOD RD,GIBSONIA,PA,-79.99378,40.59497,7 ELEVEN STORE 36159A,1350 WILDWOOD RD,15044,1350 WILDWOOD RD|15044,7 ELEVEN STORE 36159A|1350 WILDWOOD RD|15044,1350 WILDWOOD RD,c241623bf4,True,False,GIBSONIA,data.pa.gov,42003413500,False,False
ALLEGHENY,DEES CAFE 1314 1316 EAST CARASON STREET INC,DEES CAFE 314 1316 E CARSON ST INC,15203-1510,USA,02**0249,Cigarette Retail,2027-02-28,1314 E CARSON ST,PITTSBURGH,PA,-79.98464,40.42882,DEES CAFE 314 1316 E CARSON ST INC,1314 E CARSON ST,15203,1314 E CARSON ST|15203,DEES CAFE 314 1316 E CARSON ST INC|1314 E CARSON ST|15203,1314 E CARSON ST,d8662a142f,True,False,PITTSBURGH,data.pa.gov,42003170200,True,True
ALLEGHENY,FAMILY DOLLAR STORES OF PA LLC,FAMILY DOLLAR # 22116,15210-2202,USA,02**3909,Cigarette/OTP Retail,2027-02-28,240 HAYS AVE,MOUNT OLIVER,PA,-79.98782,40.41413,FAMILY DOLLAR # 22116,240 HAYS AVE,15210,240 HAYS AVE|15210,FAMILY DOLLAR # 22116|240 HAYS AVE|15210,240 HAYS AVE,3524d315b6,True,False,MOUNT OLIVER,data.pa.gov,42003481000,False,False
ALLEGHENY,GETGO OPERATING LLC,GETGO #3619,15218-1236,USA,02**1676,Cigarette/OTP Retail,2027-02-28,1043 S BRADDOCK AVE,PITTSBURGH,PA,-79.89402,40.43311,GETGO #3619,1043 S BRADDOCK AVE,15218,1043 S BRADDOCK AVE|15218,GETGO #3619|1043 S BRADDOCK AVE|15218,1043 S BRADDOCK AVE,15034059c9,True,False,PITTSBURGH,data.pa.gov,42003516100,False,True
ALLEGHENY,KDK UNITED INC,SMITHFIELD NEWS,15222-2203,USA,02**5141,OTP Retail,2027-02-28,115 SMITHFIELD ST,PITTSBURGH,PA,-80.00031,40.43764,SMITHFIELD NEWS,115 SMITHFIELD ST,15222,115 SMITHFIELD ST|15222,SMITHFIELD NEWS|115 SMITHFIELD ST|15222,115 SMITHFIELD ST,bc2ca661d0,True,False,PITTSBURGH,data.pa.gov,42003020100,True,True
ALLEGHENY,DOLGENCORP LLC,DOLLAR GENERAL STORE #31355,15236-3009,USA,02**3084,Cigarette/OTP Retail,2027-02-28,5410 KEEPORT DR,PITTSBURGH,PA,-79.97988,40.33924,DOLLAR GENERAL STORE #31355,5410 KEEPORT DR,15236,5410 KEEPORT DR|15236,DOLLAR GENERAL STORE #31355|5410 KEEPORT DR|15236,5410 KEEPORT DR,dfe23ab68a,True,False,PITTSBURGH,data.pa.gov,42003480101,False,True
ALLEGHENY,OAKMONT COUNTRY CLUB,OAKMONT COUNTRY CLUB,15139-1199,USA,02**1392,Cigarette Retail,2027-02-28,1233 HULTON RD,OAKMONT,PA,-79.82812,40.52793,OAKMONT COUNTRY CLUB,1233 HULTON RD,15139,1233 HULTON RD|15139,OAKMONT COUNTRY CLUB|1233 HULTON RD|15139,1233 HULTON RD,82e4867373,True,False,OAKMONT,data.pa.gov,42003525300,False,False
ALLEGHENY,PABLA BROS INC,PEOPLE'S GROCERY,15224-1616,USA,02**0938,Cigarette/OTP Retail,2027-02-28,5136 PENN AVE,PITTSBURGH,PA,-79.94128,40.46478,PEOPLE'S GROCERY,5136 PENN AVE,15224,5136 PENN AVE|15224,PEOPLE'S GROCERY|5136 PENN AVE|15224,5136 PENN AVE,b9c81cf95a,True,False,PITTSBURGH,data.pa.gov,42003101900,True,True
ALLEGHENY,HARTMAN MUSIC INC,MY PLACE,15129-9548,USA,02**7708,Cigarette Vending,2027-02-28,4113 BROWNSVILLE RD,SOUTH PARK,PA,-80.02141,40.28664,MY PLACE,4113 BROWNSVILLE RD,15129,4113 BROWNSVILLE RD|15129,MY PLACE|4113 BROWNSVILLE RD|15129,4113 BROWNSVILLE RD,6378bbd1cb,False,True,SOUTH PARK,data.pa.gov,42003490002,False,False
ALLEGHENY,BELMONT AMUSEMENT COMPANY INC,TAKE A BREAK,15201-1227,USA,02**7694,Cigarette Vending,2027-02-28,3825 PENN AVE,PITTSBURGH,PA,-79.96058,40.46473,TAKE A BREAK,3825 PENN AVE,15201,3825 PENN AVE|15201,TAKE A BREAK|3825 PENN AVE|15201,3825 PENN AVE,beb684ec65,False,True,PITTSBURGH,data.pa.gov,42003060300,True,True
ALLEGHENY,GLACIER BEER DISTRIBUTOR LLC,GLACIER BEER DISTRIBUTOR LLC,15235-3040,USA,02**9483,Cigarette/OTP Retail,2027-02-28,10733 FRANKSTOWN RD,PITTSBURGH,PA,-79.84138,40.46138,GLACIER BEER DISTRIBUTOR LLC,10733 FRANKSTOWN RD,15235,10733 FRANKSTOWN RD|15235,GLACIER BEER DISTRIBUTOR LLC|10733 FRANKSTOWN RD|15235,10733 FRANKSTOWN RD,8a9ffc025b,True,False,PITTSBURGH,data.pa.gov,42003523300,False,True
ALLEGHENY,FAMILY DOLLAR STORES OF PA LLC,FAMILY DOLLAR #25224,15236-4621,USA,02**3989,Cigarette/OTP Retail,2027-02-28,340 CURRY HOLLOW RD,PLEASANT HILLS,PA,-79.97693,40.33722,FAMILY DOLLAR #25224,340 CURRY HOLLOW RD,15236,340 CURRY HOLLOW RD|15236,FAMILY DOLLAR #25224|340 CURRY HOLLOW RD|15236,340 CURRY HOLLOW RD,7aa509617a,True,False,PLEASANT HILLS,data.pa.gov,42003489002,False,False
ALLEGHENY,SGK VENDING LLC,MEDUSA'S LAIR,15213-1835,USA,02**2477,Cigarette Vending,2027-02-28,280 MOREWOOD AVE,PITTSBURGH,PA,-79.94512,40.45459,MEDUSA'S LAIR,280 MOREWOOD AVE,15213,280 MOREWOOD AVE|15213,MEDUSA'S LAIR|280 MOREWOOD AVE|15213,280 MOREWOOD AVE,42e651173f,False,True,PITTSBURGH,data.pa.gov,42003080400,True,True
ALLEGHENY,PETERS JOSEPH C,FORT PITT TAVERN,15071,USA,65**7908,Cigarette Vending,2027-02-28,778 STEUBENVILLE,OAKDALE,PA,,,FORT PITT TAVERN,778 STEUBENVILLE,15071,778 STEUBENVILLE|15071,FORT PITT TAVERN|778 STEUBENVILLE|15071,778 STEUBENVILLE,d87079b5e2,False,True,OAKDALE,census_geocoder,,False,False
ALLEGHENY,7-ELEVEN INC,SUNOCO TURNPIKE#40288H,15147-3847,USA,02**5182,Cigarette/OTP Retail,2027-02-28,2000 EASTERN AVE,VERONA,PA,-79.81371,40.52081,SUNOCO TURNPIKE#40288H,2000 EASTERN AVE,15147,2000 EASTERN AVE|15147,SUNOCO TURNPIKE#40288H|2000 EASTERN AVE|15147,2000 EASTERN AVE,712bc644ef,True,False,VERONA,data.pa.gov,42003526101,False,False
ALLEGHENY,GIANT EAGLE INC,GIANT EAGLE #1619,15218-1865,USA,02**6731,Cigarette/OTP Retail,2027-02-28,1705 S BRADDOCK AVE,PITTSBURGH,PA,-79.88784,40.42497,GIANT EAGLE #1619,1705 S BRADDOCK AVE,15218,1705 S BRADDOCK AVE|15218,GIANT EAGLE #1619|1705 S BRADDOCK AVE|15218,1705 S BRADDOCK AVE,eac538585f,True,False,PITTSBURGH,data.pa.gov,42003516100,False,True
ALLEGHENY,MIRAMAR BRANDS PENNSYLVANIA INC.,7-ELEVEN STORE #36139,15234-1242,USA,02**1845,Cigarette/OTP Retail,2027-02-28,285 MOUNT LEBANON BLVD,PITTSBURGH,PA,-80.03704,40.36867,7-ELEVEN STORE #36139,285 MOUNT LEBANON BLVD,15234,285 MOUNT LEBANON BLVD|15234,7-ELEVEN STORE #36139|285 MOUNT LEBANON BLVD|15234,285 MOUNT LEBANON BLVD,a2e58734e5,True,False,PITTSBURGH,data.pa.gov,42003476100,False,True
ALLEGHENY,TINY BOX VAPE SHOP INC,TINY BOX VAPE SHOP INC,15136-1536,USA,02**1056,OTP Retail,2027-02-28,1770 PINE HOLLOW RD STE B,MC KEES ROCKS,PA,-80.10112,40.47663,TINY BOX VAPE SHOP INC,1770 PINE HOLLOW RD STE B,15136,1770 PINE HOLLOW RD STE B|15136,TINY BOX VAPE SHOP INC|1770 PINE HOLLOW RD STE B|15136,1770 PINE HOLLOW RD,ccd6ce9b66,True,False,MC KEES ROCKS,data.pa.gov,42003460001,False,False
ALLEGHENY,KLAFTERS INC,SMOKER FRIENDLY #9,15239-2710,USA,70**8005,Cigarette/OTP Retail,2027-02-28,HOLIDAY PARK SHOPPING CENTER 2382 GOLDEN MILE HWY # 286,PITTSBURGH,PA,-79.70485,40.46298,SMOKER FRIENDLY #9,HOLIDAY PARK SHOPPING CENTER 2382 GOLDEN MILE HWY # 286,15239,HOLIDAY PARK SHOPPING CENTER 2382 GOLDEN MILE HWY # 286|15239,SMOKER FRIENDLY #9|HOLIDAY PARK SHOPPING CENTER 2382 GOLDEN MILE HWY # 286|15239,HOLIDAY PARK SHOPPING CENTER 2382 GOLDEN MILE HWY 286,63fadaa279,True,False,PITTSBURGH,data.pa.gov,42003526302,False,True
ALLEGHENY,BIG DOG VENDING INC,MCCLARENS,15120-2241,USA,02**7778,Cigarette Vending,2027-02-28,2000 WHITAKER WAY,MUNHALL,PA,-79.89005,40.40323,MCCLARENS,2000 WHITAKER WAY,15120,2000 WHITAKER WAY|15120,MCCLARENS|2000 WHITAKER WAY|15120,2000 WHITAKER WAY,f137751c19,False,True,MUNHALL,data.pa.gov,42003484300,False,False
ALLEGHENY,SPEEDWAY LLC,SPEEDWAY #2905,15139-1916,USA,02**8605,Cigarette/OTP Retail,2027-02-28,303 HULTON RD,OAKMONT,PA,-79.84211,40.52602,SPEEDWAY #2905,303 HULTON RD,15139,303 HULTON RD|15139,SPEEDWAY #2905|303 HULTON RD|15139,303 HULTON RD,06ba1e24e1,True,False,OAKMONT,data.pa.gov,42003525300,False,False
ALLEGHENY,LINDENWOOD DISTRIBUTING CO,LINDENWOOD DIST,15234-2220,USA,02**1490,OTP Retail,2027-02-28,830 SLEEPY HOLLOW RD,PITTSBURGH,PA,-80.01992,40.37374,LINDENWOOD DIST,830 SLEEPY HOLLOW RD,15234,830 SLEEPY HOLLOW RD|15234,LINDENWOOD DIST|830 SLEEPY HOLLOW RD|15234,830 SLEEPY HOLLOW RD,38cc5cef35,True,False,PITTSBURGH,data.pa.gov,42003476100,False,True
ALLEGHENY,GETGO OPERATING LLC,GETGO #3064,15213-1309,USA,02**1632,Cigarette/OTP Retail,2027-02-28,4924 BAUM BLVD,PITTSBURGH,PA,-79.9453,40.45468,GETGO #3064,4924 BAUM BLVD,15213,4924 BAUM BLVD|15213,GETGO #3064|4924 BAUM BLVD|15213,4924 BAUM BLVD,0304e471df,True,False,PITTSBURGH,data.pa.gov,42003080400,True,True
ALLEGHENY,RJLS FOODS LLC,BUTTERMILK HOLOW SHOP 'N SAVE,15122-1101,USA,02**1547,Cigarette/OTP Retail,2027-02-28,4647 BUTTERMILK HOLLOW RD,WEST MIFFLIN,PA,-79.90763,40.36175,BUTTERMILK HOLOW SHOP 'N SAVE,4647 BUTTERMILK HOLLOW RD,15122,4647 BUTTERMILK HOLLOW RD|15122,BUTTERMILK HOLOW SHOP 'N SAVE|4647 BUTTERMILK HOLLOW RD|15122,4647 BUTTERMILK HOLLOW RD,b3297e46c2,True,False,WEST MIFFLIN,data.pa.gov,42003488500,False,False
ALLEGHENY,BEER D SPENCER LLC,BEER D SPENCER LLC,15037-1534,USA,02**8703,Cigarette/OTP Retail,2027-02-28,201 N 2ND AVE,ELIZABETH,PA,-79.88597,40.2735,BEER D SPENCER LLC,201 N 2ND AVE,15037,201 N 2ND AVE|15037,BEER D SPENCER LLC|201 N 2ND AVE|15037,201 N 2ND AVE,afeb6a3d6e,True,False,ELIZABETH,data.pa.gov,42003494000,False,False
ALLEGHENY,UKANI BROTHERS INC,BP GAS STATION,15216-2717,USA,02**5916,Cigarette Retail,2027-02-28,2900 BANKSVILLE RD UKANI BROTHERS INC,PITTSBURGH,PA,-80.04132,40.40307,BP GAS STATION,2900 BANKSVILLE RD UKANI BROTHERS INC,15216,2900 BANKSVILLE RD UKANI BROTHERS INC|15216,BP GAS STATION|2900 BANKSVILLE RD UKANI BROTHERS INC|15216,2900 BANKSVILLE RD UKANI BROTHERS INC,808091b81b,True,False,PITTSBURGH,data.pa.gov,42003202300,True,True
ALLEGHENY,KEYSTONE R & M LLC,KEYSTONE R&M LLC,15136-1339,USA,02**9759,OTP Retail,2027-02-28,5899 STEUBENVILLE PIKE,MC KEES ROCKS,PA,-80.14123,40.44885,KEYSTONE R&M LLC,5899 STEUBENVILLE PIKE,15136,5899 STEUBENVILLE PIKE|15136,KEYSTONE R&M LLC|5899 STEUBENVILLE PIKE|15136,5899 STEUBENVILLE PIKE,b4910036ca,True,False,MC KEES ROCKS,data.pa.gov,42003459201,False,False
ALLEGHENY,KEYSTONE R & M LLC,KEYSTONE VAPORS,15223-2123,USA,02**7116,OTP Retail,2027-02-28,358 BUTLER ST,PITTSBURGH,PA,-79.944,40.49662,KEYSTONE VAPORS,358 BUTLER ST,15223,358 BUTLER ST|15223,KEYSTONE VAPORS|358 BUTLER ST|15223,358 BUTLER ST,eef2900818,True,False,PITTSBURGH,data.pa.gov,42003425000,False,True
ALLEGHENY,SJ RETAIL SERVICES LLC,CROSSROAD SUNOCO,15122-1335,USA,02**7199,Cigarette Retail,2027-02-28,4600 HOMESTEAD DUQUESNE RD,WEST MIFFLIN,PA,-79.894262,40.376154,CROSSROAD SUNOCO,4600 HOMESTEAD DUQUESNE RD,15122,4600 HOMESTEAD DUQUESNE RD|15122,CROSSROAD SUNOCO|4600 HOMESTEAD DUQUESNE RD|15122,4600 HOMESTEAD DUQUESNE RD,d3aa88f383,True,False,WEST MIFFLIN,data.pa.gov,42003488300,False,False
ALLEGHENY,UTSAVS NEWS LLC,UTSAV S NEWS LLC,15219-1616,USA,02**1523,Cigarette/OTP Retail,2027-02-28,400 CHERRY WAY STE 3,PITTSBURGH,PA,-79.99848,40.43869,UTSAV S NEWS LLC,400 CHERRY WAY STE 3,15219,400 CHERRY WAY STE 3|15219,UTSAV S NEWS LLC|400 CHERRY WAY STE 3|15219,400 CHERRY WAY,69f05125cc,True,False,PITTSBURGH,data.pa.gov,42003020100,True,True
ALLEGHENY,STREET MARKET INC,STREET MARKET INC,15233-1932,USA,02**3279,Cigarette/OTP Retail,2027-02-28,1018 W NORTH AVE,PITTSBURGH,PA,-80.02003,40.45313,STREET MARKET INC,1018 W NORTH AVE,15233,1018 W NORTH AVE|15233,STREET MARKET INC|1018 W NORTH AVE|15233,1018 W N AVE,2f1575c8b5,True,False,PITTSBURGH,data.pa.gov,42003565200,True,True
ALLEGHENY,BASHIR NUMAN,ONE STOP,15213-4305,USA,02**6129,OTP Retail,2027-02-28,3601 BLVD OF THE ALLIES,PITTSBURGH,PA,-79.95434,40.43455,ONE STOP,3601 BLVD OF THE ALLIES,15213,3601 BLVD OF THE ALLIES|15213,ONE STOP|3601 BLVD OF THE ALLIES|15213,3601 BLVD OF THE ALLIES,53e351c198,True,False,PITTSBURGH,data.pa.gov,42003040900,True,True
ALLEGHENY,BUSCH KEARN CORPORATION,PUFF DISCOUNT TOBACCO #7,15146-1750,USA,02**6185,Cigarette/OTP Retail,2027-02-28,226 CENTER RD STE 4,MONROEVILLE,PA,-79.76732,40.44056,PUFF DISCOUNT TOBACCO #7,226 CENTER RD STE 4,15146,226 CENTER RD STE 4|15146,PUFF DISCOUNT TOBACCO #7|226 CENTER RD STE 4|15146,226 CENTER RD,8ccb9fd050,True,False,MONROEVILLE,data.pa.gov,42003521301,False,False
ALLEGHENY,DOLGENCORP LLC,DOLLAR GENERAL #17869,15218-2621,USA,02**4361,OTP Retail,2027-02-28,2610 S BRADDOCK AVE,SWISSVALE,PA,-79.87676,40.4151,DOLLAR GENERAL #17869,2610 S BRADDOCK AVE,15218,2610 S BRADDOCK AVE|15218,DOLLAR GENERAL #17869|2610 S BRADDOCK AVE|15218,2610 S BRADDOCK AVE,f3f72f3ec2,True,False,SWISSVALE,data.pa.gov,42003515100,False,False
ALLEGHENY,NATTY HEIGHTS BEER LLC,NATTY HEIGHTS,15065-1972,USA,02**2761,Cigarette Retail,2027-02-28,14 HIGHLANDS MALL,NATRONA HEIGHTS,PA,-79.71216,40.64463,NATTY HEIGHTS,14 HIGHLANDS MALL,15065,14 HIGHLANDS MALL|15065,NATTY HEIGHTS|14 HIGHLANDS MALL|15065,14 HIGHLANDS MALL,9adb991a2e,True,False,NATRONA HEIGHTS,data.pa.gov,42003401100,False,False
ALLEGHENY,GETGO OPERATING LLC,GETGO #3105,15037-1668,USA,02**1696,Cigarette/OTP Retail,2027-02-28,1000 HAYDEN BLVD,ELIZABETH,PA,-79.87884,40.2642,GETGO #3105,1000 HAYDEN BLVD,15037,1000 HAYDEN BLVD|15037,GETGO #3105|1000 HAYDEN BLVD|15037,1000 HAYDEN BLVD,d62eccb04a,True,False,ELIZABETH,data.pa.gov,42003495000,False,False
ALLEGHENY,ANYTIME MARKET 101 INC,ANYTIME MARKET 101,15136-2226,USA,02**7341,Cigarette/OTP Retail,2027-02-28,726 BROADWAY AVE,MC KEES ROCKS,PA,-80.07426,40.47279,ANYTIME MARKET 101,726 BROADWAY AVE,15136,726 BROADWAY AVE|15136,ANYTIME MARKET 101|726 BROADWAY AVE|15136,726 BROADWAY AVE,f6ee0e21bd,True,False,MC KEES ROCKS,data.pa.gov,42003462600,False,False
ALLEGHENY,HARI KRISHNAJI CORPORATION,STOP & SAVE,15065-1444,USA,02**7522,Cigarette/OTP Retail,2027-02-28,1717 FREEPORT RD,NATRONA HEIGHTS,PA,-79.72511,40.62382,STOP & SAVE,1717 FREEPORT RD,15065,1717 FREEPORT RD|15065,STOP & SAVE|1717 FREEPORT RD|15065,1717 FREEPORT RD,3faa855b4f,True,False,NATRONA HEIGHTS,data.pa.gov,42003401300,False,False
ALLEGHENY,ECO MART LLC,STORE,15112-1181,USA,02**3091,Cigarette/OTP Retail,2027-02-28,507 BESSEMER AVE,EAST PITTSBURGH,PA,-79.84129,40.39516,STORE,507 BESSEMER AVE,15112,507 BESSEMER AVE|15112,STORE|507 BESSEMER AVE|15112,507 BESSEMER AVE,1d859a9f11,True,False,EAST PITTSBURGH,data.pa.gov,42003510000,False,False
ALLEGHENY,LE MY T,GROCERY KART,15206-3455,USA,02**5900,Cigarette Retail,2027-02-28,5482 PENN AVE,PITTSBURGH,PA,-79.9326,40.46415,GROCERY KART,5482 PENN AVE,15206,5482 PENN AVE|15206,GROCERY KART|5482 PENN AVE|15206,5482 PENN AVE,33f8c693f7,True,False,PITTSBURGH,data.pa.gov,42003080700,True,True
ALLEGHENY,BRIDGES AND BOTTLES ON SIXTH INC,BRIDGES AND BOTTLES ON SIXTH INC,15222-3308,USA,02**1305,Cigarette/OTP Retail,2027-02-28,137 6TH ST,PITTSBURGH,PA,-80.00236,40.44317,BRIDGES AND BOTTLES ON SIXTH INC,137 6TH ST,15222,137 6TH ST|15222,BRIDGES AND BOTTLES ON SIXTH INC|137 6TH ST|15222,137 6TH ST,9f4a7ff2f8,True,False,PITTSBURGH,data.pa.gov,42003020100,True,True
ALLEGHENY,DOLGENCORP LLC,DOLLAR GENERAL STORE #7091,15135-1135,USA,02**6229,Cigarette/OTP Retail,2027-02-28,5724 SMITHFIELD ST,MCKEESPORT,PA,-79.82538,40.3105,DOLLAR GENERAL STORE #7091,5724 SMITHFIELD ST,15135,5724 SMITHFIELD ST|15135,DOLLAR GENERAL STORE #7091|5724 SMITHFIELD ST|15135,5724 SMITHFIELD ST,031e7b3ffe,True,False,MCKEESPORT,data.pa.gov,42003496200,False,False
ALLEGHENY,AKSHARPURSHOTTAM LLC,SUNOCO GAS STATION,15226-2505,USA,02**7540,Cigarette/OTP Retail,2027-02-28,601 MCNEILLY RD,PITTSBURGH,PA,-80.02049,40.3833,SUNOCO GAS STATION,601 MCNEILLY RD,15226,601 MCNEILLY RD|15226,SUNOCO GAS STATION|601 MCNEILLY RD|15226,601 MCNEILLY RD,b181c2e557,True,False,PITTSBURGH,data.pa.gov,42003479000,False,True
ALLEGHENY,MJS CONVENIENCE STORE INC,MJS CONVENIENCE STORE INC,15220-4409,USA,02**0771,Cigarette/OTP Retail,2027-02-28,275 OAKVILLE DR,PITTSBURGH,PA,-80.03849,40.4187,MJS CONVENIENCE STORE INC,275 OAKVILLE DR,15220,275 OAKVILLE DR|15220,MJS CONVENIENCE STORE INC|275 OAKVILLE DR|15220,275 OAKVILLE DR,debdbaf26d,True,False,PITTSBURGH,data.pa.gov,42003202300,True,True
ALLEGHENY,7-ELEVEN INC,A PLUS #40225H,15209-2612,USA,02**5170,Cigarette/OTP Retail,2027-02-28,300 GRANT AVE,MILLVALE,PA,-79.97233,40.47948,A PLUS #40225H,300 GRANT AVE,15209,300 GRANT AVE|15209,A PLUS #40225H|300 GRANT AVE|15209,300 GRANT AVE,beab29e829,True,False,MILLVALE,data.pa.gov,42003427000,False,False
ALLEGHENY,ZENNER ANTHONY J,BREAKER S,15216-2607,USA,63**7782,Cigarette Vending,2027-02-28,1413 POTOMAC AVE,PITTSBURGH,PA,-80.03458,40.39543,BREAKER S,1413 POTOMAC AVE,15216,1413 POTOMAC AVE|15216,BREAKER S|1413 POTOMAC AVE|15216,1413 POTOMAC AVE,41cb097fa1,False,True,PITTSBURGH,data.pa.gov,42003472200,False,True
ALLEGHENY,THREE R TOBACCO INC,THREE,15210-3649,USA,02**8658,Cigarette/OTP Retail,2027-02-28,1100 BROWNSVILLE RD,PITTSBURGH,PA,-79.99087,40.40489,THREE,1100 BROWNSVILLE RD,15210,1100 BROWNSVILLE RD|15210,THREE|1100 BROWNSVILLE RD|15210,1100 BROWNSVILLE RD,cd07ff1465,True,False,PITTSBURGH,data.pa.gov,42003290100,True,True
ALLEGHENY,DOLGENCORP LLC,DOLLAR GENERAL STORE #25064,15239-2129,USA,02**1266,Cigarette/OTP Retail,2027-02-28,9969 SALTSBURG RD,PITTSBURGH,PA,-79.70811,40.48946,DOLLAR GENERAL STORE #25064,9969 SALTSBURG RD,15239,9969 SALTSBURG RD|15239,DOLLAR GENERAL STORE #25064|9969 SALTSBURG RD|15239,9969 SALTSBURG RD,4545943e5b,True,False,PITTSBURGH,data.pa.gov,42003526102,False,True
ALLEGHENY,SAF ENTERPRISE LLC,WHITE OAK MINI MART,15131-1711,USA,02**1667,Cigarette/OTP Retail,2027-02-28,1513 LINCOLN WAY,WHITE OAK,PA,-79.81781,40.34906,WHITE OAK MINI MART,1513 LINCOLN WAY,15131,1513 LINCOLN WAY|15131,WHITE OAK MINI MART|1513 LINCOLN WAY|15131,1513 LINCOLN WAY,da39d449fe,True,False,WHITE OAK,data.pa.gov,42003503002,False,False
ALLEGHENY,SHEETZ INC,SHEETZ #834,15108-2538,USA,02**0484,Cigarette/OTP Retail,2027-02-28,4875 UNIVERSITY BLVD,CORAOPOLIS,PA,-80.19789,40.53776,SHEETZ #834,4875 UNIVERSITY BLVD,15108,4875 UNIVERSITY BLVD|15108,SHEETZ #834|4875 UNIVERSITY BLVD|15108,4875 UNIVERSITY BLVD,6862e776b2,True,False,CORAOPOLIS,data.pa.gov,42003451101,False,False
ALLEGHENY,PITTSBURGH FIELD CLUB,PITTSBURGH FIELD CLUB,15238-2224,USA,02**2994,Cigarette Retail,2027-02-28,121 FIELD CLUB RD,PITTSBURGH,PA,-79.88303,40.51265,PITTSBURGH FIELD CLUB,121 FIELD CLUB RD,15238,121 FIELD CLUB RD|15238,PITTSBURGH FIELD CLUB|121 FIELD CLUB RD|15238,121 FIELD CLUB RD,dc73698743,True,False,PITTSBURGH,data.pa.gov,42003422000,False,True
ALLEGHENY,GULJAN ENTERPRISES INC,GULJAN ENTERPRISES INC,15136-3222,USA,02**4621,Cigarette/OTP Retail,2027-02-28,700 FREDERICK ST,MC KEES ROCKS,PA,-80.06517,40.47133,GULJAN ENTERPRISES INC,700 FREDERICK ST,15136,700 FREDERICK ST|15136,GULJAN ENTERPRISES INC|700 FREDERICK ST|15136,700 FREDERICK ST,d60a543eb4,True,False,MC KEES ROCKS,data.pa.gov,42003464400,False,False
ALLEGHENY,NIKITUK JACOB W,SMOKEYS BAR,15209-2576,USA,02**5008,Cigarette Vending,2027-02-28,139 HOWARD ST,MILLVALE,PA,-79.97535,40.4808,SMOKEYS BAR,139 HOWARD ST,15209,139 HOWARD ST|15209,SMOKEYS BAR|139 HOWARD ST|15209,139 HOWARD ST,d8038a6cd9,False,True,MILLVALE,data.pa.gov,42003427000,False,False
ALLEGHENY,HARTMAN MUSIC INC,HALF TIME,15236-1107,USA,02**7708,Cigarette Vending,2027-02-28,1413 CATHELL RD,PITTSBURGH,PA,-79.95002,40.38502,HALF TIME,1413 CATHELL RD,15236,1413 CATHELL RD|15236,HALF TIME|1413 CATHELL RD|15236,1413 CATHELL RD,92a1eca7b6,False,True,PITTSBURGH,data.pa.gov,42003480400,False,True
ALLEGHENY,WEST PENN FOOD MARTS LLC,THOMPSON RUN MARKET,15237-3367,USA,02**9042,Cigarette/OTP Retail,2027-02-28,333 THOMPSON RUN RD,PITTSBURGH,PA,-79.98868,40.52769,THOMPSON RUN MARKET,333 THOMPSON RUN RD,15237,333 THOMPSON RUN RD|15237,THOMPSON RUN MARKET|333 THOMPSON RUN RD|15237,333 THOMPSON RUN RD,ed81fed3ba,True,False,PITTSBURGH,data.pa.gov,42003429202,False,True
ALLEGHENY,CENTRE AVE. MARKET,CENTRE AVE. MARKET,15219-6306,USA,02**2016,Cigarette/OTP Retail,2027-02-28,2228 CENTRE AVE,PITTSBURGH,PA,-79.97495,40.44524,CENTRE AVE. MARKET,2228 CENTRE AVE,15219,2228 CENTRE AVE|15219,CENTRE AVE. MARKET|2228 CENTRE AVE|15219,2228 CENTRE AVE,c54ca7b54f,True,False,PITTSBURGH,data.pa.gov,42003050100,True,True
ALLEGHENY,GIANT EAGLE INC,GIANT EAGLE 67,15237,USA,70**3072,Cigarette/OTP Retail,2027-02-28,MCKNIGHT & PEEBLES RD,PITTSBURGH,PA,-80.02125,40.55455,GIANT EAGLE 67,MCKNIGHT & PEEBLES RD,15237,MCKNIGHT & PEEBLES RD|15237,GIANT EAGLE 67|MCKNIGHT & PEEBLES RD|15237,MCKNIGHT & PEEBLES RD,705db5ceaa,True,False,PITTSBURGH,data.pa.gov,42003413400,False,True
ALLEGHENY,BELFIORE AMUSEMENT CO,MUZZIS,15106-4062,USA,63**7797,Cigarette Vending,2027-02-28,408 2ND ST,HEIDELBERG,PA,-80.08794,40.39193,MUZZIS,408 2ND ST,15106,408 2ND ST|15106,MUZZIS|408 2ND ST|15106,408 2ND ST,13e95fa702,False,True,HEIDELBERG,data.pa.gov,42003471000,False,False
ALLEGHENY,SHREEJI ENTERPRISE LLC,MIKES SPOT,15235-3856,USA,02**7016,Cigarette/OTP Retail,2027-02-28,815 UNIVERSAL RD,PITTSBURGH,PA,-79.81207,40.46094,MIKES SPOT,815 UNIVERSAL RD,15235,815 UNIVERSAL RD|15235,MIKES SPOT|815 UNIVERSAL RD|15235,815 UNIVERSAL RD,42ad3f7d6c,True,False,PITTSBURGH,data.pa.gov,42003523501,False,True
ALLEGHENY,CLOUD 9 SMOKE SHOP 5 LLC,STORE,15205-2846,USA,02**0573,Cigarette/OTP Retail,2027-02-28,92 NOBLE AVE,PITTSBURGH,PA,-80.06606,40.4341,STORE,92 NOBLE AVE,15205,92 NOBLE AVE|15205,STORE|92 NOBLE AVE|15205,92 NOBLE AVE,0831440258,True,False,PITTSBURGH,data.pa.gov,42003465600,False,True
ALLEGHENY,MAX BEAUTY OF PITTSBURGH INC,MAX BEAUTY OF PITTSBURGH,15136-3812,USA,02**5187,Cigarette/OTP Retail,2027-02-28,142 CHARTIERS AVE,MC KEES ROCKS,PA,-80.05704,40.46365,MAX BEAUTY OF PITTSBURGH,142 CHARTIERS AVE,15136,142 CHARTIERS AVE|15136,MAX BEAUTY OF PITTSBURGH|142 CHARTIERS AVE|15136,142 CHARTIERS AVE,0753dca377,True,False,MC KEES ROCKS,data.pa.gov,42003562500,True,False
ALLEGHENY,DOLGENCORP LLC,DOLLAR GENERAL STORE 22867,15147-3709,USA,02**4088,Cigarette/OTP Retail,2027-02-28,1108 MILLTOWN RD,VERONA,PA,-79.79003,40.49864,DOLLAR GENERAL STORE 22867,1108 MILLTOWN RD,15147,1108 MILLTOWN RD|15147,DOLLAR GENERAL STORE 22867|1108 MILLTOWN RD|15147,1108 MILLTOWN RD,89e29fdb78,True,False,VERONA,data.pa.gov,42003523702,False,False
ALLEGHENY,GETGO OPERATING LLC,GETGO #3476,15147-1102,USA,02**1710,Cigarette/OTP Retail,2027-02-28,800 ALLEGHENY RIVER BLVD,VERONA,PA,-79.84347,40.50713,GETGO #3476,800 ALLEGHENY RIVER BLVD,15147,800 ALLEGHENY RIVER BLVD|15147,GETGO #3476|800 ALLEGHENY RIVER BLVD|15147,800 ALLEGHENY RIVER BLVD,9ba1cb9d25,True,False,VERONA,data.pa.gov,42003524000,False,False
ALLEGHENY,RED WOLF TRADING INC,RED WOLF TRADING INC,15219-6315,USA,02**6957,Cigarette/OTP Retail,2027-02-28,2168 CENTRE AVE,PITTSBURGH,PA,-79.9765,40.44532,RED WOLF TRADING INC,2168 CENTRE AVE,15219,2168 CENTRE AVE|15219,RED WOLF TRADING INC|2168 CENTRE AVE|15219,2168 CENTRE AVE,8896e009a0,True,False,PITTSBURGH,data.pa.gov,42003050100,True,True
ALLEGHENY,AVALON SMOKE & VAPE LLC,AVALON SMOKE & VAPE LLC,15202-2468,USA,02**8387,Cigarette/OTP Retail,2027-02-28,626 CALIFORNIA AVE,PITTSBURGH,PA,-80.06818,40.50148,AVALON SMOKE & VAPE LLC,626 CALIFORNIA AVE,15202,626 CALIFORNIA AVE|15202,AVALON SMOKE & VAPE LLC|626 CALIFORNIA AVE|15202,626 CALIFORNIA AVE,a8882e87e0,True,False,PITTSBURGH,data.pa.gov,42003432300,False,True
ALLEGHENY,G'S MINI MART CORP,G'S MINI MART CORP,15106-2515,USA,02**3600,Cigarette/OTP Retail,2027-02-28,200 3RD ST,CARNEGIE,PA,-80.08993,40.40342,G'S MINI MART CORP,200 3RD ST,15106,200 3RD ST|15106,G'S MINI MART CORP|200 3RD ST|15106,200 3RD ST,ff669ec25c,True,False,CARNEGIE,data.pa.gov,42003468800,False,False
ALLEGHENY,BD FRANKSTOWN INC,BD FRANKSTOWN INC,15206-4112,USA,02**1867,Cigarette/OTP Retail,2027-02-28,6680 FRANKSTOWN AVE,PITTSBURGH,PA,-79.90852,40.45866,BD FRANKSTOWN INC,6680 FRANKSTOWN AVE,15206,6680 FRANKSTOWN AVE|15206,BD FRANKSTOWN INC|6680 FRANKSTOWN AVE|15206,6680 FRANKSTOWN AVE,efa48c4b2a,True,False,PITTSBURGH,data.pa.gov,42003120900,True,True
ALLEGHENY,SWISHER INTERNATIONAL INC,SHANNON PLUE,15224-1680,USA,02**1451,OTP Itinerant,2027-02-28,237 S MATHILDA ST,PITTSBURGH,PA,-79.94664,40.46401,SHANNON PLUE,237 S MATHILDA ST,15224,237 S MATHILDA ST|15224,SHANNON PLUE|237 S MATHILDA ST|15224,237 S MATHILDA ST,6f3919f0d8,False,True,PITTSBURGH,data.pa.gov,42003080900,True,True
ALLEGHENY,DIALLO FAMILY UNITED INC,OAKDALE MINI MART,15071-9330,USA,02**8811,Cigarette/OTP Retail,2027-02-28,7520 STEUBENVILLE PIKE,OAKDALE,PA,-80.20136,40.44186,OAKDALE MINI MART,7520 STEUBENVILLE PIKE,15071,7520 STEUBENVILLE PIKE|15071,OAKDALE MINI MART|7520 STEUBENVILLE PIKE|15071,7520 STEUBENVILLE PIKE,c8497f5895,True,False,OAKDALE,data.pa.gov,42003453004,False,False
ALLEGHENY,DAVES BP LLC,DAVE S BP LLC,15214-1342,USA,02**5629,Cigarette/OTP Retail,2027-02-28,4260 EVERGREEN RD,PITTSBURGH,PA,-80.00793,40.49587,DAVE S BP LLC,4260 EVERGREEN RD,15214,4260 EVERGREEN RD|15214,DAVE S BP LLC|4260 EVERGREEN RD|15214,4260 EVERGREEN RD,2c16edccfc,True,False,PITTSBURGH,data.pa.gov,42003261300,True,True
ALLEGHENY,GIANT EAGLE INC,GIANT EAGLE 77,15221-4895,USA,70**3046,Cigarette/OTP Retail,2027-02-28,254 YOST BLVD,PITTSBURGH,PA,-79.85521,40.41445,GIANT EAGLE 77,254 YOST BLVD,15221,254 YOST BLVD|15221,GIANT EAGLE 77|254 YOST BLVD|15221,254 YOST BLVD,3dd45f8a8b,True,False,PITTSBURGH,data.pa.gov,42003517000,False,True
ALLEGHENY,DOLGENCORP LLC,DOLLAR GENERAL STORE #4225,15131-2415,USA,02**6090,Cigarette/OTP Retail,2027-02-28,1985 LINCOLN WAY STE 3,WHITE OAK,PA,-79.80826,40.33857,DOLLAR GENERAL STORE #4225,1985 LINCOLN WAY STE 3,15131,1985 LINCOLN WAY STE 3|15131,DOLLAR GENERAL STORE #4225|1985 LINCOLN WAY STE 3|15131,1985 LINCOLN WAY,2a2c8856f2,True,False,WHITE OAK,data.pa.gov,42003503002,False,False
ALLEGHENY,ARAMA L.L.C,OG'S MINI MART,15140-1342,USA,02**2452,OTP Retail,2027-02-28,378 BROADWAY,PITCAIRN,PA,-79.78031,40.40136,OG'S MINI MART,378 BROADWAY,15140,378 BROADWAY|15140,OG'S MINI MART|378 BROADWAY|15140,378 BROADWAY,7b5ec33576,True,False,PITCAIRN,data.pa.gov,42003522000,False,False
ALLEGHENY,VIP TOBACCO & VAPE 2 CORP,VIP TOBACCO & VAPE 2 CORP,15236-3810,USA,02**1811,Cigarette/OTP Retail,2027-02-28,582 CLAIRTON BLVD,PITTSBURGH,PA,-79.94574,40.33069,VIP TOBACCO & VAPE 2 CORP,582 CLAIRTON BLVD,15236,582 CLAIRTON BLVD|15236,VIP TOBACCO & VAPE 2 CORP|582 CLAIRTON BLVD|15236,582 CLAIRTON BLVD,280f1a2ee1,True,False,PITTSBURGH,data.pa.gov,42003489001,False,True
ALLEGHENY,DOLGENCORP LLC,DOLLAR GENERAL STORE #16488,15239-2613,USA,02**1039,Cigarette/OTP Retail,2027-02-28,2409 GOLDEN MILE HWY,PLUM,PA,-79.70577,40.46467,DOLLAR GENERAL STORE #16488,2409 GOLDEN MILE HWY,15239,2409 GOLDEN MILE HWY|15239,DOLLAR GENERAL STORE #16488|2409 GOLDEN MILE HWY|15239,2409 GOLDEN MILE HWY,929fb78860,True,False,PLUM,data.pa.gov,42003526302,False,False
ALLEGHENY,GIANT EAGLE INC,GIANT EAGLE 35,15220,USA,70**3059,Cigarette/OTP Retail,2027-02-28,GREENTREE & COCHRAN RD,PITTSBURGH,PA,-80.06567,40.39327,GIANT EAGLE 35,GREENTREE & COCHRAN RD,15220,GREENTREE & COCHRAN RD|15220,GIANT EAGLE 35|GREENTREE & COCHRAN RD|15220,GREENTREE & COCHRAN RD,ea4ee7ab8c,True,False,PITTSBURGH,data.pa.gov,42003470501,False,True
ALLEGHENY,NIKITUK JACOB W,CLUB 206,15104-2718,USA,02**5008,Cigarette Vending,2027-02-28,1318 WOLFE AVE,BRADDOCK,PA,-79.84497,40.40519,CLUB 206,1318 WOLFE AVE,15104,1318 WOLFE AVE|15104,CLUB 206|1318 WOLFE AVE|15104,1318 WOLFE AVE,eb0690298b,False,True,BRADDOCK,data.pa.gov,42003512000,False,False
ALLEGHENY,GETGO OPERATING LLC,GETGO #3003,15203-2132,USA,02**1605,Cigarette/OTP Retail,2027-02-28,3247 E CARSON ST,PITTSBURGH,PA,-79.96016,40.4231,GETGO #3003,3247 E CARSON ST,15203,3247 E CARSON ST|15203,GETGO #3003|3247 E CARSON ST|15203,3247 E CARSON ST,b39c7d161a,True,False,PITTSBURGH,data.pa.gov,42003160900,True,True
ALLEGHENY,DOLGENCORP LLC,DOLLAR GENERAL STORE #7927,15145,USA,02**6272,Cigarette/OTP Retail,2027-02-28,120 PENN AVENUE EXT,TURTLE CREEK,PA,-79.83249,40.40553,DOLLAR GENERAL STORE #7927,120 PENN AVENUE EXT,15145,120 PENN AVENUE EXT|15145,DOLLAR GENERAL STORE #7927|120 PENN AVENUE EXT|15145,120 PENN AVE EXT,1ce63ed70e,True,False,TURTLE CREEK,data.pa.gov,42003509400,False,False
ALLEGHENY,CIGARS & ASH INC.,CIGARS & ASH,15056-1144,USA,02**4206,Cigarette/OTP Retail,2027-02-28,99 OHIO RIVER BLVD UNIT B,LEETSDALE,PA,-80.2085,40.5637,CIGARS & ASH,99 OHIO RIVER BLVD UNIT B,15056,99 OHIO RIVER BLVD UNIT B|15056,CIGARS & ASH|99 OHIO RIVER BLVD UNIT B|15056,99 OHIO RIVER BLVD,b48dbc980c,True,False,LEETSDALE,data.pa.gov,42003448000,False,False
ALLEGHENY,GOLDEN TRIANGLE DISTRIBUTORS INC.,GOLDEN TRIANGLE DISTRIBUTORS INC.,15221-1303,USA,02**9353,Cigarette/OTP Retail,2027-02-28,7901 BENNETT ST,PITTSBURGH,PA,-79.88528,40.45406,GOLDEN TRIANGLE DISTRIBUTORS INC.,7901 BENNETT ST,15221,7901 BENNETT ST|15221,GOLDEN TRIANGLE DISTRIBUTORS INC.|7901 BENNETT ST|15221,7901 BENNETT ST,591578e738,True,False,PITTSBURGH,data.pa.gov,42003130600,True,True
ALLEGHENY,FAMILY DOLLAR STORES OF PA LLC,FAMILY DOLLAR STORE #32193,15084-1408,USA,02**7866,OTP Retail,2027-02-28,140 W 7TH AVE,TARENTUM,PA,-79.76061,40.60035,FAMILY DOLLAR STORE #32193,140 W 7TH AVE,15084,140 W 7TH AVE|15084,FAMILY DOLLAR STORE #32193|140 W 7TH AVE|15084,140 W 7TH AVE,50fb4241f3,True,False,TARENTUM,data.pa.gov,42003403500,False,False
ALLEGHENY,COOL VAPES LLC,COOL VAPES,15237-3501,USA,02**7797,OTP Wholesaler,2027-02-28,7206 MCKNIGHT RD,PITTSBURGH,PA,-80.0105,40.5352,COOL VAPES,7206 MCKNIGHT RD,15237,7206 MCKNIGHT RD|15237,COOL VAPES|7206 MCKNIGHT RD|15237,7206 MCKNIGHT RD,8925cabf37,False,True,PITTSBURGH,data.pa.gov,42003429201,False,True
ALLEGHENY,PURPLE HAZE SMOKE SHOP,PURPLE HAZE SMOKE SHOP INC,15237-3423,USA,02**3233,Cigarette/OTP Retail,2027-02-28,4801 MCKNIGHT RD STE 91A,PITTSBURGH,PA,-80.00612,40.52583,PURPLE HAZE SMOKE SHOP INC,4801 MCKNIGHT RD STE 91A,15237,4801 MCKNIGHT RD STE 91A|15237,PURPLE HAZE SMOKE SHOP INC|4801 MCKNIGHT RD STE 91A|15237,4801 MCKNIGHT RD,dd903ab77b,True,False,PITTSBURGH,data.pa.gov,42003429500,False,True
ALLEGHENY,LATJ INC,ALLEGHENY BEVERAGE,15065-1650,USA,02**5662,Cigarette Retail,2027-02-28,2311 FREEPORT RD,NATRONA HEIGHTS,PA,-79.71769,40.63034,ALLEGHENY BEVERAGE,2311 FREEPORT RD,15065,2311 FREEPORT RD|15065,ALLEGHENY BEVERAGE|2311 FREEPORT RD|15065,2311 FREEPORT RD,a08d729b3f,True,False,NATRONA HEIGHTS,data.pa.gov,42003401100,False,False
ALLEGHENY,HARTMAN MUSIC INC,JOE'S BAR,15122-1106,USA,02**7708,Cigarette Vending,2027-02-28,4814 BUTTERMILK HOLLOW RD,WEST MIFFLIN,PA,-79.90934,40.35802,JOE'S BAR,4814 BUTTERMILK HOLLOW RD,15122,4814 BUTTERMILK HOLLOW RD|15122,JOE'S BAR|4814 BUTTERMILK HOLLOW RD|15122,4814 BUTTERMILK HOLLOW RD,0ca08cde25,False,True,WEST MIFFLIN,data.pa.gov,42003488500,False,False
ALLEGHENY,NEPALI BAZAAR LLC,NEPALI BAZAAR LLC,15227-2608,USA,02**5572,Cigarette/OTP Retail,2027-02-28,4040 SAW MILL RUN BLVD,PITTSBURGH,PA,-79.98399,40.36807,NEPALI BAZAAR LLC,4040 SAW MILL RUN BLVD,15227,4040 SAW MILL RUN BLVD|15227,NEPALI BAZAAR LLC|4040 SAW MILL RUN BLVD|15227,4040 SAW MILL RUN BLVD,384b5b9e29,True,False,PITTSBURGH,data.pa.gov,42003478100,False,True
ALLEGHENY,K & G SUPER MART INC,K & G SUPER MART INC,15147-2643,USA,02**1404,Cigarette/OTP Retail,2027-02-28,1043 HAMIL RD,VERONA,PA,-79.81248,40.5026,K & G SUPER MART INC,1043 HAMIL RD,15147,1043 HAMIL RD|15147,K & G SUPER MART INC|1043 HAMIL RD|15147,1043 HAMIL RD,cd225650fa,True,False,VERONA,data.pa.gov,42003523701,False,False
ALLEGHENY,SWISHER INTERNATIONAL INC,#0932 CHRISTOPHER DOERSCHNER,15239-2649,USA,02**7925,OTP Itinerant,2027-02-28,737 BAR HARBOR DR,PITTSBURGH,PA,-79.71594,40.47189,#0932 CHRISTOPHER DOERSCHNER,737 BAR HARBOR DR,15239,737 BAR HARBOR DR|15239,#0932 CHRISTOPHER DOERSCHNER|737 BAR HARBOR DR|15239,737 BAR HARBOR DR,2cd35b7c91,False,True,PITTSBURGH,data.pa.gov,42003526302,False,True
ALLEGHENY,DOLGENCORP LLC,DOLLAR GENERAL STORE #9002,15045-1315,USA,02**6182,Cigarette/OTP Retail,2027-02-28,28 MONONGAHELA AVE,GLASSPORT,PA,-79.89067,40.33544,DOLLAR GENERAL STORE #9002,28 MONONGAHELA AVE,15045,28 MONONGAHELA AVE|15045,DOLLAR GENERAL STORE #9002|28 MONONGAHELA AVE|15045,28 MONONGAHELA AVE,547e5fa743,True,False,GLASSPORT,data.pa.gov,42003499300,False,False
ALLEGHENY,HEAD OF THE GLASS LLC,KEEPIN IT GLASSY,15237-3406,USA,02**6200,OTP Retail,2027-02-28,4818 MCKNIGHT RD,PITTSBURGH,PA,-80.00499,40.52596,KEEPIN IT GLASSY,4818 MCKNIGHT RD,15237,4818 MCKNIGHT RD|15237,KEEPIN IT GLASSY|4818 MCKNIGHT RD|15237,4818 MCKNIGHT RD,78f9b4261a,True,False,PITTSBURGH,data.pa.gov,42003429202,False,True
ALLEGHENY,RIDGE CONVENIENT MART CORP,RIDGE CONVENIENT MART CORP,15017-1541,USA,02**1304,Cigarette/OTP Retail,2027-02-28,850 BOYCE RD,BRIDGEVILLE,PA,-80.12558,40.32804,RIDGE CONVENIENT MART CORP,850 BOYCE RD,15017,850 BOYCE RD|15017,RIDGE CONVENIENT MART CORP|850 BOYCE RD|15017,850 BOYCE RD,9e749f8af1,True,False,BRIDGEVILLE,data.pa.gov,42003456004,False,False
ALLEGHENY,GETGO OPERATING LLC,GETGO #3659,15235-1432,USA,02**1682,Cigarette/OTP Retail,2027-02-28,9003 FRANKSTOWN RD,PITTSBURGH,PA,-79.86427,40.46199,GETGO #3659,9003 FRANKSTOWN RD,15235,9003 FRANKSTOWN RD|15235,GETGO #3659|9003 FRANKSTOWN RD|15235,9003 FRANKSTOWN RD,16cc7ef9f7,True,False,PITTSBURGH,data.pa.gov,42003523200,False,True
ALLEGHENY,SHOKROLLAHZADEH M,SHOKROLLAHZADEHM,15221-3527,USA,02**1558,Cigarette Retail,2027-02-28,320 COAL ST,PITTSBURGH,PA,-79.88285,40.43576,SHOKROLLAHZADEHM,320 COAL ST,15221,320 COAL ST|15221,SHOKROLLAHZADEHM|320 COAL ST|15221,320 COAL ST,6ca7437f8c,True,False,PITTSBURGH,data.pa.gov,42003516200,False,True
ALLEGHENY,JALARAM OIL INC,SUNOCO BELLEVUE,15202-3418,USA,02**5669,Cigarette/OTP Retail,2027-02-28,4528 OHIO RIVER BLVD,BELLEVUE,PA,-80.06158,40.492,SUNOCO BELLEVUE,4528 OHIO RIVER BLVD,15202,4528 OHIO RIVER BLVD|15202,SUNOCO BELLEVUE|4528 OHIO RIVER BLVD|15202,4528 OHIO RIVER BLVD,d18099106c,True,False,BELLEVUE,data.pa.gov,42003431500,False,False
ALLEGHENY,KUMAR MANOJ,PITTSBURGH WHOLESALING COMPANY,15205-1422,USA,02**8215,OTP Wholesaler,2027-02-28,1810 PARKWAY VIEW DR,PITTSBURGH,PA,-80.1279,40.43311,PITTSBURGH WHOLESALING COMPANY,1810 PARKWAY VIEW DR,15205,1810 PARKWAY VIEW DR|15205,PITTSBURGH WHOLESALING COMPANY|1810 PARKWAY VIEW DR|15205,1810 PKWY VIEW DR,d59b32763b,False,True,PITTSBURGH,data.pa.gov,42003459201,False,True
ALLEGHENY,PINKYS VENDING INC,ESTA ESTA,15146-2503,USA,02**7775,Cigarette Vending,2027-02-28,4000 WILLIAM PENN HWY,MONROEVILLE,PA,-79.77124,40.43839,ESTA ESTA,4000 WILLIAM PENN HWY,15146,4000 WILLIAM PENN HWY|15146,ESTA ESTA|4000 WILLIAM PENN HWY|15146,4000 WILLIAM PENN HWY,1ce5b0656c,False,True,MONROEVILLE,data.pa.gov,42003521200,False,False
ALLEGHENY,FAMILY DOLLAR STORES OF PA LLC,FAMILY DOLLAR # 20775,15136-3547,USA,02**3839,Cigarette/OTP Retail,2027-02-28,152 MCKEES ROCKS PLZ,MC KEES ROCKS,PA,-80.05718,40.46484,FAMILY DOLLAR # 20775,152 MCKEES ROCKS PLZ,15136,152 MCKEES ROCKS PLZ|15136,FAMILY DOLLAR # 20775|152 MCKEES ROCKS PLZ|15136,152 MCKEES ROCKS PLZ,32ab5bd078,True,False,MC KEES ROCKS,data.pa.gov,42003464400,False,False
ALLEGHENY,NIKITUK JACOB W,UGLY DOG SALOON,15205-4138,USA,02**5008,Cigarette Vending,2027-02-28,2351 NOBLESTOWN RD STE 1,PITTSBURGH,PA,-80.05542,40.42691,UGLY DOG SALOON,2351 NOBLESTOWN RD STE 1,15205,2351 NOBLESTOWN RD STE 1|15205,UGLY DOG SALOON|2351 NOBLESTOWN RD STE 1|15205,2351 NOBLESTOWN RD,4361b8bcf7,False,True,PITTSBURGH,data.pa.gov,42003469000,False,True
ALLEGHENY,SAISARVA CORPORATION,7-ELEVEN STORE 40110A,15235-4524,USA,02**4426,Cigarette/OTP Retail,2027-02-28,600 RODI RD,PITTSBURGH,PA,-79.82742,40.44933,7-ELEVEN STORE 40110A,600 RODI RD,15235,600 RODI RD|15235,7-ELEVEN STORE 40110A|600 RODI RD|15235,600 RODI RD,a2228d3f89,True,False,PITTSBURGH,data.pa.gov,42003523400,False,True
ALLEGHENY,ARSENAL BEER LLC,ARSENAL BEER EMPORIUM,15201-3122,USA,02**3583,Cigarette Retail,2027-02-28,4104 BUTLER ST,PITTSBURGH,PA,-79.96116,40.46961,ARSENAL BEER EMPORIUM,4104 BUTLER ST,15201,4104 BUTLER ST|15201,ARSENAL BEER EMPORIUM|4104 BUTLER ST|15201,4104 BUTLER ST,dd0532428f,True,False,PITTSBURGH,data.pa.gov,42003090100,True,True
ALLEGHENY,CARPENTIERI NOVELTIES - PA INC.,WILD SIDE SMOKE SHOP,15213-1556,USA,02**1934,OTP Retail,2027-02-28,4634 CENTRE AVE,PITTSBURGH,PA,-79.95068,40.45229,WILD SIDE SMOKE SHOP,4634 CENTRE AVE,15213,4634 CENTRE AVE|15213,WILD SIDE SMOKE SHOP|4634 CENTRE AVE|15213,4634 CENTRE AVE,016aeb87b2,True,False,PITTSBURGH,data.pa.gov,42003562000,True,True
ALLEGHENY,INGRAM EVAN,HOME,15215-1345,USA,02**5148,OTP Vending,2027-02-28,93 KITTANNING PIKE,PITTSBURGH,PA,-79.92435,40.50033,HOME,93 KITTANNING PIKE,15215,93 KITTANNING PIKE|15215,HOME|93 KITTANNING PIKE|15215,93 KITTANNING PIKE,b8fa5cd333,False,True,PITTSBURGH,data.pa.gov,42003421200,False,True
ALLEGHENY,M & M BROTHERS UNITED INC,GO GO'S MARKET,15207-1691,USA,02**4886,OTP Retail,2027-02-28,5001 2ND AVE STE A,PITTSBURGH,PA,-79.94365,40.40844,GO GO'S MARKET,5001 2ND AVE STE A,15207,5001 2ND AVE STE A|15207,GO GO'S MARKET|5001 2ND AVE STE A|15207,5001 2ND AVE,3cefc30762,True,False,PITTSBURGH,data.pa.gov,42003562300,True,True
ALLEGHENY,MILLVALE TOBACCO OUTLET INC,MILLVALE TOBACCO,15209-2501,USA,02**4137,Cigarette/OTP Retail,2027-02-28,225 NORTH AVE,MILLVALE,PA,-79.97442,40.48151,MILLVALE TOBACCO,225 NORTH AVE,15209,225 NORTH AVE|15209,MILLVALE TOBACCO|225 NORTH AVE|15209,225 N AVE,8d3e547422,True,False,MILLVALE,data.pa.gov,42003427000,False,False
ALLEGHENY,ZEE2 LLC,CHOICE,15144-1408,USA,02**9900,Cigarette/OTP Retail,2027-02-28,448 PITTSBURGH ST,SPRINGDALE,PA,-79.7877,40.54107,CHOICE,448 PITTSBURGH ST,15144,448 PITTSBURGH ST|15144,CHOICE|448 PITTSBURGH ST|15144,448 PITTSBURGH ST,e5549401c7,True,False,SPRINGDALE,data.pa.gov,42003417200,False,False
ALLEGHENY,HDSS LLC,HWY 51,15236-2101,USA,02**0134,Cigarette Retail,2027-02-28,4907 CLAIRTON BLVD,PITTSBURGH,PA,-79.97535,40.34909,HWY 51,4907 CLAIRTON BLVD,15236,4907 CLAIRTON BLVD|15236,HWY 51|4907 CLAIRTON BLVD|15236,4907 CLAIRTON BLVD,67143163f9,True,False,PITTSBURGH,data.pa.gov,42003480200,False,True
ALLEGHENY,FAMILY DOLLAR STORES OF PA LLC,FAMILY DOLLAR #25940,15120,USA,02**4043,Cigarette/OTP Retail,2027-02-28,715 E 8TH AVE,MUNHALL,PA,-79.90395,40.40899,FAMILY DOLLAR #25940,715 E 8TH AVE,15120,715 E 8TH AVE|15120,FAMILY DOLLAR #25940|715 E 8TH AVE|15120,715 E 8TH AVE,e6113ca370,True,False,MUNHALL,data.pa.gov,42003483800,False,False
ALLEGHENY,COOL VAPES LLC,COOL VAPES LLC,15101-2354,USA,02**3779,OTP Retail,2027-02-28,4960 WILLIAM FLYNN HWY,ALLISON PARK,PA,-79.94473,40.60302,COOL VAPES LLC,4960 WILLIAM FLYNN HWY,15101,4960 WILLIAM FLYNN HWY|15101,COOL VAPES LLC|4960 WILLIAM FLYNN HWY|15101,4960 WILLIAM FLYNN HWY,bb4a6fc163,True,False,ALLISON PARK,data.pa.gov,42003414101,False,False
ALLEGHENY,NIKITUK JACOB W,MICHAEL'S LOUNGE,15136-2392,USA,02**5008,Cigarette Vending,2027-02-28,331 SINGER AVE,MC KEES ROCKS,PA,-80.07644,40.46953,MICHAEL'S LOUNGE,331 SINGER AVE,15136,331 SINGER AVE|15136,MICHAEL'S LOUNGE|331 SINGER AVE|15136,331 SINGER AVE,85fe4d921a,False,True,MC KEES ROCKS,data.pa.gov,42003463900,False,False
ALLEGHENY,KERKENTZES DEAN,NEWSLAND,15112-1208,USA,02**9983,Cigarette/OTP Retail,2027-02-28,824 E PITTSBURGH MALL,EAST PITTSBURGH,PA,-79.83489,40.40062,NEWSLAND,824 E PITTSBURGH MALL,15112,824 E PITTSBURGH MALL|15112,NEWSLAND|824 E PITTSBURGH MALL|15112,824 E PITTSBURGH MALL,7586d97771,True,False,EAST PITTSBURGH,data.pa.gov,42003510000,False,False
ALLEGHENY,OKOYE CLEMENT M,DOLLAR EAGLE DISCOUNTS,15216-3336,USA,02**3477,Cigarette Retail,2027-02-28,1552 BEECHVIEW AVE,PITTSBURGH,PA,-80.02474,40.41082,DOLLAR EAGLE DISCOUNTS,1552 BEECHVIEW AVE,15216,1552 BEECHVIEW AVE|15216,DOLLAR EAGLE DISCOUNTS|1552 BEECHVIEW AVE|15216,1552 BEECHVIEW AVE,6b23287d6c,True,False,PITTSBURGH,data.pa.gov,42003191600,True,True
ALLEGHENY,SCHULERS SERVICE CENTER INC,SCHULERS SERVICE CENTER INC,15220-4813,USA,02**7200,OTP Retail,2027-02-28,293 CORLISS ST,PITTSBURGH,PA,-80.04482,40.45016,SCHULERS SERVICE CENTER INC,293 CORLISS ST,15220,293 CORLISS ST|15220,SCHULERS SERVICE CENTER INC|293 CORLISS ST|15220,293 CORLISS ST,5cbd447a66,True,False,PITTSBURGH,data.pa.gov,42003562600,True,True
ALLEGHENY,BELMONT AMUSEMENT COMPANY INC,JAMES STREET,15246,USA,02**7694,Cigarette Vending,2027-02-28,1224 JAMES STREET,PITTSBURGH,PA,-80.00178,40.45707,JAMES STREET,1224 JAMES STREET,15246,1224 JAMES STREET|15246,JAMES STREET|1224 JAMES STREET|15246,1224 JAMES ST,97128766d5,False,True,PITTSBURGH,data.pa.gov,42003563202,True,True
ALLEGHENY,SHRIJI OIL CORPORATION,QUICK SUB MART,15238-3451,USA,02**3286,Cigarette Retail,2027-02-28,164 FREEPORT RD,BLAWNOX,PA,-79.86566,40.49152,QUICK SUB MART,164 FREEPORT RD,15238,164 FREEPORT RD|15238,QUICK SUB MART|164 FREEPORT RD|15238,164 FREEPORT RD,c380aa2b2e,True,False,BLAWNOX,data.pa.gov,42003420000,False,False
ALLEGHENY,UNITED BROTHER LLC,UNITED BROTHER LLC,15136-1558,USA,02**7002,Cigarette/OTP Retail,2027-02-28,1761 PINE HOLLOW RD,MC KEES ROCKS,PA,-80.1003,40.4757,UNITED BROTHER LLC,1761 PINE HOLLOW RD,15136,1761 PINE HOLLOW RD|15136,UNITED BROTHER LLC|1761 PINE HOLLOW RD|15136,1761 PINE HOLLOW RD,332c7c97b1,True,False,MC KEES ROCKS,data.pa.gov,42003460002,False,False
ALLEGHENY,JMAHARAJ CORPORATION,JMAHARAJ CORPORATION,15238-1163,USA,02**2845,Cigarette/OTP Retail,2027-02-28,3565 HARTS RUN RD,PITTSBURGH,PA,-79.9021,40.54582,JMAHARAJ CORPORATION,3565 HARTS RUN RD,15238,3565 HARTS RUN RD|15238,JMAHARAJ CORPORATION|3565 HARTS RUN RD|15238,3565 HARTS RUN RD,b8970ad581,True,False,PITTSBURGH,data.pa.gov,42003415002,False,True
ALLEGHENY,PAR MAR OIL COMPANY,PAR MAR STORE # 81,15108-2351,USA,02**5075,Cigarette Retail,2027-02-28,921 BRODHEAD RD,CORAOPOLIS,PA,-80.22195,40.51679,PAR MAR STORE # 81,921 BRODHEAD RD,15108,921 BRODHEAD RD|15108,PAR MAR STORE # 81|921 BRODHEAD RD|15108,921 BRODHEAD RD,002c92ab8a,True,False,CORAOPOLIS,data.pa.gov,42003451105,False,False
ALLEGHENY,GETGO OPERATING LLC,GETGO #3650,15205-9649,USA,02**1681,Cigarette/OTP Retail,2027-02-28,4900 STEUBENVILLE PIKE,PITTSBURGH,PA,-80.10683,40.44944,GETGO #3650,4900 STEUBENVILLE PIKE,15205,4900 STEUBENVILLE PIKE|15205,GETGO #3650|4900 STEUBENVILLE PIKE|15205,4900 STEUBENVILLE PIKE,91757eb4fb,True,False,PITTSBURGH,data.pa.gov,42003459201,False,True
ALLEGHENY,GIANT PENN LLC,GP 915,15024-2152,USA,02**1541,Cigarette/OTP Retail,2027-02-28,2 RICH HILL RD,CHESWICK,PA,-79.83899,40.5497,GP 915,2 RICH HILL RD,15024,2 RICH HILL RD|15024,GP 915|2 RICH HILL RD|15024,2 RICH HILL RD,41fcf652cc,True,False,CHESWICK,data.pa.gov,42003419000,False,False
ALLEGHENY,LEBANON SHOPS PHARMACY,LEBANON SHOPS PHARMACY,15234-1506,USA,02**0138,Cigarette Retail,2027-02-28,300 MOUNT LEBANON BLVD STE 23,PITTSBURGH,PA,-80.03486,40.36908,LEBANON SHOPS PHARMACY,300 MOUNT LEBANON BLVD STE 23,15234,300 MOUNT LEBANON BLVD STE 23|15234,LEBANON SHOPS PHARMACY|300 MOUNT LEBANON BLVD STE 23|15234,300 MOUNT LEBANON BLVD,ead83cf021,True,False,PITTSBURGH,data.pa.gov,42003476100,False,True
ALLEGHENY,FAMILY DOLLAR STORES OF PA LLC,FAMILY DOLLAR #31688,15221,USA,02**3324,Cigarette/OTP Retail,2027-02-28,1200 E SWISSVALE AVE,WILKINSBURG,PA,-79.87672,40.44315,FAMILY DOLLAR #31688,1200 E SWISSVALE AVE,15221,1200 E SWISSVALE AVE|15221,FAMILY DOLLAR #31688|1200 E SWISSVALE AVE|15221,1200 E SWISSVALE AVE,4767552ce4,True,False,WILKINSBURG,data.pa.gov,42003564800,False,False
ALLEGHENY,PATTON MICHAEL P,DALES BAR & GRILL,15217-2905,USA,02**5102,Cigarette Vending,2027-02-28,4377 MURRAY AVE,PITTSBURGH,PA,-79.92824,40.41981,DALES BAR & GRILL,4377 MURRAY AVE,15217,4377 MURRAY AVE|15217,DALES BAR & GRILL|4377 MURRAY AVE|15217,4377 MURRAY AVE,eb69a067cb,False,True,PITTSBURGH,data.pa.gov,42003151700,True,True
ALLEGHENY,M MASKAS & SONS INC,M MASKAS & SONS INC,15084-1511,USA,02**7742,Cigarette Retail,2027-02-28,142 E 7TH AVE,TARENTUM,PA,-79.75594,40.60242,M MASKAS & SONS INC,142 E 7TH AVE,15084,142 E 7TH AVE|15084,M MASKAS & SONS INC|142 E 7TH AVE|15084,142 E 7TH AVE,6b80c40541,True,False,TARENTUM,data.pa.gov,42003403500,False,False
ALLEGHENY,A & P SHAH INC,A & P SHAH INC,15235-5440,USA,02**5820,OTP Retail,2027-02-28,3400 WILLIAM PENN HWY,PITTSBURGH,PA,-79.81524,40.43106,A & P SHAH INC,3400 WILLIAM PENN HWY,15235,3400 WILLIAM PENN HWY|15235,A & P SHAH INC|3400 WILLIAM PENN HWY|15235,3400 WILLIAM PENN HWY,9a367c01ef,True,False,PITTSBURGH,data.pa.gov,42003520001,False,True
ALLEGHENY,SHEETZ INC,SHEETZ#459,15147-3808,USA,70**7278,Cigarette/OTP Retail,2027-02-28,2175 HULTON RD,VERONA,PA,-79.81668,40.52674,SHEETZ#459,2175 HULTON RD,15147,2175 HULTON RD|15147,SHEETZ#459|2175 HULTON RD|15147,2175 HULTON RD,8613f09bbc,True,False,VERONA,data.pa.gov,42003526101,False,False
ALLEGHENY,SPEEDWAY LLC,SPEEDWAY #2916,15122-2237,USA,02**7257,Cigarette Retail,2027-02-28,4315 KENNYWOOD BLVD,WEST MIFFLIN,PA,-79.86887,40.39051,SPEEDWAY #2916,4315 KENNYWOOD BLVD,15122,4315 KENNYWOOD BLVD|15122,SPEEDWAY #2916|4315 KENNYWOOD BLVD|15122,4315 KENNYWOOD BLVD,47f0af0631,True,False,WEST MIFFLIN,data.pa.gov,42003488200,False,False
ALLEGHENY,HAIR LAND INC,HAIR LAND INC,15221-2216,USA,02**1560,Cigarette/OTP Retail,2027-02-28,723 PENN AVE,WILKINSBURG,PA,-79.88403,40.44345,HAIR LAND INC,723 PENN AVE,15221,723 PENN AVE|15221,HAIR LAND INC|723 PENN AVE|15221,723 PENN AVE,c0fa9f1ebd,True,False,WILKINSBURG,data.pa.gov,42003564800,False,False
ALLEGHENY,GIANT EAGLE INC,GIANT EAGLE #1241,15017-2702,USA,02**8900,Cigarette/OTP Retail,2027-02-28,1025 WASHINGTON PIKE,BRIDGEVILLE,PA,-80.11108,40.36501,GIANT EAGLE #1241,1025 WASHINGTON PIKE,15017,1025 WASHINGTON PIKE|15017,GIANT EAGLE #1241|1025 WASHINGTON PIKE|15017,1025 WASHINGTON PIKE,cd8fff9c18,True,False,BRIDGEVILLE,data.pa.gov,42003458001,False,False
ALLEGHENY,WALGREEN EASTERN CO INC,WALGREENS # 10345,15221-2114,USA,70**9090,Cigarette/OTP Retail,2027-02-28,7628 PENN AVE,PITTSBURGH,PA,-79.89431,40.44687,WALGREENS # 10345,7628 PENN AVE,15221,7628 PENN AVE|15221,WALGREENS # 10345|7628 PENN AVE|15221,7628 PENN AVE,0a4e5f4296,True,False,PITTSBURGH,data.pa.gov,42003140500,True,True
ALLEGHENY,HARRY M MURRAY AMUSEMENT COMPANY,VILLAGE IDIOT,15122,USA,02**0333,Cigarette Vending,2027-02-28,1838 HOMEVILLE RD,WEST MIFFLIN,PA,-79.87209,40.36505,VILLAGE IDIOT,1838 HOMEVILLE RD,15122,1838 HOMEVILLE RD|15122,VILLAGE IDIOT|1838 HOMEVILLE RD|15122,1838 HOMEVILLE RD,85eb8069d0,False,True,WEST MIFFLIN,data.pa.gov,42003488400,False,False
ALLEGHENY,KRAINC JOSEPH J,JOE S BEER DISTRIBUTOR,15044-9617,USA,02**8194,Cigarette Retail,2027-02-28,5319 WILLIAM FLYNN HWY,GIBSONIA,PA,-79.94679,40.61619,JOE S BEER DISTRIBUTOR,5319 WILLIAM FLYNN HWY,15044,5319 WILLIAM FLYNN HWY|15044,JOE S BEER DISTRIBUTOR|5319 WILLIAM FLYNN HWY|15044,5319 WILLIAM FLYNN HWY,48222f99a9,True,False,GIBSONIA,data.pa.gov,42003408002,False,False
ALLEGHENY,NIKITUK JACOB W,TUGBOATS,15112-1433,USA,02**5008,Cigarette Vending,2027-02-28,105 WEST ST,EAST PITTSBURGH,PA,-79.84218,40.41045,TUGBOATS,105 WEST ST,15112,105 WEST ST|15112,TUGBOATS|105 WEST ST|15112,105 W ST,eacfb8178f,False,True,EAST PITTSBURGH,data.pa.gov,42003563900,False,False
ALLEGHENY,DOLGENCORP LLC,DOLLAR GENERAL STORE #3606,15122-3915,USA,02**6075,Cigarette/OTP Retail,2027-02-28,1830 PENNSYLVANIA AVE,WEST MIFFLIN,PA,-79.86272,40.36239,DOLLAR GENERAL STORE #3606,1830 PENNSYLVANIA AVE,15122,1830 PENNSYLVANIA AVE|15122,DOLLAR GENERAL STORE #3606|1830 PENNSYLVANIA AVE|15122,1830 PENNSYLVANIA AVE,d9ca9e3f81,True,False,WEST MIFFLIN,data.pa.gov,42003488400,False,False
ALLEGHENY,BELMONT AMUSEMENT COMPANY INC,BELMONT AMUSEMENT CO INC,15203-1225,USA,02**1331,Cigarette Wholesaler,2027-02-28,105 S 12TH ST,PITTSBURGH,PA,-79.98636,40.42734,BELMONT AMUSEMENT CO INC,105 S 12TH ST,15203,105 S 12TH ST|15203,BELMONT AMUSEMENT CO INC|105 S 12TH ST|15203,105 S 12TH ST,c54112d4cf,False,True,PITTSBURGH,data.pa.gov,42003170200,True,True
ALLEGHENY,KESARI PETRO INC.,SUNOCO,15215-3110,USA,02**7925,Cigarette/OTP Retail,2027-02-28,304 FREEPORT RD,ASPINWALL,PA,-79.90332,40.48945,SUNOCO,304 FREEPORT RD,15215,304 FREEPORT RD|15215,SUNOCO|304 FREEPORT RD|15215,304 FREEPORT RD,b359cfaf96,True,False,ASPINWALL,data.pa.gov,42003423000,False,False
ALLEGHENY,ALLEGHENY SMOKEWORKS INC,ALLEGHENY SMOKEWORKS INCORPORATED,15238-3432,USA,02**9158,Cigarette/OTP Retail,2027-02-28,217 FREEPORT RD,BLAWNOX,PA,-79.86424,40.4923,ALLEGHENY SMOKEWORKS INCORPORATED,217 FREEPORT RD,15238,217 FREEPORT RD|15238,ALLEGHENY SMOKEWORKS INCORPORATED|217 FREEPORT RD|15238,217 FREEPORT RD,2573e13ad2,True,False,BLAWNOX,data.pa.gov,42003420000,False,False
ALLEGHENY,MINAXI LLC,MINAXI LLC,15101-2401,USA,02**4485,Cigarette/OTP Retail,2027-02-28,4785 WILLIAM FLYNN HWY,ALLISON PARK,PA,-79.94812,40.59702,MINAXI LLC,4785 WILLIAM FLYNN HWY,15101,4785 WILLIAM FLYNN HWY|15101,MINAXI LLC|4785 WILLIAM FLYNN HWY|15101,4785 WILLIAM FLYNN HWY,475c907ba2,True,False,ALLISON PARK,data.pa.gov,42003414102,False,False
ALLEGHENY,DOBARIA LLC,MARATHON,15227-1044,USA,02**5654,OTP Retail,2027-02-28,244 PROVOST RD,PITTSBURGH,PA,-79.9943,40.3755,MARATHON,244 PROVOST RD,15227,244 PROVOST RD|15227,MARATHON|244 PROVOST RD|15227,244 PROVOST RD,6559af6ff7,True,False,PITTSBURGH,data.pa.gov,42003477200,False,True
ALLEGHENY,KHOKHAR NAEEM N,RN MARKET,15206,USA,02**6677,Cigarette/OTP Retail,2027-02-28,256S HIGHLAND AVENUE,PITTSBURGH,PA,-79.92517,40.45729,RN MARKET,256S HIGHLAND AVENUE,15206,256S HIGHLAND AVENUE|15206,RN MARKET|256S HIGHLAND AVENUE|15206,256S HIGHLAND AVE,38cf96bdfc,True,False,PITTSBURGH,data.pa.gov,42003070600,True,True
ALLEGHENY,SHEETZ INC,SHEETZ #678,15116-2633,USA,02**0548,Cigarette/OTP Retail,2027-02-28,973 WILLIAM FLYNN HWY,GLENSHAW,PA,-79.95218,40.51419,SHEETZ #678,973 WILLIAM FLYNN HWY,15116,973 WILLIAM FLYNN HWY|15116,SHEETZ #678|973 WILLIAM FLYNN HWY|15116,973 WILLIAM FLYNN HWY,4ba20b0a62,True,False,GLENSHAW,data.pa.gov,42003426700,False,False
ALLEGHENY,AGAMABAANI INC,AGAMABAANI,15226-1014,USA,02**4096,Cigarette/OTP Retail,2027-02-28,1347 W LIBERTY AVE,PITTSBURGH,PA,-80.0126,40.4111,AGAMABAANI,1347 W LIBERTY AVE,15226,1347 W LIBERTY AVE|15226,AGAMABAANI|1347 W LIBERTY AVE|15226,1347 W LIBERTY AVE,1fd7c9cd7c,True,False,PITTSBURGH,data.pa.gov,42003191700,True,True
ALLEGHENY,SHUBHSHIVA PERTO INC,SHUBHSHIVA PETRO INC 2,15205-2811,USA,02**6035,OTP Retail,2027-02-28,113 NOBLE AVE,CRAFTON,PA,-80.06542,40.43495,SHUBHSHIVA PETRO INC 2,113 NOBLE AVE,15205,113 NOBLE AVE|15205,SHUBHSHIVA PETRO INC 2|113 NOBLE AVE|15205,113 NOBLE AVE,4c8f7f73af,True,False,CRAFTON,data.pa.gov,42003465600,False,False
ALLEGHENY,S & D OIL INC,HAPPY MART,15221-2443,USA,02**8550,Cigarette Retail,2027-02-28,1100 PENN AVE,PITTSBURGH,PA,-79.87735,40.44101,HAPPY MART,1100 PENN AVE,15221,1100 PENN AVE|15221,HAPPY MART|1100 PENN AVE|15221,1100 PENN AVE,4a821e84a2,True,False,PITTSBURGH,data.pa.gov,42003561500,False,True
ALLEGHENY,PATTON MICHAEL P,LE MARDI GRAS,15232-4225,USA,02**5102,Cigarette Vending,2027-02-28,731 COPELAND ST,PITTSBURGH,PA,-79.93484,40.45121,LE MARDI GRAS,731 COPELAND ST,15232,731 COPELAND ST|15232,LE MARDI GRAS|731 COPELAND ST|15232,731 COPELAND ST,14b91772b0,False,True,PITTSBURGH,data.pa.gov,42003070300,True,True
ALLEGHENY,SJ RETAIL SERVICES LLC,TITAN EXPRESS,15122-3929,USA,02**0539,Cigarette/OTP Retail,2027-02-28,1704 PENNSYLVANIA AVE,WEST MIFFLIN,PA,-79.85904,40.36243,TITAN EXPRESS,1704 PENNSYLVANIA AVE,15122,1704 PENNSYLVANIA AVE|15122,TITAN EXPRESS|1704 PENNSYLVANIA AVE|15122,1704 PENNSYLVANIA AVE,2bfb2fcb94,True,False,WEST MIFFLIN,data.pa.gov,42003488400,False,False
ALLEGHENY,7-ELEVEN INC,7-ELEVEN STORE 36144J,15086-6500,USA,02**4613,Cigarette/OTP Retail,2027-02-28,95 WARRENDALE BAYNE RD,WARRENDALE,PA,-80.08235,40.65392,7-ELEVEN STORE 36144J,95 WARRENDALE BAYNE RD,15086,95 WARRENDALE BAYNE RD|15086,7-ELEVEN STORE 36144J|95 WARRENDALE BAYNE RD|15086,95 WARRENDALE BAYNE RD,4658e21a56,True,False,WARRENDALE,data.pa.gov,42003411002,False,False
ALLEGHENY,GOPIMAYA ENTERPRISE INC,SHALER SUNOCO,15209-1628,USA,02**3374,Cigarette Retail,2027-02-28,1329 BABCOCK BLVD,MILLVALE,PA,-79.9768,40.49574,SHALER SUNOCO,1329 BABCOCK BLVD,15209,1329 BABCOCK BLVD|15209,SHALER SUNOCO|1329 BABCOCK BLVD|15209,1329 BABCOCK BLVD,98feb06730,True,False,MILLVALE,data.pa.gov,42003427200,False,False
ALLEGHENY,MIDNIGHT MARKET VENDING LLC,GOOD TIME BAR & GRILLE,15209-1707,USA,02**4833,Cigarette Vending,2027-02-28,1304 WALTERS AVE,PITTSBURGH,PA,-79.97538,40.49523,GOOD TIME BAR & GRILLE,1304 WALTERS AVE,15209,1304 WALTERS AVE|15209,GOOD TIME BAR & GRILLE|1304 WALTERS AVE|15209,1304 WALTERS AVE,0f9e66b32a,False,True,PITTSBURGH,data.pa.gov,42003427000,False,True
ALLEGHENY,BROOKLYN FOODMART CORPORATION,BROOKLYN FOODMART CORPORATION,15206-1221,USA,02**1692,Cigarette/OTP Retail,2027-02-28,1500 LINCOLN AVE,PITTSBURGH,PA,-79.89599,40.4688,BROOKLYN FOODMART CORPORATION,1500 LINCOLN AVE,15206,1500 LINCOLN AVE|15206,BROOKLYN FOODMART CORPORATION|1500 LINCOLN AVE|15206,1500 LINCOLN AVE,01c17aef4f,True,False,PITTSBURGH,data.pa.gov,42003561900,True,True
ALLEGHENY,BRADDOCK FOODMART LLC,BRADDOCK FOODMART,15104-1373,USA,02**3901,Cigarette/OTP Retail,2027-02-28,529 4TH ST,BRADDOCK,PA,-79.86904,40.40718,BRADDOCK FOODMART,529 4TH ST,15104,529 4TH ST|15104,BRADDOCK FOODMART|529 4TH ST|15104,529 4TH ST,5449634aeb,True,False,BRADDOCK,data.pa.gov,42003513800,False,False
ALLEGHENY,EDNA S MARKET & DELI,EDNAS MARKET & DELI,15214-2427,USA,02**9649,Cigarette Retail,2027-02-28,529 MOUNT PLEASANT RD,PITTSBURGH,PA,-80.00023,40.4778,EDNAS MARKET & DELI,529 MOUNT PLEASANT RD,15214,529 MOUNT PLEASANT RD|15214,EDNAS MARKET & DELI|529 MOUNT PLEASANT RD|15214,529 MOUNT PLEASANT RD,03fca54c0f,True,False,PITTSBURGH,data.pa.gov,42003261300,True,True
ALLEGHENY,HOOKAH BOOKAH LLC,HOOKAH BOOKAH LLC,15203-5135,USA,02**5103,OTP Retail,2027-02-28,2506 E CARSON ST,PITTSBURGH,PA,-79.96941,40.42774,HOOKAH BOOKAH LLC,2506 E CARSON ST,15203,2506 E CARSON ST|15203,HOOKAH BOOKAH LLC|2506 E CARSON ST|15203,2506 E CARSON ST,b5f3e828b6,True,False,PITTSBURGH,data.pa.gov,42003160900,True,True
ALLEGHENY,ELITE VAPORS LLC,ELITE VAPORS LLC,15203-2158,USA,02**5883,OTP Retail,2027-02-28,2724 E CARSON ST,PITTSBURGH,PA,-79.96621,40.42654,ELITE VAPORS LLC,2724 E CARSON ST,15203,2724 E CARSON ST|15203,ELITE VAPORS LLC|2724 E CARSON ST|15203,2724 E CARSON ST,94fbd9095b,True,False,PITTSBURGH,data.pa.gov,42003160900,True,True
ALLEGHENY,T BONES INC,T BONES INC,15090-6928,USA,02**5393,Cigarette/OTP Retail,2027-02-28,100 VIP DR STE 101,WEXFORD,PA,-80.09326,40.61643,T BONES INC,100 VIP DR STE 101,15090,100 VIP DR STE 101|15090,T BONES INC|100 VIP DR STE 101|15090,100 VIP DR,56d25bcfce,True,False,WEXFORD,data.pa.gov,42003411002,False,False
ALLEGHENY,SHALIMAR DISTRIBUTORS LLC,PROMISED LAND TRUCK STOP,18464,USA,60**4710,Cigarette/OTP Retail,2027-02-28,INTERSTATE 84 - RT 390 EXIT 26,TAFTON,PA,,,PROMISED LAND TRUCK STOP,INTERSTATE 84 - RT 390 EXIT 26,18464,INTERSTATE 84 - RT 390 EXIT 26|18464,PROMISED LAND TRUCK STOP|INTERSTATE 84 - RT 390 EXIT 26|18464,INTERSTATE 84 - RT 390 EXIT 26,22192e0c5d,True,False,TAFTON,census_geocoder,,False,False
ALLEGHENY,CENTER INDEPENDENT OIL STORES LLC,CIO STORES LLC PAINTERS SHELL #13,15241-3013,USA,02**5831,Cigarette/OTP Retail,2027-02-28,1909 PAINTERS RUN RD,PITTSBURGH,PA,-80.08631,40.3639,CIO STORES LLC PAINTERS SHELL #13,1909 PAINTERS RUN RD,15241,1909 PAINTERS RUN RD|15241,CIO STORES LLC PAINTERS SHELL #13|1909 PAINTERS RUN RD|15241,1909 PAINTERS RUN RD,ad83543df8,True,False,PITTSBURGH,data.pa.gov,42003470400,False,True
ALLEGHENY,MARSHALL WOOD WORKS LIMITED,MARSHALLS,15212-3633,USA,02**2289,Cigarette/OTP Retail,2027-02-28,1500 SPRING GARDEN AVE,PITTSBURGH,PA,-79.98592,40.46416,MARSHALLS,1500 SPRING GARDEN AVE,15212,1500 SPRING GARDEN AVE|15212,MARSHALLS|1500 SPRING GARDEN AVE|15212,1500 SPRING GARDEN AVE,fd0748c19a,True,False,PITTSBURGH,data.pa.gov,42003241300,True,True
ALLEGHENY,VBD VENDING LLC,YESTERDAY'S BAR AND GRILL,15207-1051,USA,02**0568,OTP Retail,2027-02-28,501 GREENFIELD AVE,PITTSBURGH,PA,-79.94231,40.42555,YESTERDAY'S BAR AND GRILL,501 GREENFIELD AVE,15207,501 GREENFIELD AVE|15207,YESTERDAY'S BAR AND GRILL|501 GREENFIELD AVE|15207,501 GREENFIELD AVE,c57e40bd16,True,False,PITTSBURGH,data.pa.gov,42003151600,True,True
ALLEGHENY,GARFIELD MART LLC,GARFIELD MARKET,15206-2828,USA,02**1560,Cigarette/OTP Retail,2027-02-28,340 N AIKEN AVE,PITTSBURGH,PA,-79.93466,40.46765,GARFIELD MARKET,340 N AIKEN AVE,15206,340 N AIKEN AVE|15206,GARFIELD MARKET|340 N AIKEN AVE|15206,340 N AIKEN AVE,d0c3285988,True,False,PITTSBURGH,data.pa.gov,42003101900,True,True
ALLEGHENY,LAXMI NARAYANA CORPORATION,LNC STORE #11,15227-3554,USA,02**8561,OTP Retail,2027-02-28,3767 BROWNSVILLE RD,PITTSBURGH,PA,-79.97516,40.3705,LNC STORE #11,3767 BROWNSVILLE RD,15227,3767 BROWNSVILLE RD|15227,LNC STORE #11|3767 BROWNSVILLE RD|15227,3767 BROWNSVILLE RD,a30470f988,True,False,PITTSBURGH,data.pa.gov,42003478200,False,True
ALLEGHENY,CLAIRTON SUPERMARKET LLC,CLAIRTON SUPERMARKET LLC,15227-1764,USA,02**4817,OTP Retail,2027-02-28,2790 SAW MILL RUN BLVD,PITTSBURGH,PA,-79.98905,40.3781,CLAIRTON SUPERMARKET LLC,2790 SAW MILL RUN BLVD,15227,2790 SAW MILL RUN BLVD|15227,CLAIRTON SUPERMARKET LLC|2790 SAW MILL RUN BLVD|15227,2790 SAW MILL RUN BLVD,7f0d76489c,True,False,PITTSBURGH,data.pa.gov,42003477200,False,True
ALLEGHENY,FAMILY DOLLAR STORES OF PA LLC,FAMILY DOLLAR #22467,15122-3650,USA,02**3936,Cigarette/OTP Retail,2027-02-28,1868 HOMEVILLE RD,WEST MIFFLIN,PA,-79.87258,40.36523,FAMILY DOLLAR #22467,1868 HOMEVILLE RD,15122,1868 HOMEVILLE RD|15122,FAMILY DOLLAR #22467|1868 HOMEVILLE RD|15122,1868 HOMEVILLE RD,d282add3a8,True,False,WEST MIFFLIN,data.pa.gov,42003488400,False,False
ALLEGHENY,TOBACCO OUTLET INC,TOBACCO OUTLET INC,15224-1830,USA,02**7739,Cigarette Retail,2027-02-28,4501 LIBERTY AVE,PITTSBURGH,PA,-79.9517,40.46309,TOBACCO OUTLET INC,4501 LIBERTY AVE,15224,4501 LIBERTY AVE|15224,TOBACCO OUTLET INC|4501 LIBERTY AVE|15224,4501 LIBERTY AVE,a3b0a5e5f3,True,False,PITTSBURGH,data.pa.gov,42003090300,True,True
ALLEGHENY,WARREN JR RONNIE,RONS CORNER STORE,15235-1138,USA,02**7745,Cigarette Retail,2027-02-28,7289 MOUNT CARMEL RD,PENN HILLS,PA,-79.88698,40.46922,RONS CORNER STORE,7289 MOUNT CARMEL RD,15235,7289 MOUNT CARMEL RD|15235,RONS CORNER STORE|7289 MOUNT CARMEL RD|15235,7289 MOUNT CARMEL RD,04d772e8e3,True,False,PENN HILLS,data.pa.gov,42003523100,False,False
ALLEGHENY,PITTS DOGGN IT LLC,PITTS DOGGN IT LLC,15213-4286,USA,02**3659,Cigarette/OTP Retail,2027-02-28,260 ATWOOD ST,PITTSBURGH,PA,-79.95603,40.4398,PITTS DOGGN IT LLC,260 ATWOOD ST,15213,260 ATWOOD ST|15213,PITTS DOGGN IT LLC|260 ATWOOD ST|15213,260 ATWOOD ST,6d7b02c615,True,False,PITTSBURGH,data.pa.gov,42003040500,True,True
ALLEGHENY,BLUE SLIDE INC,BLUE SLIDE INC,15217-1817,USA,02**2672,Cigarette/OTP Retail,2027-02-28,2333 BEECHWOOD BLVD,PITTSBURGH,PA,-79.91487,40.43296,BLUE SLIDE INC,2333 BEECHWOOD BLVD,15217,2333 BEECHWOOD BLVD|15217,BLUE SLIDE INC|2333 BEECHWOOD BLVD|15217,2333 BEECHWOOD BLVD,01ff392be6,True,False,PITTSBURGH,data.pa.gov,42003140800,True,True
ALLEGHENY,NIKITUK JACOB W,HEIGHTS TAVERN,15205-3618,USA,02**5008,Cigarette Vending,2027-02-28,1400 CRAFTON BLVD,PITTSBURGH,PA,-80.05633,40.43772,HEIGHTS TAVERN,1400 CRAFTON BLVD,15205,1400 CRAFTON BLVD|15205,HEIGHTS TAVERN|1400 CRAFTON BLVD|15205,1400 CRAFTON BLVD,d36b961327,False,True,PITTSBURGH,data.pa.gov,42003281500,True,True
ALLEGHENY,OM CONVENIENCE LLC,7-ELEVEN STORE 2701-36191A,15202-1578,USA,02**3900,Cigarette Retail,2027-02-28,8136 OHIO RIVER BLVD,PITTSBURGH,PA,-80.09416,40.51049,7-ELEVEN STORE 2701-36191A,8136 OHIO RIVER BLVD,15202,8136 OHIO RIVER BLVD|15202,7-ELEVEN STORE 2701-36191A|8136 OHIO RIVER BLVD|15202,8136 OHIO RIVER BLVD,a152972e61,True,False,PITTSBURGH,data.pa.gov,42003435000,False,True
ALLEGHENY,OSMAN AMIN CORPORATION,7-ELEVEN STORE 36145D,15222-3104,USA,02**1779,Cigarette/OTP Retail,2027-02-28,643 LIBERTY AVE,PITTSBURGH,PA,-80.00004,40.44241,7-ELEVEN STORE 36145D,643 LIBERTY AVE,15222,643 LIBERTY AVE|15222,7-ELEVEN STORE 36145D|643 LIBERTY AVE|15222,643 LIBERTY AVE,0c83c1ae43,True,False,PITTSBURGH,data.pa.gov,42003020100,True,True
ALLEGHENY,DOLGENCORP LLC,DOLLAR GENERAL STORE #11536,15025-1231,USA,02**6319,Cigarette/OTP Retail,2027-02-28,700 WORTHINGTON AVE,CLAIRTON,PA,-79.88977,40.29168,DOLLAR GENERAL STORE #11536,700 WORTHINGTON AVE,15025,700 WORTHINGTON AVE|15025,DOLLAR GENERAL STORE #11536|700 WORTHINGTON AVE|15025,700 WORTHINGTON AVE,35623da87e,True,False,CLAIRTON,data.pa.gov,42003492900,False,False
ALLEGHENY,D EXPRESS MINI MART LLC,STORE,15222-1811,USA,02**3389,Cigarette/OTP Retail,2027-02-28,506 LIBERTY AVE,PITTSBURGH,PA,-80.00342,40.44151,STORE,506 LIBERTY AVE,15222,506 LIBERTY AVE|15222,STORE|506 LIBERTY AVE|15222,506 LIBERTY AVE,ec554c9647,True,False,PITTSBURGH,data.pa.gov,42003020100,True,True
ALLEGHENY,JALARAM OIL INC,SUNOCO GIBSONIA,15044-9585,USA,02**5668,Cigarette/OTP Retail,2027-02-28,5600 WILLIAM FLYNN HWY,GIBSONIA,PA,-79.93961,40.6351,SUNOCO GIBSONIA,5600 WILLIAM FLYNN HWY,15044,5600 WILLIAM FLYNN HWY|15044,SUNOCO GIBSONIA|5600 WILLIAM FLYNN HWY|15044,5600 WILLIAM FLYNN HWY,755cce9954,True,False,GIBSONIA,data.pa.gov,42003408001,False,False
ALLEGHENY,SHREE RIDDHI INC,SHREE RIDDHI INC,15090-1512,USA,37**0059,Cigarette Retail,2027-02-28,512 ROSECLIFF RD,WEXFORD,PA,-80.05041,40.63067,SHREE RIDDHI INC,512 ROSECLIFF RD,15090,512 ROSECLIFF RD|15090,SHREE RIDDHI INC|512 ROSECLIFF RD|15090,512 ROSECLIFF RD,6ecfc4f384,True,False,WEXFORD,data.pa.gov,42003409001,False,False
ALLEGHENY,GIANT EAGLE INC,GIANT EAGLE #93,15227-3257,USA,02**8315,Cigarette Retail,2027-02-28,600 TOWNE SQUARE WAY # 93,PITTSBURGH,PA,-79.98312,40.36588,GIANT EAGLE #93,600 TOWNE SQUARE WAY # 93,15227,600 TOWNE SQUARE WAY # 93|15227,GIANT EAGLE #93|600 TOWNE SQUARE WAY # 93|15227,600 TOWNE SQ WAY 93,cc7c29df27,True,False,PITTSBURGH,data.pa.gov,42003478100,False,True
ALLEGHENY,FAMILY DOLLAR STORES OF PA LLC,FAMILY DOLLAR #24774,15025-1743,USA,02**3959,Cigarette/OTP Retail,2027-02-28,533 MILLER AVE,CLAIRTON,PA,-79.88303,40.294,FAMILY DOLLAR #24774,533 MILLER AVE,15025,533 MILLER AVE|15025,FAMILY DOLLAR #24774|533 MILLER AVE|15025,533 MILLER AVE,d25a0f20a8,True,False,CLAIRTON,data.pa.gov,42003492800,False,False
ALLEGHENY,EXOTIC MOOD VAPE & CIGAR 3 LLC,EXOTIC MOOD VAPE & CIGAR 3 LLC,15044-9652,USA,02**0151,Cigarette/OTP Retail,2027-02-28,5408 WILLIAM FLYNN HWY,GIBSONIA,PA,-79.94348,40.62095,EXOTIC MOOD VAPE & CIGAR 3 LLC,5408 WILLIAM FLYNN HWY,15044,5408 WILLIAM FLYNN HWY|15044,EXOTIC MOOD VAPE & CIGAR 3 LLC|5408 WILLIAM FLYNN HWY|15044,5408 WILLIAM FLYNN HWY,f865c1069c,True,False,GIBSONIA,data.pa.gov,42003408002,False,False
ALLEGHENY,DHARAJ BROS LLC,DHARAJ BROS LLC,15227-2047,USA,02**8619,Cigarette/OTP Retail,2027-02-28,2717 BROWNSVILLE RD,PITTSBURGH,PA,-79.97746,40.38389,DHARAJ BROS LLC,2717 BROWNSVILLE RD,15227,2717 BROWNSVILLE RD|15227,DHARAJ BROS LLC|2717 BROWNSVILLE RD|15227,2717 BROWNSVILLE RD,ed797e985d,True,False,PITTSBURGH,data.pa.gov,42003478200,False,True
ALLEGHENY,SHEETZ INC,SHEETZ # 619,15238-1415,USA,02**2704,Cigarette Retail,2027-02-28,2871 FREEPORT RD,PITTSBURGH,PA,-79.83111,40.5388,SHEETZ # 619,2871 FREEPORT RD,15238,2871 FREEPORT RD|15238,SHEETZ # 619|2871 FREEPORT RD|15238,2871 FREEPORT RD,a3e2c84869,True,False,PITTSBURGH,data.pa.gov,42003419000,False,True
ALLEGHENY,HYDRO SC LLC,GOLDEN GOAT LAWRENCEVILLE,15201-3009,USA,02**4128,OTP Retail,2027-02-28,4319 BUTLER ST,PITTSBURGH,PA,-79.96,40.47114,GOLDEN GOAT LAWRENCEVILLE,4319 BUTLER ST,15201,4319 BUTLER ST|15201,GOLDEN GOAT LAWRENCEVILLE|4319 BUTLER ST|15201,4319 BUTLER ST,e1d656e715,True,False,PITTSBURGH,data.pa.gov,42003090200,True,True
ALLEGHENY,BEER AND WINE GREENFIELD LLC,BEER AND WINE GREENFIELD LLC,15207-1051,USA,02**1971,Cigarette/OTP Retail,2027-02-28,503 GREENFIELD AVE,PITTSBURGH,PA,-79.94222,40.42557,BEER AND WINE GREENFIELD LLC,503 GREENFIELD AVE,15207,503 GREENFIELD AVE|15207,BEER AND WINE GREENFIELD LLC|503 GREENFIELD AVE|15207,503 GREENFIELD AVE,3e8c558bb0,True,False,PITTSBURGH,data.pa.gov,42003151600,True,True
ALLEGHENY,1124 SMOKE SHOP LLC,1124 SMOKE SHOP LLC,15218-1263,USA,02**4923,Cigarette/OTP Retail,2027-02-28,1124 S BRADDOCK AVE,PITTSBURGH,PA,-79.89363,40.43227,1124 SMOKE SHOP LLC,1124 S BRADDOCK AVE,15218,1124 S BRADDOCK AVE|15218,1124 SMOKE SHOP LLC|1124 S BRADDOCK AVE|15218,1124 S BRADDOCK AVE,ba7416696b,True,False,PITTSBURGH,data.pa.gov,42003516100,False,True
ALLEGHENY,Z SMOKE SHOP INC.,Z SMOKE SHOP INC.,15137-1536,USA,02**4732,Cigarette Retail,2027-02-28,209 LOEWS DR,NORTH VERSAILLES,PA,-79.82308,40.38829,Z SMOKE SHOP INC.,209 LOEWS DR,15137,209 LOEWS DR|15137,Z SMOKE SHOP INC.|209 LOEWS DR|15137,209 LOEWS DR,632be6b584,True,False,NORTH VERSAILLES,data.pa.gov,42003504100,False,False
ALLEGHENY,PENN SMART TRADERS INC.,7-ELEVEN STORE 40217A,15224-2039,USA,02**7025,Cigarette/OTP Retail,2027-02-28,4779 LIBERTY AVE,PITTSBURGH,PA,-79.94733,40.46108,7-ELEVEN STORE 40217A,4779 LIBERTY AVE,15224,4779 LIBERTY AVE|15224,7-ELEVEN STORE 40217A|4779 LIBERTY AVE|15224,4779 LIBERTY AVE,70f03421d6,True,False,PITTSBURGH,data.pa.gov,42003080900,True,True
ALLEGHENY,MONTOUR HEIGHTS COUNTRY CLUB,MONTOUR HEIGHTS COUNTRY CLUB,15108-2958,USA,02**6703,Cigarette Retail,2027-02-28,1491 CORAOPOLIS HEIGHTS RD,CORAOPOLIS,PA,-80.19621,40.50326,MONTOUR HEIGHTS COUNTRY CLUB,1491 CORAOPOLIS HEIGHTS RD,15108,1491 CORAOPOLIS HEIGHTS RD|15108,MONTOUR HEIGHTS COUNTRY CLUB|1491 CORAOPOLIS HEIGHTS RD|15108,1491 CORAOPOLIS HEIGHTS RD,d2433636d5,True,False,CORAOPOLIS,data.pa.gov,42003451300,False,False
ALLEGHENY,ECLIPSE WHOLESALE INC,ECLIPSE WHOLESALE INC,15106-1624,USA,04**8072,OTP Wholesaler,2027-02-28,3 LANE RD,CARNEGIE,PA,-80.10281,40.40077,ECLIPSE WHOLESALE INC,3 LANE RD,15106,3 LANE RD|15106,ECLIPSE WHOLESALE INC|3 LANE RD|15106,3 LN RD,2d0d9a523b,False,True,CARNEGIE,data.pa.gov,42003458002,False,False
ALLEGHENY,CK MART SHARPSBURG INC.,CK MART SHARPSBURG INC,15215-2043,USA,02**5179,Cigarette/OTP Retail,2027-02-28,501 N MAIN ST,SHARPSBURG,PA,-79.93611,40.49479,CK MART SHARPSBURG INC,501 N MAIN ST,15215,501 N MAIN ST|15215,CK MART SHARPSBURG INC|501 N MAIN ST|15215,501 N MAIN ST,7d4f4d70d9,True,False,SHARPSBURG,data.pa.gov,42003424000,False,False
ALLEGHENY,GIANT EAGLE INC,GIANT EAGLE 69,15235-1432,USA,02**5095,Cigarette Retail,2027-02-28,9001 FRANKSTOWN RD,PITTSBURGH,PA,-79.86535,40.46233,GIANT EAGLE 69,9001 FRANKSTOWN RD,15235,9001 FRANKSTOWN RD|15235,GIANT EAGLE 69|9001 FRANKSTOWN RD|15235,9001 FRANKSTOWN RD,b10dbb5e0e,True,False,PITTSBURGH,data.pa.gov,42003523200,False,True
ALLEGHENY,SMOKE HOUSE 7 LLC,SMOKE HOUSE 7 LLC,15275-1204,USA,02**3959,Cigarette/OTP Retail,2027-02-28,402 HOME DR,PITTSBURGH,PA,-80.18285,40.44994,SMOKE HOUSE 7 LLC,402 HOME DR,15275,402 HOME DR|15275,SMOKE HOUSE 7 LLC|402 HOME DR|15275,402 HOME DR,b695b058ae,True,False,PITTSBURGH,data.pa.gov,42003453004,False,True
ALLEGHENY,MBROS ENTERPRISE INC,MBROS ENTERPRISES INC,15222-2712,USA,02**0033,Cigarette/OTP Retail,2027-02-28,262 5TH AVE,PITTSBURGH,PA,-80.00053,40.44078,MBROS ENTERPRISES INC,262 5TH AVE,15222,262 5TH AVE|15222,MBROS ENTERPRISES INC|262 5TH AVE|15222,262 5TH AVE,2e00f1df31,True,False,PITTSBURGH,data.pa.gov,42003020100,True,True
ALLEGHENY,GETGO OPERATING LLC,GETGO #3185,15122-2305,USA,02**1659,Cigarette/OTP Retail,2027-02-28,1200 HOFFMAN BLVD,WEST MIFFLIN,PA,-79.86812,40.38272,GETGO #3185,1200 HOFFMAN BLVD,15122,1200 HOFFMAN BLVD|15122,GETGO #3185|1200 HOFFMAN BLVD|15122,1200 HOFFMAN BLVD,4a5de02e9b,True,False,WEST MIFFLIN,data.pa.gov,42003488200,False,False
ALLEGHENY,DOLGENCORP LLC,DOLLAR GENERAL STORE #7214,15133-3728,USA,02**5633,Cigarette/OTP Retail,2027-02-28,1555 WASHINGTON BLVD,MCKEESPORT,PA,-79.87989,40.33329,DOLLAR GENERAL STORE #7214,1555 WASHINGTON BLVD,15133,1555 WASHINGTON BLVD|15133,DOLLAR GENERAL STORE #7214|1555 WASHINGTON BLVD|15133,1555 WASHINGTON BLVD,273ded0e15,True,False,MCKEESPORT,data.pa.gov,42003500300,False,False
ALLEGHENY,COILHEAD VAPORS LLC,COILHEAD VAPORS LLC,15209-1650,USA,02**7937,OTP Retail,2027-02-28,1705 BABCOCK BLVD,PITTSBURGH,PA,-79.98111,40.50033,COILHEAD VAPORS LLC,1705 BABCOCK BLVD,15209,1705 BABCOCK BLVD|15209,COILHEAD VAPORS LLC|1705 BABCOCK BLVD|15209,1705 BABCOCK BLVD,34faba0da6,True,False,PITTSBURGH,data.pa.gov,42003427200,False,True
ALLEGHENY,J D SUPERMARKETS LLC,J & D SUPERMARKETS LLC,15234-1601,USA,02**2920,Cigarette/OTP Retail,2027-02-28,799 CASTLE SHANNON BLVD,PITTSBURGH,PA,-80.0289,40.36892,J & D SUPERMARKETS LLC,799 CASTLE SHANNON BLVD,15234,799 CASTLE SHANNON BLVD|15234,J & D SUPERMARKETS LLC|799 CASTLE SHANNON BLVD|15234,799 CASTLE SHANNON BLVD,2424efae9c,True,False,PITTSBURGH,data.pa.gov,42003473300,False,True
ALLEGHENY,REDWOOD HEALTHCARE LLC,OFFICE,15206-1030,USA,02**5048,OTP Vending,2027-02-28,7232 BUTLER ST,PITTSBURGH,PA,-79.92195,40.48828,OFFICE,7232 BUTLER ST,15206,7232 BUTLER ST|15206,OFFICE|7232 BUTLER ST|15206,7232 BUTLER ST,7ec66bf7c8,False,True,PITTSBURGH,data.pa.gov,42003101400,True,True
ALLEGHENY,ATLANTIC FOODS SUPERMARKET LLC,ATLANTIC FOODS SUPERMARKET LLC,15120-1831,USA,02**5271,Cigarette/OTP Retail,2027-02-28,1501 WEST ST,HOMESTEAD,PA,-79.9066,40.40181,ATLANTIC FOODS SUPERMARKET LLC,1501 WEST ST,15120,1501 WEST ST|15120,ATLANTIC FOODS SUPERMARKET LLC|1501 WEST ST|15120,1501 W ST,15751bb227,True,False,HOMESTEAD,data.pa.gov,42003483800,False,False
ALLEGHENY,SHREEJI IMPEX INC,WILLIAM PENN SMOKE SHOP,15206-3022,USA,02**3240,Cigarette/OTP Retail,2027-02-28,132 N HIGHLAND AVE,PITTSBURGH,PA,-79.92443,40.46233,WILLIAM PENN SMOKE SHOP,132 N HIGHLAND AVE,15206,132 N HIGHLAND AVE|15206,WILLIAM PENN SMOKE SHOP|132 N HIGHLAND AVE|15206,132 N HIGHLAND AVE,a3bfa0bfeb,True,False,PITTSBURGH,data.pa.gov,42003111500,True,True
ALLEGHENY,NATTY HEIGHTS BEER LLC,NATTY HEIGHTS,15065-1972,USA,02**2762,OTP Retail,2027-02-28,14 HIGHLANDS MALL,NATRONA HEIGHTS,PA,-79.71216,40.64463,NATTY HEIGHTS,14 HIGHLANDS MALL,15065,14 HIGHLANDS MALL|15065,NATTY HEIGHTS|14 HIGHLANDS MALL|15065,14 HIGHLANDS MALL,34ce1dfd56,True,False,NATRONA HEIGHTS,data.pa.gov,42003401100,False,False
ALLEGHENY,KRUPA GAS CORPORATION,KRUPA GAS CORPORATION,15241-2514,USA,02**2880,Cigarette/OTP Retail,2027-02-28,2520 WASHINGTON RD,PITTSBURGH,PA,-80.08812,40.31878,KRUPA GAS CORPORATION,2520 WASHINGTON RD,15241,2520 WASHINGTON RD|15241,KRUPA GAS CORPORATION|2520 WASHINGTON RD|15241,2520 WASHINGTON RD,68afaa1c0f,True,False,PITTSBURGH,data.pa.gov,42003474202,False,True
ALLEGHENY,BALDWIN BEER LLC,BALDWIN CONFLUENCE,15236-2553,USA,02**0030,OTP Retail,2027-02-28,5001 CURRY RD STE 1,PITTSBURGH,PA,-79.99523,40.34907,BALDWIN CONFLUENCE,5001 CURRY RD STE 1,15236,5001 CURRY RD STE 1|15236,BALDWIN CONFLUENCE|5001 CURRY RD STE 1|15236,5001 CURRY RD,687abf1fc8,True,False,PITTSBURGH,data.pa.gov,42003480101,False,True
ALLEGHENY,GETGO OPERATING LLC,GETGO #3280,15116-1739,USA,02**1665,Cigarette/OTP Retail,2027-02-28,1700 WILLIAM FLYNN HWY,GLENSHAW,PA,-79.96226,40.53812,GETGO #3280,1700 WILLIAM FLYNN HWY,15116,1700 WILLIAM FLYNN HWY|15116,GETGO #3280|1700 WILLIAM FLYNN HWY|15116,1700 WILLIAM FLYNN HWY,d354f6640e,True,False,GLENSHAW,data.pa.gov,42003426800,False,False
ALLEGHENY,DIAMOND TOBACCO & VAPE INC.,DIAMOND TOBACCO & VAPE,15044-9798,USA,02**6480,Cigarette/OTP Retail,2027-02-28,5354 WILLIAM FLYNN HWY STE 3,GIBSONIA,PA,-79.94519,40.61771,DIAMOND TOBACCO & VAPE,5354 WILLIAM FLYNN HWY STE 3,15044,5354 WILLIAM FLYNN HWY STE 3|15044,DIAMOND TOBACCO & VAPE|5354 WILLIAM FLYNN HWY STE 3|15044,5354 WILLIAM FLYNN HWY,4b311bf252,True,False,GIBSONIA,data.pa.gov,42003408002,False,False
ALLEGHENY,KAFLE LAXMI P,7-ELEVEN STORE 2701-36121B,15145-1665,USA,02**8405,OTP Retail,2027-02-28,423 JAMES ST,TURTLE CREEK,PA,-79.8188,40.40871,7-ELEVEN STORE 2701-36121B,423 JAMES ST,15145,423 JAMES ST|15145,7-ELEVEN STORE 2701-36121B|423 JAMES ST|15145,423 JAMES ST,108b8d16a6,True,False,TURTLE CREEK,data.pa.gov,42003509400,False,False
ALLEGHENY,CANDYGIRL ENT. LLC,CANDYGIRL ENT. LLC,15212-2572,USA,02**4612,Cigarette Vending,2027-02-28,3037 SHADELAND AVE,PITTSBURGH,PA,-80.0315,40.47275,CANDYGIRL ENT. LLC,3037 SHADELAND AVE,15212,3037 SHADELAND AVE|15212,CANDYGIRL ENT. LLC|3037 SHADELAND AVE|15212,3037 SHADELAND AVE,be32f0ebd1,False,True,PITTSBURGH,data.pa.gov,42003271600,True,True
ALLEGHENY,NOBLE MENS CIGAR LOUNGE LLC,NOBLE MEN'S CIGAR LOUNGE,15235-1644,USA,02**3747,Cigarette Retail,2027-02-28,9805 FRANKSTOWN RD,PITTSBURGH,PA,-79.85696,40.46267,NOBLE MEN'S CIGAR LOUNGE,9805 FRANKSTOWN RD,15235,9805 FRANKSTOWN RD|15235,NOBLE MEN'S CIGAR LOUNGE|9805 FRANKSTOWN RD|15235,9805 FRANKSTOWN RD,8d77844efe,True,False,PITTSBURGH,data.pa.gov,42003523200,False,True
ALLEGHENY,GIANT PENN LLC,GP #914,15143-4029,USA,02**0746,Cigarette/OTP Retail,2027-02-28,2619 WEXFORD BAYNE RD,SEWICKLEY,PA,-80.09878,40.61487,GP #914,2619 WEXFORD BAYNE RD,15143,2619 WEXFORD BAYNE RD|15143,GP #914|2619 WEXFORD BAYNE RD|15143,2619 WEXFORD BAYNE RD,5c14fc571d,True,False,SEWICKLEY,data.pa.gov,42003412004,False,False
ALLEGHENY,GLASSMERE FUEL SERVICE INC,GLASSMART FOOD STORE 5,15084-2627,USA,02**8826,Cigarette/OTP Retail,2027-02-28,1967 SAXONBURG BLVD,TARENTUM,PA,-79.85577,40.6291,GLASSMART FOOD STORE 5,1967 SAXONBURG BLVD,15084,1967 SAXONBURG BLVD|15084,GLASSMART FOOD STORE 5|1967 SAXONBURG BLVD|15084,1967 SAXONBURG BLVD,efa4feb324,True,False,TARENTUM,data.pa.gov,42003407002,False,False
ALLEGHENY,SUPER SNACKS MART LLC,4127993681,15210-1559,USA,02**6736,Cigarette/OTP Retail,2027-02-28,817 E WARRINGTON AVE FL 1,PITTSBURGH,PA,-79.99307,40.42182,4127993681,817 E WARRINGTON AVE FL 1,15210,817 E WARRINGTON AVE FL 1|15210,4127993681|817 E WARRINGTON AVE FL 1|15210,817 E WARRINGTON AVE,501b573aba,True,False,PITTSBURGH,data.pa.gov,42003180300,True,True
ALLEGHENY,LIVINGSTON PHARMACY INC,LIVINGSTON PHARMACY,15025-1744,USA,02**1508,OTP Retail,2027-02-28,550 MILLER AVE,CLAIRTON,PA,-79.88315,40.29356,LIVINGSTON PHARMACY,550 MILLER AVE,15025,550 MILLER AVE|15025,LIVINGSTON PHARMACY|550 MILLER AVE|15025,550 MILLER AVE,b730b288d4,True,False,CLAIRTON,data.pa.gov,42003492800,False,False
ALLEGHENY,SUNSTAR SHINE INC,SUNSTAR SHINE INC,15136-2847,USA,02**0586,Cigarette/OTP Retail,2027-02-28,300 HELEN ST,MC KEES ROCKS,PA,-80.05732,40.47403,SUNSTAR SHINE INC,300 HELEN ST,15136,300 HELEN ST|15136,SUNSTAR SHINE INC|300 HELEN ST|15136,300 HELEN ST,d9383267f6,True,False,MC KEES ROCKS,data.pa.gov,42003464400,False,False
ALLEGHENY,GIANT EAGLE INC,GIANT EAGLE # 43,15090-5613,USA,70**3213,Cigarette/OTP Retail,2027-02-28,155 TOWNE CENTRE BLVD,WEXFORD,PA,-80.05473,40.63234,GIANT EAGLE # 43,155 TOWNE CENTRE BLVD,15090,155 TOWNE CENTRE BLVD|15090,GIANT EAGLE # 43|155 TOWNE CENTRE BLVD|15090,155 TOWNE CENTRE BLVD,2233fc4005,True,False,WEXFORD,data.pa.gov,42003409001,False,False
ALLEGHENY,CORE-MARK US LLC,CORE-MARK US LLC,15122-1071,USA,02**0988,CSA/OTP Wholesaler,2027-02-28,920 IRWIN RUN RD,WEST MIFFLIN,PA,-79.92829,40.36095,CORE-MARK US LLC,920 IRWIN RUN RD,15122,920 IRWIN RUN RD|15122,CORE-MARK US LLC|920 IRWIN RUN RD|15122,920 IRWIN RUN RD,4ee9c644ab,False,True,WEST MIFFLIN,data.pa.gov,42003488500,False,False
ALLEGHENY,FRANKLIN SQUARE LP,KUHNS MARKET,15127,USA,02**2294,Cigarette/OTP Retail,2027-02-28,745 WEST INGOMAR ROAD,INGOMAR,PA,-80.05543,40.58146,KUHNS MARKET,745 WEST INGOMAR ROAD,15127,745 WEST INGOMAR ROAD|15127,KUHNS MARKET|745 WEST INGOMAR ROAD|15127,745 W INGOMAR RD,56c3aef0e5,True,False,INGOMAR,data.pa.gov,42003413201,False,False
ALLEGHENY,DJS LLC 2024,5TH AVENUE CONVENIENCE,15132-2615,USA,02**2723,Cigarette/OTP Retail,2027-02-28,336 5TH AVE,MCKEESPORT,PA,-79.86335,40.35115,5TH AVENUE CONVENIENCE,336 5TH AVE,15132,336 5TH AVE|15132,5TH AVENUE CONVENIENCE|336 5TH AVE|15132,336 5TH AVE,b5242b3b59,True,False,MCKEESPORT,data.pa.gov,42003551900,False,False
ALLEGHENY,KINGZ KORNER MARKET II LLC,KINGZ KORNER MARKET II LLC,15208-1122,USA,02**2904,Cigarette Retail,2027-02-28,1417 N LANG AVE,PITTSBURGH,PA,-79.89756,40.46262,KINGZ KORNER MARKET II LLC,1417 N LANG AVE,15208,1417 N LANG AVE|15208,KINGZ KORNER MARKET II LLC|1417 N LANG AVE|15208,1417 N LANG AVE,3f5e682e9c,True,False,PITTSBURGH,data.pa.gov,42003130700,True,True
ALLEGHENY,DOLGENCORP LLC,DOLLAR GENERAL #19281,15218-2431,USA,02**5135,Cigarette Retail,2027-02-28,7402 CHURCH ST,SWISSVALE,PA,-79.88973,40.42175,DOLLAR GENERAL #19281,7402 CHURCH ST,15218,7402 CHURCH ST|15218,DOLLAR GENERAL #19281|7402 CHURCH ST|15218,7402 CHURCH ST,3ac7bbdd54,True,False,SWISSVALE,data.pa.gov,42003515300,False,False
ALLEGHENY,GRAND MART INC,GRAND MART INC,15210-1927,USA,02**1518,Cigarette/OTP Retail,2027-02-28,2401 ARLINGTON AVE,PITTSBURGH,PA,-79.97277,40.41747,GRAND MART INC,2401 ARLINGTON AVE,15210,2401 ARLINGTON AVE|15210,GRAND MART INC|2401 ARLINGTON AVE|15210,2401 ARLINGTON AVE,dc29241562,True,False,PITTSBURGH,data.pa.gov,42003160800,True,True
ALLEGHENY,FAMILY DOLLAR STORES OF PA LLC,FAMILY DOLLAR #27618,15205-2702,USA,02**4004,Cigarette/OTP Retail,2027-02-28,1201 FOSTER AVE,CRAFTON,PA,-80.0685,40.44022,FAMILY DOLLAR #27618,1201 FOSTER AVE,15205,1201 FOSTER AVE|15205,FAMILY DOLLAR #27618|1201 FOSTER AVE|15205,1201 FOSTER AVE,4ef79178c4,True,False,CRAFTON,data.pa.gov,42003465600,False,False
ALLEGHENY,UNITED REFINING COMPANY OF PENNSYLVANIA,UNITED REFINING CO OF PENNSYLVANIA,15046-5300,USA,70**5182,Cigarette/OTP Retail,2027-02-28,S1 KWIK FILL 152 MCGOVERN BLVD # 238,GLENWILLARD,PA,-80.22784,40.56358,UNITED REFINING CO OF PENNSYLVANIA,S1 KWIK FILL 152 MCGOVERN BLVD # 238,15046,S1 KWIK FILL 152 MCGOVERN BLVD # 238|15046,UNITED REFINING CO OF PENNSYLVANIA|S1 KWIK FILL 152 MCGOVERN BLVD # 238|15046,S1 KWIK FILL 152 MCGOVERN BLVD 238,6c05539e06,True,False,GLENWILLARD,data.pa.gov,42003449000,False,False
ALLEGHENY,DUKE JAMES B,LA GROCERY WEST INDIAN AMERICAN,15206-2634,USA,02**9769,OTP Retail,2027-02-28,511 LARIMER AVE,PITTSBURGH,PA,-79.9141,40.46546,LA GROCERY WEST INDIAN AMERICAN,511 LARIMER AVE,15206,511 LARIMER AVE|15206,LA GROCERY WEST INDIAN AMERICAN|511 LARIMER AVE|15206,511 LARIMER AVE,7ff04a1509,True,False,PITTSBURGH,data.pa.gov,42003120900,True,True
ALLEGHENY,LAMPERTS FOOD MARKET INC,LAMPERT S DELI EXPRESS,15132-7619,USA,02**8614,OTP Retail,2027-02-28,2010 EDEN PARK BLVD,MCKEESPORT,PA,-79.82905,40.3427,LAMPERT S DELI EXPRESS,2010 EDEN PARK BLVD,15132,2010 EDEN PARK BLVD|15132,LAMPERT S DELI EXPRESS|2010 EDEN PARK BLVD|15132,2010 EDEN PARK BLVD,b9c56b588c,True,False,MCKEESPORT,data.pa.gov,42003551300,False,False
ALLEGHENY,ACME VENDING INC,REMEDY BAR & GRILL,15201-2606,USA,02**7734,Cigarette Vending,2027-02-28,5121 BUTLER ST,PITTSBURGH,PA,-79.9555,40.47918,REMEDY BAR & GRILL,5121 BUTLER ST,15201,5121 BUTLER ST|15201,REMEDY BAR & GRILL|5121 BUTLER ST|15201,5121 BUTLER ST,6a70d11847,False,True,PITTSBURGH,data.pa.gov,42003101100,True,True
ALLEGHENY,MAGMA ENTERPRISE INC,MAGMA ENTERPRISE INC,15132-7829,USA,02**0943,Cigarette/OTP Retail,2027-02-28,2511 GRANDVIEW AVE,MCKEESPORT,PA,-79.83491,40.33545,MAGMA ENTERPRISE INC,2511 GRANDVIEW AVE,15132,2511 GRANDVIEW AVE|15132,MAGMA ENTERPRISE INC|2511 GRANDVIEW AVE|15132,2511 GRANDVIEW AVE,f4761d409b,True,False,MCKEESPORT,data.pa.gov,42003552400,False,False
ALLEGHENY,HANDYCRAFT LLC,7-ELEVEN STORE 2701-36186A,15101-3608,USA,02**1666,Cigarette/OTP Retail,2027-02-28,3915 WILLIAM FLYNN HWY,ALLISON PARK,PA,-79.95947,40.55916,7-ELEVEN STORE 2701-36186A,3915 WILLIAM FLYNN HWY,15101,3915 WILLIAM FLYNN HWY|15101,7-ELEVEN STORE 2701-36186A|3915 WILLIAM FLYNN HWY|15101,3915 WILLIAM FLYNN HWY,a4859e0fe4,True,False,ALLISON PARK,data.pa.gov,42003414200,False,False
ALLEGHENY,FIFTH AVENUE FOODLAND INC,FIFTH AVENUE SHOP N SAVE,15132-2509,USA,02**1266,Cigarette/OTP Retail,2027-02-28,815 5TH AVE,MCKEESPORT,PA,-79.85598,40.35171,FIFTH AVENUE SHOP N SAVE,815 5TH AVE,15132,815 5TH AVE|15132,FIFTH AVENUE SHOP N SAVE|815 5TH AVE|15132,815 5TH AVE,8b982a22a3,True,False,MCKEESPORT,data.pa.gov,42003551900,False,False
ALLEGHENY,VBD VENDING LLC,BUTLER STREET DERBY,15201-3132,USA,26**0591,OTP Vending,2027-02-28,4203 BUTLER ST,PITTSBURGH,PA,-79.96049,40.4704,BUTLER STREET DERBY,4203 BUTLER ST,15201,4203 BUTLER ST|15201,BUTLER STREET DERBY|4203 BUTLER ST|15201,4203 BUTLER ST,2596ff9629,False,True,PITTSBURGH,data.pa.gov,42003090200,True,True
ALLEGHENY,NEW ROAD MART LLC,NEW ROAD NEPALI-INDO MART,15205-4148,USA,02**0043,Cigarette/OTP Retail,2027-02-28,2300 NOBLESTOWN RD,PITTSBURGH,PA,-80.05421,40.42776,NEW ROAD NEPALI-INDO MART,2300 NOBLESTOWN RD,15205,2300 NOBLESTOWN RD|15205,NEW ROAD NEPALI-INDO MART|2300 NOBLESTOWN RD|15205,2300 NOBLESTOWN RD,825b309736,True,False,PITTSBURGH,data.pa.gov,42003562800,True,True
ALLEGHENY,PAR MAR OIL COMPANY,PAR MAR STORES #90,15071-3307,USA,02**6485,Cigarette Retail,2027-02-28,7021 STEUBENVILLE PIKE,OAKDALE,PA,-80.17424,40.44419,PAR MAR STORES #90,7021 STEUBENVILLE PIKE,15071,7021 STEUBENVILLE PIKE|15071,PAR MAR STORES #90|7021 STEUBENVILLE PIKE|15071,7021 STEUBENVILLE PIKE,d08e89de56,True,False,OAKDALE,data.pa.gov,42003453003,False,False
ALLEGHENY,SERENE SPRING HAVEN,SERENE SPRING HAVEN,15210-1563,USA,02**4862,OTP Retail,2027-02-28,604 E WARRINGTON AVE,PITTSBURGH,PA,-79.99714,40.42169,SERENE SPRING HAVEN,604 E WARRINGTON AVE,15210,604 E WARRINGTON AVE|15210,SERENE SPRING HAVEN|604 E WARRINGTON AVE|15210,604 E WARRINGTON AVE,57a6a15525,True,False,PITTSBURGH,data.pa.gov,42003180300,True,True
ALLEGHENY,FOUR20,FOUR20,15137-2745,USA,02**6120,OTP Retail,2027-02-28,1930 LINCOLN HWY,NORTH VERSAILLES,PA,-79.77731,40.36589,FOUR20,1930 LINCOLN HWY,15137,1930 LINCOLN HWY|15137,FOUR20|1930 LINCOLN HWY|15137,1930 LINCOLN HWY,1131a49867,True,False,NORTH VERSAILLES,data.pa.gov,42003564400,False,False
ALLEGHENY,HARTMAN MUSIC INC,CARRICK LIT,15210-3812,USA,02**7708,Cigarette Vending,2027-02-28,210 COPPERFIELD AVE,PITTSBURGH,PA,-79.99029,40.3952,CARRICK LIT,210 COPPERFIELD AVE,15210,210 COPPERFIELD AVE|15210,CARRICK LIT|210 COPPERFIELD AVE|15210,210 COPPERFIELD AVE,23aa171d5b,False,True,PITTSBURGH,data.pa.gov,42003290100,True,True
ALLEGHENY,BHANGAL LLC,BHANGAL LLC,15237-3111,USA,02**9382,Cigarette/OTP Retail,2027-02-28,4616 MCKNIGHT RD,PITTSBURGH,PA,-80.00772,40.50612,BHANGAL LLC,4616 MCKNIGHT RD,15237,4616 MCKNIGHT RD|15237,BHANGAL LLC|4616 MCKNIGHT RD|15237,4616 MCKNIGHT RD,473bfe2b73,True,False,PITTSBURGH,data.pa.gov,42003429100,False,True
ALLEGHENY,KAMBOJ INC,KAMBOJ INC,15243-1478,USA,02**2441,Cigarette/OTP Retail,2027-02-28,393 VANADIUM RD STE 102,PITTSBURGH,PA,-80.08431,40.36903,KAMBOJ INC,393 VANADIUM RD STE 102,15243,393 VANADIUM RD STE 102|15243,KAMBOJ INC|393 VANADIUM RD STE 102|15243,393 VANADIUM RD,273abe6929,True,False,PITTSBURGH,data.pa.gov,42003470300,False,True
ALLEGHENY,TEAM BNA LLC,7-ELEVEN STORE #40172A,15234-2229,USA,02**2438,Cigarette/OTP Retail,2027-02-28,3505 LIBRARY RD,CASTLE SHANNON,PA,-80.01467,40.36649,7-ELEVEN STORE #40172A,3505 LIBRARY RD,15234,3505 LIBRARY RD|15234,7-ELEVEN STORE #40172A|3505 LIBRARY RD|15234,3505 LIBRARY RD,5d55a33301,True,False,CASTLE SHANNON,data.pa.gov,42003476200,False,False
ALLEGHENY,VAPE VEND,P-TOWN,15213-1323,USA,04**2389,OTP Vending,2027-02-28,4740 BAUM BLVD,PITTSBURGH,PA,-79.9489,40.454,P-TOWN,4740 BAUM BLVD,15213,4740 BAUM BLVD|15213,P-TOWN|4740 BAUM BLVD|15213,4740 BAUM BLVD,7c5c36fe92,False,True,PITTSBURGH,data.pa.gov,42003080400,True,True
ALLEGHENY,ARLINGTON MARTLLC,ARLINGTON MART LLC,15210-1924,USA,02**5385,OTP Retail,2027-02-28,2208 ARLINGTON AVE,PITTSBURGH,PA,-79.97553,40.41718,ARLINGTON MART LLC,2208 ARLINGTON AVE,15210,2208 ARLINGTON AVE|15210,ARLINGTON MART LLC|2208 ARLINGTON AVE|15210,2208 ARLINGTON AVE,407afd193c,True,False,PITTSBURGH,data.pa.gov,42003161000,True,True
ALLEGHENY,WALGREEN EASTERN CO INC,WALGREENS #09187,15241-1201,USA,70**9040,Cigarette/OTP Retail,2027-02-28,1741 WASHINGTON RD,PITTSBURGH,PA,-80.05419,40.34698,WALGREENS #09187,1741 WASHINGTON RD,15241,1741 WASHINGTON RD|15241,WALGREENS #09187|1741 WASHINGTON RD|15241,1741 WASHINGTON RD,bc232845ca,True,False,PITTSBURGH,data.pa.gov,42003475101,False,True
ALLEGHENY,JETA OIL INC,JETA OIL INC,15227-4153,USA,02**5335,Cigarette/OTP Retail,2027-02-28,2929 CHURCHVIEW AVE,PITTSBURGH,PA,-79.973,40.38536,JETA OIL INC,2929 CHURCHVIEW AVE,15227,2929 CHURCHVIEW AVE|15227,JETA OIL INC|2929 CHURCHVIEW AVE|15227,2929 CHURCHVIEW AVE,51903ddae4,True,False,PITTSBURGH,data.pa.gov,42003480300,False,True
ALLEGHENY,PATTON MICHAEL P,LITTLE JIMS CLUB,15106-3513,USA,02**5102,Cigarette Vending,2027-02-28,525 CENTER ST,CARNEGIE,PA,-80.08767,40.39871,LITTLE JIMS CLUB,525 CENTER ST,15106,525 CENTER ST|15106,LITTLE JIMS CLUB|525 CENTER ST|15106,525 CENTER ST,1cda8bd48e,False,True,CARNEGIE,data.pa.gov,42003470600,False,False
ALLEGHENY,GETGO OPERATING LLC,GETGO #3107,15201-3225,USA,02**1640,Cigarette/OTP Retail,2027-02-28,4000 BUTLER ST,PITTSBURGH,PA,-79.96218,40.46878,GETGO #3107,4000 BUTLER ST,15201,4000 BUTLER ST|15201,GETGO #3107|4000 BUTLER ST|15201,4000 BUTLER ST,09e2ba9e2d,True,False,PITTSBURGH,data.pa.gov,42003090200,True,True
ALLEGHENY,S & S CANDY & CIGAR COMPANY INC,S & S CANDY & CIGAR CO INC,15203-1901,USA,02**7709,Cigarette Retail,2027-02-28,2025 E CARSON ST,PITTSBURGH,PA,-79.97651,40.42853,S & S CANDY & CIGAR CO INC,2025 E CARSON ST,15203,2025 E CARSON ST|15203,S & S CANDY & CIGAR CO INC|2025 E CARSON ST|15203,2025 E CARSON ST,4820595be4,True,False,PITTSBURGH,data.pa.gov,42003170200,True,True
ALLEGHENY,PAVI PALKAN LLC,7-ELEVEN STORE 2701-36185A,15205-4145,USA,02**5557,Cigarette Retail,2027-02-28,2269 NOBLESTOWN RD,PITTSBURGH,PA,-80.05348,40.42802,7-ELEVEN STORE 2701-36185A,2269 NOBLESTOWN RD,15205,2269 NOBLESTOWN RD|15205,7-ELEVEN STORE 2701-36185A|2269 NOBLESTOWN RD|15205,2269 NOBLESTOWN RD,273c77261e,True,False,PITTSBURGH,data.pa.gov,42003563100,True,True
ALLEGHENY,SPEEDWAY LLC,SPEEDWAY #2926,15025-1912,USA,02**5599,OTP Retail,2027-02-28,222 STATE ST,CLAIRTON,PA,-79.87556,40.29906,SPEEDWAY #2926,222 STATE ST,15025,222 STATE ST|15025,SPEEDWAY #2926|222 STATE ST|15025,222 STATE ST,3eeb6ef1fa,True,False,CLAIRTON,data.pa.gov,42003492700,False,False
ALLEGHENY,BENTAZA MOHAMED,TAZA MARKET,15140-1477,USA,02**5851,Cigarette/OTP Retail,2027-02-28,500 2ND ST,PITCAIRN,PA,-79.77792,40.40255,TAZA MARKET,500 2ND ST,15140,500 2ND ST|15140,TAZA MARKET|500 2ND ST|15140,500 2ND ST,c6e6aca06c,True,False,PITCAIRN,data.pa.gov,42003522000,False,False
ALLEGHENY,PAR MAR OIL COMPANY,PAR MAR STORES 67,15034-1031,USA,02**1019,Cigarette/OTP Retail,2027-02-28,4732 LEBANON CHURCH RD,DRAVOSBURG,PA,-79.90055,40.35494,PAR MAR STORES 67,4732 LEBANON CHURCH RD,15034,4732 LEBANON CHURCH RD|15034,PAR MAR STORES 67|4732 LEBANON CHURCH RD|15034,4732 LEBANON CHURCH RD,d7486fd319,True,False,DRAVOSBURG,data.pa.gov,42003488500,False,False
ALLEGHENY,SHYAM VENTURES LLC,WASH WORKS LAUNDRY HOUSE,15234-2222,USA,02**9119,Cigarette Retail,2027-02-28,900 SLEEPY HOLLOW RD,CASTLE SHANNON,PA,-80.01786,40.3719,WASH WORKS LAUNDRY HOUSE,900 SLEEPY HOLLOW RD,15234,900 SLEEPY HOLLOW RD|15234,WASH WORKS LAUNDRY HOUSE|900 SLEEPY HOLLOW RD|15234,900 SLEEPY HOLLOW RD,5d291ae324,True,False,CASTLE SHANNON,data.pa.gov,42003476100,False,False
ALLEGHENY,51 TOBACCO & VAPE CORP,51 TOBACCO & VAPE CORP,15227-1764,USA,02**1953,Cigarette/OTP Retail,2027-02-28,2780 SAW MILL RUN BLVD,PITTSBURGH,PA,-79.98984,40.37827,51 TOBACCO & VAPE CORP,2780 SAW MILL RUN BLVD,15227,2780 SAW MILL RUN BLVD|15227,51 TOBACCO & VAPE CORP|2780 SAW MILL RUN BLVD|15227,2780 SAW MILL RUN BLVD,b668478a56,True,False,PITTSBURGH,data.pa.gov,42003477200,False,True
ALLEGHENY,MIDNIGHT MARKET VENDING LLC,BROADSTREET BISTRO,15137-2101,USA,02**4833,Cigarette Vending,2027-02-28,1025 BROAD ST,NORTH VERSAILLES,PA,-79.79755,40.37423,BROADSTREET BISTRO,1025 BROAD ST,15137,1025 BROAD ST|15137,BROADSTREET BISTRO|1025 BROAD ST|15137,1025 BROAD ST,b313f5861b,False,True,NORTH VERSAILLES,data.pa.gov,42003564400,False,False
ALLEGHENY,ALVERSON LLC,,15239-1301,USA,25**4741,OTP Vending,2027-02-28,553 ANDERSON AVE,PITTSBURGH,PA,-79.77423,40.48536,,553 ANDERSON AVE,15239,553 ANDERSON AVE|15239,,553 ANDERSON AVE,c057dfa17c,False,True,PITTSBURGH,data.pa.gov,42003526202,False,True
ALLEGHENY,KEYSTONE R & M LLC,KEYSTONE VAPORS,15203-2110,USA,02**9974,OTP Retail,2027-02-28,2304 1/2 E CARSON ST,PITTSBURGH,PA,-79.97272,40.42831,KEYSTONE VAPORS,2304 1/2 E CARSON ST,15203,2304 1/2 E CARSON ST|15203,KEYSTONE VAPORS|2304 1/2 E CARSON ST|15203,2304 1/2 E CARSON ST,4f5414cfee,True,False,PITTSBURGH,data.pa.gov,42003160900,True,True
ALLEGHENY,LONGUE VUE CLUB,LONGUE VUE CLUB,15147-1799,USA,02**2016,Cigarette Retail,2027-02-28,4OO LONGUE VUE DR,VERONA,PA,,,LONGUE VUE CLUB,4OO LONGUE VUE DR,15147,4OO LONGUE VUE DR|15147,LONGUE VUE CLUB|4OO LONGUE VUE DR|15147,4OO LONGUE VUE DR,a85e084091,True,False,VERONA,census_geocoder,,False,False
ALLEGHENY,SKOVRANKO JOSEPH A,SQUIDS COFFEE SHOP,15110-1787,USA,02**9523,Cigarette Retail,2027-02-28,607 GRANT AVE,DUQUESNE,PA,-79.85135,40.37212,SQUIDS COFFEE SHOP,607 GRANT AVE,15110,607 GRANT AVE|15110,SQUIDS COFFEE SHOP|607 GRANT AVE|15110,607 GRANT AVE,dfe33d9a76,True,False,DUQUESNE,data.pa.gov,42003486800,False,False
ALLEGHENY,FAMILY DOLLAR STORES OF PA LLC,FAMILY DOLLAR # 32168,15210-4206,USA,02**7538,OTP Retail,2027-02-28,2116 BROWNSVILLE RD # 32168,PITTSBURGH,PA,-79.98658,40.39266,FAMILY DOLLAR # 32168,2116 BROWNSVILLE RD # 32168,15210,2116 BROWNSVILLE RD # 32168|15210,FAMILY DOLLAR # 32168|2116 BROWNSVILLE RD # 32168|15210,2116 BROWNSVILLE RD 32168,afc3af7f52,True,False,PITTSBURGH,data.pa.gov,42003290100,True,True
ALLEGHENY,SHEETZ INC,SHEETZ #631,15065-1347,USA,02**3974,OTP Retail,2027-02-28,1002 CALIFORNIA AVE,NATRONA HEIGHTS,PA,-79.73177,40.61878,SHEETZ #631,1002 CALIFORNIA AVE,15065,1002 CALIFORNIA AVE|15065,SHEETZ #631|1002 CALIFORNIA AVE|15065,1002 CALIFORNIA AVE,4c453f3940,True,False,NATRONA HEIGHTS,data.pa.gov,42003401300,False,False
ALLEGHENY,PISTELLA BEER LLC,PISTELLA BEER LLC,15206-3513,USA,02**0579,Cigarette/OTP Retail,2027-02-28,5514 PENN AVE,PITTSBURGH,PA,-79.93187,40.46393,PISTELLA BEER LLC,5514 PENN AVE,15206,5514 PENN AVE|15206,PISTELLA BEER LLC|5514 PENN AVE|15206,5514 PENN AVE,17040de4c1,True,False,PITTSBURGH,data.pa.gov,42003111400,True,True
ALLEGHENY,WAAD MINI MART LLC,WAAD MINI MART,15208-1347,USA,02**3977,Cigarette/OTP Retail,2027-02-28,7006 FRANKSTOWN AVE,PITTSBURGH,PA,-79.90078,40.45841,WAAD MINI MART,7006 FRANKSTOWN AVE,15208,7006 FRANKSTOWN AVE|15208,WAAD MINI MART|7006 FRANKSTOWN AVE|15208,7006 FRANKSTOWN AVE,7bd92412fe,True,False,PITTSBURGH,data.pa.gov,42003130800,True,True
ALLEGHENY,GIANT EAGLE INC,GIANT EAGLE #68,15108-4231,USA,70**3229,Cigarette/OTP Retail,2027-02-28,5990 UNIVERSITY BLVD STE 4,CORAOPOLIS,PA,-80.21886,40.52011,GIANT EAGLE #68,5990 UNIVERSITY BLVD STE 4,15108,5990 UNIVERSITY BLVD STE 4|15108,GIANT EAGLE #68|5990 UNIVERSITY BLVD STE 4|15108,5990 UNIVERSITY BLVD,0db0cc7299,True,False,CORAOPOLIS,data.pa.gov,42003451101,False,False
ALLEGHENY,ARTH ENERGY CORPORATION,ARTH ENERGY CORPORATION,15216-2110,USA,02**5018,Cigarette/OTP Retail,2027-02-28,1530 POTOMAC AVE,PITTSBURGH,PA,-80.03576,40.39722,ARTH ENERGY CORPORATION,1530 POTOMAC AVE,15216,1530 POTOMAC AVE|15216,ARTH ENERGY CORPORATION|1530 POTOMAC AVE|15216,1530 POTOMAC AVE,6d6ce0ad2e,True,False,PITTSBURGH,data.pa.gov,42003472100,False,True
ALLEGHENY,NOVO VENDING SERVICE LLC,DOWN THE ROAD LOUNGE,15239,USA,02**0974,Cigarette Vending,2027-02-28,700 UNBITY TRESTLE ROAD,PLUM,PA,-79.76927,40.48553,DOWN THE ROAD LOUNGE,700 UNBITY TRESTLE ROAD,15239,700 UNBITY TRESTLE ROAD|15239,DOWN THE ROAD LOUNGE|700 UNBITY TRESTLE ROAD|15239,700 UNBITY TRESTLE RD,22a56f708c,False,True,PLUM,data.pa.gov,42003526201,False,False
ALLEGHENY,NOVO VENDING SERVICE LLC,BREHM'S RETURN,15212-5147,USA,02**0974,Cigarette Vending,2027-02-28,1354 GOETTMAN ST,PITTSBURGH,PA,-79.9863,40.45947,BREHM'S RETURN,1354 GOETTMAN ST,15212,1354 GOETTMAN ST|15212,BREHM'S RETURN|1354 GOETTMAN ST|15212,1354 GOETTMAN ST,92f5f09b54,False,True,PITTSBURGH,data.pa.gov,42003241300,True,True
ALLEGHENY,BROWNSVILLE SIX PACK SHOP INC,BROWNSVILLE SIX PACK SHOP INC,15227-2555,USA,02**4110,Cigarette/OTP Retail,2027-02-28,2811 BROWNSVILLE RD,PITTSBURGH,PA,-79.97705,40.38323,BROWNSVILLE SIX PACK SHOP INC,2811 BROWNSVILLE RD,15227,2811 BROWNSVILLE RD|15227,BROWNSVILLE SIX PACK SHOP INC|2811 BROWNSVILLE RD|15227,2811 BROWNSVILLE RD,dc58cda86f,True,False,PITTSBURGH,data.pa.gov,42003478200,False,True
ALLEGHENY,LAXMI NARAYANA CORPORATION,LNC#18 BP,15205-9648,USA,02**3517,Cigarette/OTP Retail,2027-02-28,4311 STEUBENVILLE PIKE,PITTSBURGH,PA,-80.09291,40.44038,LNC#18 BP,4311 STEUBENVILLE PIKE,15205,4311 STEUBENVILLE PIKE|15205,LNC#18 BP|4311 STEUBENVILLE PIKE|15205,4311 STEUBENVILLE PIKE,8a3dc9e11b,True,False,PITTSBURGH,data.pa.gov,42003459201,False,True
ALLEGHENY,DOLGENCORP LLC,DOLLAR GENERAL STORE # 18694,15025-3690,USA,02**5947,Cigarette Retail,2027-02-28,1517 ROUTE 51 # 18694,CLAIRTON,PA,-79.92161,40.29967,DOLLAR GENERAL STORE # 18694,1517 ROUTE 51 # 18694,15025,1517 ROUTE 51 # 18694|15025,DOLLAR GENERAL STORE # 18694|1517 ROUTE 51 # 18694|15025,1517 ROUTE 51 18694,d326b3db91,True,False,CLAIRTON,data.pa.gov,42003491200,False,False
ALLEGHENY,BD OAKDALE INC,BD OAKDALE INC,15071-4002,USA,02**9685,Cigarette/OTP Retail,2027-02-28,150 ROUTE 30,OAKDALE,PA,-80.23873,40.44084,BD OAKDALE INC,150 ROUTE 30,15071,150 ROUTE 30|15071,BD OAKDALE INC|150 ROUTE 30|15071,150 ROUTE 30,0e12243e8e,True,False,OAKDALE,data.pa.gov,42003453003,False,False
ALLEGHENY,GAHLAWAT ENTERPRISE INC,7-ELEVEN STORE 2701-36192A,15236-3812,USA,02**6092,OTP Retail,2027-02-28,650 CLAIRTON BLVD,PITTSBURGH,PA,-79.94562,40.32887,7-ELEVEN STORE 2701-36192A,650 CLAIRTON BLVD,15236,650 CLAIRTON BLVD|15236,7-ELEVEN STORE 2701-36192A|650 CLAIRTON BLVD|15236,650 CLAIRTON BLVD,0d1ff0bf49,True,False,PITTSBURGH,data.pa.gov,42003489001,False,True
ALLEGHENY,CLOUD NINE INFUSIONS,CLOUD NINE INFUSIONS,15212-2456,USA,02**7019,OTP Itinerant,2027-02-28,3143 BRIGHTON RD,PITTSBURGH,PA,-80.0298,40.47492,CLOUD NINE INFUSIONS,3143 BRIGHTON RD,15212,3143 BRIGHTON RD|15212,CLOUD NINE INFUSIONS|3143 BRIGHTON RD|15212,3143 BRIGHTON RD,2c6f2da5c4,False,True,PITTSBURGH,data.pa.gov,42003271600,True,True
ALLEGHENY,GLOBAL RETAIL OIL INC,GLOBAL RETAIL OIL INC,15065-2513,USA,02**0699,Cigarette/OTP Retail,2027-02-28,2602 FREEPORT RD,NATRONA HEIGHTS,PA,-79.71374,40.63343,GLOBAL RETAIL OIL INC,2602 FREEPORT RD,15065,2602 FREEPORT RD|15065,GLOBAL RETAIL OIL INC|2602 FREEPORT RD|15065,2602 FREEPORT RD,6976e4973e,True,False,NATRONA HEIGHTS,data.pa.gov,42003401100,False,False
ALLEGHENY,PATTON MICHAEL P,SHALES CAFE,15219-6232,USA,02**5102,Cigarette Vending,2027-02-28,1208 5TH AVE,PITTSBURGH,PA,-79.98853,40.43872,SHALES CAFE,1208 5TH AVE,15219,1208 5TH AVE|15219,SHALES CAFE|1208 5TH AVE|15219,1208 5TH AVE,bd47e73414,False,True,PITTSBURGH,data.pa.gov,42003030500,True,True
ALLEGHENY,PARTH OIL CORPORATION,PARTH OIL CORPORATION,15235-3337,USA,02**5411,OTP Retail,2027-02-28,214 RODI RD,PITTSBURGH,PA,-79.82429,40.46299,PARTH OIL CORPORATION,214 RODI RD,15235,214 RODI RD|15235,PARTH OIL CORPORATION|214 RODI RD|15235,214 RODI RD,46df416c93,True,False,PITTSBURGH,data.pa.gov,42003523400,False,True
ALLEGHENY,CARRICK BEER 4 LESS,CARRICK BEER 4 LESS INC,15210,USA,02**7753,Cigarette/OTP Retail,2027-02-28,2300/02 BROWNSVILLE RD,PITTSBURGH,PA,-79.98533,40.38914,CARRICK BEER 4 LESS INC,2300/02 BROWNSVILLE RD,15210,2300/02 BROWNSVILLE RD|15210,CARRICK BEER 4 LESS INC|2300/02 BROWNSVILLE RD|15210,2300/02 BROWNSVILLE RD,e0949a88c4,True,False,PITTSBURGH,data.pa.gov,42003290400,True,True
ALLEGHENY,PREMIER GLASS & VAPE TOO LLC,PREMIER GLASS & VAPE TOO LLC,15144-1620,USA,02**3394,OTP Retail,2027-02-28,823 PITTSBURGH ST,SPRINGDALE,PA,-79.77899,40.54129,PREMIER GLASS & VAPE TOO LLC,823 PITTSBURGH ST,15144,823 PITTSBURGH ST|15144,PREMIER GLASS & VAPE TOO LLC|823 PITTSBURGH ST|15144,823 PITTSBURGH ST,36be1b3ae4,True,False,SPRINGDALE,data.pa.gov,42003417200,False,False
ALLEGHENY,AT VAPE AND WELLNESS 104 INC,AT VAPE AND WELLNESS 104 INC,15206-4316,USA,02**3038,Cigarette/OTP Retail,2027-02-28,230 SHADY AVE,PITTSBURGH,PA,-79.92248,40.45835,AT VAPE AND WELLNESS 104 INC,230 SHADY AVE,15206,230 SHADY AVE|15206,AT VAPE AND WELLNESS 104 INC|230 SHADY AVE|15206,230 SHADY AVE,3be9685c40,True,False,PITTSBURGH,data.pa.gov,42003070800,True,True
ALLEGHENY,MCKEES MART INC,MCKEES MART,15136-3688,USA,02**2341,Cigarette/OTP Retail,2027-02-28,713 CHARTIERS AVE,MC KEES ROCKS,PA,-80.06206,40.46569,MCKEES MART,713 CHARTIERS AVE,15136,713 CHARTIERS AVE|15136,MCKEES MART|713 CHARTIERS AVE|15136,713 CHARTIERS AVE,74125c2be6,True,False,MC KEES ROCKS,data.pa.gov,42003464400,False,False
ALLEGHENY,CENTER INDEPENDENT OIL STORES LLC,CIO STORES LLC BAUM BLVD #17,15206-3703,USA,02**1578,Cigarette/OTP Retail,2027-02-28,5735 BAUM BLVD,PITTSBURGH,PA,-79.93264,40.45889,CIO STORES LLC BAUM BLVD #17,5735 BAUM BLVD,15206,5735 BAUM BLVD|15206,CIO STORES LLC BAUM BLVD #17|5735 BAUM BLVD|15206,5735 BAUM BLVD,195ab491fd,True,False,PITTSBURGH,data.pa.gov,42003111500,True,True
ALLEGHENY,DOLGENCORP LLC,DOLLAR GENERAL #19008,15233-1601,USA,02**4737,OTP Retail,2027-02-28,1215 BRIGHTON RD,PITTSBURGH,PA,-80.01531,40.45513,DOLLAR GENERAL #19008,1215 BRIGHTON RD,15233,1215 BRIGHTON RD|15233,DOLLAR GENERAL #19008|1215 BRIGHTON RD|15233,1215 BRIGHTON RD,7318846f00,True,False,PITTSBURGH,data.pa.gov,42003565100,True,True
ALLEGHENY,WALMART STORES EAST LP,WAL MART SUPERCENTER # 3738,15065-1912,USA,70**8131,Cigarette/OTP Retail,2027-02-28,4015 FREEPORT RD,NATRONA HEIGHTS,PA,-79.70936,40.64696,WAL MART SUPERCENTER # 3738,4015 FREEPORT RD,15065,4015 FREEPORT RD|15065,WAL MART SUPERCENTER # 3738|4015 FREEPORT RD|15065,4015 FREEPORT RD,e8e9cace02,True,False,NATRONA HEIGHTS,data.pa.gov,42003401100,False,False
ALLEGHENY,STAR TRADING OF PITTSBURGH INC,STAR TRADING OF PITTSBURGH INC,15207-1656,USA,02**3745,Cigarette/OTP Retail,2027-02-28,5007 2ND AVE,PITTSBURGH,PA,-79.9436,40.40828,STAR TRADING OF PITTSBURGH INC,5007 2ND AVE,15207,5007 2ND AVE|15207,STAR TRADING OF PITTSBURGH INC|5007 2ND AVE|15207,5007 2ND AVE,429b6886a9,True,False,PITTSBURGH,data.pa.gov,42003562300,True,True
ALLEGHENY,JEET ENTERPRISE INC,BABCOCK SUNOCO,15237-2800,USA,02**5744,Cigarette/OTP Retail,2027-02-28,3278 BABCOCK BLVD,PITTSBURGH,PA,-80.01769,40.53036,BABCOCK SUNOCO,3278 BABCOCK BLVD,15237,3278 BABCOCK BLVD|15237,BABCOCK SUNOCO|3278 BABCOCK BLVD|15237,3278 BABCOCK BLVD,71898ac33d,True,False,PITTSBURGH,data.pa.gov,42003429500,False,True
ALLEGHENY,GIANT EAGLE INC,GIANT EAGLE 6379,15120-1143,USA,70**3132,Cigarette/OTP Retail,2027-02-28,420 E WATERFRONT DR,HOMESTEAD,PA,-79.90862,40.41141,GIANT EAGLE 6379,420 E WATERFRONT DR,15120,420 E WATERFRONT DR|15120,GIANT EAGLE 6379|420 E WATERFRONT DR|15120,420 E WATERFRONT DR,a59d15ceda,True,False,HOMESTEAD,data.pa.gov,42003483800,False,False
ALLEGHENY,YINZERS CLOUD HOUSE LLC,YINZERS CLOUD HOUSE LLC,15035-1338,USA,02**1627,OTP Retail,2027-02-28,992 5TH AVE,EAST MC KEESPORT,PA,-79.80962,40.38308,YINZERS CLOUD HOUSE LLC,992 5TH AVE,15035,992 5TH AVE|15035,YINZERS CLOUD HOUSE LLC|992 5TH AVE|15035,992 5TH AVE,1c67a03519,True,False,EAST MC KEESPORT,data.pa.gov,42003507000,False,False
ALLEGHENY,BAR 48 LLC,BAR 48,15037-2549,USA,02**7179,Cigarette Vending,2027-02-28,101 SIMPSON HOWELL RD,ELIZABETH,PA,-79.83717,40.27255,BAR 48,101 SIMPSON HOWELL RD,15037,101 SIMPSON HOWELL RD|15037,BAR 48|101 SIMPSON HOWELL RD|15037,101 SIMPSON HOWELL RD,a95add2ed9,False,True,ELIZABETH,data.pa.gov,42003496102,False,False
ALLEGHENY,MOMIN ENTERPRISE LLC,MOMIN ENTERPRISE LLC,15212-2364,USA,02**6188,Cigarette/OTP Retail,2027-02-28,3242 BRIGHTON RD,PITTSBURGH,PA,-80.03166,40.47626,MOMIN ENTERPRISE LLC,3242 BRIGHTON RD,15212,3242 BRIGHTON RD|15212,MOMIN ENTERPRISE LLC|3242 BRIGHTON RD|15212,3242 BRIGHTON RD,8634b73fea,True,False,PITTSBURGH,data.pa.gov,42003271600,True,True
ALLEGHENY,PETERS JOSEPH C,THE ROSE,15131,USA,65**7908,Cigarette Vending,2027-02-28,LINCOLN HWY,WHITE OAK,PA,,,THE ROSE,LINCOLN HWY,15131,LINCOLN HWY|15131,THE ROSE|LINCOLN HWY|15131,LINCOLN HWY,e36b69d222,False,True,WHITE OAK,census_geocoder,,False,False
ALLEGHENY,RAJA TRADING INC,RAJA TRADING INC,15222-1709,USA,02**0176,Cigarette/OTP Retail,2027-02-28,245 4TH AVE,PITTSBURGH,PA,-80.00164,40.4395,RAJA TRADING INC,245 4TH AVE,15222,245 4TH AVE|15222,RAJA TRADING INC|245 4TH AVE|15222,245 4TH AVE,7886aa7efc,True,False,PITTSBURGH,data.pa.gov,42003020100,True,True
ALLEGHENY,DURGA MAA ENTERPRISE INC,DURGA MAA ENTERPRISE INC,15203,USA,02**1099,Cigarette/OTP Retail,2027-02-28,2001B WHARTON ST,PITTSBURGH,PA,-79.9776,40.4313,DURGA MAA ENTERPRISE INC,2001B WHARTON ST,15203,2001B WHARTON ST|15203,DURGA MAA ENTERPRISE INC|2001B WHARTON ST|15203,2001B WHARTON ST,34967c33f3,True,False,PITTSBURGH,data.pa.gov,42003170200,True,True
ALLEGHENY,PAR MAR OIL COMPANY,PAR MAR STORE #200,15014,USA,02**6595,Cigarette/OTP Retail,2027-02-28,101 MILE LOCK LANE,BRACKENRIDGE,PA,-79.73389,40.60465,PAR MAR STORE #200,101 MILE LOCK LANE,15014,101 MILE LOCK LANE|15014,PAR MAR STORE #200|101 MILE LOCK LANE|15014,101 MILE LOCK LN,26ccae62d1,True,False,BRACKENRIDGE,data.pa.gov,42003402000,False,False
ALLEGHENY,DEV'S CORAOPOLIS FAST STOP INC,CORAOPOLIS FAST STOP,15108-1505,USA,02**0843,Cigarette/OTP Retail,2027-02-28,879 4TH AVE,CORAOPOLIS,PA,-80.16624,40.51985,CORAOPOLIS FAST STOP,879 4TH AVE,15108,879 4TH AVE|15108,CORAOPOLIS FAST STOP|879 4TH AVE|15108,879 4TH AVE,1fb2713611,True,False,CORAOPOLIS,data.pa.gov,42003450800,False,False
ALLEGHENY,HARTWOOD CORPORATION,HARTWOOD BEER,15116-3164,USA,02**5944,Cigarette Retail,2027-02-28,3392 SAXONBURG BLVD STE 310,GLENSHAW,PA,-79.91391,40.54844,HARTWOOD BEER,3392 SAXONBURG BLVD STE 310,15116,3392 SAXONBURG BLVD STE 310|15116,HARTWOOD BEER|3392 SAXONBURG BLVD STE 310|15116,3392 SAXONBURG BLVD,2878f2ecc4,True,False,GLENSHAW,data.pa.gov,42003415002,False,False
ALLEGHENY,SGK VENDING LLC,CLUB 412,15136-2616,USA,02**2477,Cigarette Vending,2027-02-28,824 ISLAND AVE,MC KEES ROCKS,PA,-80.06336,40.47378,CLUB 412,824 ISLAND AVE,15136,824 ISLAND AVE|15136,CLUB 412|824 ISLAND AVE|15136,824 ISLAND AVE,9a4ea3483a,False,True,MC KEES ROCKS,data.pa.gov,42003464400,False,False
ALLEGHENY,GETGO OPERATING LLC,GETGO #3129,15228-1635,USA,02**1648,Cigarette/OTP Retail,2027-02-28,1540 WASHINGTON RD,PITTSBURGH,PA,-80.05063,40.35568,GETGO #3129,1540 WASHINGTON RD,15228,1540 WASHINGTON RD|15228,GETGO #3129|1540 WASHINGTON RD|15228,1540 WASHINGTON RD,dd49048c4e,True,False,PITTSBURGH,data.pa.gov,42003473500,False,True
ALLEGHENY,AT VAPE AND WELLNESS 102 INC,AT VAPE AND WELLNESS 102 INC,15223-1061,USA,02**0708,OTP Retail,2027-02-28,1107 MOUNT ROYAL BLVD,PITTSBURGH,PA,-79.95894,40.51834,AT VAPE AND WELLNESS 102 INC,1107 MOUNT ROYAL BLVD,15223,1107 MOUNT ROYAL BLVD|15223,AT VAPE AND WELLNESS 102 INC|1107 MOUNT ROYAL BLVD|15223,1107 MOUNT ROYAL BLVD,2607b56e78,True,False,PITTSBURGH,data.pa.gov,42003426400,False,True
ALLEGHENY,PATTON MICHAEL P,NATRONA HEIGTHS AMERICAN LEGION,15065-2619,USA,02**5102,Cigarette Vending,2027-02-28,59 GARFIELD ST,NATRONA HEIGHTS,PA,-79.72329,40.61333,NATRONA HEIGTHS AMERICAN LEGION,59 GARFIELD ST,15065,59 GARFIELD ST|15065,NATRONA HEIGTHS AMERICAN LEGION|59 GARFIELD ST|15065,59 GARFIELD ST,85f0064ec7,False,True,NATRONA HEIGHTS,data.pa.gov,42003401200,False,False
ALLEGHENY,FAT FRIDAY 2 LLC,FAT FRIDAY 2 LLC,15210-3668,USA,02**0984,Cigarette/OTP Retail,2027-02-28,1303 BROWNSVILLE RD,PITTSBURGH,PA,-79.98958,40.40265,FAT FRIDAY 2 LLC,1303 BROWNSVILLE RD,15210,1303 BROWNSVILLE RD|15210,FAT FRIDAY 2 LLC|1303 BROWNSVILLE RD|15210,1303 BROWNSVILLE RD,945967a5ce,True,False,PITTSBURGH,data.pa.gov,42003290200,True,True
ALLEGHENY,NAINA MINIMART,NAINA MINI MART,15219-5877,USA,02**1374,Cigarette/OTP Retail,2027-02-28,1800 FORBES AVE,PITTSBURGH,PA,-79.98131,40.43749,NAINA MINI MART,1800 FORBES AVE,15219,1800 FORBES AVE|15219,NAINA MINI MART|1800 FORBES AVE|15219,1800 FORBES AVE,e6d39aa098,True,False,PITTSBURGH,data.pa.gov,42003010302,True,True
ALLEGHENY,SPEEDWAY LLC,SPEEDWAY 6503,15132-1126,USA,02**7595,Cigarette/OTP Retail,2027-02-28,2325 5TH AVE,MCKEESPORT,PA,-79.83719,40.35378,SPEEDWAY 6503,2325 5TH AVE,15132,2325 5TH AVE|15132,SPEEDWAY 6503|2325 5TH AVE|15132,2325 5TH AVE,e809fe0059,True,False,MCKEESPORT,data.pa.gov,42003551900,False,False
ALLEGHENY,EL LAYALI,EL LAYALI LLC,15222,USA,02**1664,Cigarette/OTP Retail,2027-02-28,2531 PENN AVE,PITTSBURGH,PA,-79.97936,40.45429,EL LAYALI LLC,2531 PENN AVE,15222,2531 PENN AVE|15222,EL LAYALI LLC|2531 PENN AVE|15222,2531 PENN AVE,70e8d4d7df,True,False,PITTSBURGH,data.pa.gov,42003020300,True,True
ALLEGHENY,KWIK MARKET LLC,KWIK MARKET,15132-2911,USA,02**5109,Cigarette/OTP Retail,2027-02-28,602 LOCUST ST,MCKEESPORT,PA,-79.86289,40.35001,KWIK MARKET,602 LOCUST ST,15132,602 LOCUST ST|15132,KWIK MARKET|602 LOCUST ST|15132,602 LOCUST ST,69464cadea,True,False,MCKEESPORT,data.pa.gov,42003551900,False,False
ALLEGHENY,DOLGENCORP LLC,DOLLAR GENERAL STORE #4607,15202-3630,USA,02**6111,Cigarette/OTP Retail,2027-02-28,491 LINCOLN AVE,BELLEVUE,PA,-80.05515,40.49514,DOLLAR GENERAL STORE #4607,491 LINCOLN AVE,15202,491 LINCOLN AVE|15202,DOLLAR GENERAL STORE #4607|491 LINCOLN AVE|15202,491 LINCOLN AVE,63907db639,True,False,BELLEVUE,data.pa.gov,42003431500,False,False
ALLEGHENY,PAR MAR OIL COMPANY,PAR MAR STORE #203,15030-1065,USA,02**8451,Cigarette/OTP Retail,2027-02-28,899 FREEPORT RD,CREIGHTON,PA,-79.7788,40.58219,PAR MAR STORE #203,899 FREEPORT RD,15030,899 FREEPORT RD|15030,PAR MAR STORE #203|899 FREEPORT RD|15030,899 FREEPORT RD,774087c557,True,False,CREIGHTON,data.pa.gov,42003404000,False,False
ALLEGHENY,PETERS JOSEPH C,THE HUT,15145-1505,USA,65**7908,Cigarette Vending,2027-02-28,1111 JAMES ST,TURTLE CREEK,PA,-79.81432,40.41721,THE HUT,1111 JAMES ST,15145,1111 JAMES ST|15145,THE HUT|1111 JAMES ST|15145,1111 JAMES ST,da14673fb1,False,True,TURTLE CREEK,data.pa.gov,42003509400,False,False
ALLEGHENY,ROBINSON STATION CORNER SHOP LLC,ROBINSON STATION CORNER SHOP LLC,15102-1156,USA,02**4603,Cigarette/OTP Retail,2027-02-28,444 MCMURRAY RD,BETHEL PARK,PA,-80.06608,40.31198,ROBINSON STATION CORNER SHOP LLC,444 MCMURRAY RD,15102,444 MCMURRAY RD|15102,ROBINSON STATION CORNER SHOP LLC|444 MCMURRAY RD|15102,444 MCMURRAY RD,a6f30d514c,True,False,BETHEL PARK,data.pa.gov,42003475200,False,False
ALLEGHENY,DOLGENCORP LLC,DOLLAR GENERAL STORE #25849,15133-2101,USA,02**0428,Cigarette/OTP Retail,2027-02-28,3011 LIBERTY WAY,MCKEESPORT,PA,-79.85677,40.3248,DOLLAR GENERAL STORE #25849,3011 LIBERTY WAY,15133,3011 LIBERTY WAY|15133,DOLLAR GENERAL STORE #25849|3011 LIBERTY WAY|15133,3011 LIBERTY WAY,6443c43bf8,True,False,MCKEESPORT,data.pa.gov,42003498000,False,False
ALLEGHENY,SHYAMRATNA LLC,ROSSI'S MARKET,15108-3451,USA,02**1088,Cigarette/OTP Retail,2027-02-28,64 FOREST GROVE RD,CORAOPOLIS,PA,-80.13079,40.48143,ROSSI'S MARKET,64 FOREST GROVE RD,15108,64 FOREST GROVE RD|15108,ROSSI'S MARKET|64 FOREST GROVE RD|15108,64 FOREST GROVE RD,c07b2ae50d,True,False,CORAOPOLIS,data.pa.gov,42003459102,False,False
ALLEGHENY,LIZZIES DAIRY ON WHITAKER INC,LIZZIES DAIRY ON WHITAKER STREET,15120-2427,USA,02**8309,Cigarette Retail,2027-02-28,106 WHITAKER ST,HOMESTEAD,PA,-79.88818,40.40151,LIZZIES DAIRY ON WHITAKER STREET,106 WHITAKER ST,15120,106 WHITAKER ST|15120,LIZZIES DAIRY ON WHITAKER STREET|106 WHITAKER ST|15120,106 WHITAKER ST,bbcd2f7843,True,False,HOMESTEAD,data.pa.gov,42003485000,False,False
ALLEGHENY,SMILE STOP LLC,SMILE STOP LLC,15133-2711,USA,02**5665,Cigarette/OTP Retail,2027-02-28,2615 LIBERTY WAY,MCKEESPORT,PA,-79.85622,40.32854,SMILE STOP LLC,2615 LIBERTY WAY,15133,2615 LIBERTY WAY|15133,SMILE STOP LLC|2615 LIBERTY WAY|15133,2615 LIBERTY WAY,1cc4d9f0c8,True,False,MCKEESPORT,data.pa.gov,42003498000,False,False
ALLEGHENY,GURBANI CONVENIENCE STORE INC,GURBANI CONVENIENCE STORE,15025-1423,USA,03**6415,Cigarette/OTP Retail,2027-02-28,672 MILLER AVE,CLAIRTON,PA,-79.88394,40.29055,GURBANI CONVENIENCE STORE,672 MILLER AVE,15025,672 MILLER AVE|15025,GURBANI CONVENIENCE STORE|672 MILLER AVE|15025,672 MILLER AVE,f1fcb435aa,True,False,CLAIRTON,data.pa.gov,42003492800,False,False
ALLEGHENY,SHEETZ INC,SHEETZ #379,15108-4215,USA,70**7254,Cigarette/OTP Retail,2027-02-28,9002 UNIVERSITY BLVD,MOON TOWNSHIP,PA,-80.22282,40.50287,SHEETZ #379,9002 UNIVERSITY BLVD,15108,9002 UNIVERSITY BLVD|15108,SHEETZ #379|9002 UNIVERSITY BLVD|15108,9002 UNIVERSITY BLVD,38fb06a1dc,True,False,MOON TOWNSHIP,data.pa.gov,42003451105,False,False
ALLEGHENY,SMART VENDING NOW INC,CENCIS WEXFORD,15090-8757,USA,02**3203,OTP Vending,2027-02-28,11530 PERRY HWY,WEXFORD,PA,-80.05366,40.62512,CENCIS WEXFORD,11530 PERRY HWY,15090,11530 PERRY HWY|15090,CENCIS WEXFORD|11530 PERRY HWY|15090,11530 PERRY HWY,bfd2cbdb86,False,True,WEXFORD,data.pa.gov,42003409001,False,False
ALLEGHENY,GETGO OPERATING LLC,GETGO #3005,15037-1685,USA,02**1606,Cigarette/OTP Retail,2027-02-28,998 HAYDEN BLVD,ELIZABETH,PA,-79.87919,40.26458,GETGO #3005,998 HAYDEN BLVD,15037,998 HAYDEN BLVD|15037,GETGO #3005|998 HAYDEN BLVD|15037,998 HAYDEN BLVD,edbd8d2641,True,False,ELIZABETH,data.pa.gov,42003495000,False,False
ALLEGHENY,TRIANGLE CONVENIENCE STORE INC,TRIANGLE CONVENIENCE STORE INC,15210-2145,USA,02**6711,Cigarette/OTP Retail,2027-02-28,101 AMANDA AVE,PITTSBURGH,PA,-79.98798,40.41456,TRIANGLE CONVENIENCE STORE INC,101 AMANDA AVE,15210,101 AMANDA AVE|15210,TRIANGLE CONVENIENCE STORE INC|101 AMANDA AVE|15210,101 AMANDA AVE,ba439dd9e1,True,False,PITTSBURGH,data.pa.gov,42003481000,False,True
ALLEGHENY,MERVGATE INVESTMENT GROUP II LLC,MERVGATE INVESTMENT GROUP II LLC,15025-2102,USA,02**6031,OTP Retail,2027-02-28,112 ELM ST,CLAIRTON,PA,-79.89083,40.3088,MERVGATE INVESTMENT GROUP II LLC,112 ELM ST,15025,112 ELM ST|15025,MERVGATE INVESTMENT GROUP II LLC|112 ELM ST|15025,112 ELM ST,1059cd85a5,True,False,CLAIRTON,data.pa.gov,42003492700,False,False
ALLEGHENY,KDK UNITED INC,SMITHFIELD NEWS,15222-2203,USA,02**4989,Cigarette Retail,2027-02-28,115 SMITHFIELD ST,PITTSBURGH,PA,-80.00031,40.43764,SMITHFIELD NEWS,115 SMITHFIELD ST,15222,115 SMITHFIELD ST|15222,SMITHFIELD NEWS|115 SMITHFIELD ST|15222,115 SMITHFIELD ST,78c26b7d78,True,False,PITTSBURGH,data.pa.gov,42003020100,True,True
ALLEGHENY,N AND S 1 LLC,N AND S 1 LLC,15204-2218,USA,02**3019,Cigarette/OTP Retail,2027-02-28,3112 CHARTIERS AVE,PITTSBURGH,PA,-80.0615,40.45355,N AND S 1 LLC,3112 CHARTIERS AVE,15204,3112 CHARTIERS AVE|15204,N AND S 1 LLC|3112 CHARTIERS AVE|15204,3112 CHARTIERS AVE,f32d870b19,True,False,PITTSBURGH,data.pa.gov,42003202200,True,True
ALLEGHENY,BELFIORE AMUSEMENT CO,DOWNEY HOUSE,15136-1398,USA,63**7797,Cigarette Vending,2027-02-28,6080 STEUBENVILLE PIKE,MC KEES ROCKS,PA,-80.14553,40.44395,DOWNEY HOUSE,6080 STEUBENVILLE PIKE,15136,6080 STEUBENVILLE PIKE|15136,DOWNEY HOUSE|6080 STEUBENVILLE PIKE|15136,6080 STEUBENVILLE PIKE,c854d18e1e,False,True,MC KEES ROCKS,data.pa.gov,42003459201,False,False
ALLEGHENY,WILKINSBURG BEVERAGE COMPANY,MILLERCHRISTOPHER C,15221-2123,USA,02**2507,Cigarette/OTP Retail,2027-02-28,601 PENN AVE,WILKINSBURG,PA,-79.88562,40.44425,MILLERCHRISTOPHER C,601 PENN AVE,15221,601 PENN AVE|15221,MILLERCHRISTOPHER C|601 PENN AVE|15221,601 PENN AVE,0285ca17d5,True,False,WILKINSBURG,data.pa.gov,42003564800,False,False
ALLEGHENY,KLAFTERS INC,SMOKER FRIENDLY #15,15090-8602,USA,70**8009,Cigarette/OTP Retail,2027-02-28,11969 PERRY HWY,WEXFORD,PA,-80.05766,40.63072,SMOKER FRIENDLY #15,11969 PERRY HWY,15090,11969 PERRY HWY|15090,SMOKER FRIENDLY #15|11969 PERRY HWY|15090,11969 PERRY HWY,cd281aff85,True,False,WEXFORD,data.pa.gov,42003409001,False,False
ALLEGHENY,AMG DISTRO INC,100 ALI ST,15215-2117,USA,02**1254,OTP Wholesaler,2027-02-28,100 ALI ST,PITTSBURGH,PA,-79.93464,40.49399,100 ALI ST,100 ALI ST,15215,100 ALI ST|15215,100 ALI ST|100 ALI ST|15215,100 ALI ST,e8d2798fa4,False,True,PITTSBURGH,data.pa.gov,42003424000,False,True
ALLEGHENY,BUSCH KEARN CORPORATION,PUFF DISCOUNT TOBACCO #2,15235-3039,USA,02**5190,Cigarette/OTP Retail,2027-02-28,10752 FRANKSTOWN RD,PENN HILLS,PA,-79.84064,40.46178,PUFF DISCOUNT TOBACCO #2,10752 FRANKSTOWN RD,15235,10752 FRANKSTOWN RD|15235,PUFF DISCOUNT TOBACCO #2|10752 FRANKSTOWN RD|15235,10752 FRANKSTOWN RD,9954613961,True,False,PENN HILLS,data.pa.gov,42003523400,False,False
ALLEGHENY,DOLGENCORP LLC,DOLLAR GENERAL #18057,15227-4101,USA,02**4272,Cigarette Retail,2027-02-28,93 JOSEPH ST,PITTSBURGH,PA,-79.96505,40.39006,DOLLAR GENERAL #18057,93 JOSEPH ST,15227,93 JOSEPH ST|15227,DOLLAR GENERAL #18057|93 JOSEPH ST|15227,93 JOSEPH ST,f30fe88fc3,True,False,PITTSBURGH,data.pa.gov,42003480300,False,True
ALLEGHENY,S R CONVENIENCE STORES LLC,S R CONVENIENCE STORES LLC,15232-1741,USA,02**4187,OTP Retail,2027-02-28,5724 ELLSWORTH AVE,PITTSBURGH,PA,-79.93149,40.45515,S R CONVENIENCE STORES LLC,5724 ELLSWORTH AVE,15232,5724 ELLSWORTH AVE|15232,S R CONVENIENCE STORES LLC|5724 ELLSWORTH AVE|15232,5724 ELLSWORTH AVE,e64ca0bd1b,True,False,PITTSBURGH,data.pa.gov,42003070500,True,True
ALLEGHENY,DOLGENCORP LLC,DOLLAR GENERAL STORE #17160,15025,USA,02**2542,Cigarette/OTP Retail,2027-02-28,1227 STATE ROUTE 837,JEFFERSON HILLS,PA,-79.92038,40.25594,DOLLAR GENERAL STORE #17160,1227 STATE ROUTE 837,15025,1227 STATE ROUTE 837|15025,DOLLAR GENERAL STORE #17160|1227 STATE ROUTE 837|15025,1227 STATE ROUTE 837,5dbfe10fde,True,False,JEFFERSON HILLS,data.pa.gov,42003564500,False,False
ALLEGHENY,PENN MANAGEMENT INC,MAIN SUNOCO,15224-1336,USA,02**7279,Cigarette/OTP Retail,2027-02-28,4068 PENN AVE,PITTSBURGH,PA,-79.95529,40.46553,MAIN SUNOCO,4068 PENN AVE,15224,4068 PENN AVE|15224,MAIN SUNOCO|4068 PENN AVE|15224,4068 PENN AVE,fe6a002a6b,True,False,PITTSBURGH,data.pa.gov,42003090300,True,True
ALLEGHENY,DOLGENCORP LLC,DOLLAR GENERAL STORE #4384,15137-2510,USA,02**1423,Cigarette/OTP Retail,2027-02-28,1712 LINCOLN HWY,NORTH VERSAILLES,PA,-79.78546,40.36982,DOLLAR GENERAL STORE #4384,1712 LINCOLN HWY,15137,1712 LINCOLN HWY|15137,DOLLAR GENERAL STORE #4384|1712 LINCOLN HWY|15137,1712 LINCOLN HWY,4eaf2ef4f5,True,False,NORTH VERSAILLES,data.pa.gov,42003564400,False,False
ALLEGHENY,CLOUD 9 SMOKE SHOP 9 LLC,STORE,15237-3515,USA,02**1852,Cigarette/OTP Retail,2027-02-28,7599 MCKNIGHT RD,PITTSBURGH,PA,-80.0149,40.54391,STORE,7599 MCKNIGHT RD,15237,7599 MCKNIGHT RD|15237,STORE|7599 MCKNIGHT RD|15237,7599 MCKNIGHT RD,a3198ffd09,True,False,PITTSBURGH,data.pa.gov,42003429500,False,True
ALLEGHENY,HAPPY MINIMART INC,HAPPY MINIMART INC,15137-2266,USA,02**3582,Cigarette/OTP Retail,2027-02-28,512 E PITTSBURGH MCKEESPO,N VERSAILLES,PA,-79.82909,40.36992,HAPPY MINIMART INC,512 E PITTSBURGH MCKEESPO,15137,512 E PITTSBURGH MCKEESPO|15137,HAPPY MINIMART INC|512 E PITTSBURGH MCKEESPO|15137,512 E PITTSBURGH MCKEESPO,674ff73767,True,False,N VERSAILLES,data.pa.gov,42003504100,False,False
ALLEGHENY,GUJJAR CORPORATION,SUPER ONE CONVENIENCE STORE,15218-2620,USA,02**9572,Cigarette/OTP Retail,2027-02-28,2601 S BRADDOCK AVE,SWISSVALE,PA,-79.87685,40.41557,SUPER ONE CONVENIENCE STORE,2601 S BRADDOCK AVE,15218,2601 S BRADDOCK AVE|15218,SUPER ONE CONVENIENCE STORE|2601 S BRADDOCK AVE|15218,2601 S BRADDOCK AVE,0b9379bff7,True,False,SWISSVALE,data.pa.gov,42003515100,False,False
ALLEGHENY,PATTON MICHAEL P,218 BAR,15084-1306,USA,02**5102,Cigarette Vending,2027-02-28,218 W 7TH AVE,TARENTUM,PA,-79.76136,40.59994,218 BAR,218 W 7TH AVE,15084,218 W 7TH AVE|15084,218 BAR|218 W 7TH AVE|15084,218 W 7TH AVE,d629c69fae,False,True,TARENTUM,data.pa.gov,42003403500,False,False
ALLEGHENY,KEYSTONE R & M LLC,KEYSTONE R&M LLC DBA KEYSTONE VAPO,15206-3912,USA,02**1808,OTP Retail,2027-02-28,215 S HIGHLAND AVE,PITTSBURGH,PA,-79.92512,40.45846,KEYSTONE R&M LLC DBA KEYSTONE VAPO,215 S HIGHLAND AVE,15206,215 S HIGHLAND AVE|15206,KEYSTONE R&M LLC DBA KEYSTONE VAPO|215 S HIGHLAND AVE|15206,215 S HIGHLAND AVE,ba2d2bec70,True,False,PITTSBURGH,data.pa.gov,42003070800,True,True
ALLEGHENY,VBD VENDING LLC,MARIOS EASTSIDE SALOON,15232-2230,USA,02**0017,OTP Vending,2027-02-28,5442 WALNUT ST,PITTSBURGH,PA,-79.93393,40.45114,MARIOS EASTSIDE SALOON,5442 WALNUT ST,15232,5442 WALNUT ST|15232,MARIOS EASTSIDE SALOON|5442 WALNUT ST|15232,5442 WALNUT ST,3b9f4d57a0,False,True,PITTSBURGH,data.pa.gov,42003070300,True,True
ALLEGHENY,GOBRANDS INC,PITTSBURGH 371,15206-4129,USA,02**2981,Cigarette/OTP Retail,2027-02-28,6601 HAMILTON AVE STE 2,PITTSBURGH,PA,-79.91061,40.45787,PITTSBURGH 371,6601 HAMILTON AVE STE 2,15206,6601 HAMILTON AVE STE 2|15206,PITTSBURGH 371|6601 HAMILTON AVE STE 2|15206,6601 HAMILTON AVE,1912c6264b,True,False,PITTSBURGH,data.pa.gov,42003120900,True,True
ALLEGHENY,SHEETZ INC,SHEETZ # 619,15238-1415,USA,02**2799,OTP Retail,2027-02-28,2871 FREEPORT RD,PITTSBURGH,PA,-79.83111,40.5388,SHEETZ # 619,2871 FREEPORT RD,15238,2871 FREEPORT RD|15238,SHEETZ # 619|2871 FREEPORT RD|15238,2871 FREEPORT RD,be7e419dec,True,False,PITTSBURGH,data.pa.gov,42003419000,False,True
ALLEGHENY,CARSON NEWS AND LOTTERY LLC,CARSON NEWS AND LOTTERY LLC,15203-1564,USA,02**9329,Cigarette/OTP Retail,2027-02-28,1404 E CARSON ST,PITTSBURGH,PA,-79.98389,40.42885,CARSON NEWS AND LOTTERY LLC,1404 E CARSON ST,15203,1404 E CARSON ST|15203,CARSON NEWS AND LOTTERY LLC|1404 E CARSON ST|15203,1404 E CARSON ST,613736d973,True,False,PITTSBURGH,data.pa.gov,42003170200,True,True
ALLEGHENY,DOLGENCORP LLC,DOLLAR GENERAL STORE 01126,15235-2225,USA,02**6007,Cigarette/OTP Retail,2027-02-28,7248 SALTSBURG RD,PITTSBURGH,PA,-79.78794,40.47619,DOLLAR GENERAL STORE 01126,7248 SALTSBURG RD,15235,7248 SALTSBURG RD|15235,DOLLAR GENERAL STORE 01126|7248 SALTSBURG RD|15235,7248 SALTSBURG RD,93da4d98ab,True,False,PITTSBURGH,data.pa.gov,42003523502,False,True
ALLEGHENY,PRAMUKHJI CORPORATION,DRAVOSBURG MINI MART,15034-1245,USA,02**3057,Cigarette/OTP Retail,2027-02-28,209 3RD ST,DRAVOSBURG,PA,-79.89173,40.34925,DRAVOSBURG MINI MART,209 3RD ST,15034,209 3RD ST|15034,DRAVOSBURG MINI MART|209 3RD ST|15034,209 3RD ST,2029db9120,True,False,DRAVOSBURG,data.pa.gov,42003487000,False,False
ALLEGHENY,WALGREEN EASTERN CO INC,WALGREENS #09281,15206-3830,USA,70**9049,Cigarette/OTP Retail,2027-02-28,5956 PENN AVE,PITTSBURGH,PA,-79.92538,40.46164,WALGREENS #09281,5956 PENN AVE,15206,5956 PENN AVE|15206,WALGREENS #09281|5956 PENN AVE|15206,5956 PENN AVE,23c14f1cb4,True,False,PITTSBURGH,data.pa.gov,42003111500,True,True
ALLEGHENY,BUSCH KEARN CORPORATION,PUFF DISCOUNT TOBACCO #6,15137-1667,USA,02**2522,Cigarette/OTP Retail,2027-02-28,1722 GREENSBURG AVE,NORTH VERSAILLES,PA,-79.82142,40.38658,PUFF DISCOUNT TOBACCO #6,1722 GREENSBURG AVE,15137,1722 GREENSBURG AVE|15137,PUFF DISCOUNT TOBACCO #6|1722 GREENSBURG AVE|15137,1722 GREENSBURG AVE,cce150e23e,True,False,NORTH VERSAILLES,data.pa.gov,42003504100,False,False
ALLEGHENY,MCCLINTON INC,NORTHSIDE BEER,15212-4706,USA,02**0493,Cigarette/OTP Retail,2027-02-28,1304 FEDERAL ST,PITTSBURGH,PA,-80.00709,40.45685,NORTHSIDE BEER,1304 FEDERAL ST,15212,1304 FEDERAL ST|15212,NORTHSIDE BEER|1304 FEDERAL ST|15212,1304 FEDERAL ST,d5c890145b,True,False,PITTSBURGH,data.pa.gov,42003565100,True,True
ALLEGHENY,SHIV SANKAR CORPORATION,BP TURTLE CREEK,15145-1138,USA,02**7761,Cigarette/OTP Retail,2027-02-28,638 BROWN AVE,TURTLE CREEK,PA,-79.83442,40.42573,BP TURTLE CREEK,638 BROWN AVE,15145,638 BROWN AVE|15145,BP TURTLE CREEK|638 BROWN AVE|15145,638 BROWN AVE,ba6a7b373d,True,False,TURTLE CREEK,data.pa.gov,42003520002,False,False
ALLEGHENY,NILKANTH CONVENIENCE CORP,NILKANTH CONVENIENCE CORP,15212-4362,USA,02**9777,Cigarette/OTP Retail,2027-02-28,1601 LOWRIE ST,PITTSBURGH,PA,-79.98319,40.46262,NILKANTH CONVENIENCE CORP,1601 LOWRIE ST,15212,1601 LOWRIE ST|15212,NILKANTH CONVENIENCE CORP|1601 LOWRIE ST|15212,1601 LOWRIE ST,059b3b432c,True,False,PITTSBURGH,data.pa.gov,42003241300,True,True
ALLEGHENY,BD AMERICAN FAMILY INC,BD AMERICAN FAMILY INC,15238-1427,USA,02**5147,Cigarette/OTP Retail,2027-02-28,2601 FREEPORT RD,PITTSBURGH,PA,-79.84,40.53741,BD AMERICAN FAMILY INC,2601 FREEPORT RD,15238,2601 FREEPORT RD|15238,BD AMERICAN FAMILY INC|2601 FREEPORT RD|15238,2601 FREEPORT RD,c007b45b6b,True,False,PITTSBURGH,data.pa.gov,42003419000,False,True
ALLEGHENY,DIVINE DISTRIBUTION LLC,DIVINE DISTRIBUTION LLC,15239-1786,USA,02**1034,OTP Wholesaler,2027-02-28,121 PENNANT DR,PITTSBURGH,PA,-79.77331,40.46359,DIVINE DISTRIBUTION LLC,121 PENNANT DR,15239,121 PENNANT DR|15239,DIVINE DISTRIBUTION LLC|121 PENNANT DR|15239,121 PENNANT DR,9771423638,False,True,PITTSBURGH,data.pa.gov,42003526202,False,True
ALLEGHENY,INDUS RIVERS INC,CASH N CARRY,15239-1967,USA,02**0932,Cigarette/OTP Retail,2027-02-28,7920 SALTSBURG RD,PITTSBURGH,PA,-79.75919,40.47751,CASH N CARRY,7920 SALTSBURG RD,15239,7920 SALTSBURG RD|15239,CASH N CARRY|7920 SALTSBURG RD|15239,7920 SALTSBURG RD,3ce447e0a7,True,False,PITTSBURGH,data.pa.gov,42003526202,False,True
ALLEGHENY,Z SMOKE SHOP INC.,Z SMOKE SHOP INC.,15137-1536,USA,02**4733,OTP Retail,2027-02-28,209 LOEWS DR,NORTH VERSAILLES,PA,-79.82308,40.38829,Z SMOKE SHOP INC.,209 LOEWS DR,15137,209 LOEWS DR|15137,Z SMOKE SHOP INC.|209 LOEWS DR|15137,209 LOEWS DR,3a6d306d28,True,False,NORTH VERSAILLES,data.pa.gov,42003504100,False,False
ALLEGHENY,DEEP OIL CORPORATION,DEEP OIL CORPORATION,15132-7053,USA,02**5547,OTP Retail,2027-02-28,2105 WALNUT ST,MCKEESPORT,PA,-79.85261,40.33637,DEEP OIL CORPORATION,2105 WALNUT ST,15132,2105 WALNUT ST|15132,DEEP OIL CORPORATION|2105 WALNUT ST|15132,2105 WALNUT ST,fbe523dd5f,True,False,MCKEESPORT,data.pa.gov,42003552400,False,False
ALLEGHENY,SUPERIOR SMOKE SHOPPES LLC,SUPERIOR SMOKE SHOPPES LLC,15120,USA,02**2870,Cigarette/OTP Retail,2027-02-28,2199B W RUN RD,MUNHALL,PA,-79.90285,40.39491,SUPERIOR SMOKE SHOPPES LLC,2199B W RUN RD,15120,2199B W RUN RD|15120,SUPERIOR SMOKE SHOPPES LLC|2199B W RUN RD|15120,2199B W RUN RD,40bf66ebf4,True,False,MUNHALL,data.pa.gov,42003484600,False,False
ALLEGHENY,CIGARRO LLC,CIGARRO,15237-3501,USA,02**0554,OTP Retail,2027-02-28,7206 MCKNIGHT RD,PITTSBURGH,PA,-80.0105,40.5352,CIGARRO,7206 MCKNIGHT RD,15237,7206 MCKNIGHT RD|15237,CIGARRO|7206 MCKNIGHT RD|15237,7206 MCKNIGHT RD,c942cd4560,True,False,PITTSBURGH,data.pa.gov,42003429201,False,True
ALLEGHENY,FAMILY DOLLAR STORES OF PA LLC,FAMILY DOLLAR # 21769,15137-1683,USA,02**3877,Cigarette/OTP Retail,2027-02-28,355 LINCOLN HWY,NORTH VERSAILLES,PA,-79.82252,40.3843,FAMILY DOLLAR # 21769,355 LINCOLN HWY,15137,355 LINCOLN HWY|15137,FAMILY DOLLAR # 21769|355 LINCOLN HWY|15137,355 LINCOLN HWY,af030111d5,True,False,NORTH VERSAILLES,data.pa.gov,42003504100,False,False
ALLEGHENY,NEW TRIOS MARKET LLC,NEW TRIOS MARKET LLC,15214-1748,USA,02**5071,Cigarette/OTP Retail,2027-02-28,3900 PERRYSVILLE AVE,PITTSBURGH,PA,-80.01838,40.48957,NEW TRIOS MARKET LLC,3900 PERRYSVILLE AVE,15214,3900 PERRYSVILLE AVE|15214,NEW TRIOS MARKET LLC|3900 PERRYSVILLE AVE|15214,3900 PERRYSVILLE AVE,990bfcf24c,True,False,PITTSBURGH,data.pa.gov,42003260200,True,True
ALLEGHENY,PUFF MART OF PITTSBURGH INC,PUFF MART OF PITTSBURGH INC,15221-2217,USA,02**9708,Cigarette/OTP Retail,2027-02-28,798 PENN AVE,PITTSBURGH,PA,-79.88203,40.44279,PUFF MART OF PITTSBURGH INC,798 PENN AVE,15221,798 PENN AVE|15221,PUFF MART OF PITTSBURGH INC|798 PENN AVE|15221,798 PENN AVE,8f65e035d7,True,False,PITTSBURGH,data.pa.gov,42003564800,False,True
ALLEGHENY,KAYA OIL CORPORATION,LNC#503 DORMONT BP,15216-2618,USA,02**3831,Cigarette/OTP Retail,2027-02-28,2873 W LIBERTY AVE,PITTSBURGH,PA,-80.03323,40.3957,LNC#503 DORMONT BP,2873 W LIBERTY AVE,15216,2873 W LIBERTY AVE|15216,LNC#503 DORMONT BP|2873 W LIBERTY AVE|15216,2873 W LIBERTY AVE,8a4f74f4e1,True,False,PITTSBURGH,data.pa.gov,42003472100,False,True
ALLEGHENY,FAMILY DOLLAR STORES OF PA LLC,FAMILY DOLLAR #26598,15235-1431,USA,02**4032,Cigarette/OTP Retail,2027-02-28,9010 FRANKSTOWN RD,PITTSBURGH,PA,-79.8657,40.46124,FAMILY DOLLAR #26598,9010 FRANKSTOWN RD,15235,9010 FRANKSTOWN RD|15235,FAMILY DOLLAR #26598|9010 FRANKSTOWN RD|15235,9010 FRANKSTOWN RD,9b503d3a18,True,False,PITTSBURGH,data.pa.gov,42003523200,False,True
ALLEGHENY,HARTMAN MUSIC INC,ORMSBY CAFE,15210-2512,USA,02**7708,Cigarette Vending,2027-02-28,402 ORMSBY AVE,PITTSBURGH,PA,-79.98152,40.41278,ORMSBY CAFE,402 ORMSBY AVE,15210,402 ORMSBY AVE|15210,ORMSBY CAFE|402 ORMSBY AVE|15210,402 ORMSBY AVE,639bb783f9,False,True,PITTSBURGH,data.pa.gov,42003161000,True,True
ALLEGHENY,CORE MART INC,CORE MART INC,15108-2921,USA,02**5157,Cigarette/OTP Retail,2027-02-28,1300 CORAOPOLIS HEIGHTS RD,CORAOPOLIS,PA,-80.17554,40.50126,CORE MART INC,1300 CORAOPOLIS HEIGHTS RD,15108,1300 CORAOPOLIS HEIGHTS RD|15108,CORE MART INC|1300 CORAOPOLIS HEIGHTS RD|15108,1300 CORAOPOLIS HEIGHTS RD,4d01073fe6,True,False,CORAOPOLIS,data.pa.gov,42003451300,False,False
ALLEGHENY,DOLGENCORP LLC,DOLLAR GENERAL #19281,15218-2431,USA,02**5078,OTP Retail,2027-02-28,7402 CHURCH ST # 19281,SWISSVALE,PA,-79.88973,40.42175,DOLLAR GENERAL #19281,7402 CHURCH ST # 19281,15218,7402 CHURCH ST # 19281|15218,DOLLAR GENERAL #19281|7402 CHURCH ST # 19281|15218,7402 CHURCH ST 19281,4e7310aa27,True,False,SWISSVALE,data.pa.gov,42003515300,False,False
ALLEGHENY,CLOUD 9 SMOKE SHOP 6 LLC,STORE,15146-2383,USA,02**1104,Cigarette/OTP Retail,2027-02-28,2525 MONROEVILLE BLVD,MONROEVILLE,PA,-79.7886,40.42765,STORE,2525 MONROEVILLE BLVD,15146,2525 MONROEVILLE BLVD|15146,STORE|2525 MONROEVILLE BLVD|15146,2525 MONROEVILLE BLVD,d4d7a57106,True,False,MONROEVILLE,data.pa.gov,42003521200,False,False
ALLEGHENY,WALMART STORES EAST LP,SUPRECENTER 2300,15275-1202,USA,70**8059,Cigarette/OTP Retail,2027-02-28,250 SUMMIT PARK DR,PITTSBURGH,PA,-80.17638,40.44786,SUPRECENTER 2300,250 SUMMIT PARK DR,15275,250 SUMMIT PARK DR|15275,SUPRECENTER 2300|250 SUMMIT PARK DR|15275,250 SUMMIT PARK DR,ad2be556cf,True,False,PITTSBURGH,data.pa.gov,42003453004,False,True
ALLEGHENY,SHADELAND BEER ENTERPRISE INC,SHADELAND BEER ENTERPRISE INC,15202-3301,USA,02**5654,Cigarette/OTP Retail,2027-02-28,100 BRIGHTON RD,PITTSBURGH,PA,-80.04516,40.49018,SHADELAND BEER ENTERPRISE INC,100 BRIGHTON RD,15202,100 BRIGHTON RD|15202,SHADELAND BEER ENTERPRISE INC|100 BRIGHTON RD|15202,100 BRIGHTON RD,6993bc9ded,True,False,PITTSBURGH,data.pa.gov,42003429700,False,True
ALLEGHENY,SNOWY WHITE LLC,SNOWY WHITE LLC,15126-9134,USA,02**6141,Cigarette/OTP Retail,2027-02-28,7948 STEUBENVILLE PIKE,IMPERIAL,PA,-80.23356,40.44138,SNOWY WHITE LLC,7948 STEUBENVILLE PIKE,15126,7948 STEUBENVILLE PIKE|15126,SNOWY WHITE LLC|7948 STEUBENVILLE PIKE|15126,7948 STEUBENVILLE PIKE,1ec9a1e806,True,False,IMPERIAL,data.pa.gov,42003564000,False,False
ALLEGHENY,GETGO OPERATING LLC,GETGO #3487,15223-1227,USA,02**1711,Cigarette/OTP Retail,2027-02-28,801 MOUNT ROYAL BLVD,PITTSBURGH,PA,-79.95933,40.51425,GETGO #3487,801 MOUNT ROYAL BLVD,15223,801 MOUNT ROYAL BLVD|15223,GETGO #3487|801 MOUNT ROYAL BLVD|15223,801 MOUNT ROYAL BLVD,37ee8b2fa5,True,False,PITTSBURGH,data.pa.gov,42003426400,False,True
ALLEGHENY,PAR MAR OIL COMPANY,PAR MAR STORE # 91,15071-3309,USA,02**6428,Cigarette Retail,2027-02-28,1001 MONTOUR CHURCH RD,OAKDALE,PA,-80.17505,40.44457,PAR MAR STORE # 91,1001 MONTOUR CHURCH RD,15071,1001 MONTOUR CHURCH RD|15071,PAR MAR STORE # 91|1001 MONTOUR CHURCH RD|15071,1001 MONTOUR CHURCH RD,48b1385d48,True,False,OAKDALE,data.pa.gov,42003453003,False,False
ALLEGHENY,HARTMAN MUSIC INC,HARTMAN MUSIC,15210,USA,02**1360,Cigarette Wholesaler,2027-02-28,126 MIDDLE WAY,PITTSBURGH,PA,-79.98732,40.41699,HARTMAN MUSIC,126 MIDDLE WAY,15210,126 MIDDLE WAY|15210,HARTMAN MUSIC|126 MIDDLE WAY|15210,126 MIDDLE WAY,445e0a3b2c,False,True,PITTSBURGH,data.pa.gov,42003481000,False,True
ALLEGHENY,MODERN HAIR BEAUTY SUPPLY OF PITTSBURGH INC,MODERN HAIR BEAUTY SUPPLY OF PITTSBURGH,15218-2435,USA,02**4715,Cigarette/OTP Retail,2027-02-28,1909 MONONGAHELA AVE,PITTSBURGH,PA,-79.88874,40.42228,MODERN HAIR BEAUTY SUPPLY OF PITTSBURGH,1909 MONONGAHELA AVE,15218,1909 MONONGAHELA AVE|15218,MODERN HAIR BEAUTY SUPPLY OF PITTSBURGH|1909 MONONGAHELA AVE|15218,1909 MONONGAHELA AVE,dc3daa8d52,True,False,PITTSBURGH,data.pa.gov,42003515300,False,True
ALLEGHENY,SHERADEN SHOPPE N KITCHEN INC,SHERADEN SHOPPE N KITCHEN INC,15204-2301,USA,02**3658,OTP Retail,2027-02-28,2827 CHARTIERS AVE,PITTSBURGH,PA,-80.05492,40.45347,SHERADEN SHOPPE N KITCHEN INC,2827 CHARTIERS AVE,15204,2827 CHARTIERS AVE|15204,SHERADEN SHOPPE N KITCHEN INC|2827 CHARTIERS AVE|15204,2827 CHARTIERS AVE,a9b1ddf953,True,False,PITTSBURGH,data.pa.gov,42003562500,True,True
ALLEGHENY,NOVO VENDING SERVICE LLC,KNUCKLEHEADS TAVERN,15237-2322,USA,02**0974,Cigarette Vending,2027-02-28,146 THREE DEGREE RD,PITTSBURGH,PA,-80.03151,40.5447,KNUCKLEHEADS TAVERN,146 THREE DEGREE RD,15237,146 THREE DEGREE RD|15237,KNUCKLEHEADS TAVERN|146 THREE DEGREE RD|15237,146 THREE DEGREE RD,b8b9fdecb0,False,True,PITTSBURGH,data.pa.gov,42003429400,False,True
ALLEGHENY,KLAFTERS INC,SMOKER FRIENDLY #22,15209-1307,USA,02**9088,Cigarette/OTP Retail,2027-02-28,2136 BABCOCK BLVD,PITTSBURGH,PA,-79.9926,40.51045,SMOKER FRIENDLY #22,2136 BABCOCK BLVD,15209,2136 BABCOCK BLVD|15209,SMOKER FRIENDLY #22|2136 BABCOCK BLVD|15209,2136 BABCOCK BLVD,7391330f6a,True,False,PITTSBURGH,data.pa.gov,42003429202,False,True
ALLEGHENY,SARABJIT AND NEELAM HOLDINGS LLC,SARABJIT AND NEELAM HOLDINGS LLC,15213-2320,USA,02**0225,Cigarette/OTP Retail,2027-02-28,504 OAK HILL DR,PITTSBURGH,PA,-79.96993,40.44328,SARABJIT AND NEELAM HOLDINGS LLC,504 OAK HILL DR,15213,504 OAK HILL DR|15213,SARABJIT AND NEELAM HOLDINGS LLC|504 OAK HILL DR|15213,504 OAK HILL DR,e9965a9e37,True,False,PITTSBURGH,data.pa.gov,42003051000,True,True
ALLEGHENY,TINY BOX VAPE SHOP INC,TINY BOX VAPE SHOP INC,15229-1844,USA,02**2024,OTP Retail,2027-02-28,442 PERRY HWY,WEST VIEW,PA,-80.0324,40.51951,TINY BOX VAPE SHOP INC,442 PERRY HWY,15229,442 PERRY HWY|15229,TINY BOX VAPE SHOP INC|442 PERRY HWY|15229,442 PERRY HWY,ed51846c68,True,False,WEST VIEW,data.pa.gov,42003430200,False,False
ALLEGHENY,PIKE EXPRESS,PIKE EXPRESS,15146,USA,02**3056,Cigarette/OTP Retail,2027-02-28,3835-3837 NORTHERN PIKE SUITE #2,MONROEVILLE,PA,-79.77904,40.43833,PIKE EXPRESS,3835-3837 NORTHERN PIKE SUITE #2,15146,3835-3837 NORTHERN PIKE SUITE #2|15146,PIKE EXPRESS|3835-3837 NORTHERN PIKE SUITE #2|15146,3835-3837 NORTHERN PIKE,bca5baf723,True,False,MONROEVILLE,data.pa.gov,42003521200,False,False
ALLEGHENY,BD FRIENDS FAMILY INC,BD FRIENDS FAMILY INC,15084-1511,USA,02**5137,Cigarette/OTP Retail,2027-02-28,100 E 7TH AVE,TARENTUM,PA,-79.75679,40.60191,BD FRIENDS FAMILY INC,100 E 7TH AVE,15084,100 E 7TH AVE|15084,BD FRIENDS FAMILY INC|100 E 7TH AVE|15084,100 E 7TH AVE,f7adfffebd,True,False,TARENTUM,data.pa.gov,42003403500,False,False
ALLEGHENY,GOBRANDS INC,PITTSBURGH - MOUNT OLIVE,15210,USA,02**1984,Cigarette/OTP Retail,2027-02-28,106-108 BROWNSVILLE RD,PITTSBURGH,PA,-79.98659,40.41729,PITTSBURGH - MOUNT OLIVE,106-108 BROWNSVILLE RD,15210,106-108 BROWNSVILLE RD|15210,PITTSBURGH - MOUNT OLIVE|106-108 BROWNSVILLE RD|15210,106-108 BROWNSVILLE RD,dde008504b,True,False,PITTSBURGH,data.pa.gov,42003481000,False,True
ALLEGHENY,SHIV OIL INC,BP CARSON STREET,15203-1110,USA,02**0670,Cigarette/OTP Retail,2027-02-28,1006 E CARSON ST,PITTSBURGH,PA,-79.98829,40.42872,BP CARSON STREET,1006 E CARSON ST,15203,1006 E CARSON ST|15203,BP CARSON STREET|1006 E CARSON ST|15203,1006 E CARSON ST,663aacf159,True,False,PITTSBURGH,data.pa.gov,42003170200,True,True
ALLEGHENY,GETGO OPERATING LLC,GETGO #3691,15044-9700,USA,02**1691,Cigarette/OTP Retail,2027-02-28,4099 GRANDVIEW DR,GIBSONIA,PA,-79.93797,40.64304,GETGO #3691,4099 GRANDVIEW DR,15044,4099 GRANDVIEW DR|15044,GETGO #3691|4099 GRANDVIEW DR|15044,4099 GRANDVIEW DR,ae1bc7f141,True,False,GIBSONIA,data.pa.gov,42003408001,False,False
ALLEGHENY,MIDNITE LLC,LINX,15203-1797,USA,02**4878,OTP Vending,2027-02-28,1713 E CARSON ST,PITTSBURGH,PA,-79.98138,40.42882,LINX,1713 E CARSON ST,15203,1713 E CARSON ST|15203,LINX|1713 E CARSON ST|15203,1713 E CARSON ST,0b3b57e19e,False,True,PITTSBURGH,data.pa.gov,42003170200,True,True
ALLEGHENY,PENN RETAIL ENTERPRISES LLC,PENN VAPE WELLNESS,15224-1333,USA,02**4734,OTP Retail,2027-02-28,4067 PENN AVE,PITTSBURGH,PA,-79.95545,40.46561,PENN VAPE WELLNESS,4067 PENN AVE,15224,4067 PENN AVE|15224,PENN VAPE WELLNESS|4067 PENN AVE|15224,4067 PENN AVE,ceb949aa83,True,False,PITTSBURGH,data.pa.gov,42003090300,True,True
ALLEGHENY,UKANI BROTHERS INC,UKANI BROTHERS,15216-2717,USA,02**1981,OTP Retail,2027-02-28,2900 BANKSVILLE RD,PITTSBURGH,PA,-80.04132,40.40307,UKANI BROTHERS,2900 BANKSVILLE RD,15216,2900 BANKSVILLE RD|15216,UKANI BROTHERS|2900 BANKSVILLE RD|15216,2900 BANKSVILLE RD,6577b1392b,True,False,PITTSBURGH,data.pa.gov,42003202300,True,True
ALLEGHENY,WALGREEN EASTERN CO INC,WALGREENS #09043,15116-1747,USA,70**9070,Cigarette/OTP Retail,2027-02-28,1701 WILLIAM FLYNN HWY,GLENSHAW,PA,-79.96336,40.5385,WALGREENS #09043,1701 WILLIAM FLYNN HWY,15116,1701 WILLIAM FLYNN HWY|15116,WALGREENS #09043|1701 WILLIAM FLYNN HWY|15116,1701 WILLIAM FLYNN HWY,bca3e2b900,True,False,GLENSHAW,data.pa.gov,42003426300,False,False
ALLEGHENY,QUALITY FOODS CORPORATION,KUHNS MARKET,15216-2720,USA,02**2936,Cigarette/OTP Retail,2027-02-28,3125 BANKSVILLE RD,PITTSBURGH,PA,-80.04363,40.3999,KUHNS MARKET,3125 BANKSVILLE RD,15216,3125 BANKSVILLE RD|15216,KUHNS MARKET|3125 BANKSVILLE RD|15216,3125 BANKSVILLE RD,6a7e7836c9,True,False,PITTSBURGH,data.pa.gov,42003202300,True,True
ALLEGHENY,DOLGENCORP LLC,DOLLAR GENERAL STORE #10875,15146-3740,USA,02**6299,Cigarette/OTP Retail,2027-02-28,5032 WILLIAM PENN HWY,MONROEVILLE,PA,-79.70759,40.42905,DOLLAR GENERAL STORE #10875,5032 WILLIAM PENN HWY,15146,5032 WILLIAM PENN HWY|15146,DOLLAR GENERAL STORE #10875|5032 WILLIAM PENN HWY|15146,5032 WILLIAM PENN HWY,e596483e35,True,False,MONROEVILLE,data.pa.gov,42003521500,False,False
ALLEGHENY,PATTON MICHAEL P,MARKET STREET SALOON,15037-1548,USA,02**5102,Cigarette Vending,2027-02-28,100 S 2ND AVE,ELIZABETH,PA,-79.88684,40.27277,MARKET STREET SALOON,100 S 2ND AVE,15037,100 S 2ND AVE|15037,MARKET STREET SALOON|100 S 2ND AVE|15037,100 S 2ND AVE,ab8c5e2be1,False,True,ELIZABETH,data.pa.gov,42003494000,False,False
ALLEGHENY,FAMILY DOLLAR STORES OF PA LLC,FAMILY DOLLAR #32885,15235-5411,USA,02**3742,Cigarette/OTP Retail,2027-02-28,3430 WILLIAM PENN HWY,PITTSBURGH,PA,-79.81333,40.42942,FAMILY DOLLAR #32885,3430 WILLIAM PENN HWY,15235,3430 WILLIAM PENN HWY|15235,FAMILY DOLLAR #32885|3430 WILLIAM PENN HWY|15235,3430 WILLIAM PENN HWY,fe205d8065,True,False,PITTSBURGH,data.pa.gov,42003520001,False,True
ALLEGHENY,JUST THE TIP CIGARS,JUST THE TIP CIGARS,15129-7500,USA,02**6170,OTP Retail,2027-02-28,2550 BROWNSVILLE RD  1,SOUTH PARK,PA,-79.99663,40.29363,JUST THE TIP CIGARS,2550 BROWNSVILLE RD 1,15129,2550 BROWNSVILLE RD 1|15129,JUST THE TIP CIGARS|2550 BROWNSVILLE RD 1|15129,2550 BROWNSVILLE RD 1,3b4077a0d6,True,False,SOUTH PARK,data.pa.gov,42003490002,False,False
ALLEGHENY,GIANT EAGLE INC,GIANT EAGLE 72,15238-6178,USA,70**3074,Cigarette/OTP Retail,2027-02-28,910 FREEPORT RD STE 1,PITTSBURGH,PA,-79.89452,40.48768,GIANT EAGLE 72,910 FREEPORT RD STE 1,15238,910 FREEPORT RD STE 1|15238,GIANT EAGLE 72|910 FREEPORT RD STE 1|15238,910 FREEPORT RD,47be5c57bb,True,False,PITTSBURGH,data.pa.gov,42003980000,True,True
ALLEGHENY,SAMS NEIGHBORHOOD MARKET,SAMS NEIGHBORHOOD MARKET,15207-4600,USA,02**7291,OTP Retail,2027-02-28,4942 2ND AVE APT 1,PITTSBURGH,PA,-79.94376,40.40884,SAMS NEIGHBORHOOD MARKET,4942 2ND AVE APT 1,15207,4942 2ND AVE APT 1|15207,SAMS NEIGHBORHOOD MARKET|4942 2ND AVE APT 1|15207,4942 2ND AVE,4a057c516e,True,False,PITTSBURGH,data.pa.gov,42003562300,True,True
ALLEGHENY,K & D LLC,K & D,15071-9747,USA,02**0266,Cigarette/OTP Retail,2027-02-28,105 SEMINARY AVE STE 108,OAKDALE,PA,-80.18374,40.39663,K & D,105 SEMINARY AVE STE 108,15071,105 SEMINARY AVE STE 108|15071,K & D|105 SEMINARY AVE STE 108|15071,105 SEMINARY AVE,9c79417afb,True,False,OAKDALE,data.pa.gov,42003455000,False,False
ALLEGHENY,COLE JR THOMAS R,SMOKE SHOP,15025-1744,USA,02**3990,Cigarette Retail,2027-02-28,534 MILLER AVE,CLAIRTON,PA,-79.88304,40.29395,SMOKE SHOP,534 MILLER AVE,15025,534 MILLER AVE|15025,SMOKE SHOP|534 MILLER AVE|15025,534 MILLER AVE,2af7312bb0,True,False,CLAIRTON,data.pa.gov,42003492800,False,False
ALLEGHENY,ANYTIME VAPE AND WELLNESS 101 INC,ANYTIME VAPE AND WELLNESS 101 INC,15024-1461,USA,02**5875,OTP Retail,2027-02-28,1309 PITTSBURGH ST,CHESWICK,PA,-79.80161,40.54109,ANYTIME VAPE AND WELLNESS 101 INC,1309 PITTSBURGH ST,15024,1309 PITTSBURGH ST|15024,ANYTIME VAPE AND WELLNESS 101 INC|1309 PITTSBURGH ST|15024,1309 PITTSBURGH ST,05977babc6,True,False,CHESWICK,data.pa.gov,42003418000,False,False
ALLEGHENY,SHUBHSHIVA PERTO INC,SHUBHSHIVA PETRO INC,15205-2811,USA,02**5978,Cigarette Retail,2027-02-28,113 NOBLE AVE,CRAFTON,PA,-80.06542,40.43495,SHUBHSHIVA PETRO INC,113 NOBLE AVE,15205,113 NOBLE AVE|15205,SHUBHSHIVA PETRO INC|113 NOBLE AVE|15205,113 NOBLE AVE,4698344bd3,True,False,CRAFTON,data.pa.gov,42003465600,False,False
ALLEGHENY,REED GOALS LLC,BIG MIKES TAVERN & GRILL,15223-2123,USA,02**0019,Cigarette Vending,2027-02-28,396 BUTLER ST FL 1,ETNA,PA,-79.94391,40.49744,BIG MIKES TAVERN & GRILL,396 BUTLER ST FL 1,15223,396 BUTLER ST FL 1|15223,BIG MIKES TAVERN & GRILL|396 BUTLER ST FL 1|15223,396 BUTLER ST,2ac7de468c,False,True,ETNA,data.pa.gov,42003425000,False,False
ALLEGHENY,HARTMAN MUSIC INC,K & M BAR,15210-1775,USA,02**7708,Cigarette Vending,2027-02-28,200 MOUNT OLIVER ST,PITTSBURGH,PA,-79.98702,40.42152,K & M BAR,200 MOUNT OLIVER ST,15210,200 MOUNT OLIVER ST|15210,K & M BAR|200 MOUNT OLIVER ST|15210,200 MOUNT OLIVER ST,88acbeae3e,False,True,PITTSBURGH,data.pa.gov,42003170600,True,True
ALLEGHENY,GETGO OPERATING LLC,GETGO #3172,15238-3101,USA,02**1657,Cigarette/OTP Retail,2027-02-28,1081 FREEPORT RD,PITTSBURGH,PA,-79.88364,40.48768,GETGO #3172,1081 FREEPORT RD,15238,1081 FREEPORT RD|15238,GETGO #3172|1081 FREEPORT RD|15238,1081 FREEPORT RD,96b1a979a1,True,False,PITTSBURGH,data.pa.gov,42003421100,False,True
ALLEGHENY,WAHEGURUJI ENTERPRISES LLC,MILLVALE STORE,15209-2501,USA,02**1833,Cigarette Retail,2027-02-28,215 NORTH AVE FL 1STFL,MILLVALE,PA,-79.97465,40.48126,MILLVALE STORE,215 NORTH AVE FL 1STFL,15209,215 NORTH AVE FL 1STFL|15209,MILLVALE STORE|215 NORTH AVE FL 1STFL|15209,215 N AVE,dd1101391d,True,False,MILLVALE,data.pa.gov,42003427000,False,False
ALLEGHENY,ALAM 01 LLC,ALAM 01 LLC,15146-1411,USA,02**5088,OTP Retail,2027-02-28,4411 OLD WILLIAM PENN HWY,MONROEVILLE,PA,-79.76429,40.44574,ALAM 01 LLC,4411 OLD WILLIAM PENN HWY,15146,4411 OLD WILLIAM PENN HWY|15146,ALAM 01 LLC|4411 OLD WILLIAM PENN HWY|15146,4411 OLD WILLIAM PENN HWY,fa78bc06fa,True,False,MONROEVILLE,data.pa.gov,42003521500,False,False
ALLEGHENY,M & M SMOKE AND VAPE LLC,M & M SMOKE AND VAPE LLC,15132-1507,USA,02**2289,Cigarette/OTP Retail,2027-02-28,3810 ONEIL BLVD,MCKEESPORT,PA,-79.83171,40.34732,M & M SMOKE AND VAPE LLC,3810 ONEIL BLVD,15132,3810 ONEIL BLVD|15132,M & M SMOKE AND VAPE LLC|3810 ONEIL BLVD|15132,3810 ONEIL BLVD,0c33c8bdb0,True,False,MCKEESPORT,data.pa.gov,42003551300,False,False
ALLEGHENY,SMOKE GOODIES 5 LLC,STORE,15203-1229,USA,02**3224,Cigarette/OTP Retail,2027-02-28,1220 E CARSON ST,PITTSBURGH,PA,-79.98552,40.42879,STORE,1220 E CARSON ST,15203,1220 E CARSON ST|15203,STORE|1220 E CARSON ST|15203,1220 E CARSON ST,e5e79d7988,True,False,PITTSBURGH,data.pa.gov,42003170200,True,True
ALLEGHENY,SHUBHTEJAS INC,SHUBHTEJAS INC,15220-1001,USA,02**9131,Cigarette/OTP Retail,2027-02-28,1630 COCHRAN RD,PITTSBURGH,PA,-80.06133,40.392,SHUBHTEJAS INC,1630 COCHRAN RD,15220,1630 COCHRAN RD|15220,SHUBHTEJAS INC|1630 COCHRAN RD|15220,1630 COCHRAN RD,85566a4a6d,True,False,PITTSBURGH,data.pa.gov,42003470501,False,True
ALLEGHENY,JAVED I AHMED INC,ETNA EXPRESS,15223-2106,USA,02**6483,Cigarette/OTP Retail,2027-02-28,421 BUTLER ST,PITTSBURGH,PA,-79.94383,40.49868,ETNA EXPRESS,421 BUTLER ST,15223,421 BUTLER ST|15223,ETNA EXPRESS|421 BUTLER ST|15223,421 BUTLER ST,663d8a2785,True,False,PITTSBURGH,data.pa.gov,42003425000,False,True
ALLEGHENY,MIDNIGHT MARKET VENDING LLC,GOOD TIME BAR & GRILLE,15209-1707,USA,02**4832,OTP Vending,2027-02-28,1304 WALTERS AVE,PITTSBURGH,PA,-79.97538,40.49523,GOOD TIME BAR & GRILLE,1304 WALTERS AVE,15209,1304 WALTERS AVE|15209,GOOD TIME BAR & GRILLE|1304 WALTERS AVE|15209,1304 WALTERS AVE,0b32965af2,False,True,PITTSBURGH,data.pa.gov,42003427000,False,True
ALLEGHENY,3 BROTHERS ENTERPRISE LLC,3 BROTHERS ENTERPRISE LLC,15024-1307,USA,02**4936,OTP Retail,2027-02-28,1001 PITTSBURGH ST,CHESWICK,PA,-79.8072,40.541,3 BROTHERS ENTERPRISE LLC,1001 PITTSBURGH ST,15024,1001 PITTSBURGH ST|15024,3 BROTHERS ENTERPRISE LLC|1001 PITTSBURGH ST|15024,1001 PITTSBURGH ST,c5fd2a5693,True,False,CHESWICK,data.pa.gov,42003418000,False,False
ALLEGHENY,EDNA S MARKET & DELI,EDNA S MARKET & DELI,15214-2427,USA,02**4614,OTP Retail,2027-02-28,529 MOUNT PLEASANT RD,PITTSBURGH,PA,-80.00023,40.4778,EDNA S MARKET & DELI,529 MOUNT PLEASANT RD,15214,529 MOUNT PLEASANT RD|15214,EDNA S MARKET & DELI|529 MOUNT PLEASANT RD|15214,529 MOUNT PLEASANT RD,cd512f8b21,True,False,PITTSBURGH,data.pa.gov,42003261300,True,True
ALLEGHENY,B & T MONROEVILLE LLC,GLASS GONE WOW,15146-2478,USA,02**1574,Cigarette/OTP Retail,2027-02-28,3948 MONROEVILLE BLVD STE 9,MONROEVILLE,PA,-79.77605,40.43676,GLASS GONE WOW,3948 MONROEVILLE BLVD STE 9,15146,3948 MONROEVILLE BLVD STE 9|15146,GLASS GONE WOW|3948 MONROEVILLE BLVD STE 9|15146,3948 MONROEVILLE BLVD,e181b7d9ae,True,False,MONROEVILLE,data.pa.gov,42003521302,False,False
ALLEGHENY,BELFIORE AMUSEMENT CO,STURGEON AA CLUB,15082,USA,63**7797,Cigarette Vending,2027-02-28,280 NOBLESTOWN ROAD,STURGEON,PA,,,STURGEON AA CLUB,280 NOBLESTOWN ROAD,15082,280 NOBLESTOWN ROAD|15082,STURGEON AA CLUB|280 NOBLESTOWN ROAD|15082,280 NOBLESTOWN RD,9b4b86cb8b,False,True,STURGEON,census_geocoder,,False,False
ALLEGHENY,VERONA NEWS INC,VERONA NEWS INC,15147-1302,USA,02**2076,Cigarette/OTP Retail,2027-02-28,754 ALLEGHENY RIVER BLVD,VERONA,PA,-79.84293,40.50628,VERONA NEWS INC,754 ALLEGHENY RIVER BLVD,15147,754 ALLEGHENY RIVER BLVD|15147,VERONA NEWS INC|754 ALLEGHENY RIVER BLVD|15147,754 ALLEGHENY RIVER BLVD,d28d18a057,True,False,VERONA,data.pa.gov,42003524000,False,False
ALLEGHENY,DOLGENCORP LLC,DOLLAR GENERAL STORE 22935,15146-3510,USA,02**4308,Cigarette/OTP Retail,2027-02-28,2501 MOSSIDE BLVD,MONROEVILLE,PA,-79.75449,40.42588,DOLLAR GENERAL STORE 22935,2501 MOSSIDE BLVD,15146,2501 MOSSIDE BLVD|15146,DOLLAR GENERAL STORE 22935|2501 MOSSIDE BLVD|15146,2501 MOSSIDE BLVD,2e6aa326fc,True,False,MONROEVILLE,data.pa.gov,42003521301,False,False
ALLEGHENY,BELMONT AMUSEMENT COMPANY INC,MONICOS,15235-2526,USA,02**7694,Cigarette Vending,2027-02-28,3435 UNIVERSAL RD,PENN HILLS,PA,-79.78343,40.4902,MONICOS,3435 UNIVERSAL RD,15235,3435 UNIVERSAL RD|15235,MONICOS|3435 UNIVERSAL RD|15235,3435 UNIVERSAL RD,030cedd99f,False,True,PENN HILLS,data.pa.gov,42003526202,False,False
ALLEGHENY,PATTON MICHAEL P,CORLISS WAR VETS,15204-2426,USA,02**5102,Cigarette Vending,2027-02-28,2806 STRAKA ST,PITTSBURGH,PA,-80.0547,40.45258,CORLISS WAR VETS,2806 STRAKA ST,15204,2806 STRAKA ST|15204,CORLISS WAR VETS|2806 STRAKA ST|15204,2806 STRAKA ST,0948faa164,False,True,PITTSBURGH,data.pa.gov,42003202200,True,True
ALLEGHENY,SPEEDWAY LLC,SPEEDWAY # 2917,15146-4238,USA,02**0255,Cigarette/OTP Retail,2027-02-28,4363 BROADWAY BLVD,MONROEVILLE,PA,-79.76984,40.39869,SPEEDWAY # 2917,4363 BROADWAY BLVD,15146,4363 BROADWAY BLVD|15146,SPEEDWAY # 2917|4363 BROADWAY BLVD|15146,4363 BROADWAY BLVD,4cd7d108ae,True,False,MONROEVILLE,data.pa.gov,42003521301,False,False
ALLEGHENY,GETGO OPERATING LLC,GETGO #3032,15090-9719,USA,02**1616,Cigarette/OTP Retail,2027-02-28,10500 PERRY HWY,WEXFORD,PA,-80.05259,40.60929,GETGO #3032,10500 PERRY HWY,15090,10500 PERRY HWY|15090,GETGO #3032|10500 PERRY HWY|15090,10500 PERRY HWY,262a41cc57,True,False,WEXFORD,data.pa.gov,42003413100,False,False
ALLEGHENY,BIG DOG VENDING INC,KOLLAR CLUB,15203-2537,USA,02**7778,Cigarette Vending,2027-02-28,3226 JANE ST,PITTSBURGH,PA,-79.96184,40.4214,KOLLAR CLUB,3226 JANE ST,15203,3226 JANE ST|15203,KOLLAR CLUB|3226 JANE ST|15203,3226 JANE ST,48757c8b42,False,True,PITTSBURGH,data.pa.gov,42003160800,True,True
ALLEGHENY,GIANT EAGLE INC,GIANT EAGLE #25,15229-1793,USA,70**3054,Cigarette/OTP Retail,2027-02-28,1029 W VIEW PARK DR,WEST VIEW,PA,-80.03862,40.51689,GIANT EAGLE #25,1029 W VIEW PARK DR,15229,1029 W VIEW PARK DR|15229,GIANT EAGLE #25|1029 W VIEW PARK DR|15229,1029 W VIEW PARK DR,1b455a0357,True,False,WEST VIEW,data.pa.gov,42003430200,False,False
ALLEGHENY,GIANT EAGLE INC,GIANT EAGLE #1246,15205-2336,USA,02**1599,Cigarette/OTP Retail,2027-02-28,51 WALSH RD,PITTSBURGH,PA,-80.07166,40.44029,GIANT EAGLE #1246,51 WALSH RD,15205,51 WALSH RD|15205,GIANT EAGLE #1246|51 WALSH RD|15205,51 WALSH RD,9709ea9e3f,True,False,PITTSBURGH,data.pa.gov,42003465600,False,True
ALLEGHENY,KEYSTONE R & M LLC,KEYSTONE VAPORS,15216-2718,USA,02**5803,OTP Retail,2027-02-28,3021 BANKSVILLE RD,PITTSBURGH,PA,-80.04225,40.40125,KEYSTONE VAPORS,3021 BANKSVILLE RD,15216,3021 BANKSVILLE RD|15216,KEYSTONE VAPORS|3021 BANKSVILLE RD|15216,3021 BANKSVILLE RD,a177915793,True,False,PITTSBURGH,data.pa.gov,42003202300,True,True
ALLEGHENY,SWISSVALE SHOPPE ONE INC,SWISSVALE SHOPPE ONE INC,15218-2520,USA,02**6243,Cigarette/OTP Retail,2027-02-28,7403 WASHINGTON AVE,PITTSBURGH,PA,-79.88905,40.42006,SWISSVALE SHOPPE ONE INC,7403 WASHINGTON AVE,15218,7403 WASHINGTON AVE|15218,SWISSVALE SHOPPE ONE INC|7403 WASHINGTON AVE|15218,7403 WASHINGTON AVE,71688f3d2e,True,False,PITTSBURGH,data.pa.gov,42003515300,False,True
ALLEGHENY,LATJ INC,ALLEGHENY BEVERAGE,15065-1650,USA,02**5697,OTP Retail,2027-02-28,2311 FREEPORT RD,NATRONA HEIGHTS,PA,-79.71769,40.63034,ALLEGHENY BEVERAGE,2311 FREEPORT RD,15065,2311 FREEPORT RD|15065,ALLEGHENY BEVERAGE|2311 FREEPORT RD|15065,2311 FREEPORT RD,2477e70d07,True,False,NATRONA HEIGHTS,data.pa.gov,42003401100,False,False
ALLEGHENY,SITARAM OIL CORPOARTION,SITARAM OIL CORPORATION,15218-2160,USA,02**7554,Cigarette/OTP Retail,2027-02-28,2000 S BRADDOCK AVE,PITTSBURGH,PA,-79.88586,40.42217,SITARAM OIL CORPORATION,2000 S BRADDOCK AVE,15218,2000 S BRADDOCK AVE|15218,SITARAM OIL CORPORATION|2000 S BRADDOCK AVE|15218,2000 S BRADDOCK AVE,d9da195fc3,True,False,PITTSBURGH,data.pa.gov,42003515100,False,True
ALLEGHENY,ZENNER ANTHONY J,ALS CAFE,15102,USA,63**7782,Cigarette Vending,2027-02-28,440 MCMURRAY ROAD,BETHEL PARK,PA,-80.06615,40.31189,ALS CAFE,440 MCMURRAY ROAD,15102,440 MCMURRAY ROAD|15102,ALS CAFE|440 MCMURRAY ROAD|15102,440 MCMURRAY RD,af727ff428,False,True,BETHEL PARK,data.pa.gov,42003475200,False,False
ALLEGHENY,DOLGENCORP LLC,DOLLAR GENERAL #17869,15218-2621,USA,02**4403,Cigarette Retail,2027-02-28,2610 S BRADDOCK AVE # 17869,SWISSVALE,PA,-79.87676,40.4151,DOLLAR GENERAL #17869,2610 S BRADDOCK AVE # 17869,15218,2610 S BRADDOCK AVE # 17869|15218,DOLLAR GENERAL #17869|2610 S BRADDOCK AVE # 17869|15218,2610 S BRADDOCK AVE 17869,fae01b66db,True,False,SWISSVALE,data.pa.gov,42003515100,False,False
ALLEGHENY,ACME VENDING INC,BOBS GARAGE,15238,USA,02**7734,Cigarette Vending,2027-02-28,FREPORT ROAD,BLAWNOX,PA,,,BOBS GARAGE,FREPORT ROAD,15238,FREPORT ROAD|15238,BOBS GARAGE|FREPORT ROAD|15238,FREPORT RD,9860918bd4,False,True,BLAWNOX,census_geocoder,,False,False
ALLEGHENY,HEAD OF THE GLASS LLC,HEAD OF THE GLASS LLC,15213-4375,USA,02**2275,OTP Retail,2027-02-28,3602 BATES ST,PITTSBURGH,PA,-79.95484,40.43722,HEAD OF THE GLASS LLC,3602 BATES ST,15213,3602 BATES ST|15213,HEAD OF THE GLASS LLC|3602 BATES ST|15213,3602 BATES ST,c4d8434648,True,False,PITTSBURGH,data.pa.gov,42003040600,True,True
ALLEGHENY,BEER HOUSE HOMESTEAD INC,BEER HOUSE HOMESTEAD INC,15120-1516,USA,02**0167,Cigarette/OTP Retail,2027-02-28,200 E 8TH AVE,HOMESTEAD,PA,-79.91071,40.40711,BEER HOUSE HOMESTEAD INC,200 E 8TH AVE,15120,200 E 8TH AVE|15120,BEER HOUSE HOMESTEAD INC|200 E 8TH AVE|15120,200 E 8TH AVE,7f67aa407a,True,False,HOMESTEAD,data.pa.gov,42003483800,False,False
ALLEGHENY,BREWSKIS DISTRIBUTOR INC,BREWSKIS DISTRIBUTOR INC,15076-1343,USA,02**8455,Cigarette/OTP Retail,2027-02-28,908 LITTLE DEER CREEK VALLEY RD,RUSSELLTON,PA,-79.83264,40.60824,BREWSKIS DISTRIBUTOR INC,908 LITTLE DEER CREEK VALLEY RD,15076,908 LITTLE DEER CREEK VALLEY RD|15076,BREWSKIS DISTRIBUTOR INC|908 LITTLE DEER CREEK VALLEY RD|15076,908 LITTLE DEER CREEK VALLEY RD,caf869c7a2,True,False,RUSSELLTON,data.pa.gov,42003407002,False,False
ALLEGHENY,EXOTICZ OUTLET LLC,EXOTICZ OUTLET LLC,15222-2505,USA,02**3655,Cigarette/OTP Retail,2027-02-28,633 SMITHFIELD ST,PITTSBURGH,PA,-79.99713,40.44238,EXOTICZ OUTLET LLC,633 SMITHFIELD ST,15222,633 SMITHFIELD ST|15222,EXOTICZ OUTLET LLC|633 SMITHFIELD ST|15222,633 SMITHFIELD ST,8ac5af16ac,True,False,PITTSBURGH,data.pa.gov,42003020100,True,True
ALLEGHENY,PINKYS VENDING INC,FAIRWAYS LOUNGE,15104-2569,USA,02**7775,Cigarette Vending,2027-02-28,1500 LOCUST ST,BRADDOCK,PA,-79.85285,40.40903,FAIRWAYS LOUNGE,1500 LOCUST ST,15104,1500 LOCUST ST|15104,FAIRWAYS LOUNGE|1500 LOCUST ST|15104,1500 LOCUST ST,4404916857,False,True,BRADDOCK,data.pa.gov,42003513000,False,False
ALLEGHENY,SHEETZ INC,SHEETZ #852,15225-1201,USA,02**0574,Cigarette/OTP Retail,2027-02-28,5800 GRAND AVE,PITTSBURGH,PA,-80.13331,40.51295,SHEETZ #852,5800 GRAND AVE,15225,5800 GRAND AVE|15225,SHEETZ #852|5800 GRAND AVE|15225,5800 GRAND AVE,0bcfbaa8c1,True,False,PITTSBURGH,data.pa.gov,42003461000,False,True
ALLEGHENY,INDO PARTNERS LLC,SPEEDY TOBACCO MART,15108-2030,USA,02**1232,Cigarette/OTP Retail,2027-02-28,1602 5TH AVE,CORAOPOLIS,PA,-80.15359,40.51344,SPEEDY TOBACCO MART,1602 5TH AVE,15108,1602 5TH AVE|15108,SPEEDY TOBACCO MART|1602 5TH AVE|15108,1602 5TH AVE,3a6b18afb1,True,False,CORAOPOLIS,data.pa.gov,42003450700,False,False
ALLEGHENY,PITTSBURGH MARKET FISH & CHICKEN LLC,KING CITY,15221-1304,USA,02**2831,Cigarette/OTP Retail,2027-02-28,7900 BENNETT ST,PITTSBURGH,PA,-79.88512,40.45408,KING CITY,7900 BENNETT ST,15221,7900 BENNETT ST|15221,KING CITY|7900 BENNETT ST|15221,7900 BENNETT ST,8fac09897a,True,False,PITTSBURGH,data.pa.gov,42003130600,True,True
ALLEGHENY,OAKLAND TOBACCO SHOP LLC,STORE,15213-3404,USA,02**5200,Cigarette/OTP Retail,2027-02-28,3604 5TH AVE,PITTSBURGH,PA,-79.95898,40.44142,STORE,3604 5TH AVE,15213,3604 5TH AVE|15213,STORE|3604 5TH AVE|15213,3604 5TH AVE,3697813acf,True,False,PITTSBURGH,data.pa.gov,42003040200,True,True
ALLEGHENY,MARUTI CONVENIENCE LLC,MARUTI CONVENIENCE LLC,15131-1502,USA,02**8934,Cigarette/OTP Retail,2027-02-28,1100 FAWCETT AVE,WHITE OAK,PA,-79.82574,40.35252,MARUTI CONVENIENCE LLC,1100 FAWCETT AVE,15131,1100 FAWCETT AVE|15131,MARUTI CONVENIENCE LLC|1100 FAWCETT AVE|15131,1100 FAWCETT AVE,f696634922,True,False,WHITE OAK,data.pa.gov,42003503002,False,False
ALLEGHENY,CHENEH A PLUS LLC,CHENEH A PLUS LLC,15201-2719,USA,02**8794,Cigarette/OTP Retail,2027-02-28,5013 BUTLER ST,PITTSBURGH,PA,-79.95585,40.47821,CHENEH A PLUS LLC,5013 BUTLER ST,15201,5013 BUTLER ST|15201,CHENEH A PLUS LLC|5013 BUTLER ST|15201,5013 BUTLER ST,cb99d2926a,True,False,PITTSBURGH,data.pa.gov,42003090100,True,True
ALLEGHENY,PAR MAR OIL COMPANY,PAR MAR STORE # 104,15237-1232,USA,02**9033,OTP Retail,2027-02-28,501 LOWRIES RUN RD,PITTSBURGH,PA,-80.05285,40.53424,PAR MAR STORE # 104,501 LOWRIES RUN RD,15237,501 LOWRIES RUN RD|15237,PAR MAR STORE # 104|501 LOWRIES RUN RD|15237,501 LOWRIES RUN RD,d3b4600ae8,True,False,PITTSBURGH,data.pa.gov,42003429300,False,True
ALLEGHENY,VARNI BEVERAGES LLC,VARNI BEVERAGES LLC,15026-1536,USA,02**4974,Cigarette/OTP Retail,2027-02-28,1242 ROUTE 30,CLINTON,PA,-80.41187,40.54225,VARNI BEVERAGES LLC,1242 ROUTE 30,15026,1242 ROUTE 30|15026,VARNI BEVERAGES LLC|1242 ROUTE 30|15026,1242 ROUTE 30,2b42b6956a,True,False,CLINTON,data.pa.gov,,False,False
ALLEGHENY,GETGO OPERATING LLC,GETGO #3616,15227-2709,USA,02**1675,Cigarette/OTP Retail,2027-02-28,3601 SAW MILL RUN BLVD,PITTSBURGH,PA,-79.98175,40.37216,GETGO #3616,3601 SAW MILL RUN BLVD,15227,3601 SAW MILL RUN BLVD|15227,GETGO #3616|3601 SAW MILL RUN BLVD|15227,3601 SAW MILL RUN BLVD,6e1135030b,True,False,PITTSBURGH,data.pa.gov,42003478100,False,True
ALLEGHENY,7-ELEVEN INC,A PLUS #40226H,15223-1033,USA,02**5180,Cigarette/OTP Retail,2027-02-28,1020 MOUNT ROYAL BLVD,PITTSBURGH,PA,-79.95899,40.5174,A PLUS #40226H,1020 MOUNT ROYAL BLVD,15223,1020 MOUNT ROYAL BLVD|15223,A PLUS #40226H|1020 MOUNT ROYAL BLVD|15223,1020 MOUNT ROYAL BLVD,72fbae9ecf,True,False,PITTSBURGH,data.pa.gov,42003426400,False,True
ALLEGHENY,BEER MINIMUM LLC,BEER MINIMUM LLC,15235-3329,USA,02**5018,Cigarette Retail,2027-02-28,11689 PENN HILLS DR,PITTSBURGH,PA,-79.82609,40.46519,BEER MINIMUM LLC,11689 PENN HILLS DR,15235,11689 PENN HILLS DR|15235,BEER MINIMUM LLC|11689 PENN HILLS DR|15235,11689 PENN HILLS DR,40a18eea0c,True,False,PITTSBURGH,data.pa.gov,42003523400,False,True
ALLEGHENY,HARTMAN MUSIC INC,MUGSHOTS,15205-2336,USA,02**7708,Cigarette Vending,2027-02-28,25 WALSH RD,PITTSBURGH,PA,-80.07095,40.4397,MUGSHOTS,25 WALSH RD,15205,25 WALSH RD|15205,MUGSHOTS|25 WALSH RD|15205,25 WALSH RD,2d25d2f77d,False,True,PITTSBURGH,data.pa.gov,42003465600,False,True
ALLEGHENY,WALMART STORES EAST LP,WAL-MART #4644,15108-2532,USA,02**2053,Cigarette/OTP Retail,2027-02-28,7500 UNIVERSITY BLVD,MOON TOWNSHIP,PA,-80.22405,40.51612,WAL-MART #4644,7500 UNIVERSITY BLVD,15108,7500 UNIVERSITY BLVD|15108,WAL-MART #4644|7500 UNIVERSITY BLVD|15108,7500 UNIVERSITY BLVD,ab2da25389,True,False,MOON TOWNSHIP,data.pa.gov,42003451105,False,False
ALLEGHENY,GLASS GALLERY AND WELLNESS GIBSONIA,GLASS GONE WOW,15044-9675,USA,02**8478,OTP Retail,2027-02-28,5499 WILLIAM FLYNN HWY,GIBSONIA,PA,-79.94215,40.62526,GLASS GONE WOW,5499 WILLIAM FLYNN HWY,15044,5499 WILLIAM FLYNN HWY|15044,GLASS GONE WOW|5499 WILLIAM FLYNN HWY|15044,5499 WILLIAM FLYNN HWY,c66e134366,True,False,GIBSONIA,data.pa.gov,42003408002,False,False
ALLEGHENY,FAMILY DOLLAR STORES OF PA LLC,FAMILY DOLLAR #25518,15146,USA,02**4021,Cigarette/OTP Retail,2027-02-28,607 LINCOLN AVE,MONROEVILLE,PA,-79.80236,40.40242,FAMILY DOLLAR #25518,607 LINCOLN AVE,15146,607 LINCOLN AVE|15146,FAMILY DOLLAR #25518|607 LINCOLN AVE|15146,607 LINCOLN AVE,83711a6ab0,True,False,MONROEVILLE,data.pa.gov,42003521302,False,False
ALLEGHENY,AVEYAC INC,CARNEGIE BEER OUTLET,15106-2559,USA,02**0472,Cigarette Retail,2027-02-28,429 W MAIN ST,CARNEGIE,PA,-80.09305,40.40335,CARNEGIE BEER OUTLET,429 W MAIN ST,15106,429 W MAIN ST|15106,CARNEGIE BEER OUTLET|429 W MAIN ST|15106,429 W MAIN ST,bc6227899b,True,False,CARNEGIE,data.pa.gov,42003468800,False,False
ALLEGHENY,PITTSBURGH SMOKE SHOP BELLEVUE LLC,PITTSBURGH SMOKE SHOP,15202-3531,USA,02**4099,OTP Retail,2027-02-28,573 LINCOLN AVE,BELLEVUE,PA,-80.05794,40.49673,PITTSBURGH SMOKE SHOP,573 LINCOLN AVE,15202,573 LINCOLN AVE|15202,PITTSBURGH SMOKE SHOP|573 LINCOLN AVE|15202,573 LINCOLN AVE,25cc10a8d9,True,False,BELLEVUE,data.pa.gov,42003431500,False,False
ALLEGHENY,DHARMA GROUP LLC,SUNOCO,15045-1440,USA,02**4022,Cigarette Retail,2027-02-28,336 MONONGAHELA AVE,GLASSPORT,PA,-79.89279,40.32959,SUNOCO,336 MONONGAHELA AVE,15045,336 MONONGAHELA AVE|15045,SUNOCO|336 MONONGAHELA AVE|15045,336 MONONGAHELA AVE,7dc33c2f55,True,False,GLASSPORT,data.pa.gov,42003499400,False,False
ALLEGHENY,SHEETZ INC,SHEETZ INC 327,15146-4219,USA,70**7228,Cigarette/OTP Retail,2027-02-28,2100 MOSSIDE BLVD,MONROEVILLE,PA,-79.76854,40.3974,SHEETZ INC 327,2100 MOSSIDE BLVD,15146,2100 MOSSIDE BLVD|15146,SHEETZ INC 327|2100 MOSSIDE BLVD|15146,2100 MOSSIDE BLVD,7ddd123037,True,False,MONROEVILLE,data.pa.gov,42003521301,False,False
ALLEGHENY,SHEETZ INC,SHEETZ INC 253,15236,USA,70**7195,Cigarette/OTP Retail,2027-02-28,251 CURRY HOLLOW RD PLEASANT HILLS,PITTSBURGH,PA,-79.97109,40.33605,SHEETZ INC 253,251 CURRY HOLLOW RD PLEASANT HILLS,15236,251 CURRY HOLLOW RD PLEASANT HILLS|15236,SHEETZ INC 253|251 CURRY HOLLOW RD PLEASANT HILLS|15236,251 CURRY HOLLOW RD PLEASANT HILLS,9bd91ae698,True,False,PITTSBURGH,data.pa.gov,42003489002,False,True
ALLEGHENY,DEANS BEER LLC,DEANS BEER LLC,15227-4101,USA,02**5919,Cigarette/OTP Retail,2027-02-28,87 JOSEPH ST,PITTSBURGH,PA,-79.96519,40.38925,DEANS BEER LLC,87 JOSEPH ST,15227,87 JOSEPH ST|15227,DEANS BEER LLC|87 JOSEPH ST|15227,87 JOSEPH ST,5d0850beb2,True,False,PITTSBURGH,data.pa.gov,42003480300,False,True
ALLEGHENY,LINCOLN MINI MART INC,LINCOLN MINI MART,15206-1990,USA,02**6908,Cigarette/OTP Retail,2027-02-28,1403 LINCOLN AVE,PITTSBURGH,PA,-79.89685,40.46801,LINCOLN MINI MART,1403 LINCOLN AVE,15206,1403 LINCOLN AVE|15206,LINCOLN MINI MART|1403 LINCOLN AVE|15206,1403 LINCOLN AVE,e16b2e022d,True,False,PITTSBURGH,data.pa.gov,42003120300,True,True
ALLEGHENY,GAHLAWAT ENTERPRISE INC,7-ELEVEN STORE 2701-36192A,15236-3812,USA,02**6011,Cigarette Retail,2027-02-28,650 CLAIRTON BLVD,PITTSBURGH,PA,-79.94562,40.32887,7-ELEVEN STORE 2701-36192A,650 CLAIRTON BLVD,15236,650 CLAIRTON BLVD|15236,7-ELEVEN STORE 2701-36192A|650 CLAIRTON BLVD|15236,650 CLAIRTON BLVD,c3f1f6fa41,True,False,PITTSBURGH,data.pa.gov,42003489001,False,True
ALLEGHENY,NIKITUK JACOB W,CARRIAGE INN,15037-1921,USA,02**5008,Cigarette Vending,2027-02-28,1601 LOVEDALE RD,ELIZABETH,PA,-79.84382,40.28476,CARRIAGE INN,1601 LOVEDALE RD,15037,1601 LOVEDALE RD|15037,CARRIAGE INN|1601 LOVEDALE RD|15037,1601 LOVEDALE RD,67471e4e78,False,True,ELIZABETH,data.pa.gov,42003496101,False,False
ALLEGHENY,VBD VENDING LLC,EON BAR AND GRILL,15120-1578,USA,02**2021,OTP Vending,2027-02-28,106 E 8TH AVE,HOMESTEAD,PA,-79.91198,40.40618,EON BAR AND GRILL,106 E 8TH AVE,15120,106 E 8TH AVE|15120,EON BAR AND GRILL|106 E 8TH AVE|15120,106 E 8TH AVE,12976c7fb8,False,True,HOMESTEAD,data.pa.gov,42003483800,False,False
ALLEGHENY,GIANT EAGLE INC,GIANT EAGLE 37,15056,USA,70**3045,Cigarette/OTP Retail,2027-02-28,QUAKER VILLAGE S/C,LEETSDALE,PA,,,GIANT EAGLE 37,QUAKER VILLAGE S/C,15056,QUAKER VILLAGE S/C|15056,GIANT EAGLE 37|QUAKER VILLAGE S/C|15056,QUAKER VILLAGE S/C,f77ab5d03c,True,False,LEETSDALE,census_geocoder,,False,False
ALLEGHENY,ACME VENDING INC,BLAWNOX ATHLETIC CLUB,15238-3413,USA,02**7734,Cigarette Vending,2027-02-28,364 PINE ST,BLAWNOX,PA,-79.86013,40.49383,BLAWNOX ATHLETIC CLUB,364 PINE ST,15238,364 PINE ST|15238,BLAWNOX ATHLETIC CLUB|364 PINE ST|15238,364 PINE ST,b8f7d290c0,False,True,BLAWNOX,data.pa.gov,42003420000,False,False
ALLEGHENY,MIRAMAR BRANDS PENNSYLVANIA INC.,7-ELEVEN STORE #36138,15237-4986,USA,02**1844,Cigarette/OTP Retail,2027-02-28,740 W INGOMAR RD,PITTSBURGH,PA,-80.05615,40.58174,7-ELEVEN STORE #36138,740 W INGOMAR RD,15237,740 W INGOMAR RD|15237,7-ELEVEN STORE #36138|740 W INGOMAR RD|15237,740 W INGOMAR RD,6151a6da53,True,False,PITTSBURGH,data.pa.gov,42003413202,False,True
ALLEGHENY,MONROEVILLE TOBACCO AND VAPE OUTLET LLC,MONROEVILLE TOBACCO AND VAPE OUTLET,15146-2504,USA,02**0095,Cigarette/OTP Retail,2027-02-28,4063 WILLIAM PENN HWY,MONROEVILLE,PA,-79.76992,40.44011,MONROEVILLE TOBACCO AND VAPE OUTLET,4063 WILLIAM PENN HWY,15146,4063 WILLIAM PENN HWY|15146,MONROEVILLE TOBACCO AND VAPE OUTLET|4063 WILLIAM PENN HWY|15146,4063 WILLIAM PENN HWY,402a5b28e5,True,False,MONROEVILLE,data.pa.gov,42003521200,False,False
ALLEGHENY,AK & AK UNITED INC,AK & AK UNITED INC,15219-5543,USA,02**2527,Cigarette/OTP Retail,2027-02-28,1901 5TH AVE,PITTSBURGH,PA,-79.97927,40.43831,AK & AK UNITED INC,1901 5TH AVE,15219,1901 5TH AVE|15219,AK & AK UNITED INC|1901 5TH AVE|15219,1901 5TH AVE,9705468464,True,False,PITTSBURGH,data.pa.gov,42003030500,True,True
ALLEGHENY,RIMAL BROTHERS LLC,RIMAL BROTHERS LLC,15227-2608,USA,02**2100,Cigarette/OTP Retail,2027-02-28,4002 SAW MILL RUN BLVD,PITTSBURGH,PA,-79.98338,40.36896,RIMAL BROTHERS LLC,4002 SAW MILL RUN BLVD,15227,4002 SAW MILL RUN BLVD|15227,RIMAL BROTHERS LLC|4002 SAW MILL RUN BLVD|15227,4002 SAW MILL RUN BLVD,9b61be42a7,True,False,PITTSBURGH,data.pa.gov,42003478100,False,True
ALLEGHENY,KEYSTONE R & M LLC,KEYSTONE VAPORS,15224-1831,USA,02**1369,OTP Retail,2027-02-28,4526 LIBERTY AVE,PITTSBURGH,PA,-79.95096,40.46269,KEYSTONE VAPORS,4526 LIBERTY AVE,15224,4526 LIBERTY AVE|15224,KEYSTONE VAPORS|4526 LIBERTY AVE|15224,4526 LIBERTY AVE,2f4028ffa0,True,False,PITTSBURGH,data.pa.gov,42003090300,True,True
ALLEGHENY,DOLGENCORP LLC,DOLLAR GENERAL STORE #7878,15235-3039,USA,02**6267,Cigarette/OTP Retail,2027-02-28,10730 FRANKSTOWN RD,PENN HILLS,PA,-79.84067,40.46152,DOLLAR GENERAL STORE #7878,10730 FRANKSTOWN RD,15235,10730 FRANKSTOWN RD|15235,DOLLAR GENERAL STORE #7878|10730 FRANKSTOWN RD|15235,10730 FRANKSTOWN RD,9c2f8567d7,True,False,PENN HILLS,data.pa.gov,42003523400,False,False
ALLEGHENY,WALGREEN EASTERN CO INC,WALGREENS # 09950,15106,USA,70**9080,Cigarette/OTP Retail,2027-02-28,2055 WASHINGTON PIKE,CARNEGIE,PA,-80.09124,40.38832,WALGREENS # 09950,2055 WASHINGTON PIKE,15106,2055 WASHINGTON PIKE|15106,WALGREENS # 09950|2055 WASHINGTON PIKE|15106,2055 WASHINGTON PIKE,735897bd2f,True,False,CARNEGIE,data.pa.gov,42003471000,False,False
ALLEGHENY,GETGO OPERATING LLC,GETGO #3205,15106-2752,USA,02**1698,Cigarette/OTP Retail,2027-02-28,350 E MAIN ST,CARNEGIE,PA,-80.08277,40.40976,GETGO #3205,350 E MAIN ST,15106,350 E MAIN ST|15106,GETGO #3205|350 E MAIN ST|15106,350 E MAIN ST,cbc9145e29,True,False,CARNEGIE,data.pa.gov,42003468700,False,False
ALLEGHENY,BUSCH KEARN CORPORATION,PUFF DISCOUNT TOBACCO #3,15045-1624,USA,02**7309,Cigarette/OTP Retail,2027-02-28,741 MONONGAHELA AVE,GLASSPORT,PA,-79.89244,40.32281,PUFF DISCOUNT TOBACCO #3,741 MONONGAHELA AVE,15045,741 MONONGAHELA AVE|15045,PUFF DISCOUNT TOBACCO #3|741 MONONGAHELA AVE|15045,741 MONONGAHELA AVE,bef54c256d,True,False,GLASSPORT,data.pa.gov,42003499400,False,False
ALLEGHENY,AMUSEMENT SUPPLY & VENDING INC,KOSCIVSZKO POLISH CLUB,15065-2631,USA,02**7947,Cigarette Vending,2027-02-28,103 RIVER AVE,NATRONA HEIGHTS,PA,-79.72205,40.61049,KOSCIVSZKO POLISH CLUB,103 RIVER AVE,15065,103 RIVER AVE|15065,KOSCIVSZKO POLISH CLUB|103 RIVER AVE|15065,103 RIVER AVE,5853a631d9,False,True,NATRONA HEIGHTS,data.pa.gov,42003401200,False,False
ALLEGHENY,PETERS JOSEPH C,CENTER CLUB,15239-1928,USA,65**7908,Cigarette Vending,2027-02-28,528 THOMAS ST,PITTSBURGH,PA,-79.75445,40.47608,CENTER CLUB,528 THOMAS ST,15239,528 THOMAS ST|15239,CENTER CLUB|528 THOMAS ST|15239,528 THOMAS ST,aabbcee84b,False,True,PITTSBURGH,data.pa.gov,42003526202,False,True
ALLEGHENY,YB AND BY LLC,YB AND BY LLC DBA BOBS BEER DISTRIBUTOR,15236-4313,USA,02**0503,Cigarette Retail,2027-02-28,616 OLD CLAIRTON RD,PITTSBURGH,PA,-79.95729,40.32494,YB AND BY LLC DBA BOBS BEER DISTRIBUTOR,616 OLD CLAIRTON RD,15236,616 OLD CLAIRTON RD|15236,YB AND BY LLC DBA BOBS BEER DISTRIBUTOR|616 OLD CLAIRTON RD|15236,616 OLD CLAIRTON RD,8a9186672b,True,False,PITTSBURGH,data.pa.gov,42003489002,False,True
ALLEGHENY,BREW THRU INC,BREW THRU INC,15221-4818,USA,02**4879,Cigarette/OTP Retail,2027-02-28,272 YOST BLVD,PITTSBURGH,PA,-79.85569,40.41391,BREW THRU INC,272 YOST BLVD,15221,272 YOST BLVD|15221,BREW THRU INC|272 YOST BLVD|15221,272 YOST BLVD,145ccb643f,True,False,PITTSBURGH,data.pa.gov,42003517000,False,True
ALLEGHENY,GLASS GALLERY AND WELLNESS MCKNIGHT,GLASS GONE WOW,15090-9292,USA,02**6416,OTP Retail,2027-02-28,10441 PERRY HWY STE 4,WEXFORD,PA,-80.05233,40.60687,GLASS GONE WOW,10441 PERRY HWY STE 4,15090,10441 PERRY HWY STE 4|15090,GLASS GONE WOW|10441 PERRY HWY STE 4|15090,10441 PERRY HWY,19b27fe8f6,True,False,WEXFORD,data.pa.gov,42003413100,False,False
ALLEGHENY,BEVERAGES AND BEYOND DISTRIBUTERS,PITTSBURGH,15212-5202,USA,02**4007,Cigarette/OTP Retail,2027-02-28,810 ARCH ST,PITTSBURGH,PA,-80.00857,40.45318,PITTSBURGH,810 ARCH ST,15212,810 ARCH ST|15212,PITTSBURGH|810 ARCH ST|15212,810 ARCH ST,b3896d7c3d,True,False,PITTSBURGH,data.pa.gov,42003562700,True,True
ALLEGHENY,KAFLE LAXMI P,7-ELEVEN STORE 2701-36121B,15145-1665,USA,02**8363,Cigarette Retail,2027-02-28,423 JAMES ST,TURTLE CREEK,PA,-79.8188,40.40871,7-ELEVEN STORE 2701-36121B,423 JAMES ST,15145,423 JAMES ST|15145,7-ELEVEN STORE 2701-36121B|423 JAMES ST|15145,423 JAMES ST,8b942d7e38,True,False,TURTLE CREEK,data.pa.gov,42003509400,False,False
ALLEGHENY,JAY SHAKTI LLC,UNI-MART,15139-1401,USA,02**0012,Cigarette/OTP Retail,2027-02-28,830 ALLEGHENY RIVER BLVD,OAKMONT,PA,-79.84102,40.5247,UNI-MART,830 ALLEGHENY RIVER BLVD,15139,830 ALLEGHENY RIVER BLVD|15139,UNI-MART|830 ALLEGHENY RIVER BLVD|15139,830 ALLEGHENY RIVER BLVD,7e25922748,True,False,OAKMONT,data.pa.gov,42003525300,False,False
ALLEGHENY,MIDNIGHT MARKET VENDING LLC,BROADSTREET BISTRO,15137-2101,USA,02**4832,OTP Vending,2027-02-28,1025 BROAD ST,NORTH VERSAILLES,PA,-79.79755,40.37423,BROADSTREET BISTRO,1025 BROAD ST,15137,1025 BROAD ST|15137,BROADSTREET BISTRO|1025 BROAD ST|15137,1025 BROAD ST,414d62df80,False,True,NORTH VERSAILLES,data.pa.gov,42003564400,False,False
ALLEGHENY,GLASS ZONE LLC,GLASS ZONE LLC,15203-1509,USA,02**6230,Cigarette/OTP Retail,2027-02-28,1321 E CARSON ST,PITTSBURGH,PA,-79.98434,40.42883,GLASS ZONE LLC,1321 E CARSON ST,15203,1321 E CARSON ST|15203,GLASS ZONE LLC|1321 E CARSON ST|15203,1321 E CARSON ST,96c1a22a35,True,False,PITTSBURGH,data.pa.gov,42003170200,True,True
ALLEGHENY,51 INTERNATIONAL MARKET LLC,51 INTERNATIONAL MARKET,15227-2716,USA,02**0538,Cigarette/OTP Retail,2027-02-28,3330 SAW MILL RUN BLVD,PITTSBURGH,PA,-79.98281,40.37451,51 INTERNATIONAL MARKET,3330 SAW MILL RUN BLVD,15227,3330 SAW MILL RUN BLVD|15227,51 INTERNATIONAL MARKET|3330 SAW MILL RUN BLVD|15227,3330 SAW MILL RUN BLVD,3e69defba8,True,False,PITTSBURGH,data.pa.gov,42003478100,False,True
ALLEGHENY,PAR MAR OIL COMPANY,PAR MAR STORES 60,15084-3454,USA,02**1012,Cigarette/OTP Retail,2027-02-28,7208 STATE ROUTE 908,TARENTUM,PA,-79.78204,40.6588,PAR MAR STORES 60,7208 STATE ROUTE 908,15084,7208 STATE ROUTE 908|15084,PAR MAR STORES 60|7208 STATE ROUTE 908|15084,7208 STATE ROUTE 908,f5794ee7d3,True,False,TARENTUM,data.pa.gov,42003406000,False,False
ALLEGHENY,SUNSHINE QUICKPICKS LLC,SUNSHINE QUICKPICKS LLC,15212-5619,USA,02**3705,Cigarette/OTP Retail,2027-02-28,605 E OHIO ST,PITTSBURGH,PA,-79.99896,40.45381,SUNSHINE QUICKPICKS LLC,605 E OHIO ST,15212,605 E OHIO ST|15212,SUNSHINE QUICKPICKS LLC|605 E OHIO ST|15212,605 E OHIO ST,24ac33171b,True,False,PITTSBURGH,data.pa.gov,42003563202,True,True
ALLEGHENY,SCHULERS SERVICE CENTER INC,SCHULERS SERVICE CENTER INC,15220-4813,USA,02**7546,Cigarette Retail,2027-02-28,293 CORLISS ST,PITTSBURGH,PA,-80.04482,40.45016,SCHULERS SERVICE CENTER INC,293 CORLISS ST,15220,293 CORLISS ST|15220,SCHULERS SERVICE CENTER INC|293 CORLISS ST|15220,293 CORLISS ST,059db73fe4,True,False,PITTSBURGH,data.pa.gov,42003562600,True,True
ALLEGHENY,VBD VENDING LLC,TWELVE WHISKEY BBQ,15203,USA,02**0015,OTP Vending,2027-02-28,1222 E CARSON STREET,PITTSBURGH,PA,-79.98549,40.42879,TWELVE WHISKEY BBQ,1222 E CARSON STREET,15203,1222 E CARSON STREET|15203,TWELVE WHISKEY BBQ|1222 E CARSON STREET|15203,1222 E CARSON ST,275e73934e,False,True,PITTSBURGH,data.pa.gov,42003170200,True,True
ALLEGHENY,GIANT EAGLE INC,GIANT EAGLE EXPRESS # 5103,15238-1411,USA,70**3199,Cigarette/OTP Retail,2027-02-28,2611 FREEPORT RD,PITTSBURGH,PA,-79.83877,40.53767,GIANT EAGLE EXPRESS # 5103,2611 FREEPORT RD,15238,2611 FREEPORT RD|15238,GIANT EAGLE EXPRESS # 5103|2611 FREEPORT RD|15238,2611 FREEPORT RD,c9849ee283,True,False,PITTSBURGH,data.pa.gov,42003419000,False,True
ALLEGHENY,UNIMART CONVENIENCE STORE INC,UNIMART CONVENIENCE STORE INC,15236-4313,USA,02**3784,Cigarette/OTP Retail,2027-02-28,612 OLD CLAIRTON RD,PITTSBURGH,PA,-79.95736,40.32512,UNIMART CONVENIENCE STORE INC,612 OLD CLAIRTON RD,15236,612 OLD CLAIRTON RD|15236,UNIMART CONVENIENCE STORE INC|612 OLD CLAIRTON RD|15236,612 OLD CLAIRTON RD,484a274354,True,False,PITTSBURGH,data.pa.gov,42003489002,False,True
ALLEGHENY,SAIRAM2 INC,SAIRAM2 INC,15237-5351,USA,02**2150,Cigarette/OTP Retail,2027-02-28,8607 PERRY HWY,PITTSBURGH,PA,-80.03945,40.56171,SAIRAM2 INC,8607 PERRY HWY,15237,8607 PERRY HWY|15237,SAIRAM2 INC|8607 PERRY HWY|15237,8607 PERRY HWY,2e995dce3e,True,False,PITTSBURGH,data.pa.gov,42003413201,False,True
ALLEGHENY,BELMONT AMUSEMENT COMPANY INC,P-TOWN,15213-1323,USA,02**7694,Cigarette Vending,2027-02-28,4740 BAUM BLVD APT 19,PITTSBURGH,PA,-79.9489,40.454,P-TOWN,4740 BAUM BLVD APT 19,15213,4740 BAUM BLVD APT 19|15213,P-TOWN|4740 BAUM BLVD APT 19|15213,4740 BAUM BLVD,b20e699c4f,False,True,PITTSBURGH,data.pa.gov,42003080400,True,True
ALLEGHENY,GRAB N GO LLC,GRAB N GO STORE,15102-3148,USA,02**1325,Cigarette/OTP Retail,2027-02-28,1010 CLIFTON RD,BETHEL PARK,PA,-80.04581,40.29774,GRAB N GO STORE,1010 CLIFTON RD,15102,1010 CLIFTON RD|15102,GRAB N GO STORE|1010 CLIFTON RD|15102,1010 CLIFTON RD,f128a1e68a,True,False,BETHEL PARK,data.pa.gov,42003475304,False,False
ALLEGHENY,PITT XPRESS INC,PITT XPRESS INC,15108-1528,USA,02**0990,Cigarette/OTP Retail,2027-02-28,852 5TH AVE,CORAOPOLIS,PA,-80.16693,40.51845,PITT XPRESS INC,852 5TH AVE,15108,852 5TH AVE|15108,PITT XPRESS INC|852 5TH AVE|15108,852 5TH AVE,40f0c22486,True,False,CORAOPOLIS,data.pa.gov,42003450800,False,False
ALLEGHENY,SPEEDWAY LLC,SPEEDWAY #2911,15131-2035,USA,02**8911,Cigarette/OTP Retail,2027-02-28,1200 LONG RUN RD,WHITE OAK,PA,-79.81271,40.33315,SPEEDWAY #2911,1200 LONG RUN RD,15131,1200 LONG RUN RD|15131,SPEEDWAY #2911|1200 LONG RUN RD|15131,1200 LONG RUN RD,f7e3ef8dc1,True,False,WHITE OAK,data.pa.gov,42003564200,False,False
ALLEGHENY,NEELKANTH ANSH ENTERPRISE INC.,7-ELEVEN STORE 2701-36183A,15143-1146,USA,02**0001,Cigarette/OTP Retail,2027-02-28,209 OHIO RIVER BLVD,SEWICKLEY,PA,-80.19462,40.5454,7-ELEVEN STORE 2701-36183A,209 OHIO RIVER BLVD,15143,209 OHIO RIVER BLVD|15143,7-ELEVEN STORE 2701-36183A|209 OHIO RIVER BLVD|15143,209 OHIO RIVER BLVD,23d932b0ca,True,False,SEWICKLEY,data.pa.gov,42003446000,False,False
ALLEGHENY,WOLF-FARMS HOLDINGS LLC,WHITE RABBIT,15108-1552,USA,02**3001,OTP Retail,2027-02-28,847 5TH AVE,CORAOPOLIS,PA,-80.16828,40.51901,WHITE RABBIT,847 5TH AVE,15108,847 5TH AVE|15108,WHITE RABBIT|847 5TH AVE|15108,847 5TH AVE,c1ad9a6183,True,False,CORAOPOLIS,data.pa.gov,42003450800,False,False
ALLEGHENY,BIG DOG VENDING INC,RUM MONKEYS,15025-5325,USA,02**7778,Cigarette Vending,2027-02-28,1617 STATE ST,JEFFERSON HILLS,PA,-79.91701,40.25945,RUM MONKEYS,1617 STATE ST,15025,1617 STATE ST|15025,RUM MONKEYS|1617 STATE ST|15025,1617 STATE ST,bd007c80cc,False,True,JEFFERSON HILLS,data.pa.gov,42003564500,False,False
ALLEGHENY,PATTON MICHAEL P,GATEWAY,15044-9553,USA,02**5102,Cigarette Vending,2027-02-28,5641 WILLIAM FLYNN HWY,GIBSONIA,PA,-79.9383,40.63919,GATEWAY,5641 WILLIAM FLYNN HWY,15044,5641 WILLIAM FLYNN HWY|15044,GATEWAY|5641 WILLIAM FLYNN HWY|15044,5641 WILLIAM FLYNN HWY,eb4172873a,False,True,GIBSONIA,data.pa.gov,42003408001,False,False
ALLEGHENY,GIANT EAGLE INC,GIANT EAGLE #47,15205-1421,USA,70**3214,Cigarette/OTP Retail,2027-02-28,100 SETTLERS RIDGE CENTER DR,PITTSBURGH,PA,-80.15226,40.44165,GIANT EAGLE #47,100 SETTLERS RIDGE CENTER DR,15205,100 SETTLERS RIDGE CENTER DR|15205,GIANT EAGLE #47|100 SETTLERS RIDGE CENTER DR|15205,100 SETTLERS RIDGE CENTER DR,2b79640692,True,False,PITTSBURGH,data.pa.gov,42003459201,False,True
ALLEGHENY,H & R BROTHERS 2 LLC,SIX PACK TO GO,15232-1739,USA,02**1869,Cigarette/OTP Retail,2027-02-28,5857 ELLSWORTH AVE,PITTSBURGH,PA,-79.92927,40.4575,SIX PACK TO GO,5857 ELLSWORTH AVE,15232,5857 ELLSWORTH AVE|15232,SIX PACK TO GO|5857 ELLSWORTH AVE|15232,5857 ELLSWORTH AVE,a3415ba2cf,True,False,PITTSBURGH,data.pa.gov,42003070500,True,True
ALLEGHENY,7-ELEVEN INC,SUNOCO #40233H,16046-9404,USA,10**5201,Cigarette/OTP Retail,2027-02-28,19090 PERRY HWY,MARS,PA,-80.09831,40.67387,SUNOCO #40233H,19090 PERRY HWY,16046,19090 PERRY HWY|16046,SUNOCO #40233H|19090 PERRY HWY|16046,19090 PERRY HWY,b6d91ab7c1,True,False,MARS,data.pa.gov,42003411001,False,False
ALLEGHENY,GURBANI LLC,GURBANI LLC,15209-2349,USA,02**5540,Cigarette/OTP Retail,2027-02-28,544 NORTH AVE APT 1,MILLVALE,PA,-79.97303,40.485,GURBANI LLC,544 NORTH AVE APT 1,15209,544 NORTH AVE APT 1|15209,GURBANI LLC|544 NORTH AVE APT 1|15209,544 N AVE,fff181ead5,True,False,MILLVALE,data.pa.gov,42003427000,False,False
ALLEGHENY,SHUBHSWARA INC.,SUNOCO BLAWNOX,15238-2710,USA,02**4856,OTP Retail,2027-02-28,806 FREEPORT RD,BLAWNOX,PA,-79.85346,40.49902,SUNOCO BLAWNOX,806 FREEPORT RD,15238,806 FREEPORT RD|15238,SUNOCO BLAWNOX|806 FREEPORT RD|15238,806 FREEPORT RD,8aa399652f,True,False,BLAWNOX,data.pa.gov,42003421100,False,False
ALLEGHENY,BEER & CHEERS LLC,BEERS & CHEERS LLC,15201-3009,USA,02**8691,Cigarette/OTP Retail,2027-02-28,4327 BUTLER ST,PITTSBURGH,PA,-79.95983,40.47139,BEERS & CHEERS LLC,4327 BUTLER ST,15201,4327 BUTLER ST|15201,BEERS & CHEERS LLC|4327 BUTLER ST|15201,4327 BUTLER ST,a83749215f,True,False,PITTSBURGH,data.pa.gov,42003090200,True,True
ALLEGHENY,DOLGENCORP LLC,DOLLAR GENERAL STORE #31200,15207-1623,USA,02**2101,Cigarette/OTP Retail,2027-02-28,4934 2ND AVE,PITTSBURGH,PA,-79.94418,40.40881,DOLLAR GENERAL STORE #31200,4934 2ND AVE,15207,4934 2ND AVE|15207,DOLLAR GENERAL STORE #31200|4934 2ND AVE|15207,4934 2ND AVE,b17be83909,True,False,PITTSBURGH,data.pa.gov,42003562300,True,True
ALLEGHENY,GETGO OPERATING LLC,GETGO #3060,15146-2506,USA,02**1630,Cigarette/OTP Retail,2027-02-28,4000 MONROEVILLE BLVD,MONROEVILLE,PA,-79.7726,40.43544,GETGO #3060,4000 MONROEVILLE BLVD,15146,4000 MONROEVILLE BLVD|15146,GETGO #3060|4000 MONROEVILLE BLVD|15146,4000 MONROEVILLE BLVD,10a5f1502b,True,False,MONROEVILLE,data.pa.gov,42003521302,False,False
ALLEGHENY,DOLGENCORP LLC,DOLGENCORP LLC 14967,15132-2514,USA,02**8422,Cigarette/OTP Retail,2027-02-28,740 LYSLE BLVD DOLGENCORP LLC 14967,MCKEESPORT,PA,-79.85714,40.35199,DOLGENCORP LLC 14967,740 LYSLE BLVD DOLGENCORP LLC 14967,15132,740 LYSLE BLVD DOLGENCORP LLC 14967|15132,DOLGENCORP LLC 14967|740 LYSLE BLVD DOLGENCORP LLC 14967|15132,740 LYSLE BLVD DOLGENCORP LLC 14967,64a6b164c9,True,False,MCKEESPORT,data.pa.gov,42003551900,False,False
ALLEGHENY,ALLEGHENY RIVER UNITED CORPORATION,VERONA SHELL,15147-1853,USA,02**8521,Cigarette/OTP Retail,2027-02-28,4901 ALLEGHENY RIVER BLVD,VERONA,PA,-79.85642,40.48517,VERONA SHELL,4901 ALLEGHENY RIVER BLVD,15147,4901 ALLEGHENY RIVER BLVD|15147,VERONA SHELL|4901 ALLEGHENY RIVER BLVD|15147,4901 ALLEGHENY RIVER BLVD,5dce27b0a4,True,False,VERONA,data.pa.gov,42003523800,False,False
ALLEGHENY,SHEETZ INC,SHEETZ #679,15017-2850,USA,02**1977,Cigarette/OTP Retail,2027-02-28,1297 WASHINGTON PIKE,BRIDGEVILLE,PA,-80.09816,40.37567,SHEETZ #679,1297 WASHINGTON PIKE,15017,1297 WASHINGTON PIKE|15017,SHEETZ #679|1297 WASHINGTON PIKE|15017,1297 WASHINGTON PIKE,59c67adab9,True,False,BRIDGEVILLE,data.pa.gov,42003458001,False,False
ALLEGHENY,ARLINGTON MARTLLC,ARLINGTON MART LLC,15210-1924,USA,02**4803,Cigarette Retail,2027-02-28,2208 ARLINGTON AVE,PITTSBURGH,PA,-79.97553,40.41718,ARLINGTON MART LLC,2208 ARLINGTON AVE,15210,2208 ARLINGTON AVE|15210,ARLINGTON MART LLC|2208 ARLINGTON AVE|15210,2208 ARLINGTON AVE,5f0e2359b4,True,False,PITTSBURGH,data.pa.gov,42003161000,True,True
ALLEGHENY,ACME VENDING INC,LOUS LITTLE CORNER BAR,15224-2109,USA,02**7734,Cigarette Vending,2027-02-28,4924 LIBERTY AVE,PITTSBURGH,PA,-79.94501,40.45951,LOUS LITTLE CORNER BAR,4924 LIBERTY AVE,15224,4924 LIBERTY AVE|15224,LOUS LITTLE CORNER BAR|4924 LIBERTY AVE|15224,4924 LIBERTY AVE,c7776e2113,False,True,PITTSBURGH,data.pa.gov,42003080900,True,True
ALLEGHENY,HOLDINGS ACQUISITION CO LP RIVERS CASINO,RIVERS CASINO,15212-5840,USA,02**9990,Cigarette Retail,2027-02-28,777 CASINO DR,PITTSBURGH,PA,-80.023738,40.447822,RIVERS CASINO,777 CASINO DR,15212,777 CASINO DR|15212,RIVERS CASINO|777 CASINO DR|15212,777 CASINO DR,6133020ffe,True,False,PITTSBURGH,data.pa.gov,42003980600,True,True
ALLEGHENY,GIANT EAGLE INC,GIANT EAGLE 38,15217-1607,USA,70**3013,Cigarette/OTP Retail,2027-02-28,1901 MURRAY AVE,PITTSBURGH,PA,-79.92248,40.43541,GIANT EAGLE 38,1901 MURRAY AVE,15217,1901 MURRAY AVE|15217,GIANT EAGLE 38|1901 MURRAY AVE|15217,1901 MURRAY AVE,5eb6bcd58c,True,False,PITTSBURGH,data.pa.gov,42003140800,True,True
ALLEGHENY,S & A SMOKE ANDVAPE LLC,S & A SMOKE AND VAPE LLC,15146,USA,02**6083,OTP Retail,2027-02-28,MONROEVILLE MALL 200 MALL CIRCLE DRIVE,MONROEVILLE,PA,-79.79581,40.42991,S & A SMOKE AND VAPE LLC,MONROEVILLE MALL 200 MALL CIRCLE DRIVE,15146,MONROEVILLE MALL 200 MALL CIRCLE DRIVE|15146,S & A SMOKE AND VAPE LLC|MONROEVILLE MALL 200 MALL CIRCLE DRIVE|15146,MONROEVILLE MALL 200 MALL CIRCLE DR,12a23f3e41,True,False,MONROEVILLE,data.pa.gov,42003521200,False,False
ALLEGHENY,POPEYES MINI MART LLC,POPEYES MINI MART,15084-2300,USA,02**3042,Cigarette/OTP Retail,2027-02-28,1510 SAXONBURG BLVD,TARENTUM,PA,-79.83906,40.65383,POPEYES MINI MART,1510 SAXONBURG BLVD,15084,1510 SAXONBURG BLVD|15084,POPEYES MINI MART|1510 SAXONBURG BLVD|15084,1510 SAXONBURG BLVD,9941c8d803,True,False,TARENTUM,data.pa.gov,42003407001,False,False
ALLEGHENY,ATHWAL PETROLEUM INC,ATHWAL PETROLEUM INC,15210-1722,USA,02**8556,Cigarette/OTP Retail,2027-02-28,1643 ARLINGTON AVE,PITTSBURGH,PA,-79.98691,40.4179,ATHWAL PETROLEUM INC,1643 ARLINGTON AVE,15210,1643 ARLINGTON AVE|15210,ATHWAL PETROLEUM INC|1643 ARLINGTON AVE|15210,1643 ARLINGTON AVE,224716a0fc,True,False,PITTSBURGH,data.pa.gov,42003170600,True,True
ALLEGHENY,SJ RETAIL SERVICES LLC,TIGER MART,15122-3654,USA,02**5455,OTP Retail,2027-02-28,5700 HOMEVILLE RD,WEST MIFFLIN,PA,-79.87147,40.36626,TIGER MART,5700 HOMEVILLE RD,15122,5700 HOMEVILLE RD|15122,TIGER MART|5700 HOMEVILLE RD|15122,5700 HOMEVILLE RD,9e45a7ff86,True,False,WEST MIFFLIN,data.pa.gov,42003488400,False,False
ALLEGHENY,WALMART STORES EAST LP,WAL MART STORE #5381,15102-2813,USA,70**8112,Cigarette/OTP Retail,2027-02-28,5055 LIBRARY RD STE 7,BETHEL PARK,PA,-80.02416,40.33908,WAL MART STORE #5381,5055 LIBRARY RD STE 7,15102,5055 LIBRARY RD STE 7|15102,WAL MART STORE #5381|5055 LIBRARY RD STE 7|15102,5055 LIBRARY RD,0fa7643958,True,False,BETHEL PARK,data.pa.gov,42003475401,False,False
ALLEGHENY,7-ELEVEN INC,A PLUS #40101H,15231,USA,02**5172,Cigarette/OTP Retail,2027-02-28,1201 AIRPORT BLVD,PITTSBURGH,PA,-80.26736,40.49411,A PLUS #40101H,1201 AIRPORT BLVD,15231,1201 AIRPORT BLVD|15231,A PLUS #40101H|1201 AIRPORT BLVD|15231,1201 AIRPORT BLVD,22485d8fd5,True,False,PITTSBURGH,data.pa.gov,42003452000,False,True
ALLEGHENY,BANKSVILLE BEER INC,BANKSVILLE BEER INC,15216-2719,USA,02**6412,Cigarette/OTP Retail,2027-02-28,3040 BANKSVILLE RD,PITTSBURGH,PA,-80.04349,40.40055,BANKSVILLE BEER INC,3040 BANKSVILLE RD,15216,3040 BANKSVILLE RD|15216,BANKSVILLE BEER INC|3040 BANKSVILLE RD|15216,3040 BANKSVILLE RD,0bc6cd0275,True,False,PITTSBURGH,data.pa.gov,42003202300,True,True
ALLEGHENY,GIANT EAGLE INC,GIANT EAGLE 63,15217,USA,70**3031,Cigarette/OTP Retail,2027-02-28,MURRAY AVE & LORETTA ST,PITTSBURGH,PA,-79.92887,40.42189,GIANT EAGLE 63,MURRAY AVE & LORETTA ST,15217,MURRAY AVE & LORETTA ST|15217,GIANT EAGLE 63|MURRAY AVE & LORETTA ST|15217,MURRAY AVE & LORETTA ST,a13c461146,True,False,PITTSBURGH,data.pa.gov,42003151700,True,True
ALLEGHENY,BROOKLYN 2 MARKET INC,BROOKLYN 2 MARKET INC,15221-1328,USA,02**4545,OTP Retail,2027-02-28,7926 FRANKSTOWN AVE,PITTSBURGH,PA,-79.88496,40.45528,BROOKLYN 2 MARKET INC,7926 FRANKSTOWN AVE,15221,7926 FRANKSTOWN AVE|15221,BROOKLYN 2 MARKET INC|7926 FRANKSTOWN AVE|15221,7926 FRANKSTOWN AVE,52a84c03f6,True,False,PITTSBURGH,data.pa.gov,42003130600,True,True
ALLEGHENY,RAILROAD STREET DINING VENTURE LLC,RAILROAD STREET DINING VENTURE LLC,15222-4624,USA,02**5031,OTP Retail,2027-02-28,2350 RAILROAD ST UNIT 1,PITTSBURGH,PA,-79.98268,40.45446,RAILROAD STREET DINING VENTURE LLC,2350 RAILROAD ST UNIT 1,15222,2350 RAILROAD ST UNIT 1|15222,RAILROAD STREET DINING VENTURE LLC|2350 RAILROAD ST UNIT 1|15222,2350 RAILROAD ST,ac6fedce50,True,False,PITTSBURGH,data.pa.gov,42003020300,True,True
ALLEGHENY,ZOES BEER LLC,ZOE S BEER LLC,15227-2610,USA,02**9722,Cigarette/OTP Retail,2027-02-28,4102 SAW MILL RUN BLVD,BRENTWOOD,PA,-79.98429,40.36736,ZOE S BEER LLC,4102 SAW MILL RUN BLVD,15227,4102 SAW MILL RUN BLVD|15227,ZOE S BEER LLC|4102 SAW MILL RUN BLVD|15227,4102 SAW MILL RUN BLVD,f9292dcf41,True,False,BRENTWOOD,data.pa.gov,42003478100,False,False
ALLEGHENY,SYED INC,BRADDOCK AV EXPRESS,15218-1250,USA,02**9536,Cigarette/OTP Retail,2027-02-28,1101 S BRADDOCK AVE,PITTSBURGH,PA,-79.89395,40.43272,BRADDOCK AV EXPRESS,1101 S BRADDOCK AVE,15218,1101 S BRADDOCK AVE|15218,BRADDOCK AV EXPRESS|1101 S BRADDOCK AVE|15218,1101 S BRADDOCK AVE,f8dec4356a,True,False,PITTSBURGH,data.pa.gov,42003516100,False,True
ALLEGHENY,NIKITUK JACOB W,NORWOOD INN,15136-2179,USA,02**5008,Cigarette Vending,2027-02-28,184 MCCOY RD,MC KEES ROCKS,PA,-80.07174,40.47495,NORWOOD INN,184 MCCOY RD,15136,184 MCCOY RD|15136,NORWOOD INN|184 MCCOY RD|15136,184 MCCOY RD,88c97d2410,False,True,MC KEES ROCKS,data.pa.gov,42003462600,False,False
ALLEGHENY,HARTMAN MUSIC INC,LEMON HEADS,15210,USA,02**7708,Cigarette Vending,2027-02-28,5317 BRIGHTWOOD ROAD,PITTSBURGH,PA,-80.0304,40.32736,LEMON HEADS,5317 BRIGHTWOOD ROAD,15210,5317 BRIGHTWOOD ROAD|15210,LEMON HEADS|5317 BRIGHTWOOD ROAD|15210,5317 BRIGHTWOOD RD,22ee66ec89,False,True,PITTSBURGH,data.pa.gov,42003475301,False,True
ALLEGHENY,CENTER INDEPENDENT OIL STORES LLC,CIO STORES LLC WESTVIEW #18,15229-3001,USA,02**1579,Cigarette/OTP Retail,2027-02-28,5340 PERRY HWY,PITTSBURGH,PA,-80.0312,40.51192,CIO STORES LLC WESTVIEW #18,5340 PERRY HWY,15229,5340 PERRY HWY|15229,CIO STORES LLC WESTVIEW #18|5340 PERRY HWY|15229,5340 PERRY HWY,d82c55d312,True,False,PITTSBURGH,data.pa.gov,42003429700,False,True
ALLEGHENY,SGK VENDING LLC,OWLS CLUB,15120-1037,USA,02**2477,Cigarette Vending,2027-02-28,524 W 7TH AVE,WEST HOMESTEAD,PA,-79.92056,40.40023,OWLS CLUB,524 W 7TH AVE,15120,524 W 7TH AVE|15120,OWLS CLUB|524 W 7TH AVE|15120,524 W 7TH AVE,ff292abb5a,False,True,WEST HOMESTEAD,data.pa.gov,42003482500,False,False
ALLEGHENY,GETGO OPERATING LLC,GETGO #3646,15205-2336,USA,02**1679,Cigarette/OTP Retail,2027-02-28,51 WALSH RD # 280CRAFTONINGRAMSHOPPINGCTR,PITTSBURGH,PA,-80.07166,40.44029,GETGO #3646,51 WALSH RD # 280CRAFTONINGRAMSHOPPINGCTR,15205,51 WALSH RD # 280CRAFTONINGRAMSHOPPINGCTR|15205,GETGO #3646|51 WALSH RD # 280CRAFTONINGRAMSHOPPINGCTR|15205,51 WALSH RD 280CRAFTONINGRAMSHOPPINGCTR,f87490518d,True,False,PITTSBURGH,data.pa.gov,42003465600,False,True
ALLEGHENY,LUV KUSH LLC,LUV KUSH,15131-2418,USA,02**1272,Cigarette/OTP Retail,2027-02-28,1985 LINCOLN WAY STE C,WHITE OAK,PA,-79.80826,40.33857,LUV KUSH,1985 LINCOLN WAY STE C,15131,1985 LINCOLN WAY STE C|15131,LUV KUSH|1985 LINCOLN WAY STE C|15131,1985 LINCOLN WAY,c8c2190e75,True,False,WHITE OAK,data.pa.gov,42003503002,False,False
ALLEGHENY,EXOTIC MOOD VAPE & CIGAR 4 LLC,EXOTIC MOOD VAPE & CIGAR 4 LLC,15108-2483,USA,02**0264,Cigarette/OTP Retail,2027-02-28,223 MOON CLINTON RD APT 11,CORAOPOLIS,PA,-80.22516,40.5129,EXOTIC MOOD VAPE & CIGAR 4 LLC,223 MOON CLINTON RD APT 11,15108,223 MOON CLINTON RD APT 11|15108,EXOTIC MOOD VAPE & CIGAR 4 LLC|223 MOON CLINTON RD APT 11|15108,223 MOON CLINTON RD,0364b209c0,True,False,CORAOPOLIS,data.pa.gov,42003451105,False,False
ALLEGHENY,LAXMI NARAYANA CORPORATION,LNC STORE #11,15227-3554,USA,02**8525,Cigarette Retail,2027-02-28,3767 BROWNSVILLE RD,PITTSBURGH,PA,-79.97516,40.3705,LNC STORE #11,3767 BROWNSVILLE RD,15227,3767 BROWNSVILLE RD|15227,LNC STORE #11|3767 BROWNSVILLE RD|15227,3767 BROWNSVILLE RD,aa3fbfed7d,True,False,PITTSBURGH,data.pa.gov,42003478200,False,True
ALLEGHENY,PETES BEER INC,PETES BEER INC,15210-2279,USA,02**2610,OTP Retail,2027-02-28,401 BROWNSVILLE RD,PITTSBURGH,PA,-79.98885,40.41322,PETES BEER INC,401 BROWNSVILLE RD,15210,401 BROWNSVILLE RD|15210,PETES BEER INC|401 BROWNSVILLE RD|15210,401 BROWNSVILLE RD,6cd143fd27,True,False,PITTSBURGH,data.pa.gov,42003481000,False,True
ALLEGHENY,BELMONT AMUSEMENT COMPANY INC,JOCKEY CLUB,15223-2213,USA,02**7694,Cigarette Vending,2027-02-28,1 ISABELLA ST,PITTSBURGH,PA,-79.94615,40.49399,JOCKEY CLUB,1 ISABELLA ST,15223,1 ISABELLA ST|15223,JOCKEY CLUB|1 ISABELLA ST|15223,1 ISABELLA ST,4880377d46,False,True,PITTSBURGH,data.pa.gov,42003425000,False,True
ALLEGHENY,ODD GROUP LLC,7-ELEVEN STORE #36143B,15222-3204,USA,02**0575,Cigarette/OTP Retail,2027-02-28,601 PENN AVE,PITTSBURGH,PA,-80.00207,40.44279,7-ELEVEN STORE #36143B,601 PENN AVE,15222,601 PENN AVE|15222,7-ELEVEN STORE #36143B|601 PENN AVE|15222,601 PENN AVE,c4cc794932,True,False,PITTSBURGH,data.pa.gov,42003020100,True,True
ALLEGHENY,GIBSONIA VAPE INC,GIBSONIA VAPE INC,15044-7107,USA,02**1840,Cigarette/OTP Retail,2027-02-28,500 GRANDVIEW CROSSING DR,GIBSONIA,PA,-79.93938,40.64285,GIBSONIA VAPE INC,500 GRANDVIEW CROSSING DR,15044,500 GRANDVIEW CROSSING DR|15044,GIBSONIA VAPE INC|500 GRANDVIEW CROSSING DR|15044,500 GRANDVIEW CROSSING DR,f7e76cc555,True,False,GIBSONIA,data.pa.gov,42003408001,False,False
ALLEGHENY,JMR VENDING LLC,PARK SOCIAL BAR,15210-4514,USA,02**5139,Cigarette Vending,2027-02-28,2525 BROWNSVILLE RD,PITTSBURGH,PA,-79.97981,40.38632,PARK SOCIAL BAR,2525 BROWNSVILLE RD,15210,2525 BROWNSVILLE RD|15210,PARK SOCIAL BAR|2525 BROWNSVILLE RD|15210,2525 BROWNSVILLE RD,f1a7943d37,False,True,PITTSBURGH,data.pa.gov,42003290400,True,True
ALLEGHENY,DONSTEKIM ENTERPRISES LLC,HAMPTON BEER OUTLET,15101-2457,USA,02**1342,Cigarette/OTP Retail,2027-02-28,4706 WILLIAM FLYNN HWY STE 1,ALLISON PARK,PA,-79.94728,40.59439,HAMPTON BEER OUTLET,4706 WILLIAM FLYNN HWY STE 1,15101,4706 WILLIAM FLYNN HWY STE 1|15101,HAMPTON BEER OUTLET|4706 WILLIAM FLYNN HWY STE 1|15101,4706 WILLIAM FLYNN HWY,7e80a4a2ca,True,False,ALLISON PARK,data.pa.gov,42003414101,False,False
ALLEGHENY,SHRI YAMUNA LLC,SHRI YAMUNA LLC,15071-9200,USA,02**1092,OTP Wholesaler,2027-02-28,1231 INTERNATIONAL DR,OAKDALE,PA,-80.23109,40.43453,SHRI YAMUNA LLC,1231 INTERNATIONAL DR,15071,1231 INTERNATIONAL DR|15071,SHRI YAMUNA LLC|1231 INTERNATIONAL DR|15071,1231 INTERNATIONAL DR,1e1813798a,False,True,OAKDALE,data.pa.gov,42003564000,False,False
ALLEGHENY,DAG HARRIS INC,LOUS BREWS,15131-2415,USA,02**3690,Cigarette/OTP Retail,2027-02-28,1985 LINCOLN WAY STE 19,WHITE OAK,PA,-79.80826,40.33857,LOUS BREWS,1985 LINCOLN WAY STE 19,15131,1985 LINCOLN WAY STE 19|15131,LOUS BREWS|1985 LINCOLN WAY STE 19|15131,1985 LINCOLN WAY,86e32ad5af,True,False,WHITE OAK,data.pa.gov,42003503002,False,False
ALLEGHENY,M MASKAS & SONS INC,M MASKAS & SONS INC,15084-1511,USA,02**7228,OTP Retail,2027-02-28,142 E 7TH AVE,TARENTUM,PA,-79.75594,40.60242,M MASKAS & SONS INC,142 E 7TH AVE,15084,142 E 7TH AVE|15084,M MASKAS & SONS INC|142 E 7TH AVE|15084,142 E 7TH AVE,32935c8b25,True,False,TARENTUM,data.pa.gov,42003403500,False,False
ALLEGHENY,FAMILY DOLLAR STORES OF PA LLC,FAMILY DOLLAR #31692,15212-2340,USA,02**4005,Cigarette/OTP Retail,2027-02-28,3210 BRIGHTON RD,PITTSBURGH,PA,-80.03094,40.47569,FAMILY DOLLAR #31692,3210 BRIGHTON RD,15212,3210 BRIGHTON RD|15212,FAMILY DOLLAR #31692|3210 BRIGHTON RD|15212,3210 BRIGHTON RD,ee3fa4cc08,True,False,PITTSBURGH,data.pa.gov,42003271600,True,True
ALLEGHENY,GAJANAN ENTERPRISE LLC,SMOKE CONNECTION,15217-1602,USA,02**5324,Cigarette Retail,2027-02-28,5804 FORBES AVE,PITTSBURGH,PA,-79.92256,40.43806,SMOKE CONNECTION,5804 FORBES AVE,15217,5804 FORBES AVE|15217,SMOKE CONNECTION|5804 FORBES AVE|15217,5804 FORBES AVE,7bb1dbfc47,True,False,PITTSBURGH,data.pa.gov,42003140300,True,True
ALLEGHENY,NIKITUK JACOB W,HARK'S PLACE,15003-2184,USA,02**5008,Cigarette Vending,2027-02-28,70 BEAVER ST,AMBRIDGE,PA,-80.22085,40.57965,HARK'S PLACE,70 BEAVER ST,15003,70 BEAVER ST|15003,HARK'S PLACE|70 BEAVER ST|15003,70 BEAVER ST,05ad0292bb,False,True,AMBRIDGE,data.pa.gov,,False,False
ALLEGHENY,JHA & THAKUR ENTERPRISE INC,JHA & THAKUR ENTERPRISE INC,15208-1407,USA,02**4799,Cigarette/OTP Retail,2027-02-28,7201 FRANKSTOWN AVE,PITTSBURGH,PA,-79.89615,40.45735,JHA & THAKUR ENTERPRISE INC,7201 FRANKSTOWN AVE,15208,7201 FRANKSTOWN AVE|15208,JHA & THAKUR ENTERPRISE INC|7201 FRANKSTOWN AVE|15208,7201 FRANKSTOWN AVE,1f751d85fb,True,False,PITTSBURGH,data.pa.gov,42003130800,True,True
ALLEGHENY,RIGHT MARKET ON PENN INC,RIGHT MARKET ON PENN,15221-2347,USA,02**9287,Cigarette/OTP Retail,2027-02-28,1028 PENN AVE,WILKINSBURG,PA,-79.87856,40.44135,RIGHT MARKET ON PENN,1028 PENN AVE,15221,1028 PENN AVE|15221,RIGHT MARKET ON PENN|1028 PENN AVE|15221,1028 PENN AVE,0c325bf272,True,False,WILKINSBURG,data.pa.gov,42003564700,False,False
ALLEGHENY,VBD VENDING LLC,BUTLER STREET DERBY,15216-2529,USA,02**4318,OTP Retail,2027-02-28,1209 WISCONSIN AVE,PITTSBURGH,PA,-80.0337,40.39148,BUTLER STREET DERBY,1209 WISCONSIN AVE,15216,1209 WISCONSIN AVE|15216,BUTLER STREET DERBY|1209 WISCONSIN AVE|15216,1209 WISCONSIN AVE,1388365c97,True,False,PITTSBURGH,data.pa.gov,42003472300,False,True
ALLEGHENY,GIANT EAGLE INC,GIANT EAGLE 14,15102-1863,USA,70**3075,Cigarette/OTP Retail,2027-02-28,7000 OXFORD DR,BETHEL PARK,PA,-80.04731,40.34678,GIANT EAGLE 14,7000 OXFORD DR,15102,7000 OXFORD DR|15102,GIANT EAGLE 14|7000 OXFORD DR|15102,7000 OXFORD DR,48dfad6ed9,True,False,BETHEL PARK,data.pa.gov,42003475101,False,False
ALLEGHENY,ABDALLA WASIL B,WASIL B ABDALLA,15212-3817,USA,02**0760,Cigarette Retail,2027-02-28,1815 N CHARLES ST,PITTSBURGH,PA,-80.01714,40.46016,WASIL B ABDALLA,1815 N CHARLES ST,15212,1815 N CHARLES ST|15212,WASIL B ABDALLA|1815 N CHARLES ST|15212,1815 N CHARLES ST,c5ccd37cf7,True,False,PITTSBURGH,data.pa.gov,42003261400,True,True
ALLEGHENY,HARTMAN MUSIC INC,BREWSKI'S,15203-1023,USA,02**7708,Cigarette Vending,2027-02-28,801 E CARSON ST,PITTSBURGH,PA,-79.99088,40.42865,BREWSKI'S,801 E CARSON ST,15203,801 E CARSON ST|15203,BREWSKI'S|801 E CARSON ST|15203,801 E CARSON ST,84bf2885cf,False,True,PITTSBURGH,data.pa.gov,42003170200,True,True
ALLEGHENY,HYDRO SC LLC,GOLDEN GOAT PENN AVE,15206-3924,USA,02**1107,Cigarette/OTP Retail,2027-02-28,6111 PENN AVE,PITTSBURGH,PA,-79.92329,40.4609,GOLDEN GOAT PENN AVE,6111 PENN AVE,15206,6111 PENN AVE|15206,GOLDEN GOAT PENN AVE|6111 PENN AVE|15206,6111 PENN AVE,e9f258302f,True,False,PITTSBURGH,data.pa.gov,42003111500,True,True
ALLEGHENY,BIG DOG VENDING INC,BIG DOG VENDING INC,15210-3647,USA,02**2157,Cigarette Wholesaler,2027-02-28,1042 BROWNSVILLE RD,PITTSBURGH,PA,-79.99104,40.40547,BIG DOG VENDING INC,1042 BROWNSVILLE RD,15210,1042 BROWNSVILLE RD|15210,BIG DOG VENDING INC|1042 BROWNSVILLE RD|15210,1042 BROWNSVILLE RD,01b91c222b,False,True,PITTSBURGH,data.pa.gov,42003290200,True,True
ALLEGHENY,MERVGATE INVESTMENT GROUP II LLC,CLAIRTON BEER,15025-2102,USA,02**6207,Cigarette Retail,2027-02-28,112 ELM STREET,CLAIRTON,PA,-79.89083,40.3088,CLAIRTON BEER,112 ELM STREET,15025,112 ELM STREET|15025,CLAIRTON BEER|112 ELM STREET|15025,112 ELM ST,e6f2155c5f,True,False,CLAIRTON,data.pa.gov,42003492700,False,False
ALLEGHENY,BELMONT AMUSEMENT COMPANY INC,BOOTLEGGERS,15213-4719,USA,02**7694,Cigarette Vending,2027-02-28,403 SEMPLE ST,PITTSBURGH,PA,-79.95482,40.43699,BOOTLEGGERS,403 SEMPLE ST,15213,403 SEMPLE ST|15213,BOOTLEGGERS|403 SEMPLE ST|15213,403 SEMPLE ST,e141529baa,False,True,PITTSBURGH,data.pa.gov,42003040600,True,True
ALLEGHENY,DOLGENCORP LLC,DOLLAR GENERAL STORE #8554,15236-4517,USA,02**6356,Cigarette/OTP Retail,2027-02-28,716 CLAIRTON BLVD,PITTSBURGH,PA,-79.94514,40.32619,DOLLAR GENERAL STORE #8554,716 CLAIRTON BLVD,15236,716 CLAIRTON BLVD|15236,DOLLAR GENERAL STORE #8554|716 CLAIRTON BLVD|15236,716 CLAIRTON BLVD,775332d37a,True,False,PITTSBURGH,data.pa.gov,42003489001,False,True
ALLEGHENY,GLENN DISTRIBUTING INC,BEER DISTRIBUTOR,15209-2300,USA,02**4031,Cigarette Retail,2027-02-28,315 NORTH AVE,MILLVALE,PA,-79.97391,40.48207,BEER DISTRIBUTOR,315 NORTH AVE,15209,315 NORTH AVE|15209,BEER DISTRIBUTOR|315 NORTH AVE|15209,315 N AVE,09713d3efc,True,False,MILLVALE,data.pa.gov,42003427000,False,False
ALLEGHENY,GETGO OPERATING LLC,GETGO #3013,15132-1128,USA,02**1610,Cigarette/OTP Retail,2027-02-28,2411 5TH AVE,MCKEESPORT,PA,-79.83545,40.35505,GETGO #3013,2411 5TH AVE,15132,2411 5TH AVE|15132,GETGO #3013|2411 5TH AVE|15132,2411 5TH AVE,ac105e49e5,True,False,MCKEESPORT,data.pa.gov,42003551900,False,False
ALLEGHENY,GETGO OPERATING LLC,GETGO #3108,15235-2919,USA,02**1641,Cigarette/OTP Retail,2027-02-28,10525 FRANKSTOWN RD,PITTSBURGH,PA,-79.84321,40.46024,GETGO #3108,10525 FRANKSTOWN RD,15235,10525 FRANKSTOWN RD|15235,GETGO #3108|10525 FRANKSTOWN RD|15235,10525 FRANKSTOWN RD,26eff0e0b6,True,False,PITTSBURGH,data.pa.gov,42003523200,False,True
ALLEGHENY,PARTY OF 5 LLC,BEER NUTZ,15147-1046,USA,02**7614,Cigarette Retail,2027-02-28,94 ALLEGHENY RIVER BLVD,VERONA,PA,-79.84475,40.49789,BEER NUTZ,94 ALLEGHENY RIVER BLVD,15147,94 ALLEGHENY RIVER BLVD|15147,BEER NUTZ|94 ALLEGHENY RIVER BLVD|15147,94 ALLEGHENY RIVER BLVD,c60a7f38d1,True,False,VERONA,data.pa.gov,42003524000,False,False
ALLEGHENY,KEYSTONE MINI MART INC,KEYSTONE MINI MART INC,15145-1974,USA,02**4564,Cigarette Retail,2027-02-28,932 PENN AVE,TURTLE CREEK,PA,-79.8246,40.40405,KEYSTONE MINI MART INC,932 PENN AVE,15145,932 PENN AVE|15145,KEYSTONE MINI MART INC|932 PENN AVE|15145,932 PENN AVE,698cfeccf2,True,False,TURTLE CREEK,data.pa.gov,42003509400,False,False
ALLEGHENY,ROBERT J & AMY E ADZEMA,ROBERT J ADZEMA,15237-5203,USA,02**0401,Cigarette/OTP Retail,2027-02-28,8105 PERRY HWY,PITTSBURGH,PA,-80.03878,40.5547,ROBERT J ADZEMA,8105 PERRY HWY,15237,8105 PERRY HWY|15237,ROBERT J ADZEMA|8105 PERRY HWY|15237,8105 PERRY HWY,2acbe53602,True,False,PITTSBURGH,data.pa.gov,42003413300,False,True
ALLEGHENY,CARSON CONVENIENCE LLC,CARSON CONVENIENCE,15203-2108,USA,02**2157,Cigarette/OTP Retail,2027-02-28,2200 E CARSON ST,PITTSBURGH,PA,-79.97445,40.42841,CARSON CONVENIENCE,2200 E CARSON ST,15203,2200 E CARSON ST|15203,CARSON CONVENIENCE|2200 E CARSON ST|15203,2200 E CARSON ST,896109c087,True,False,PITTSBURGH,data.pa.gov,42003160900,True,True
ALLEGHENY,ARTH ENERGY CORPORATION,BP-CARRICK,15210-4201,USA,02**5407,Cigarette/OTP Retail,2027-02-28,1927 BROWNSVILLE RD,PITTSBURGH,PA,-79.98662,40.39557,BP-CARRICK,1927 BROWNSVILLE RD,15210,1927 BROWNSVILLE RD|15210,BP-CARRICK|1927 BROWNSVILLE RD|15210,1927 BROWNSVILLE RD,5fe88d25ed,True,False,PITTSBURGH,data.pa.gov,42003290200,True,True
ALLEGHENY,MOMBA PHARMACY SERVICES LLC,WALTMIRE PHARMACY,15212-3711,USA,02**7420,Cigarette Retail,2027-02-28,1435 SPRING GARDEN AVE,PITTSBURGH,PA,-79.98691,40.46269,WALTMIRE PHARMACY,1435 SPRING GARDEN AVE,15212,1435 SPRING GARDEN AVE|15212,WALTMIRE PHARMACY|1435 SPRING GARDEN AVE|15212,1435 SPRING GARDEN AVE,5b87ab3744,True,False,PITTSBURGH,data.pa.gov,42003241300,True,True
ALLEGHENY,PATTON MICHAEL P,RICHS PARKSIDE DEN,15135-1223,USA,02**5102,Cigarette Vending,2027-02-28,1907 DONNER ST,BOSTON,PA,-79.82732,40.31068,RICHS PARKSIDE DEN,1907 DONNER ST,15135,1907 DONNER ST|15135,RICHS PARKSIDE DEN|1907 DONNER ST|15135,1907 DONNER ST,f0746a9446,False,True,BOSTON,data.pa.gov,42003496200,False,False
ALLEGHENY,PAVI PALKAN LLC,7-ELEVEN STORE 2701-36185A,15205-4145,USA,02**5581,OTP Retail,2027-02-28,2269 NOBLESTOWN RD,PITTSBURGH,PA,-80.05348,40.42802,7-ELEVEN STORE 2701-36185A,2269 NOBLESTOWN RD,15205,2269 NOBLESTOWN RD|15205,7-ELEVEN STORE 2701-36185A|2269 NOBLESTOWN RD|15205,2269 NOBLESTOWN RD,0dfefcf9ce,True,False,PITTSBURGH,data.pa.gov,42003563100,True,True
ALLEGHENY,DOLGENCORP LLC,DOLLAR GENERAL #19007,15210-1562,USA,02**5084,OTP Retail,2027-02-28,700 E WARRINGTON AVE # 19007,PITTSBURGH,PA,-79.99564,40.42152,DOLLAR GENERAL #19007,700 E WARRINGTON AVE # 19007,15210,700 E WARRINGTON AVE # 19007|15210,DOLLAR GENERAL #19007|700 E WARRINGTON AVE # 19007|15210,700 E WARRINGTON AVE 19007,56c822de3c,True,False,PITTSBURGH,data.pa.gov,42003180300,True,True
ALLEGHENY,NEW HORIZONS OF PITTSBURGH INC,COUSINS CORNER,15221-1604,USA,02**7510,OTP Retail,2027-02-28,1694 LAKETON RD,PITTSBURGH,PA,-79.86777,40.4491,COUSINS CORNER,1694 LAKETON RD,15221,1694 LAKETON RD|15221,COUSINS CORNER|1694 LAKETON RD|15221,1694 LAKETON RD,436580e84f,True,False,PITTSBURGH,data.pa.gov,42003561400,False,True
ALLEGHENY,BOBBY WHOLESALE INC,BOBBY WHOLESALE INC,15146-1449,USA,02**1260,OTP Wholesaler,2027-02-28,1001 SECO RD,MONROEVILLE,PA,-79.756,40.44936,BOBBY WHOLESALE INC,1001 SECO RD,15146,1001 SECO RD|15146,BOBBY WHOLESALE INC|1001 SECO RD|15146,1001 SECO RD,3d86977168,False,True,MONROEVILLE,data.pa.gov,42003521500,False,False
ALLEGHENY,SPEEDWAY LLC,SPEEDWAY #6721,15136-3234,USA,02**0312,Cigarette/OTP Retail,2027-02-28,50 ANGELINA AVE,MC KEES ROCKS,PA,-80.05986,40.47251,SPEEDWAY #6721,50 ANGELINA AVE,15136,50 ANGELINA AVE|15136,SPEEDWAY #6721|50 ANGELINA AVE|15136,50 ANGELINA AVE,6a128ea357,True,False,MC KEES ROCKS,data.pa.gov,42003464400,False,False
ALLEGHENY,GUJJAR JATT LLC,GUJJAR JATT LLC,15025-1436,USA,02**1942,Cigarette/OTP Retail,2027-02-28,601 SAINT CLAIR AVE,CLAIRTON,PA,-79.88757,40.29334,GUJJAR JATT LLC,601 SAINT CLAIR AVE,15025,601 SAINT CLAIR AVE|15025,GUJJAR JATT LLC|601 SAINT CLAIR AVE|15025,601 SAINT CLAIR AVE,47912cb7b3,True,False,CLAIRTON,data.pa.gov,42003492800,False,False
ALLEGHENY,SAMS NEIGHBORHOOD MARKET,SAMS NEIGHBORHOOD MARKET,15207-4600,USA,02**6769,Cigarette Retail,2027-02-28,4942 2ND AVE APT 1,PITTSBURGH,PA,-79.94376,40.40884,SAMS NEIGHBORHOOD MARKET,4942 2ND AVE APT 1,15207,4942 2ND AVE APT 1|15207,SAMS NEIGHBORHOOD MARKET|4942 2ND AVE APT 1|15207,4942 2ND AVE,b31ea4bf39,True,False,PITTSBURGH,data.pa.gov,42003562300,True,True
ALLEGHENY,SRIKRUPA LLC,BEER 88,15234-1300,USA,02**5225,Cigarette/OTP Retail,2027-02-28,4136 LIBRARY RD,PITTSBURGH,PA,-80.02917,40.35939,BEER 88,4136 LIBRARY RD,15234,4136 LIBRARY RD|15234,BEER 88|4136 LIBRARY RD|15234,4136 LIBRARY RD,7bfee987d6,True,False,PITTSBURGH,data.pa.gov,42003476100,False,True
ALLEGHENY,DOLGENCORP LLC,DOLLAR GENERAL STORE #23440,15076-1341,USA,02**6558,Cigarette/OTP Retail,2027-02-28,201 STARR RD,RUSSELLTON,PA,-79.83506,40.61711,DOLLAR GENERAL STORE #23440,201 STARR RD,15076,201 STARR RD|15076,DOLLAR GENERAL STORE #23440|201 STARR RD|15076,201 STARR RD,ddd0c0cb6b,True,False,RUSSELLTON,data.pa.gov,42003407002,False,False
ALLEGHENY,SAHIL INC,88 TOBACCO DISCOUNT,15102-3333,USA,02**2843,Cigarette/OTP Retail,2027-02-28,5815 LIBRARY RD,BETHEL PARK,PA,-80.0327,40.30987,88 TOBACCO DISCOUNT,5815 LIBRARY RD,15102,5815 LIBRARY RD|15102,88 TOBACCO DISCOUNT|5815 LIBRARY RD|15102,5815 LIBRARY RD,000e79f5a3,True,False,BETHEL PARK,data.pa.gov,42003475402,False,False
ALLEGHENY,TOBACCO OUTLET INC,TOBACCO OUTLET INC,15224-1830,USA,02**2811,OTP Retail,2027-02-28,4501 LIBERTY AVE,PITTSBURGH,PA,-79.9517,40.46309,TOBACCO OUTLET INC,4501 LIBERTY AVE,15224,4501 LIBERTY AVE|15224,TOBACCO OUTLET INC|4501 LIBERTY AVE|15224,4501 LIBERTY AVE,f826c91371,True,False,PITTSBURGH,data.pa.gov,42003090300,True,True
ALLEGHENY,KTD ENTERPRISE INC,KTD ENTERPRISE INC,15037-2053,USA,02**4463,Cigarette Retail,2027-02-28,410 SCENERY DR,ELIZABETH,PA,-79.8377,40.27662,KTD ENTERPRISE INC,410 SCENERY DR,15037,410 SCENERY DR|15037,KTD ENTERPRISE INC|410 SCENERY DR|15037,410 SCENERY DR,5d51e2fa99,True,False,ELIZABETH,data.pa.gov,42003496101,False,False
ALLEGHENY,CREEKSIDE VAPES LLC,CREEKSIDE VAPES LLC,15131-2831,USA,02**4498,OTP Retail,2027-02-28,2606 LINCOLN WAY STE E,WHITE OAK,PA,-79.79259,40.32531,CREEKSIDE VAPES LLC,2606 LINCOLN WAY STE E,15131,2606 LINCOLN WAY STE E|15131,CREEKSIDE VAPES LLC|2606 LINCOLN WAY STE E|15131,2606 LINCOLN WAY,daa351b5cd,True,False,WHITE OAK,data.pa.gov,42003564200,False,False
ALLEGHENY,DWMERCHANDISELLC,DWMERCHANDISELLC,15221-1122,USA,02**0905,Cigarette Retail,2027-02-28,2300 WILNER DR,PITTSBURGH,PA,-79.87002,40.45447,DWMERCHANDISELLC,2300 WILNER DR,15221,2300 WILNER DR|15221,DWMERCHANDISELLC|2300 WILNER DR|15221,2300 WILNER DR,b956f8d815,True,False,PITTSBURGH,data.pa.gov,42003130600,True,True
ALLEGHENY,SUPER EXPRESS MART INC,SUPER EXPRESS MART INC,15104-2339,USA,02**0916,Cigarette/OTP Retail,2027-02-28,703 6TH ST,BRADDOCK,PA,-79.86336,40.40573,SUPER EXPRESS MART INC,703 6TH ST,15104,703 6TH ST|15104,SUPER EXPRESS MART INC|703 6TH ST|15104,703 6TH ST,31b7defe18,True,False,BRADDOCK,data.pa.gov,42003513000,False,False
ALLEGHENY,ROJELS FOODS LLC,WILKINS SHOP N SAVE,15235-5242,USA,02**8810,Cigarette/OTP Retail,2027-02-28,3335 WILLIAM PENN HWY,PITTSBURGH,PA,-79.81719,40.4327,WILKINS SHOP N SAVE,3335 WILLIAM PENN HWY,15235,3335 WILLIAM PENN HWY|15235,WILKINS SHOP N SAVE|3335 WILLIAM PENN HWY|15235,3335 WILLIAM PENN HWY,214a6124b9,True,False,PITTSBURGH,data.pa.gov,42003520001,False,True
ALLEGHENY,CARIBBEAN FOOD SNACKS LLC,CRATTON,15205-3641,USA,02**0252,Cigarette/OTP Retail,2027-02-28,1511 STRATMORE ST BLDG FIRSTFLOOR,PITTSBURGH,PA,-80.05593,40.43815,CRATTON,1511 STRATMORE ST BLDG FIRSTFLOOR,15205,1511 STRATMORE ST BLDG FIRSTFLOOR|15205,CRATTON|1511 STRATMORE ST BLDG FIRSTFLOOR|15205,1511 STRATMORE ST BLDG FIRSTFLOOR,5e5b396c8f,True,False,PITTSBURGH,data.pa.gov,42003281500,True,True
ALLEGHENY,KEYSTONE R & M LLC,KEYSTONE VAPORS,15217-2307,USA,02**7117,OTP Retail,2027-02-28,2215 MURRAY AVE,PITTSBURGH,PA,-79.92315,40.43224,KEYSTONE VAPORS,2215 MURRAY AVE,15217,2215 MURRAY AVE|15217,KEYSTONE VAPORS|2215 MURRAY AVE|15217,2215 MURRAY AVE,f2b0d285b7,True,False,PITTSBURGH,data.pa.gov,42003140800,True,True
ALLEGHENY,SKOVRANKO JOSEPH A,SQUIDS COFFEE SHOP,15110-1787,USA,02**8722,OTP Retail,2027-02-28,607 GRANT AVE,DUQUESNE,PA,-79.85135,40.37212,SQUIDS COFFEE SHOP,607 GRANT AVE,15110,607 GRANT AVE|15110,SQUIDS COFFEE SHOP|607 GRANT AVE|15110,607 GRANT AVE,1cabbb13a2,True,False,DUQUESNE,data.pa.gov,42003486800,False,False
ALLEGHENY,GARRETT JESSE,ANNS MARKET,15219-4206,USA,02**0702,Cigarette/OTP Retail,2027-02-28,2316 WEBSTER AVE,PITTSBURGH,PA,-79.97529,40.44845,ANNS MARKET,2316 WEBSTER AVE,15219,2316 WEBSTER AVE|15219,ANNS MARKET|2316 WEBSTER AVE|15219,2316 WEBSTER AVE,0427841589,True,False,PITTSBURGH,data.pa.gov,42003050100,True,True
ALLEGHENY,GIANT PENN LLC,GP #912,15120-2536,USA,02**6067,Cigarette/OTP Retail,2027-02-28,103 E 22ND AVE,MUNHALL,PA,-79.90263,40.39766,GP #912,103 E 22ND AVE,15120,103 E 22ND AVE|15120,GP #912|103 E 22ND AVE|15120,103 E 22ND AVE,5948a84aed,True,False,MUNHALL,data.pa.gov,42003484600,False,False
ALLEGHENY,GOPIMAYA ENTERPRISE INC,DUKE'S MARATHON,15205-1315,USA,02**4504,Cigarette/OTP Retail,2027-02-28,4695 CAMPBELLS RUN RD,PITTSBURGH,PA,-80.13351,40.42981,DUKE'S MARATHON,4695 CAMPBELLS RUN RD,15205,4695 CAMPBELLS RUN RD|15205,DUKE'S MARATHON|4695 CAMPBELLS RUN RD|15205,4695 CAMPBELLS RUN RD,d3f7edbff4,True,False,PITTSBURGH,data.pa.gov,42003458002,False,True
ALLEGHENY,UNITED REFINING COMPANY OF PENNSYLVANIA,KWIK FILL S 171,15139-1725,USA,70**5133,Cigarette/OTP Retail,2027-02-28,400 ALLEGHENY RIVER BLVD,OAKMONT,PA,-79.8429,40.51642,KWIK FILL S 171,400 ALLEGHENY RIVER BLVD,15139,400 ALLEGHENY RIVER BLVD|15139,KWIK FILL S 171|400 ALLEGHENY RIVER BLVD|15139,400 ALLEGHENY RIVER BLVD,0610e7a548,True,False,OAKMONT,data.pa.gov,42003525200,False,False
ALLEGHENY,KEHM OIL COMPANY,TJS DELI MART 3,15071,USA,02**9872,Cigarette/OTP Retail,2027-02-28,FIRST AND CLINTON AVES,OAKDALE,PA,-80.18593,40.39822,TJS DELI MART 3,FIRST AND CLINTON AVES,15071,FIRST AND CLINTON AVES|15071,TJS DELI MART 3|FIRST AND CLINTON AVES|15071,1ST AND CLINTON AVES,c0f5e28f28,True,False,OAKDALE,data.pa.gov,42003455000,False,False
ALLEGHENY,SHEETZ INC,SHEETZ #629,15136-1408,USA,02**3962,Cigarette Retail,2027-02-28,5554 STEUBENVILLE PIKE,MC KEES ROCKS,PA,-80.12924,40.4519,SHEETZ #629,5554 STEUBENVILLE PIKE,15136,5554 STEUBENVILLE PIKE|15136,SHEETZ #629|5554 STEUBENVILLE PIKE|15136,5554 STEUBENVILLE PIKE,b2b2010e25,True,False,MC KEES ROCKS,data.pa.gov,42003459201,False,False
ALLEGHENY,KISAN INC.,7-ELEVEN STORE 36192B,15236-3812,USA,02**5016,Cigarette/OTP Retail,2027-02-28,650 CLAIRTON BLVD,PITTSBURGH,PA,-79.94562,40.32887,7-ELEVEN STORE 36192B,650 CLAIRTON BLVD,15236,650 CLAIRTON BLVD|15236,7-ELEVEN STORE 36192B|650 CLAIRTON BLVD|15236,650 CLAIRTON BLVD,0a75c5b7c7,True,False,PITTSBURGH,data.pa.gov,42003489001,False,True
ALLEGHENY,PINKYS VENDING INC,SECRETS BAR,15122-3439,USA,02**7775,Cigarette Vending,2027-02-28,633 MCGOWAN AVE,WEST MIFFLIN,PA,-79.89945,40.34219,SECRETS BAR,633 MCGOWAN AVE,15122,633 MCGOWAN AVE|15122,SECRETS BAR|633 MCGOWAN AVE|15122,633 MCGOWAN AVE,89c38fec9e,False,True,WEST MIFFLIN,data.pa.gov,42003488600,False,False
ALLEGHENY,A & P SHAH INC,A & P SHAH INC,15235-5440,USA,02**0465,Cigarette Retail,2027-02-28,3400 WILLIAM PENN HWY,PITTSBURGH,PA,-79.81524,40.43106,A & P SHAH INC,3400 WILLIAM PENN HWY,15235,3400 WILLIAM PENN HWY|15235,A & P SHAH INC|3400 WILLIAM PENN HWY|15235,3400 WILLIAM PENN HWY,9a5e8bb5d0,True,False,PITTSBURGH,data.pa.gov,42003520001,False,True
ALLEGHENY,FAMILY DOLLAR STORES OF PA LLC,FAMILY DOLLAR #28379,15136-3621,USA,02**3872,Cigarette/OTP Retail,2027-02-28,821 CHARTIERS AVE,MC KEES ROCKS,PA,-80.06516,40.46558,FAMILY DOLLAR #28379,821 CHARTIERS AVE,15136,821 CHARTIERS AVE|15136,FAMILY DOLLAR #28379|821 CHARTIERS AVE|15136,821 CHARTIERS AVE,45b3d5ca49,True,False,MC KEES ROCKS,data.pa.gov,42003464400,False,False
ALLEGHENY,BRYANT STREET MARKET,BRYANT STREET MARKET,15206-1656,USA,02**0322,Cigarette Retail,2027-02-28,5901 BRYANT ST,PITTSBURGH,PA,-79.91968,40.47569,BRYANT STREET MARKET,5901 BRYANT ST,15206,5901 BRYANT ST|15206,BRYANT STREET MARKET|5901 BRYANT ST|15206,5901 BRYANT ST,5a3d32487f,True,False,PITTSBURGH,data.pa.gov,42003110200,True,True
ALLEGHENY,HALP ENTERPRISE INC,BEN AVON MINI MART,15202-2359,USA,02**9923,Cigarette/OTP Retail,2027-02-28,200 DIVISION ST,PITTSBURGH,PA,-80.07528,40.50381,BEN AVON MINI MART,200 DIVISION ST,15202,200 DIVISION ST|15202,BEN AVON MINI MART|200 DIVISION ST|15202,200 DIVISION ST,f9b943ce5b,True,False,PITTSBURGH,data.pa.gov,42003434000,False,True
ALLEGHENY,SMART VENDING NOW INC,ZANOS PUB HOUSE,15207-1004,USA,02**4726,OTP Vending,2027-02-28,3806 ACORN ST,PITTSBURGH,PA,-79.94986,40.42659,ZANOS PUB HOUSE,3806 ACORN ST,15207,3806 ACORN ST|15207,ZANOS PUB HOUSE|3806 ACORN ST|15207,3806 ACORN ST,d9822b8b3a,False,True,PITTSBURGH,data.pa.gov,42003151600,True,True
ALLEGHENY,SEDA HEALING LLC,STORE,15146-2301,USA,02**5177,OTP Retail,2027-02-28,2671 MONROEVILLE BLVD,MONROEVILLE,PA,-79.78262,40.43541,STORE,2671 MONROEVILLE BLVD,15146,2671 MONROEVILLE BLVD|15146,STORE|2671 MONROEVILLE BLVD|15146,2671 MONROEVILLE BLVD,d74ea75aa9,True,False,MONROEVILLE,data.pa.gov,42003521200,False,False
ALLEGHENY,VBD VENDING LLC,NS PUB INC,15233-1718,USA,02**1947,OTP Retail,2027-02-28,900 WESTERN AVE,PITTSBURGH,PA,-80.01664,40.45195,NS PUB INC,900 WESTERN AVE,15233,900 WESTERN AVE|15233,NS PUB INC|900 WESTERN AVE|15233,900 WESTERN AVE,b9026142f4,True,False,PITTSBURGH,data.pa.gov,42003562700,True,True
ALLEGHENY,MIRAMAR BRANDS PENNSYLVANIA INC.,7-ELEVEN STORE #36195,15136-1649,USA,02**1851,Cigarette/OTP Retail,2027-02-28,2 HECKEL RD,MC KEES ROCKS,PA,-80.09483,40.47411,7-ELEVEN STORE #36195,2 HECKEL RD,15136,2 HECKEL RD|15136,7-ELEVEN STORE #36195|2 HECKEL RD|15136,2 HECKEL RD,80f242f569,True,False,MC KEES ROCKS,data.pa.gov,42003460002,False,False
ALLEGHENY,CLOUD KING 2 LLC,CLOUD KING 2 LLC,15226-2168,USA,02**9287,Cigarette/OTP Retail,2027-02-28,930 BROOKLINE BLVD,PITTSBURGH,PA,-80.01823,40.39248,CLOUD KING 2 LLC,930 BROOKLINE BLVD,15226,930 BROOKLINE BLVD|15226,CLOUD KING 2 LLC|930 BROOKLINE BLVD|15226,930 BROOKLINE BLVD,a3786011e9,True,False,PITTSBURGH,data.pa.gov,42003191900,True,True
ALLEGHENY,BD OAKDALE INC,BD OAKDALE,15220-3304,USA,02**1523,Cigarette/OTP Retail,2027-02-28,956 GREENTREE RD,PITTSBURGH,PA,-80.04625,40.4198,BD OAKDALE,956 GREENTREE RD,15220,956 GREENTREE RD|15220,BD OAKDALE|956 GREENTREE RD|15220,956 GREENTREE RD,d35a2d512b,True,False,PITTSBURGH,data.pa.gov,42003469000,False,True
ALLEGHENY,DOLGENCORP LLC,DOLLAR GENERAL STORE #3388,15126-9781,USA,02**6067,Cigarette/OTP Retail,2027-02-28,470 PENN LINCOLN DR,IMPERIAL,PA,-80.23702,40.4433,DOLLAR GENERAL STORE #3388,470 PENN LINCOLN DR,15126,470 PENN LINCOLN DR|15126,DOLLAR GENERAL STORE #3388|470 PENN LINCOLN DR|15126,470 PENN LINCOLN DR,edd751bb33,True,False,IMPERIAL,data.pa.gov,42003564000,False,False
ALLEGHENY,QUALITY MARKET LLC,QUALITY MARKET LLC,15235-1631,USA,02**0299,Cigarette/OTP Retail,2027-02-28,10045 FRANKSTOWN RD,PITTSBURGH,PA,-79.85383,40.46489,QUALITY MARKET LLC,10045 FRANKSTOWN RD,15235,10045 FRANKSTOWN RD|15235,QUALITY MARKET LLC|10045 FRANKSTOWN RD|15235,10045 FRANKSTOWN RD,18d5d4847e,True,False,PITTSBURGH,data.pa.gov,42003523200,False,True
ALLEGHENY,VAPORI AND TOBACCO LLC,BRIDGEVILLE PA,15017-2860,USA,02**0676,Cigarette/OTP Retail,2027-02-28,1190 WASHINGTON PIKE,BRIDGEVILLE,PA,-80.10071,40.36984,BRIDGEVILLE PA,1190 WASHINGTON PIKE,15017,1190 WASHINGTON PIKE|15017,BRIDGEVILLE PA|1190 WASHINGTON PIKE|15017,1190 WASHINGTON PIKE,e5c9f550e5,True,False,BRIDGEVILLE,data.pa.gov,42003458001,False,False
ALLEGHENY,AR INVESTMENT LLC,AR INVESTMENT INC,15226-2201,USA,02**7327,OTP Retail,2027-02-28,1019 BROOKLINE BLVD,PITTSBURGH,PA,-80.01698,40.39187,AR INVESTMENT INC,1019 BROOKLINE BLVD,15226,1019 BROOKLINE BLVD|15226,AR INVESTMENT INC|1019 BROOKLINE BLVD|15226,1019 BROOKLINE BLVD,17d5dbc26f,True,False,PITTSBURGH,data.pa.gov,42003191800,True,True
ALLEGHENY,CITY COIN MACHINE SERVICE INC,OWLS CLUB,15017-2311,USA,02**6148,Cigarette Vending,2027-02-28,525 BALDWIN ST,BRIDGEVILLE,PA,-80.10904,40.35841,OWLS CLUB,525 BALDWIN ST,15017,525 BALDWIN ST|15017,OWLS CLUB|525 BALDWIN ST|15017,525 BALDWIN ST,2cea38d853,False,True,BRIDGEVILLE,data.pa.gov,42003457200,False,False
ALLEGHENY,GIANT EAGLE INC,GIANT EAGLE 45,15237-6008,USA,70**3109,Cigarette/OTP Retail,2027-02-28,9805 MCKNIGHT RD,PITTSBURGH,PA,-80.03838,40.58479,GIANT EAGLE 45,9805 MCKNIGHT RD,15237,9805 MCKNIGHT RD|15237,GIANT EAGLE 45|9805 MCKNIGHT RD|15237,9805 MCKNIGHT RD,5072092fbc,True,False,PITTSBURGH,data.pa.gov,42003413201,False,True
ALLEGHENY,PRIME STOP ONE LLC,PRIME STOP ONE LLC,15227-2058,USA,02**4783,Cigarette/OTP Retail,2027-02-28,2714 BROWNSVILLE RD,PITTSBURGH,PA,-79.97755,40.38403,PRIME STOP ONE LLC,2714 BROWNSVILLE RD,15227,2714 BROWNSVILLE RD|15227,PRIME STOP ONE LLC|2714 BROWNSVILLE RD|15227,2714 BROWNSVILLE RD,c9f3cb3e26,True,False,PITTSBURGH,data.pa.gov,42003478200,False,True
ALLEGHENY,AT VAPE AND WELLNESS 103 INC,AT VAPE AND WELLNESS 103 INC,15136-3806,USA,02**3039,Cigarette/OTP Retail,2027-02-28,600 CHARTIERS AVE FL 1,MC KEES ROCKS,PA,-80.06029,40.46522,AT VAPE AND WELLNESS 103 INC,600 CHARTIERS AVE FL 1,15136,600 CHARTIERS AVE FL 1|15136,AT VAPE AND WELLNESS 103 INC|600 CHARTIERS AVE FL 1|15136,600 CHARTIERS AVE,c89f93e946,True,False,MC KEES ROCKS,data.pa.gov,42003464400,False,False
ALLEGHENY,WALMART STORES EAST LP,SUPERCENTER 2588,15137-1531,USA,70**8070,Cigarette/OTP Retail,2027-02-28,107 WALMART DR,NORTH VERSAILLES,PA,-79.82251,40.38723,SUPERCENTER 2588,107 WALMART DR,15137,107 WALMART DR|15137,SUPERCENTER 2588|107 WALMART DR|15137,107 WALMART DR,633bb788ad,True,False,NORTH VERSAILLES,data.pa.gov,42003504100,False,False
ALLEGHENY,CENTER INDEPENDENT OIL STORES LLC,CIO STORES LLC #21,15219-5537,USA,02**8208,Cigarette Retail,2027-02-28,1605 5TH AVE,PITTSBURGH,PA,-79.9835,40.4385,CIO STORES LLC #21,1605 5TH AVE,15219,1605 5TH AVE|15219,CIO STORES LLC #21|1605 5TH AVE|15219,1605 5TH AVE,93ac71e0f2,True,False,PITTSBURGH,data.pa.gov,42003030500,True,True
ALLEGHENY,S & S CANDY & CIGAR COMPANY INC,S & S CANDY & CIGAR CO INC,15203-1901,USA,02**8056,OTP Retail,2027-02-28,2025 E CARSON ST,PITTSBURGH,PA,-79.97651,40.42853,S & S CANDY & CIGAR CO INC,2025 E CARSON ST,15203,2025 E CARSON ST|15203,S & S CANDY & CIGAR CO INC|2025 E CARSON ST|15203,2025 E CARSON ST,f922f069cf,True,False,PITTSBURGH,data.pa.gov,42003170200,True,True
ALLEGHENY,J P TYKE AUTO SERVICE INC,J.P. TYKE AUTO SVC INC,15221-3667,USA,02**9701,Cigarette Retail,2027-02-28,2531 GREENSBURG PIKE,PITTSBURGH,PA,-79.85202,40.4369,J.P. TYKE AUTO SVC INC,2531 GREENSBURG PIKE,15221,2531 GREENSBURG PIKE|15221,J.P. TYKE AUTO SVC INC|2531 GREENSBURG PIKE|15221,2531 GREENSBURG PIKE,0d6b80f122,True,False,PITTSBURGH,data.pa.gov,42003519000,False,True
ALLEGHENY,BALDWIN BEER LLC,BALDWIN CONFLUENCE,15236-2553,USA,02**8382,Cigarette Retail,2027-02-28,5001 CURRY RD STE 1,PITTSBURGH,PA,-79.99523,40.34907,BALDWIN CONFLUENCE,5001 CURRY RD STE 1,15236,5001 CURRY RD STE 1|15236,BALDWIN CONFLUENCE|5001 CURRY RD STE 1|15236,5001 CURRY RD,44843f787e,True,False,PITTSBURGH,data.pa.gov,42003480101,False,True
ALLEGHENY,IQBAL ASAD,SUPER ONE CONVENIENCE,15122-1767,USA,02**3493,Cigarette/OTP Retail,2027-02-28,4432 GREENSPRINGS AVE,WEST MIFFLIN,PA,-79.88023,40.38592,SUPER ONE CONVENIENCE,4432 GREENSPRINGS AVE,15122,4432 GREENSPRINGS AVE|15122,SUPER ONE CONVENIENCE|4432 GREENSPRINGS AVE|15122,4432 GREENSPRINGS AVE,3dc8bd18bb,True,False,WEST MIFFLIN,data.pa.gov,42003488100,False,False
ALLEGHENY,KLAFTERS INC,SMOKER FRIENDLY #20,15235-4523,USA,02**5947,Cigarette/OTP Retail,2027-02-28,511 RODI RD,PITTSBURGH,PA,-79.82543,40.45324,SMOKER FRIENDLY #20,511 RODI RD,15235,511 RODI RD|15235,SMOKER FRIENDLY #20|511 RODI RD|15235,511 RODI RD,023339b858,True,False,PITTSBURGH,data.pa.gov,42003523400,False,True
ALLEGHENY,HOUSE OF PATELS LLC,MT. LEBANON BOOZY BARRELS,15234-1504,USA,02**0628,Cigarette/OTP Retail,2027-02-28,315 MOUNT LEBANON BLVD,PITTSBURGH,PA,-80.03544,40.36948,MT. LEBANON BOOZY BARRELS,315 MOUNT LEBANON BLVD,15234,315 MOUNT LEBANON BLVD|15234,MT. LEBANON BOOZY BARRELS|315 MOUNT LEBANON BLVD|15234,315 MOUNT LEBANON BLVD,d45f0ed25a,True,False,PITTSBURGH,data.pa.gov,42003476100,False,True
ALLEGHENY,YOGI OIL CORPORATION,FUEL LAND MCKEES ROCKS,15136-2615,USA,02**5484,Cigarette/OTP Retail,2027-02-28,801 ISLAND AVE,MC KEES ROCKS,PA,-80.06331,40.47375,FUEL LAND MCKEES ROCKS,801 ISLAND AVE,15136,801 ISLAND AVE|15136,FUEL LAND MCKEES ROCKS|801 ISLAND AVE|15136,801 ISLAND AVE,2ba25fdfdd,True,False,MC KEES ROCKS,data.pa.gov,42003464400,False,False
ALLEGHENY,NORTH ALLEGHENY FOODS INC,SHALER SHOP N SAVE,15209-1604,USA,02**7933,Cigarette/OTP Retail,2027-02-28,1620 BABCOCK BLVD,PITTSBURGH,PA,-79.97879,40.49902,SHALER SHOP N SAVE,1620 BABCOCK BLVD,15209,1620 BABCOCK BLVD|15209,SHALER SHOP N SAVE|1620 BABCOCK BLVD|15209,1620 BABCOCK BLVD,d2377062ee,True,False,PITTSBURGH,data.pa.gov,42003427200,False,True
ALLEGHENY,ALSAIDI ESAM,FORBES DELI,15213-3505,USA,02**8187,Cigarette/OTP Retail,2027-02-28,3801 FORBES AVE,PITTSBURGH,PA,-79.95686,40.44162,FORBES DELI,3801 FORBES AVE,15213,3801 FORBES AVE|15213,FORBES DELI|3801 FORBES AVE|15213,3801 FORBES AVE,08f57b4e17,True,False,PITTSBURGH,data.pa.gov,42003040500,True,True
ALLEGHENY,SHREE AMBIKA INC,SHREE AMBIKA INC,15147-3510,USA,02**8680,Cigarette/OTP Retail,2027-02-28,280 HULTON RD,VERONA,PA,-79.82009,40.48925,SHREE AMBIKA INC,280 HULTON RD,15147,280 HULTON RD|15147,SHREE AMBIKA INC|280 HULTON RD|15147,280 HULTON RD,e208fff12a,True,False,VERONA,data.pa.gov,42003523702,False,False
ALLEGHENY,ENIGMA INC,ENIGMA INC,15232-2202,USA,02**8760,Cigarette/OTP Retail,2027-02-28,738 BELLEFONTE ST FL 2ND,PITTSBURGH,PA,-79.93401,40.45142,ENIGMA INC,738 BELLEFONTE ST FL 2ND,15232,738 BELLEFONTE ST FL 2ND|15232,ENIGMA INC|738 BELLEFONTE ST FL 2ND|15232,738 BELLEFONTE ST,5fb3b8b405,True,False,PITTSBURGH,data.pa.gov,42003070300,True,True
ALLEGHENY,TDR CIGAR LLC,THE DRAWING ROOM CIGAR CLUB,15219-1102,USA,02**6562,OTP Retail,2027-02-28,59 S 2ND ST,PITTSBURGH,PA,-79.99869,40.43086,THE DRAWING ROOM CIGAR CLUB,59 S 2ND ST,15219,59 S 2ND ST|15219,THE DRAWING ROOM CIGAR CLUB|59 S 2ND ST|15219,59 S 2ND ST,69062094e6,True,False,PITTSBURGH,data.pa.gov,42003980700,True,True
ALLEGHENY,DES DRAGONS INC,CRAFTON BEVERAGE CENTER,15205-2351,USA,02**4425,OTP Retail,2027-02-28,15 FOSTER AVE,PITTSBURGH,PA,-80.06884,40.44103,CRAFTON BEVERAGE CENTER,15 FOSTER AVE,15205,15 FOSTER AVE|15205,CRAFTON BEVERAGE CENTER|15 FOSTER AVE|15205,15 FOSTER AVE,ea66018d53,True,False,PITTSBURGH,data.pa.gov,42003465600,False,True
ALLEGHENY,SITARAM OIL CORPOARTION,CARNEGIE MINI MART,15106-2567,USA,02**9640,Cigarette/OTP Retail,2027-02-28,801 W MAIN ST,CARNEGIE,PA,-80.09548,40.40134,CARNEGIE MINI MART,801 W MAIN ST,15106,801 W MAIN ST|15106,CARNEGIE MINI MART|801 W MAIN ST|15106,801 W MAIN ST,8fb91dd9cf,True,False,CARNEGIE,data.pa.gov,42003468800,False,False
ALLEGHENY,LAXMI NARAYANA CORPORATION,LNC STORE #9,15140-1426,USA,02**5525,OTP Retail,2027-02-28,479 BROADWAY,PITCAIRN,PA,-79.77812,40.40158,LNC STORE #9,479 BROADWAY,15140,479 BROADWAY|15140,LNC STORE #9|479 BROADWAY|15140,479 BROADWAY,c2e96f3e9b,True,False,PITCAIRN,data.pa.gov,42003521302,False,False
ALLEGHENY,GIANT EAGLE INC,GIANT EAGLE # 18,15116-1744,USA,70**3224,Cigarette/OTP Retail,2027-02-28,1671 BUTLER PLANK RD,GLENSHAW,PA,-79.96477,40.538,GIANT EAGLE # 18,1671 BUTLER PLANK RD,15116,1671 BUTLER PLANK RD|15116,GIANT EAGLE # 18|1671 BUTLER PLANK RD|15116,1671 BUTLER PLANK RD,5f09a9eb9d,True,False,GLENSHAW,data.pa.gov,42003426300,False,False
ALLEGHENY,DKD ENTERPRISES INC,S & S TOBACCO OUTLET,15227-2608,USA,02**1916,Cigarette Wholesaler,2027-02-28,4034 SAW MILL RUN BLVD,PITTSBURGH,PA,-79.98361,40.36807,S & S TOBACCO OUTLET,4034 SAW MILL RUN BLVD,15227,4034 SAW MILL RUN BLVD|15227,S & S TOBACCO OUTLET|4034 SAW MILL RUN BLVD|15227,4034 SAW MILL RUN BLVD,0326ef26ce,False,True,PITTSBURGH,data.pa.gov,42003478100,False,True
ALLEGHENY,SHEETZ INC,SHEETZ # 476,15237-2715,USA,70**7286,Cigarette/OTP Retail,2027-02-28,3025 BABCOCK BLVD,PITTSBURGH,PA,-80.00914,40.51488,SHEETZ # 476,3025 BABCOCK BLVD,15237,3025 BABCOCK BLVD|15237,SHEETZ # 476|3025 BABCOCK BLVD|15237,3025 BABCOCK BLVD,e49b9fb45d,True,False,PITTSBURGH,data.pa.gov,42003429100,False,True
ALLEGHENY,DUKE JAMES B,L A GROCERY WEST INDIAN AMERICAN,15206-2634,USA,02**2455,Cigarette Retail,2027-02-28,511 LARIMER AVE,PITTSBURGH,PA,-79.9141,40.46546,L A GROCERY WEST INDIAN AMERICAN,511 LARIMER AVE,15206,511 LARIMER AVE|15206,L A GROCERY WEST INDIAN AMERICAN|511 LARIMER AVE|15206,511 LARIMER AVE,4c979787d8,True,False,PITTSBURGH,data.pa.gov,42003120900,True,True
ALLEGHENY,GETGO OPERATING LLC,GETGO #3352,15237-1202,USA,02**1704,Cigarette/OTP Retail,2027-02-28,132 BEN AVON HEIGHTS RD # 156,PITTSBURGH,PA,-80.06853,40.5216,GETGO #3352,132 BEN AVON HEIGHTS RD # 156,15237,132 BEN AVON HEIGHTS RD # 156|15237,GETGO #3352|132 BEN AVON HEIGHTS RD # 156|15237,132 BEN AVON HEIGHTS RD 156,18d9289be9,True,False,PITTSBURGH,data.pa.gov,42003437000,False,True
ALLEGHENY,FAMILY DOLLAR STORES OF PA LLC,FAMILY DOLLAR #23182,15209-5611,USA,02**4054,Cigarette/OTP Retail,2027-02-28,123 LINCOLN AVE,MILLVALE,PA,-79.96957,40.47906,FAMILY DOLLAR #23182,123 LINCOLN AVE,15209,123 LINCOLN AVE|15209,FAMILY DOLLAR #23182|123 LINCOLN AVE|15209,123 LINCOLN AVE,63838cf66c,True,False,MILLVALE,data.pa.gov,42003427000,False,False
ALLEGHENY,CLASSY CLOUDS LLC,CLASSY CLOUDS LLC,15212-5549,USA,02**4577,Cigarette/OTP Retail,2027-02-28,541 E OHIO ST,PITTSBURGH,PA,-79.99926,40.45375,CLASSY CLOUDS LLC,541 E OHIO ST,15212,541 E OHIO ST|15212,CLASSY CLOUDS LLC|541 E OHIO ST|15212,541 E OHIO ST,51fbab3efd,True,False,PITTSBURGH,data.pa.gov,42003563202,True,True
ALLEGHENY,MCTIGHE PATRICK J,MCTIGHEPATRICK J,15116-1736,USA,02**8571,Cigarette Retail,2027-02-28,1607 WILLIAM FLYNN HWY,GLENSHAW,PA,-79.95936,40.53311,MCTIGHEPATRICK J,1607 WILLIAM FLYNN HWY,15116,1607 WILLIAM FLYNN HWY|15116,MCTIGHEPATRICK J|1607 WILLIAM FLYNN HWY|15116,1607 WILLIAM FLYNN HWY,42708d0745,True,False,GLENSHAW,data.pa.gov,42003426800,False,False
ALLEGHENY,OM CONVENIENCE LLC,7-ELEVEN STORE 2701-36191A,15202-1578,USA,02**3908,OTP Retail,2027-02-28,8136 OHIO RIVER BLVD,PITTSBURGH,PA,-80.09416,40.51049,7-ELEVEN STORE 2701-36191A,8136 OHIO RIVER BLVD,15202,8136 OHIO RIVER BLVD|15202,7-ELEVEN STORE 2701-36191A|8136 OHIO RIVER BLVD|15202,8136 OHIO RIVER BLVD,050c503631,True,False,PITTSBURGH,data.pa.gov,42003435000,False,True
ALLEGHENY,SHERADEN TOBACCO OUTLET INC,SHERADEN TOBACCO OUTLET INC,15204-1709,USA,02**8183,Cigarette Retail,2027-02-28,649 HILLSBORO ST,PITTSBURGH,PA,-80.05407,40.45329,SHERADEN TOBACCO OUTLET INC,649 HILLSBORO ST,15204,649 HILLSBORO ST|15204,SHERADEN TOBACCO OUTLET INC|649 HILLSBORO ST|15204,649 HILLSBORO ST,36766850c0,True,False,PITTSBURGH,data.pa.gov,42003562500,True,True
ALLEGHENY,DOLGENCORP LLC,DOLLAR GENERAL STORE #15169,15237-2304,USA,02**7855,Cigarette/OTP Retail,2027-02-28,120 THREE DEGREE RD,PITTSBURGH,PA,-80.03297,40.544,DOLLAR GENERAL STORE #15169,120 THREE DEGREE RD,15237,120 THREE DEGREE RD|15237,DOLLAR GENERAL STORE #15169|120 THREE DEGREE RD|15237,120 THREE DEGREE RD,6e72da5853,True,False,PITTSBURGH,data.pa.gov,42003429400,False,True
ALLEGHENY,SHREE SITARAM ENTERPRISE INC,MUNHALL MINI MART,15120-3257,USA,02**4241,Cigarette/OTP Retail,2027-02-28,3402 MAIN ST,MUNHALL,PA,-79.90273,40.38643,MUNHALL MINI MART,3402 MAIN ST,15120,3402 MAIN ST|15120,MUNHALL MINI MART|3402 MAIN ST|15120,3402 MAIN ST,183261afd1,True,False,MUNHALL,data.pa.gov,42003484500,False,False
ALLEGHENY,MADHOUSE VAPES LLC,1101 LINCOLN WAY,15131-1301,USA,02**2793,Cigarette/OTP Retail,2027-02-28,1101 LINCOLN WAY,WHITE OAK,PA,-79.82393,40.35393,1101 LINCOLN WAY,1101 LINCOLN WAY,15131,1101 LINCOLN WAY|15131,1101 LINCOLN WAY|1101 LINCOLN WAY|15131,1101 LINCOLN WAY,5a594b9d33,True,False,WHITE OAK,data.pa.gov,42003503002,False,False
ALLEGHENY,BD AMERICAN TRADERS INC,BD AMERICAN TRADERS INC,15106,USA,02**5143,Cigarette/OTP Retail,2027-02-28,2022 WASHINGTON ROAD,HEIDELBERG,PA,-80.09016,40.38795,BD AMERICAN TRADERS INC,2022 WASHINGTON ROAD,15106,2022 WASHINGTON ROAD|15106,BD AMERICAN TRADERS INC|2022 WASHINGTON ROAD|15106,2022 WASHINGTON RD,c129d5e3d2,True,False,HEIDELBERG,data.pa.gov,42003471000,False,False
ALLEGHENY,FOX BEAUTY INC,FOX BEAUTY,15218-1865,USA,02**6077,Cigarette/OTP Retail,2027-02-28,1763 S BRADDOCK AVE STE 0118B,PITTSBURGH,PA,-79.88778,40.42443,FOX BEAUTY,1763 S BRADDOCK AVE STE 0118B,15218,1763 S BRADDOCK AVE STE 0118B|15218,FOX BEAUTY|1763 S BRADDOCK AVE STE 0118B|15218,1763 S BRADDOCK AVE,0fa14ca9c1,True,False,PITTSBURGH,data.pa.gov,42003515300,False,True
ALLEGHENY,HARRY M MURRAY AMUSEMENT COMPANY,VFW,15025-2327,USA,02**0333,Cigarette Vending,2027-02-28,911 N STATE ST,CLAIRTON,PA,-79.89439,40.3118,VFW,911 N STATE ST,15025,911 N STATE ST|15025,VFW|911 N STATE ST|15025,911 N STATE ST,11a74dfaf1,False,True,CLAIRTON,data.pa.gov,42003492700,False,False
ALLEGHENY,KPS HOLDINGS LLC,BROWNSVILLE,15210-4206,USA,02**2581,Cigarette/OTP Retail,2027-02-28,2104 BROWNSVILLE RD,PITTSBURGH,PA,-79.98652,40.39309,BROWNSVILLE,2104 BROWNSVILLE RD,15210,2104 BROWNSVILLE RD|15210,BROWNSVILLE|2104 BROWNSVILLE RD|15210,2104 BROWNSVILLE RD,a866a8e0d3,True,False,PITTSBURGH,data.pa.gov,42003290200,True,True
ALLEGHENY,SHEETZ INC,SHEETZ # 500,15143-6500,USA,70**7295,Cigarette/OTP Retail,2027-02-28,1910 MOUNT NEBO RD,SEWICKLEY,PA,-80.11435,40.55352,SHEETZ # 500,1910 MOUNT NEBO RD,15143,1910 MOUNT NEBO RD|15143,SHEETZ # 500|1910 MOUNT NEBO RD|15143,1910 MOUNT NEBO RD,e069dbb77e,True,False,SEWICKLEY,data.pa.gov,42003437000,False,False
ALLEGHENY,KAPNOS LLC,KAPNOS LLC,15143-1528,USA,02**6683,OTP Retail,2027-02-28,430 BEAVER ST STE 2,SEWICKLEY,PA,-80.18069,40.5405,KAPNOS LLC,430 BEAVER ST STE 2,15143,430 BEAVER ST STE 2|15143,KAPNOS LLC|430 BEAVER ST STE 2|15143,430 BEAVER ST,d2e700af83,True,False,SEWICKLEY,data.pa.gov,42003445500,False,False
