site_type,site_name,lon,lat
leisure:playground,Kennard Playground,-79.974052,40.44353259999999
leisure:park,Walker Park,-80.192837,40.56728970000001
leisure:park,Dark Hollow Woods Park,-79.8206046,40.51951229999999
leisure:park,McCloskey Field,-79.9880556,40.42000000000001
amenity:kindergarten,Temple Emanuel Early Childhood Development Center,-80.072733,40.375321
amenity:kindergarten,Cyert Center for Early Education,-79.9433899,40.445454100000006
amenity:kindergarten,Mushroom Family Learning Center,-80.058085,40.3953155
amenity:library,C.C Mellor Memorial Library,-79.8851496,40.43229190000001
amenity:kindergarten,Yvonnes Child Care Center,-79.8845278,40.4558023
amenity:kindergarten,Rodman Day Care Center,-79.920934,40.4650699
amenity:kindergarten,Saint Pauls Episcopal Church Nursery School,-80.0501517,40.37071360000001
amenity:kindergarten,Saint Pauls United Methodist Church Day Care Center,-79.9884323,40.56436239999999
amenity:kindergarten,Small World Early Learning Center,-80.0012487,40.44328920000001
amenity:kindergarten,Montessori Early Childhood Center,-80.0820147,40.32428149999999
amenity:kindergarten,Mount Olive Day Care Center,-80.1633311,40.513755400000015
amenity:kindergarten,Ms Idas Day Care Center,-80.1012407,40.4763944
amenity:kindergarten,Penn Garden Day Care Center,-79.77347740000002,40.4433524
amenity:kindergarten,Robins Nest Day Care Center,-80.0095362,40.46803599999999
amenity:kindergarten,Wee the People Day Care Center,-79.9947572,40.4439944
amenity:kindergarten,Westminster Nursery School and Kindergarten,-80.0660736,40.33982079999999
amenity:kindergarten,Weekday Ministries Childcare Center,-80.0422004,40.387912
amenity:kindergarten,Youngs Daycare Center,-79.86444170000001,40.46146550000002
amenity:kindergarten,Southminster Presbyterian Church Nursery School,-80.0457118,40.37784229999999
amenity:kindergarten,Sunny Days Child Care and Learning Center,-80.04623090000001,40.39435209999999
amenity:kindergarten,Toddler Town,-79.7659614,40.56482569999999
amenity:childcare,Little Angels Child Care and Learning Center,-79.9419576,40.4647542
amenity:kindergarten,Lemington Center Interegional Day Care Center,-79.8925199,40.47115389999999
amenity:kindergarten,Learning Tree Day Care Center,-79.7508384,40.42726569999999
amenity:kindergarten,Learning Tree Day Care Center,-79.889833,40.4449908
amenity:kindergarten,Kinder Care Learning Center,-80.2098784,40.50419170000001
amenity:kindergarten,Kinder Care Learning Center,-79.7875877,40.4780041
amenity:kindergarten,Kinder Care Learning Center,-80.2239272,40.52201449999999
amenity:kindergarten,KinderCare,-79.760946,40.4310753
amenity:kindergarten,Maplewood Kids Day Care Center,-79.83507010000001,40.3254495
amenity:kindergarten,Magic Castle Day Care Center,-79.9995874,40.4407271
amenity:kindergarten,Lullaby Day Care Center,-79.8384393,40.4660781
amenity:kindergarten,Louise Child Care Center,-79.9379622,40.461085100000005
amenity:kindergarten,Christ United Methodist Church Child Care Center,-80.0489685,40.348732899999995
amenity:kindergarten,Choice Child Care Center,-79.76439,40.585091199999994
amenity:kindergarten,Cheryls Day Care Center,-80.0665924,40.4435878
amenity:kindergarten,CCAC South Campus Child Development Center,-79.9285529,40.325792099999994
amenity:kindergarten,CCAC Boyce Child Development Center,-79.7528969,40.45215
amenity:kindergarten,Beulah Christian Preschool,-79.847021,40.4469452
amenity:kindergarten,Beverly Heights Church Preschool,-80.0480873,40.3663108
amenity:kindergarten,Conleys Creative Child Care Center,-79.904818,40.3901615
amenity:kindergarten,Cynthia K Francks Child Care Center,-79.8385428,40.4626071
amenity:kindergarten,Its A Small World Day Care Center,-79.9450549,40.4628421
amenity:kindergarten,For Kids Only Day Care Center,-79.917544,40.4582004
amenity:kindergarten,Eastminster Child Care Center,-79.9229648,40.46327249999999
amenity:kindergarten,Early Childhood Center,-79.9530544,40.4500295
amenity:kindergarten,First Years Day Care Center,-79.8814382,40.44009509999999
amenity:kindergarten,Electric Rainbow Child Development Center,-79.90527460000001,40.39981709999999
amenity:library,Grace Library,-79.9636111,40.43916670000001
amenity:library,Homeville Elementary School Library,-79.8744941,40.38838609999999
amenity:library,Homewood Montessori Elementary School Library,-79.8996942,40.455311699999996
amenity:library,Jefferson Elementary School Library,-80.0607948,40.38241850000001
amenity:library,Hartwood Elementary School Library,-79.886448,40.57665389999999
amenity:library,Hampton Community Library,-79.9339734,40.58584629999999
amenity:library,Highcliff Elementary School Library,-80.0558234,40.524902200000014
amenity:library,Gateway Middle School Library,-79.7620282,40.4450847
amenity:library,Glenshaw Public Library,-79.9550206,40.52960889999999
amenity:library,Grandview Elementary School Library,-79.992723,40.4245606
amenity:library,Green Tree Public Library,-80.04692410000001,40.4186063
amenity:library,Green Valley Primary School Library,-79.8246185,40.37480159999999
amenity:library,Greenfield Elementary School Library,-79.9440874,40.4263871
amenity:library,Elroy Elementary Library,-79.9739379,40.3800574
amenity:library,Downtown and Business Branch Carnegie Free Library of Pittsburgh,-79.9973275,40.4417942
amenity:library,Dorseyville Middle School Library,-79.8839526,40.576979099999996
amenity:library,Ellis School Library,-79.9186318,40.45368139999999
amenity:library,Edwin Markham Elementary School Library,-80.0550676,40.366689
amenity:library,Crescent Elementary School Library,-79.881551,40.45419950000001
amenity:library,Crafton Public Library,-80.066836,40.43426639999999
amenity:library,Crafton Elementary School Library,-80.0674458,40.43141999999999
amenity:library,Dickson Intermediate School Library,-79.892556,40.4233749
amenity:library,Colfax Elementary School Library,-79.9143771,40.433352299999996
amenity:library,Clayton Elementary School Library,-80.0105375,40.46179380000001
amenity:library,Cornell Education Center Library,-80.1642958,40.5083527
amenity:library,Bellevue Elementary School Library,-80.0542606,40.494307500000005
amenity:library,Beechview Branch Carnegie Free Library of Pittsburgh,-80.0276855,40.4069971
amenity:library,Beechwood Elementary School Library,-80.020675,40.4148315
amenity:library,Bethel Park Library,-80.0313991,40.332347799999994
amenity:library,Ben Fairless Intermediate School Library,-79.86379,40.4027049
amenity:library,Barrett Elementary School Library,-79.9078527,40.404353199999996
amenity:library,Arlington Middle School Library,-79.9717745,40.4170915
amenity:library,Avalon Elementary School Library,-80.0663457,40.50086799999999
amenity:library,Andrew W Mellon Middle School Library,-80.0451028,40.3778522
amenity:library,Allderdice High School Library,-79.9186489,40.4291622
amenity:library,Allegheny County Library Association,-80.0353173,40.440683400000005
amenity:library,Allegheny County Library Association Bookmobile Center Library;Knowledge Connection Library,-80.0347415,40.4418759
amenity:library,Sheraden Branch Carnegie Free Library of Pittsburgh,-80.0566851,40.45514970000001
amenity:library,South Allegheny Middle/High School Library,-79.8672024,40.3240189
amenity:library,South Fayette Township Library,-80.1423352,40.35529
amenity:library,South Hills Middle School Library,-80.0181666,40.41985090000001
amenity:library,Pittsburgh Regional Library Center,-79.848507,40.414535699999995
amenity:library,Point Park University Library,-80.0008734,40.43973079999999
amenity:library,Rooney Middle School Library,-80.0375,40.479167
amenity:library,Perry Traditional Academy Library,-80.01867,40.48895999999999
amenity:library,Pennsylvania State University Greater Allegheny Library,-79.8283689,40.3457211
amenity:library,Peoples Library,-79.7642927,40.565325599999994
amenity:library,Phillips Elementary School Library,-79.97922,40.40924000000001
amenity:library,Pitcairn Elementary School Library,-79.77921,40.404790000000006
amenity:library,Philip Murray Elementary School Library,-79.97922,40.40924000000001
amenity:library,Pittsburgh Gifted Center Library,-79.9814464,40.44723859999999
amenity:library,Pittsburgh Classical Academy Library,-80.0488476,40.45104179999999
amenity:library,Mount Washington Branch Carnegie Free Library of Pittsburgh,-80.01046660000002,40.433503699999996
amenity:library,North Versailles Public Library,-79.8182728,40.38119069999999
amenity:library,New Homewood Elementary School Library,-79.8936624,40.4524246
amenity:library,Our Lady of the Sacred Heart High School Library,-80.1571016,40.50278949999999
amenity:library,Milliones Middle School Library,-79.9618633,40.449751600000006
amenity:library,Minadeo Elementary School Library,-79.9243926,40.423757999999985
amenity:library,McClure Middle School Library,-79.8080139,40.347933299999994
amenity:library,Moon Township Public Library,-80.202593,40.496199099999984
amenity:library,Morrow Elementary School Library,-80.0401751,40.4801645
amenity:library,Chatham Elementary School Library,-80.0140755,40.489568999999996
amenity:library,Madison Elementary School Library,-79.9608833,40.4549553
amenity:library,Chartiers Elementary School Library,-80.0752118,40.4581342
amenity:library,Carrick Senior High School Library,-79.9891692,40.3911097
amenity:library,Marion Hutchins Library,-80.1895604,40.54380389999999
amenity:library,Marzolf Elementary School Library,-79.9662861,40.51342330000001
amenity:library,Martin Luther King Junior Branch Carnegie Free Library of Pittsburgh,-79.9645,40.45229
amenity:library,Mann Elementary School Library,-80.02755,40.47561999999999
amenity:library,Manchester Elementary School Library,-80.02867,40.45674
amenity:library,Brookline Elementary School Library,-80.0250428,40.39480700000001
amenity:library,Brashear High School Library,-80.0179517,40.41810529999999
amenity:library,Brentwood Library,-79.9749352,40.37497990000001
amenity:library,Braddock Carnegie Library,-79.8656608,40.401333599999994
amenity:library,Carnegie Library of Allegheny,-79.9972654,40.439202400000006
amenity:library,Carnegie Library of Hill District,-79.981,40.4433
amenity:library,Knoxville Middle School Library,-79.9935897,40.416159099999994
amenity:library,Keystone Oaks Middle School Library,-80.0289454,40.387066999999995
amenity:library,Keystone Oaks High School Library,-80.0300413,40.3873791
amenity:library,Kelly Elementary School Library,-79.88922,40.439510000000006
amenity:library,Julia Ward Howe Elementary School Library,-80.0307841,40.37559569999999
amenity:library,Lincoln Elementary School Library,-79.91144,40.46007000000001
amenity:library,Letsche Education Center,-79.9879327,40.4447491
amenity:library,Verner Elementary School Library,-79.8395705,40.505064
amenity:library,Vann Elementary School Library,-79.9710576,40.449337699999994
amenity:library,Wesley Spectrum Highland School Library,-80.0043738,40.36512530000001
amenity:library,West Mifflin Library,-79.9204504,40.34298770000001
amenity:library,West Liberty Elementary School Library,-80.0100075,40.40309359999999
amenity:library,Western Allegheny Community Library,-80.2484979,40.4402993
amenity:library,West View Elementary School Library,-80.0325887,40.5211754
amenity:library,Whitehall Public Library,-79.9798896,40.35090639999999
amenity:library,Wilkinsburg Junior-Senior High School Library,-79.88144,40.44424000000001
amenity:library,Spring Garden Elementary School Library,-79.96866,40.46424
amenity:library,Spring Hill Elementary School Library,-79.9894417,40.465
amenity:library,Sterrett Classical Academy Library,-79.90505,40.446740000000005
amenity:library,Stevens Elementary School Library,-80.0401948,40.4425602
amenity:library,Tenth Street Elementary School Library,-79.83311,40.520900000000005
amenity:library,Thomas Jefferson Middle School Library,-80.0606239,40.38159069999999
amenity:library,Trafford Community Public Library,-79.7607345,40.38535730000001
amenity:library,Upper Saint Clair Township Library,-80.0720435,40.3334498
amenity:library,Wilson Branch Library,-79.8934211,40.30916190000001
amenity:library,Wyland Elementary School Library,-79.97783,40.56173
amenity:library,Woods Run Branch Carnegie Free Library of Pittsburgh,-80.0301056,40.4765306
amenity:community_centre,Aspinwall Borough Hall,-79.904365,40.4903179
leisure:sports_centre,Saint Joseph Gymnasium,-79.9633333,40.43972219999999
leisure:sports_centre,Valley Points Family YMCA,-79.7631622,40.56434430000001
amenity:library,Knoxville Public Library CPL,-79.988985,40.41317279999999
leisure:playground,Forbes & Braddock Playground,-79.8981743,40.4391962
leisure:playground,Bob O'Connor Community Playground,-79.9161033,40.4326652
leisure:sports_centre,Arlington Recreation Center,-79.9750104,40.41923519999999
leisure:playground,,-80.1830608,40.491549400000004
amenity:library,Center for American Music,-79.9528592,40.44380780000001
amenity:library,Carnegie Library of Pittsburgh Brookline,-80.0214017,40.394409
amenity:library,,-79.9332304,40.45350659999999
amenity:kindergarten,,-79.9334449,40.453310699999996
leisure:sports_centre,Sam Bryen Baseball/Softball Fields,-80.0069664,40.38973339999999
leisure:playground,,-80.1494188,40.516350700000004
leisure:sports_centre,,-80.2361451,40.44321109999999
leisure:sports_centre,C.S. Kim Karate,-79.811295,40.34048
leisure:playground,,-79.83844530000002,40.411920399999985
leisure:playground,,-80.0731908,40.514152499999994
leisure:playground,,-80.0733571,40.51378749999999
leisure:playground,,-80.2283891,40.37114909999999
leisure:playground,,-80.2664454,40.58316769999999
leisure:playground,,-80.2665331,40.58336709999998
leisure:playground,,-80.2667128,40.583193999999985
amenity:library,Pittsburgh Downtown Branch Library,-79.9997963,40.440727300000006
leisure:park,Hampton Community Park,-79.9361835,40.5844775
leisure:sports_centre,Alpha Tennis & Fitness,-79.8325665,40.5412787
amenity:childcare,Carol Leone,-80.1847189,40.5215323
leisure:sports_centre,ATA Karate,-80.1933026,40.5441007
leisure:sports_centre,SporTrak,-80.1863771,40.53513600000001
leisure:sports_centre,Sewickley Academy Sports Complex,-80.1985101,40.55796329999998
leisure:playground,Memorial Park Playground,-79.8196514,40.398207700000015
leisure:playground,Four Mile Run playground,-79.9484777,40.427760699999986
leisure:sports_centre,The Practice Golf Center,-79.9394403,40.30396499999999
leisure:playground,Sheraden Park,-80.05994,40.458696
leisure:playground,Bud Hammer Playground,-79.9472449,40.42171719999999
leisure:playground,,-79.9602429,40.4347136
leisure:playground,Boundary Street Parklet,-79.9504843,40.438453400000014
leisure:playground,,-80.0393289,40.4146995
leisure:playground,,-80.024439,40.438209599999986
leisure:playground,,-79.9979795,40.412881999999996
leisure:playground,,-79.9728652,40.3760921
leisure:playground,,-79.9862458,40.4073119
amenity:community_centre,LaRosa Mckeesport Boys and Girls Club,-79.8528619,40.3478671
leisure:sports_centre,Vital Glow Yoga,-80.0527487,40.493899000000006
leisure:sports_centre,Bodytech,-80.0351878,40.547497499999984
leisure:sports_centre,Fun Slides Carpet Skatepark,-80.0354348,40.5481948
amenity:kindergarten,Gloworms Academy,-80.0459751,40.58930079999999
leisure:playground,,-79.9281898,40.47699829999999
leisure:sports_centre,,-79.9258042,40.48420689999999
leisure:playground,,-79.9004016,40.4690181
leisure:playground,,-79.8905249,40.46517969999999
leisure:playground,,-79.9372165,40.4244763
leisure:playground,,-79.8934406,40.42036439999998
leisure:sports_centre,Memorial Park Sports Court,-79.8199639,40.3979036
amenity:kindergarten,Li'l Tykes Childcare Center,-80.059123,40.4968894
leisure:playground,,-80.0134007,40.4312862
leisure:playground,,-80.0572901,40.4558178
amenity:kindergarten,Childrens Youth Ministry,-80.0179965,40.48926650000001
amenity:kindergarten,Angel Academy,-80.0414511,40.4805708
leisure:playground,,-79.9455574,40.40441559999999
leisure:pitch,,-79.7611337,40.504068999999994
leisure:pitch,,-79.7606005,40.504368599999985
leisure:pitch,,-79.761704,40.50445680000001
leisure:pitch,,-79.7610873,40.504664799999986
leisure:pitch,,-79.7587691,40.50539450000001
leisure:pitch,,-79.7575775,40.5059586
leisure:pitch,,-79.75309770000001,40.50744980000001
leisure:playground,,-79.99689960000002,40.3070966
amenity:kindergarten,Early Years,-80.0285407,40.5428722
leisure:pitch,Garden Rink,-80.14907770000002,40.5186713
leisure:pitch,Stadium Rink,-80.14947550000001,40.5187871
leisure:pitch,The Pickleball Warehouse,-79.9063743,40.45679229999999
amenity:kindergarten,,-79.9731293,40.4837885
leisure:playground,,-79.8150472,40.39918829999999
leisure:playground,Sullivan Playground,-79.9095777,40.4063004
leisure:playground,,-80.2963606,40.48922700000001
amenity:kindergarten,Drewry's Childcare & Early Learning Center,-80.0738841,40.47252989999999
amenity:kindergarten,Love Me Tender Daycare,-80.2278548,40.58771759999999
leisure:playground,,-79.9070335,40.3704358
leisure:playground,,-80.0012174,40.42124179999999
amenity:library,Wilkinsburg Public Libraary: Eastridge Branch,-79.8564784,40.456519899999996
leisure:playground,,-80.1023856,40.4709552
leisure:park,Charles Lewis Parklet,-80.0072071,40.429604700000006
amenity:kindergarten,Caring Castle Childcare,-79.9688615,40.34264670000001
amenity:kindergarten,,-79.9613178,40.55960519999999
amenity:kindergarten,,-79.9842131,40.36758
amenity:library,FOR Sto-Rox Library,-80.0585388,40.464863999999984
leisure:playground,,-79.7600182,40.55949789999999
amenity:kindergarten,Kiddieland,-80.1642347,40.51762630000001
leisure:playground,,-79.905596,40.54357219999999
leisure:park,Polish Hill Community Garden,-79.9692949,40.4574947
amenity:library,Bevier Engineering Library,-79.9581446,40.4439492
leisure:playground,,-80.1022341,40.472013
leisure:playground,,-80.1022864,40.4719647
leisure:playground,,-80.1017883,40.4722731
leisure:playground,,-80.1017575,40.4724236
leisure:playground,,-80.1018072,40.47217859999999
leisure:playground,,-80.1011721,40.471968399999994
amenity:community_centre,Bloomcraft,-79.9526928,40.45573879999999
leisure:playground,West View Elementary Playground,-80.0318774,40.521290099999995
amenity:community_centre,Blackridge Civic Association,-79.8470455,40.44913720000001
amenity:community_centre,The Mr. Roboto Project,-79.9424759,40.464788799999994
amenity:community_centre,LifeSpan,-79.8349485,40.32197159999998
amenity:childcare,Teeter-Totter,-79.9935748,40.42192399999999
amenity:community_centre,Brookline Teen Outreach,-80.0231684,40.3957306
leisure:playground,Crafton Heights Tot Lot,-80.0566434,40.436109
leisure:playground,,-80.0631054,40.43727799999999
leisure:park,Mt. Ridge,-79.7617092,40.3671275
amenity:library,Frick Fine Arts Library - University of Pittsburgh,-79.9512271,40.441539999999996
leisure:park,Mt. Ridge Estates Entrance Sign,-79.7644398,40.36483559999999
amenity:community_centre,Community Forge,-79.8745259,40.4375937
leisure:sports_centre,Pittsburgh Barbell Club,-80.1129739,40.35892760000001
amenity:childcare,Milestones Child Care Center,-79.893683,40.4317459
leisure:park,8th St Pavilion,-80.2315485,40.588480399999995
leisure:pitch,,-80.26936,40.53039939999999
amenity:community_centre,Christ church at grove farm,-80.110748,40.5508958
leisure:sports_centre,Ingomar North Recreation & Swim Club,-80.04428270000001,40.573223
leisure:pitch,,-80.01163600000001,40.5691127
leisure:playground,,-80.0725666,40.56878510000001
leisure:park,Nancy Werner Park,-79.9201915,40.4914188
leisure:park,Forest Hills Westinghouse Recreation Center,-79.8417738,40.4182133
amenity:library,CC Mellor Memorial Library-Forest Hills,-79.8407583,40.41760359999999
amenity:kindergarten,KinderCare,-80.0509598,40.353374899999984
amenity:community_centre,Nightshade Lounge,-80.037062,40.3927279
amenity:childcare,Brass Ring Learning Center,-80.0234274,40.348729600000006
leisure:playground,,-80.0124429,40.350890899999996
leisure:sports_centre,Nam's Korean Karate,-80.0435412,40.387959900000006
leisure:sports_centre,Lumberjaxes,-80.0472214,40.3960019
leisure:sports_centre,C.S. Kim Karate,-80.022945,40.3491422
amenity:library,Thornburg Library,-80.0830771,40.4322883
amenity:childcare,Crafton Children's Corner,-80.08298940000002,40.43236099999999
amenity:library,Scott Township Public Library,-80.084005,40.3871161
leisure:playground,,-79.7597206,40.50512590000001
leisure:playground,Lion's Park playground,-79.8407884,40.422581900000004
amenity:kindergarten,Kids & Us Daycare,-80.0750347,40.39020539999999
amenity:library,Dormont Public Library,-80.0359389,40.39417990000001
leisure:sports_centre,ASCEND South Side,-79.9755482,40.42618190000001
leisure:playground,,-80.0506188,40.3132291
leisure:sports_centre,Full Throttle Adrenaline Park - Pittsburgh,-79.7956233,40.4267478
leisure:playground,Lions Park playground,-79.840688,40.422396899999995
leisure:park,Pat Seneca Park,-79.8372875,40.451534
leisure:playground,Lions Park,-79.84063,40.422409699999996
amenity:kindergarten,Everbrook Academy,-80.2678461,40.508782499999995
amenity:library,Sorrells Library,-79.9458063,40.44262040000001
leisure:sports_centre,Midwest Shooting Center - North Pittsburgh,-80.0177633,40.56949759999999
amenity:community_centre,Saint Peter & Saint Paul Ukrainian Church Hall,-80.0852652,40.409340500000006
amenity:childcare,Temps For Tots,-79.9217694,40.4379249
leisure:sports_centre,Pine Creek Golf Center,-79.9721381,40.5658521
leisure:park,Oakland Square Historic District,-79.9516193,40.437089900000004
leisure:sports_centre,First Ascent,-80.0045542,40.43296509999999
leisure:pitch,Dan McGibbeny Memorial Field,-80.0075999,40.3919073
leisure:sports_centre,Trees Climbing Wall,-79.9652408,40.444625699999996
leisure:pitch,,-79.9962319,40.5230221
leisure:playground,,-79.9823256,40.41243790000001
leisure:playground,,-80.10796830000001,40.3491196
leisure:playground,,-80.1084104,40.34906409999999
leisure:playground,,-80.1084142,40.34925470000001
leisure:park,Hazelwood Green Plaza,-79.9475702,40.4135353
amenity:bench,Bookworm Glen,-80.1754464,40.4199999
amenity:bench,,-80.1723658,40.4192183
leisure:playground,,-79.8780235,40.375801200000005
leisure:park,Elm Leaf Park Pavilions and Playground,-79.9572516,40.3793489
amenity:community_centre,Indian Community Center,-80.0872235,40.407945299999994
leisure:pitch,,-79.9798889,40.53971469999999
leisure:playground,,-79.9822552,40.53788049999999
amenity:community_centre,Franciscan Resource Center,-80.0387911,40.51629340000001
leisure:pitch,Elevate Hoops Academy,-79.9140869,40.4939787
leisure:pitch,,-79.89702210000002,40.372815499999994
amenity:bench,,-80.17239,40.4192355
amenity:bench,,-80.174093,40.41803730000001
amenity:bench,,-80.1723583,40.4192272
amenity:community_centre,Assemble,-79.9460218,40.46526360000001
amenity:community_centre,Kingsley Center,-79.9157088,40.4614001
amenity:library,Carnegie Library of Pittsburgh - West End,-80.0340473,40.44006999999999
amenity:community_centre,Union Project,-79.9265033,40.4719179
amenity:library,Carnegie Library of Pittsburgh-Allegheny,-80.0066891,40.45642869999998
leisure:pitch,,-80.1096503,40.35031539999999
leisure:pitch,,-79.7778198,40.581180499999995
leisure:pitch,,-79.7777152,40.580494999999985
amenity:community_centre,Jewish Community Center,-79.9239341,40.43745520000001
leisure:pitch,Billy Reiche Ballfield,-80.0294811,40.3907362
amenity:childcare,Great Beginnings Learning Center,-79.8754405,40.4262393
leisure:pitch,,-80.039046,40.41791789999999
leisure:pitch,,-80.0389776,40.4178288
leisure:sports_centre,,-79.7846208,40.35838439999999
amenity:community_centre,QMNTY Center,-79.9997753,40.45353969999999
leisure:sports_centre,,-80.3091918,40.538298600000005
leisure:sports_centre,Iron City Ninja,-79.9709631,40.347954599999994
leisure:pitch,,-79.9957551,40.46206420000001
amenity:library,Robinson Township Library,-80.1540775,40.445645299999995
amenity:community_centre,Township of Robinson Community Recreation Center,-80.15389350000001,40.44581720000001
leisure:sports_centre,,-79.7503513,40.34357179999999
leisure:pitch,,-79.9388999,40.41489899999999
leisure:pitch,,-79.9384064,40.41551979999999
leisure:sports_centre,Range USA,-79.7859591,40.4343466
amenity:library,Barco Law Library,-79.95577,40.4419944
leisure:pitch,,-79.8398433,40.5637471
leisure:park,Provost Park (closed),-79.9945276,40.37285829999999
leisure:playground,,-79.9181608,40.4545892
amenity:community_centre,,-79.8943418,40.58087069999999
leisure:playground,,-79.8942651,40.581081700000006
leisure:pitch,,-79.8865917,40.57606870000001
leisure:pitch,,-79.8864635,40.57601519999999
leisure:park,North Park,-80.0102430315459,40.604159873665225
leisure:park,Emmerling Park,-79.86215727960406,40.580338621379596
leisure:park,Agan Park,-79.77759999655589,40.558164536339504
leisure:park,Hampton Community Park,-79.93388493324454,40.58561101881946
leisure:park,Denny Park,-80.0342194257427,40.502937497399614
leisure:playground,,-80.02172044021987,40.54164153997393
leisure:park,Knoxville Incline Greenway,-79.98774247830625,40.42392063067209
leisure:park,Allegheny Landing,-80.00288615219533,40.44708632811132
leisure:pitch,DSG Basketball Court,-80.26530251091631,40.50659779533545
leisure:pitch,DSG Tennis Courts,-80.26499333358773,40.5065179596841
leisure:pitch,Dick's Sporting Goods Baseball Field,-80.26544567818965,40.50987892666596
leisure:park,Boyce Mayview Park,-80.10321969704718,40.32652632252681
leisure:park,Beechwood Farms,-79.90925128730613,40.543588664372024
leisure:pitch,,-80.22153190456149,40.51322820352507
leisure:pitch,,-80.21672537508272,40.55546566812122
amenity:kindergarten,Above & Beyond Child Care Center,-80.0290248083103,40.50925227245687
leisure:park,Fairhaven Park,-80.10355941101905,40.47104918352073
leisure:park,Shouse Park,-80.2166195852742,40.5553975199029
amenity:community_centre,Jewish Community Center,-79.92376300297957,40.43649844102795
leisure:park,Fall Run Park,-79.9453755279424,40.53343839587113
leisure:sports_centre,H&H Sports Complex,-80.22648422440243,40.59336723488229
leisure:park,Frankie Pace Park,-79.99295898256476,40.4409348031975
leisure:park,White Oak Park,-79.78864452329117,40.3426800067784
leisure:pitch,,-79.99499308825621,40.34511153945443
leisure:sports_centre,Settlers Cabin Swimming Complex,-80.15070175837417,40.4340546460741
leisure:pitch,,-80.00597450843465,40.446984832874634
leisure:park,,-80.00294668180445,40.4474792817965
leisure:pitch,,-80.24276894697744,40.36576212182615
leisure:pitch,,-80.00543462875291,40.44680722603903
leisure:park,Robin Hill Park,-80.19042951809737,40.51113692168758
leisure:park,Olson Park,-80.25165176439641,40.53210773436528
leisure:park,Dark Hollow Woods Park,-79.81972419546389,40.51952876323453
leisure:pitch,Field 2,-79.77031816935295,40.41929061774137
leisure:pitch,Field 3,-79.769417948719,40.41949104598895
leisure:pitch,Field 4,-79.76967558592219,40.42017765193063
leisure:pitch,Field 1,-79.7705741270616,40.419979419617086
leisure:park,Frick Park,-79.90505707781153,40.4312702422587
leisure:park,Bronx Field,-80.04059793472724,40.5211546264542
leisure:park,Old Orchard Park,-80.07279044280232,40.569089777068804
leisure:park,Reis Run Park,-80.05844078582739,40.54319855627297
leisure:pitch,,-80.03250867637946,40.47297489965355
leisure:park,North Shore Riverfront Park,-80.01172655349801,40.44525836749485
leisure:park,Fort Pitt Park,-79.94256087317996,40.46990753713867
leisure:playground,,-80.01617218132161,40.429803221642615
leisure:pitch,,-80.01659751733142,40.599011769441034
leisure:pitch,,-80.01414489127731,40.597591610547546
leisure:pitch,,-80.01439797685161,40.59785643832777
leisure:pitch,,-80.01549999733113,40.60020674624071
leisure:park,Washington's Landing Park,-79.97385085307238,40.468738013884824
leisure:playground,Liberty Green Playground,-79.91941257217695,40.463051512026375
leisure:park,,-79.93199441135461,40.45906296846483
leisure:pitch,Central Catholic Football Field,-79.94575935202862,40.445619119581806
leisure:pitch,Panther Hollow field,-79.95025010071056,40.431017574065216
leisure:park,Morrow Triangle Park,-79.93891981221476,40.45655777485195
leisure:pitch,Officer Paul J Sciullo Memorial Field,-79.95468768629304,40.46237160819166
leisure:pitch,Mazeroski Field,-79.95210640015253,40.441412972512374
leisure:park,Schenley Plaza,-79.95261142837043,40.44276031516352
leisure:pitch,,-79.93867824040163,40.44271728478422
leisure:park,Schenley Park,-79.94214748696167,40.43463456794946
amenity:library,Hunt Library,-79.94373973869325,40.44111058773222
leisure:pitch,,-79.94219096200779,40.44261014517224
leisure:park,Peace Garden,-79.943133170908,40.440956306750635
leisure:pitch,,-79.94270958502956,40.43214633812039
leisure:pitch,,-79.94158016128857,40.43290566025816
leisure:playground,,-79.94321986559476,40.44615376855984
leisure:park,Arsenal Park,-79.96116378526801,40.46664856972915
leisure:park,Friendship Park,-79.94618230227597,40.462574285286905
amenity:library,Carnegie Library of Pittsburgh - Main (Oakland),-79.95055494651457,40.442785066820065
amenity:library,Carnegie Library of Pittsburgh - East Liberty,-79.92654440192227,40.46089401148168
leisure:pitch,John Doctor Field,-80.05260219800742,40.36857832849819
leisure:park,Bird Park,-80.05448653843266,40.368458841855535
leisure:playground,Markham Park,-80.05556517220653,40.36655441940311
leisure:pitch,,-80.05579049548246,40.36718189561142
leisure:sports_centre,Mt. Lebanon Swim Center,-80.05587025357238,40.3733489202937
amenity:community_centre,Mt. Lebanon Recreation Center,-80.05533611979519,40.37405028287282
leisure:pitch,Dixon Field,-80.05655382268654,40.37444054777312
leisure:pitch,Clint Seymour Field,-80.05735959637288,40.37306488889571
leisure:pitch,,-80.05293964033716,40.37523390660614
leisure:pitch,,-80.05453553931916,40.3749905604502
leisure:pitch,,-80.05426058568365,40.374841823914565
leisure:pitch,Rock Pile Field,-80.05162197920504,40.37388773055715
leisure:pitch,,-80.05548688333415,40.37606290730294
leisure:pitch,,-80.05587894971104,40.37584423359814
leisure:pitch,,-80.05570019791206,40.3757759454672
leisure:pitch,,-80.05509022369277,40.3764100629338
leisure:pitch,,-80.05567114963776,40.376132447220186
leisure:pitch,,-80.05534060007052,40.37546654992845
leisure:playground,,-80.05383698933326,40.373668817729566
leisure:park,Mt. Lebanon Park,-80.05551659922153,40.37426971761537
leisure:park,Frick Park,-79.90843325375445,40.405784236501376
leisure:sports_centre,Cost Sports Center,-79.9648888693889,40.44627248813817
leisure:pitch,,-79.90493030619835,40.39253137005465
leisure:pitch,,-79.90538131002143,40.3983469728801
amenity:library,Northland Public Library,-80.03472669708438,40.57105799874012
leisure:pitch,Quarry Field,-79.98039921988892,40.420298735696065
leisure:pitch,,-79.96236865612484,40.41405066527657
leisure:pitch,,-79.99081113960928,40.42809798745619
leisure:park,Arlington Playground,-79.97504625600321,40.41828296388429
leisure:pitch,,-80.08751558379593,40.38505935165622
leisure:park,Scott Park,-80.08703424838829,40.384034951520654
leisure:park,Rachel Carson Park,-79.79569511169275,40.537780335331554
leisure:pitch,Allegheny Valley Athletic Stadium,-79.77726543382525,40.54654541872887
leisure:sports_centre,,-79.8109992614418,40.54078035164306
leisure:park,Robert E. Williams Park,-79.95878301770583,40.45475861419148
leisure:pitch,Cowley Athletic Field,-79.98605700512388,40.46160995874201
leisure:pitch,,-79.9891564583777,40.45844945416071
leisure:playground,,-79.91579934996604,40.45390490008272
leisure:pitch,Mellon Park Field 1,-79.91535467613431,40.45515527240742
leisure:pitch,,-79.91637049592453,40.45382554143001
leisure:pitch,Mellon Park Field 2,-79.91614067461737,40.45455390079987
leisure:pitch,Mellon Park Field 3,-79.91671569166452,40.45426070167094
leisure:playground,,-79.92799825005136,40.463437200111386
leisure:pitch,,-79.92782556749317,40.4640923592071
leisure:park,Baum Grove,-79.93530745651765,40.45885615333004
leisure:pitch,Spinner Field,-80.08844079704838,40.364600741111026
amenity:library,Gumberg Library,-79.99145892252083,40.43733184169981
leisure:sports_centre,UPMC Cooper Field House,-79.98780028807437,40.43720775204591
amenity:library,Hillman Library,-79.95410890129857,40.442554029019995
leisure:park,Kennedy Park,-79.86586078455474,40.35168097825564
leisure:pitch,,-80.02966386610913,40.57021969231257
leisure:pitch,,-80.03000528186858,40.56964958947363
leisure:pitch,,-80.05315345563771,40.59992416591821
leisure:park,Mellon Square,-79.99746970512395,40.44092744333512
leisure:playground,Blue Slide Playground,-79.91470828495486,40.4299170645216
leisure:pitch,,-79.91339623729365,40.42981689721314
leisure:playground,,-79.84922255828887,40.37473465190828
leisure:park,,-79.84926370458524,40.37471947424039
leisure:park,West Park,-80.01128656979441,40.453263386662485
leisure:pitch,,-80.00389431803657,40.54391020014933
leisure:pitch,,-80.0031538095318,40.550095125755774
leisure:pitch,,-80.00739844609502,40.51705237861755
leisure:pitch,,-79.93759604600169,40.4252773388411
leisure:pitch,,-79.9374075100694,40.424788370372106
leisure:pitch,,-79.93745275644265,40.42579257910317
leisure:pitch,,-79.91737911772874,40.42651205230014
leisure:pitch,,-79.89787836860278,40.4378193425515
leisure:pitch,,-79.89759598439078,40.43856643248237
leisure:pitch,,-80.15809475404977,40.301089011232186
leisure:park,Brookline Memorial Park,-80.00727388191025,40.3907281944138
leisure:park,Phillips Park,-79.9914349373107,40.39094101263663
leisure:pitch,,-80.08244192852092,40.522307042784156
leisure:pitch,,-80.0861104552246,40.521181143077484
leisure:pitch,,-80.08717522106735,40.520535629760026
leisure:pitch,,-80.0868842339041,40.52114183960364
leisure:park,Mellon Green,-79.9955012104828,40.44031254011164
leisure:park,Moon Park,-80.18204058569717,40.48980821156107
leisure:pitch,,-79.9243554072295,40.44516535137407
leisure:park,Memorial Park,-79.86719242567679,40.351499408425255
leisure:park,Renziehausen Park,-79.82650736247012,40.339515478693365
leisure:park,Riehl Park,-80.00911333125197,40.37632880679607
leisure:pitch,,-79.94157049237558,40.45165908777732
leisure:park,,-79.99985387628935,40.40751489402098
leisure:park,McKinley Park,-80.00160737481407,40.41269287949144
leisure:park,Volunteers Park,-79.99288517034373,40.39715364708851
leisure:park,Carmalt Field,-80.00639146878835,40.386330602408336
leisure:park,Transverse Field,-79.98459612559388,40.40696588858388
leisure:park,Winter Park,-79.98151868655556,40.42260877779383
leisure:park,Armstrong Park,-79.98584645681842,40.42807169458502
leisure:pitch,,-79.97874278315749,40.41878343386513
leisure:park,South Side Park,-79.97748556203346,40.42081979652896
amenity:community_centre,Brookline Recreation Center,-80.00837659849846,40.39125491948399
leisure:pitch,,-80.2145707056156,40.44097699799701
leisure:pitch,,-80.22503167797001,40.44114127309881
leisure:park,West Penn Park,-79.9715852211117,40.45487284219163
leisure:playground,Friendship Playpark,-79.9360314414257,40.46213261104547
leisure:pitch,,-79.92994515014631,40.46149330000881
leisure:pitch,,-80.15753181070178,40.42979019346176
leisure:playground,,-80.1577449021809,40.42560723903799
leisure:sports_centre,,-79.95649139126006,40.42058680511444
leisure:pitch,,-79.94865540010477,40.45239385014384
leisure:pitch,,-79.92142993090549,40.44937174844378
amenity:library,Jennie King Mellon Library,-79.92617526719278,40.448558147924366
leisure:pitch,,-80.0157676254193,40.44679167301572
leisure:park,Orchard Heights Park,-79.98928841003055,40.368736054301046
leisure:park,Sunset Hills Park,-80.0273259356276,40.3835612563424
leisure:pitch,O'Brien Field,-80.01379001054619,40.37135673451876
leisure:park,Armstrong Park,-80.01588218493909,40.37967848243823
leisure:park,Millennium Park,-80.01843827498833,40.348279171548754
leisure:sports_centre,Paradise Island Bowl and Beach,-80.14951993507029,40.516827624686954
leisure:sports_centre,RMU Island Sports Center,-80.15228832646324,40.51889736454367
leisure:pitch,,-80.14911675139443,40.51628796493013
leisure:park,Pennsbury Park,-80.09970656850082,40.430196328835066
leisure:pitch,,-80.10099105004161,40.42869040004113
leisure:pitch,,-80.10091569945563,40.42846664964974
leisure:pitch,,-79.83824743441544,40.4122320082913
leisure:pitch,,-79.83883082272158,40.412508333584526
leisure:pitch,,-79.83841680740284,40.41215356554815
leisure:park,,-79.8387978757514,40.41238724068716
leisure:pitch,,-80.07336741853952,40.5141126191331
leisure:pitch,,-80.07357624998942,40.5141059499615
leisure:park,Ben Avon Heights Park,-80.07328096940148,40.514359316671
leisure:pitch,,-80.06982427072847,40.51515577452293
leisure:pitch,,-80.06952484721008,40.51516737149217
leisure:playground,Blueberry Hill Playground,-80.10078179834844,40.581304275158104
leisure:pitch,Volleyball Court,-80.1002342318704,40.57987992023308
leisure:pitch,,-80.1016689834658,40.58127717131595
leisure:pitch,,-80.10100268018405,40.5803846637442
leisure:pitch,,-80.10208463907301,40.57997106428624
leisure:pitch,,-80.10268227066896,40.58020492193239
leisure:sports_centre,Curry Gymnasium,-79.88695226348342,40.52236208293525
leisure:park,East End Park,-80.22787163567443,40.370835085149665
leisure:pitch,,-80.22794974302086,40.37058707027649
leisure:pitch,,-80.22786143624191,40.371183348933734
leisure:pitch,,-79.77731979679447,40.53868458650884
leisure:pitch,Lampus Field,-79.77730165786015,40.53807747571627
leisure:pitch,,-79.77716508483357,40.538750411000656
leisure:pitch,,-80.03006355089907,40.568712174783116
leisure:pitch,,-80.03068762260888,40.56980342599718
leisure:playground,Anderson Playground,-79.94733647998181,40.43564011059975
leisure:pitch,,-80.10644540642478,40.5913558969961
leisure:pitch,,-80.26710296584763,40.58367715531835
leisure:pitch,,-80.26538789998509,40.583562700012095
leisure:pitch,,-80.26753584995193,40.58368180001403
leisure:pitch,,-80.26749069757018,40.58417965597238
leisure:pitch,,-80.09286722943195,40.58838620434595
leisure:pitch,,-80.09239494518361,40.588853589753626
leisure:park,Agnes R. Katz Plaza,-80.00067281348313,40.443382527520306
leisure:park,Arts Landing,-79.99908621897539,40.444238846192405
leisure:park,9th & Penn Parklet,-79.99857906759503,40.44387874037797
leisure:sports_centre,YWCA of Greater Pittsburgh,-80.00171922735942,40.43920994901136
leisure:park,Firstside Park,-79.99792377961899,40.436506933559485
leisure:park,Cindy Esther Plaza,-79.98619419999383,40.42857329998021
leisure:pitch,Ormsby Field,-79.97407021446118,40.429869662202066
amenity:library,Carnegie Library of Pittsburgh - South Side,-79.9742429550547,40.42867343976816
leisure:park,,-79.97598600004794,40.42876534990718
leisure:sports_centre,Rothrock's Kung Fu & Tai Chi Academy,-79.97138144067134,40.4280211645382
leisure:pitch,,-80.06008420160788,40.56406710842669
leisure:pitch,,-80.05987406422967,40.56518181475805
leisure:pitch,,-80.06004510871074,40.56516868085436
leisure:pitch,,-80.05982246937076,40.564690602837366
leisure:playground,,-79.94423806671456,40.434223716490685
leisure:pitch,,-79.95946063193786,40.446956136536414
leisure:pitch,,-79.95982025023777,40.44634672665856
leisure:sports_centre,The Club Sport & Health,-79.7853576789587,40.432981209916264
leisure:sports_centre,Paramount Athletic Club,-79.78061505942941,40.43556212896436
leisure:pitch,,-79.78448224987181,40.43971865013439
leisure:playground,,-79.77697944997442,40.43419100000387
leisure:pitch,,-79.76313324117406,40.384838012387846
leisure:pitch,,-79.76390922026796,40.38412253027948
leisure:pitch,,-79.76441518821312,40.38362597231549
leisure:pitch,,-79.76422950795764,40.38485125047799
leisure:pitch,,-79.76483170814255,40.383005028245194
leisure:pitch,,-79.76569177336354,40.50616967669519
leisure:pitch,Vanucci Field,-80.01748770538047,40.414873332013556
leisure:pitch,,-80.02179014862496,40.41472925054137
leisure:pitch,,-80.01825847120702,40.420762675053766
leisure:pitch,,-80.01926206601621,40.41845913210911
leisure:pitch,,-79.94027597671203,40.44318777050938
leisure:pitch,,-80.07235164861817,40.336312849443736
leisure:park,Monongahela Park,-79.96622059244824,40.421821452489084
leisure:pitch,,-80.00551647452309,40.44683335618555
leisure:playground,,-80.27961823512071,40.575898282681315
leisure:pitch,,-80.28130288533394,40.57603021388296
leisure:pitch,,-80.28055059920071,40.575833997293884
leisure:pitch,,-80.28097151633895,40.57650112745578
leisure:pitch,,-80.28040116108355,40.576244329060906
leisure:pitch,,-80.26047342654641,40.5907774544835
leisure:pitch,,-80.26187930436194,40.592091839247935
leisure:pitch,,-80.26196296589642,40.59186837919114
leisure:playground,,-80.26086818294647,40.59272468177077
leisure:pitch,,-80.25031802717187,40.58909696568577
leisure:pitch,,-80.25059270251464,40.588176036999286
leisure:pitch,,-80.25305967794412,40.58666011856084
leisure:pitch,,-80.25074519628787,40.58768899962068
leisure:pitch,Tony Dorsett Stadium,-80.25169843921914,40.5874855494593
leisure:pitch,Woods Field,-79.98726683329252,40.58711555812844
leisure:pitch,Donora Field,-79.98410660988074,40.589463840886324
leisure:pitch,,-79.98879220523636,40.4361743230908
leisure:pitch,,-80.04784227798883,40.590150411579636
leisure:pitch,,-80.04761809648446,40.58900903313971
leisure:pitch,,-80.04771833154538,40.5896867516101
leisure:park,Riverside Park,-79.84505357877876,40.52442977164882
leisure:park,Old Economy Village,-80.23300001427519,40.59611992612806
leisure:pitch,Ambridge High School Athletic Field,-80.22668687356014,40.59120333361258
leisure:park,Milltown Community Park,-79.79251044353899,40.5079724990462
leisure:park,North Bessemer Field,-79.78498735827769,40.49389258207747
leisure:park,Meadow Avenue Park,-79.78679714849187,40.489877623565505
leisure:pitch,Penn Hills Xtreme Skate Park,-79.82706267769798,40.45941085516025
leisure:park,Duff Park,-79.82897184197955,40.45844851603834
leisure:park,Universal Memorial Park,-79.7837671655285,40.4699431852766
leisure:park,Crescent Hills Park,-79.82884573004887,40.47749249207925
leisure:pitch,,-80.09104322591764,40.58703487968266
leisure:pitch,William McKinley Soccer Field,-79.82887963380226,40.507902614640926
leisure:park,William McKinley Park,-79.8288145062202,40.50658070499417
leisure:pitch,,-80.18706655774446,40.506259720408465
leisure:pitch,,-79.9177593295934,40.30025878657388
leisure:park,Friendship Park,-79.80788334255269,40.50815612967496
leisure:park,Penn Hills Community Park,-79.81836138383284,40.516265463871164
leisure:pitch,,-79.92099380286267,40.49938276244629
leisure:playground,,-79.92096332180118,40.49955719250616
leisure:pitch,,-79.92080398378755,40.49874504807765
leisure:pitch,,-79.93880570056666,40.4432907337644
leisure:pitch,,-80.02986444719886,40.486496481855724
leisure:pitch,,-80.03074730036414,40.48593116388659
leisure:pitch,,-80.02374329555356,40.48768097015835
leisure:park,Brighton Heights Park,-80.02993415393134,40.485795857354255
leisure:pitch,,-80.02222049985595,40.4823184499628
leisure:pitch,,-80.02244819984286,40.4822724499713
leisure:pitch,,-80.04902828234975,40.48769943541397
leisure:pitch,,-80.10363407095876,40.472791838543905
leisure:pitch,,-80.10450647414464,40.47293326550644
leisure:pitch,,-80.10281147961571,40.471934738765285
leisure:pitch,,-80.1007382981085,40.47179604070248
leisure:pitch,,-80.10068797706171,40.47231434727932
leisure:pitch,,-80.10262724516429,40.47265947215262
leisure:pitch,,-79.92746308789758,40.44347948430953
leisure:pitch,,-79.93815409994536,40.445868999942455
leisure:pitch,Robert J. Grandizio Athletic Complex,-79.88827590328987,40.52232009459933
leisure:pitch,,-79.8214924586209,40.52650917722491
leisure:playground,Black and Gold Playground,-80.00108005027538,40.308442079412586
leisure:pitch,,-79.99510875872272,40.30590129699968
leisure:pitch,,-79.99455577376814,40.30489038767762
leisure:pitch,,-79.99340167355031,40.30477100434615
leisure:pitch,,-80.02031372990797,40.58929602408257
leisure:pitch,,-80.0724273217908,40.579606280735824
leisure:pitch,,-80.06014723693234,40.564414184760054
leisure:park,,-80.01278403863712,40.45151724412031
leisure:sports_centre,Mellon Gymnasium,-79.88692829678344,40.52184476290648
leisure:pitch,,-79.88811192290854,40.43254579602623
leisure:pitch,,-79.88881353625443,40.43246374479687
leisure:pitch,,-79.88427246410583,40.415285381095764
leisure:pitch,,-80.01868274991797,40.591127470756085
leisure:park,West Homestead Community Park,-79.91491187296265,40.39503687391118
leisure:pitch,,-79.92284771894437,40.392787216750236
leisure:pitch,,-79.89863262874564,40.38747483204209
leisure:pitch,,-79.89676184496503,40.38779620682475
amenity:childcare,Allegheny General Hospital Center for Children,-79.9992538139808,40.4565747883836
amenity:community_centre,Findlay Township Activity Center,-80.2450201546781,40.45025873023639
leisure:pitch,,-79.82202739940222,40.527744423438676
leisure:pitch,,-79.82573112989245,40.52744795023595
leisure:park,Chartiers Park,-80.10870360996175,40.349644784931705
leisure:park,Westinghouse Park,-79.90276276910146,40.45299968585459
leisure:park,Shady Side Academy Far Fields,-79.88883142717853,40.52606136954026
leisure:pitch,,-79.88665545076425,40.52738710121799
leisure:pitch,,-79.88752744578792,40.52716413057937
leisure:pitch,,-79.88831723611479,40.52652394865652
leisure:pitch,Lower Tennis Courts,-79.88693359995716,40.52301454964944
leisure:sports_centre,McKnight Hockey Center,-79.88717646545518,40.52391523597491
leisure:pitch,,-79.88932921612937,40.52172556289844
leisure:pitch,,-79.89189400015883,40.52502015046517
leisure:playground,,-79.89450244718832,40.52740115554898
leisure:park,Riding Meadow Park,-79.89517378773631,40.52522439356472
leisure:pitch,,-79.88262096211956,40.49789897546094
leisure:playground,,-79.882262798976,40.49795644647865
leisure:pitch,,-79.88227824990291,40.49735229999063
leisure:pitch,,-79.88199604995943,40.49731995002154
leisure:pitch,,-79.88164967915428,40.49652448104903
leisure:pitch,,-79.88166749013338,40.49571636675319
leisure:pitch,,-79.87656259998462,40.52158580004068
leisure:pitch,,-79.87658805797678,40.52147631874791
leisure:pitch,,-79.87620589998538,40.52153405004083
leisure:pitch,,-79.87622574998473,40.52143485003996
leisure:pitch,,-79.87087994984377,40.520028149161085
leisure:pitch,,-79.8689651125619,40.52018725364985
leisure:pitch,,-79.86783325926416,40.52007661882675
leisure:pitch,,-79.8697890499594,40.520464099539716
leisure:pitch,,-79.87061534932757,40.51774535106184
leisure:pitch,Varsity Soccer Field,-79.89033809307313,40.52226607403806
leisure:pitch,,-79.89030845778701,40.522938031681534
leisure:pitch,Junior Varsity Soccer Field,-79.89093812557921,40.52283504075975
leisure:pitch,,-79.88944595522396,40.52247967410286
leisure:pitch,,-79.88225772338477,40.529008370013166
leisure:pitch,,-79.88032704936211,40.528920449919646
leisure:sports_centre,Fox Chapel Racquet Club,-79.89292832797315,40.5105951245279
leisure:pitch,,-79.89194880531122,40.51048507082573
leisure:park,Trillium Trail,-79.89953712220643,40.51933705600339
leisure:park,Fay Park,-79.88509419844827,40.50022229552805
leisure:park,Old Squaw Trail Park,-79.90080857943683,40.53642790362647
leisure:park,O'Hara Township Community Park,-79.88146875582659,40.49746882189646
leisure:park,Salamander Park,-79.88441551051204,40.50623766034806
leisure:park,Hartwood Acres,-79.91388778255876,40.56784175770122
leisure:pitch,,-79.92621572780047,40.56987260811719
leisure:park,Red Gables Farm,-79.90099000059269,40.551669309538426
leisure:park,Crofton Park,-79.87064657701929,40.51654845897616
leisure:playground,,-79.86261023281423,40.51484071088641
leisure:pitch,,-79.86575261805856,40.51510940957981
leisure:pitch,,-79.86239343795417,40.51611275142772
leisure:pitch,,-79.86176390181014,40.515257335731555
leisure:pitch,,-79.85604749999456,40.51390149995842
leisure:pitch,,-79.85602720950638,40.51353945378279
leisure:pitch,,-79.85620934996483,40.51494160006167
leisure:playground,,-79.85608679337818,40.514358762685355
leisure:pitch,,-79.85599118126899,40.51489393641554
leisure:pitch,,-79.85591045001951,40.51487599999327
leisure:pitch,,-79.89128732242392,40.513612725966894
leisure:pitch,,-79.89156332726563,40.513622373992796
leisure:pitch,,-79.89157634999206,40.51381370004863
leisure:pitch,,-79.8916330999913,40.51372055005207
leisure:pitch,,-79.88821606994321,40.52097440703134
leisure:pitch,,-79.88383606248786,40.51827566059152
leisure:pitch,,-79.88779882943689,40.51521226174903
leisure:pitch,,-79.88274552301145,40.51829056837861
leisure:pitch,,-79.88261031314218,40.518000239710354
leisure:pitch,,-79.88812365179004,40.51404599300998
leisure:park,McCahill Park,-79.88985713881483,40.509635756905276
leisure:pitch,,-79.89050859999314,40.510033999967085
leisure:park,Scott Park,-79.89320658726957,40.516488694036326
leisure:pitch,,-79.88668106510497,40.496534220966616
leisure:sports_centre,Community Swim Club,-79.8561985876918,40.515155996342244
leisure:park,Beulah Frey Park,-79.85667332299535,40.51398578854844
leisure:park,Camp Guyasuta,-79.91043272821119,40.50125167616792
leisure:playground,,-79.88215045914842,40.497782536008685
leisure:playground,,-79.88236275202004,40.497726366983066
leisure:pitch,,-79.90880162292044,40.49419175283139
leisure:pitch,,-79.90881457318888,40.49404550317662
leisure:pitch,Ben Killian Field,-79.90833828320001,40.49429028064141
leisure:pitch,,-79.90857002011371,40.49344310174751
leisure:playground,,-79.90843647809349,40.49469301703885
leisure:park,Firemen's Memorial Park,-79.90664016792329,40.49652698369719
leisure:park,Briarcliff Parklet,-79.91806685289428,40.50530067843797
leisure:park,Meadow Park,-79.92209425526218,40.49881303968163
leisure:pitch,,-79.9216635838648,40.49863152431536
leisure:pitch,,-79.88519272630043,40.51557468616582
leisure:pitch,,-79.88304844793258,40.51377653934341
amenity:library,Cooper-Siegel Community Library,-79.87991242490605,40.51533355421159
leisure:pitch,,-79.88395905595283,40.52096837457957
leisure:pitch,,-79.88221464987359,40.52125399993781
leisure:pitch,,-79.88110359724743,40.494048281383385
leisure:park,Falconhurst Park,-79.86352675811273,40.51097648981565
leisure:playground,,-79.90370419087616,40.49284102233254
leisure:sports_centre,Mellon Park Tennis Center,-79.9170952518125,40.45372547428893
leisure:park,Mellon Park,-79.91694658862396,40.45327773726019
leisure:playground,Highland Park Super Playground,-79.91824144990692,40.48042335653171
leisure:pitch,,-79.91881764999968,40.478823700020904
leisure:park,Highland Park,-79.91532270616453,40.48088866930395
leisure:pitch,,-79.91327161892656,40.47646638756841
leisure:playground,,-79.91064996700624,40.479211174667526
leisure:playground,,-79.90996364998816,40.48009310004515
leisure:pitch,,-79.9114211047688,40.48265868715025
leisure:park,Wightman Park,-79.92707737619784,40.44331313276749
leisure:playground,,-79.92640132948694,40.442632585534675
leisure:park,Filmet Park,-79.88070586080336,40.42509753120299
leisure:playground,,-79.8808007839364,40.4250849829409
leisure:playground,,-79.88073819985536,40.42518066052343
leisure:pitch,,-80.1882192898543,40.327251958847945
leisure:pitch,,-80.30818538223087,40.301171083918994
leisure:pitch,,-80.30771937257676,40.30066338935431
leisure:pitch,,-80.2199169458331,40.31754249049045
leisure:pitch,,-80.22070135140748,40.31769702458015
leisure:playground,,-80.21793504324418,40.31840605046738
leisure:park,Cecil Park,-80.21986910672855,40.31759430258628
leisure:pitch,,-80.22073825444423,40.31706914967267
leisure:pitch,,-80.22342848723979,40.319409224218134
leisure:pitch,,-80.25323491044773,40.327424843694935
leisure:park,Catalano Parklet,-79.99195330003467,40.46027205018454
leisure:pitch,,-79.95947210491708,40.492852571200004
leisure:pitch,,-79.96030585510593,40.49275662205548
leisure:pitch,,-79.96133746118265,40.492540731711806
leisure:playground,Fifty-Seventh Street Playground,-79.94677176774094,40.48599042475854
leisure:pitch,,-79.94689954989818,40.48593595001074
leisure:pitch,,-79.95875726976223,40.49299178039631
leisure:pitch,,-79.96069173286573,40.4920876986602
leisure:pitch,,-79.96117622098389,40.49192143332732
leisure:pitch,Fifty-Seventh Street-ARCO Baseball Field,-79.94631092444644,40.48604813845833
leisure:pitch,,-79.93329706773092,40.482475969474905
leisure:pitch,,-79.9333402887036,40.48249603340046
leisure:pitch,,-79.93374269956477,40.48431806695362
leisure:pitch,,-79.93399115020118,40.48438375001718
leisure:pitch,,-79.93355214999895,40.480548850102835
leisure:playground,Dinan Playground,-79.93302042109623,40.48415358202007
leisure:pitch,Officer Eric G. Kelly Memorial Baseball Field,-79.93350587098779,40.48367392684395
amenity:library,Oakmont Carnegie Library,-79.84172359534863,40.522054954678346
leisure:park,Memorial Park,-79.81989995016357,40.3981057082685
leisure:playground,,-80.02809069998443,40.513874550010094
leisure:pitch,,-80.03284135130369,40.520651100832495
leisure:pitch,,-80.02823736483047,40.513963202439975
leisure:pitch,,-80.02971946647202,40.51239800367223
leisure:park,Sam Chioda Field,-80.07861339050353,40.40113242148963
leisure:pitch,,-80.07863104771259,40.40127115695613
leisure:pitch,,-79.91720851408165,40.4291583012041
leisure:park,Schenley Oval,-79.94239691331559,40.43295336597069
leisure:park,,-79.94483287039871,40.41289279362694
leisure:playground,Davis Playground,-79.92453262044651,40.43237366609667
leisure:park,,-79.92497132227558,40.43235064039458
leisure:pitch,,-79.92523664999337,40.432287449930115
leisure:pitch,,-79.9250155779851,40.43231374693042
leisure:pitch,,-79.9813119107376,40.540798070730276
leisure:pitch,,-80.12387128441047,40.45310724176612
leisure:pitch,,-80.1286325439709,40.44731579771513
leisure:pitch,,-80.12945421775035,40.44818847212086
leisure:pitch,,-80.13156876948055,40.46831283312951
leisure:pitch,,-80.13175338836713,40.46811958904465
leisure:playground,,-79.94574975396995,40.43307898378544
leisure:pitch,Dan Marino Field,-79.95468491028267,40.42927468366112
leisure:park,,-79.99465389614727,40.439968992295135
leisure:pitch,Ambrose Urbanic Field,-79.96729714560873,40.444609516615586
amenity:community_centre,Saint Vladimir Ukrainian Church Hall,-79.98019184863111,40.42931198624937
leisure:pitch,Aiken 1,-80.0422768430609,40.42317752683
leisure:pitch,Aiken 2,-80.04221051946652,40.422513192706596
leisure:pitch,Hemlock 2,-80.04334353427947,40.42221041844602
leisure:pitch,,-80.04414685500018,40.42230933479785
leisure:pitch,Hemlock 1,-80.04401898095848,40.4227148696762
leisure:pitch,,-80.04126779844007,40.42303325040058
leisure:pitch,,-80.04075932963092,40.42175724510959
leisure:park,Leopold Lake Park,-80.26807133538111,40.466543450428816
leisure:pitch,,-80.26896392286754,40.46463905967672
leisure:pitch,,-80.26858140337066,40.46465895200585
leisure:pitch,,-80.26846997038892,40.46633655950774
leisure:pitch,,-80.26914615881513,40.465352130599484
leisure:pitch,,-80.26650866297287,40.46799043087354
leisure:park,Elm Street Park,-80.24603771741513,40.454747428350565
leisure:pitch,,-80.2469278997649,40.454945500073045
leisure:pitch,,-80.24654488344633,40.455335949880165
leisure:pitch,,-80.24605055608377,40.45483258971562
leisure:pitch,,-79.96270185990788,40.46793381494845
amenity:community_centre,Lodge,-80.08694687774586,40.38268058203982
leisure:sports_centre,Community Room,-80.08784384487195,40.383448460710525
leisure:pitch,,-79.98999344977584,40.43559750157281
leisure:park,North Park,-80.00360581015536,40.455010978218574
leisure:park,,-80.00736409422038,40.45454881298757
leisure:pitch,Fineview Field,-80.00426305742273,40.45989313855102
leisure:park,Bell Acres Recreation Park,-80.15104797394127,40.59147810197748
leisure:park,Allegheny Commons East Park,-80.00178719245531,40.45201045243474
leisure:pitch,,-80.00360263941292,40.455095814162604
leisure:pitch,,-79.86463196963038,40.43595717145743
leisure:pitch,,-80.08561729999458,40.384600799976454
leisure:pitch,,-80.08632516833039,40.382928251368625
leisure:playground,,-80.08627145152444,40.38310477660391
leisure:sports_centre,South Park RC Airfield,-80.00219130067525,40.30178477201729
leisure:pitch,,-79.93396452394244,40.58453469010168
leisure:pitch,,-79.93380434991886,40.58370615053888
leisure:pitch,,-80.03387140899088,40.50348697164503
leisure:pitch,,-80.0345173763045,40.50234793924416
leisure:pitch,,-80.01928430420485,40.41951707201791
leisure:pitch,,-79.89183239452935,40.30199734547731
leisure:pitch,,-79.89102915223194,40.30280633964929
leisure:pitch,,-79.89133811562706,40.3012641438034
leisure:pitch,,-79.88766753361307,40.3021387130955
leisure:park,Glassport Honor Roll Park,-79.89285215715073,40.328238958563354
leisure:pitch,,-79.97111249788679,40.45559154926069
leisure:playground,Farmhouse Playground,-79.91351284440486,40.476074319059514
leisure:pitch,,-80.04432412918545,40.440064600998376
leisure:pitch,,-80.0792420487704,40.39889952850991
leisure:pitch,Field #1,-80.0796717381378,40.39768006604937
leisure:pitch,,-80.03420766172557,40.43817563485503
leisure:pitch,,-80.06106209700644,40.45975617296991
leisure:pitch,,-80.06019465373436,40.458970834393014
leisure:pitch,,-80.0609961204188,40.45935278665379
leisure:park,Sheraden Park,-80.05969255724746,40.45806865327715
leisure:park,Troy Hill Citizens Community Park,-79.98369729059674,40.46329050699807
leisure:park,Troy Hill Citizens Park,-79.98379884117853,40.46300680645056
leisure:pitch,,-80.01803152570074,40.55924174663837
leisure:pitch,,-80.017161940857,40.55923498343971
leisure:pitch,,-80.01827879140099,40.56006673084278
leisure:pitch,,-80.01701078071537,40.56002641986946
leisure:pitch,,-80.0176185632386,40.560236204601054
leisure:pitch,,-80.01707453540891,40.56080443812428
leisure:pitch,,-80.01657753858467,40.56078634863136
leisure:pitch,,-79.75309509248817,40.43102076317425
leisure:pitch,,-79.75211398747877,40.43057547198281
leisure:pitch,"William T ""Doc"" Dougherty Veterans Memorial Field",-79.94816818914329,40.50201398749473
leisure:pitch,William T Dougherty Memorial Field,-79.94742335325944,40.50160209723062
leisure:pitch,Discovery Soccer Field,-80.18846492110488,40.48955054271356
leisure:pitch,Dicks Sporting Goods Soccer Field,-80.26390613196243,40.50953576962849
leisure:pitch,,-79.89527089998006,40.42309961608464
leisure:pitch,,-79.97307151907651,40.44226485954331
leisure:pitch,,-79.95396420629972,40.46220235627836
leisure:pitch,,-79.97274494547672,40.44318017894501
leisure:pitch,Vartabedian Field,-79.96805985296109,40.44416604483522
leisure:pitch,Charles L. Cost Field,-79.96619511717343,40.445248906245475
leisure:pitch,Hammer Field,-79.94656230557253,40.42048579815016
leisure:pitch,,-79.94624735676275,40.4211939313916
leisure:pitch,,-79.92245499033528,40.46795730311727
leisure:pitch,Fort Pitt Field,-79.94292592667396,40.46943724535191
leisure:pitch,,-79.95046556820324,40.43862549868561
leisure:pitch,,-79.94533301810962,40.426229253860114
leisure:pitch,,-79.79670014071758,40.39945231764803
leisure:pitch,,-80.0672172883652,40.441885597399086
leisure:pitch,,-80.06745440251959,40.44132179408726
leisure:pitch,,-80.21116223310815,40.455469155705714
leisure:pitch,Harry C. Story Ball Field,-80.1437349423308,40.505186680641756
leisure:pitch,Whispering Woods Athletic Field,-80.26867794405908,40.53069463444806
leisure:pitch,,-79.91424124999011,40.42991499999058
leisure:pitch,,-79.91411636852719,40.42974262371296
leisure:pitch,,-79.9894057912989,40.4584973791793
leisure:pitch,,-79.9888723565861,40.45834802225121
amenity:kindergarten,Tender Care Learning Center,-80.02284461731242,40.33388577916956
leisure:sports_centre,,-80.02705799065296,40.339876811526665
leisure:pitch,,-80.05128677488798,40.34299159898807
leisure:playground,,-80.05110565932019,40.34287622941575
leisure:pitch,,-80.05062687169698,40.34302414778069
leisure:pitch,,-80.04745109137959,40.34413164320519
leisure:playground,,-80.04737932546651,40.348139047097085
leisure:park,,-80.04730481949649,40.34813470483028
leisure:pitch,,-79.99803540408652,40.305303327276675
leisure:pitch,,-79.99829274880032,40.30613604142432
leisure:pitch,,-79.9978060475964,40.30455403431713
leisure:pitch,,-79.99751110567064,40.30410805112969
leisure:pitch,,-80.02767586186671,40.32998884069108
amenity:community_centre,Bethel Park Community Center,-80.02876631536796,40.330744810116215
leisure:pitch,,-80.04309556012478,40.33788704790996
leisure:pitch,,-80.04284340265427,40.33741134342484
leisure:pitch,,-80.04219080737589,40.3316460009741
leisure:pitch,,-80.04033068142928,40.33260447883079
leisure:pitch,,-80.03030629999805,40.33574399999286
leisure:playground,,-80.02870897028849,40.329919728118405
leisure:pitch,,-79.98667979231334,40.43993424373307
leisure:pitch,,-79.94340741936459,40.43250940689839
leisure:pitch,,-79.97855074096391,40.44958726643454
leisure:pitch,,-79.97791789235312,40.44965989793213
leisure:pitch,McCloskey Field,-79.98779638278448,40.43664522428757
leisure:pitch,,-80.06583501988499,40.42555279566725
leisure:pitch,,-79.97045967576607,40.39591219980275
leisure:pitch,,-79.9937993572252,40.35374153530419
leisure:pitch,,-80.039214529089,40.32191376785011
leisure:pitch,,-80.03807428122117,40.32137372646262
leisure:pitch,,-80.0374384039704,40.32135135868215
leisure:pitch,,-80.07954216258264,40.33278237522972
leisure:pitch,,-80.07237980006661,40.33416080010129
leisure:pitch,Founders’ Field,-80.07287952004889,40.33445114136117
leisure:pitch,,-80.0846372329109,40.326749716349894
leisure:park,Frank Curto Park,-79.9775247687242,40.451289646429274
leisure:pitch,,-79.97410129324736,40.29971587499797
leisure:pitch,,-80.10271760456999,40.381540453605176
leisure:pitch,,-80.14585651066727,40.35576037576016
leisure:pitch,,-80.14514362578576,40.35587983543762
leisure:pitch,,-80.14458260291767,40.35592209343736
leisure:pitch,,-80.14538792273154,40.355494061550225
leisure:pitch,,-80.14479356509992,40.35551450177949
leisure:pitch,,-80.14411544452368,40.349334046792876
amenity:library,Carnegie Library of Pittsburgh Squirrel Hill,-79.9226508768692,40.43844529207978
leisure:pitch,,-79.89363712304251,40.41890790913701
leisure:pitch,,-79.77837118681514,40.58039066304154
leisure:pitch,,-79.77842178265351,40.58064363498373
leisure:pitch,,-79.77684153937109,40.58103569959371
leisure:pitch,,-79.95620779292987,40.52976688031248
leisure:park,,-80.22321315986513,40.57179084125123
leisure:pitch,,-80.2229851122751,40.572221222971734
leisure:pitch,,-80.18701285255021,40.535539107527825
leisure:park,Riverfront Park,-80.18952135560255,40.53787440015654
leisure:pitch,,-80.20490830228626,40.56016492328694
leisure:pitch,,-80.19744169521672,40.55823685071215
leisure:park,Heritage Park,-80.24062146321452,40.36581616280189
leisure:park,Magee Playground,-79.93733387635778,40.42518015347676
leisure:pitch,,-80.05043279241882,40.43083529636074
leisure:pitch,,-80.04325878487577,40.439389191777934
leisure:pitch,Carlynton Baseball Field,-80.09791593629951,40.42627026050656
leisure:pitch,,-80.03096721141036,40.469740620515
leisure:pitch,,-80.01830657442187,40.492612618258164
leisure:park,Riverview Park,-80.02005839774674,40.48181840429058
leisure:park,Matulevic Field,-79.97859185607938,40.51399271043535
leisure:pitch,Anderson Field,-79.97672307045087,40.51253177181324
leisure:pitch,,-79.97469117866491,40.51400084148484
leisure:pitch,Lady Titan Softball Field,-79.97486867252903,40.51739040813446
leisure:park,Kiwanis Park,-79.96666544748814,40.522673270046916
leisure:park,Tunnel Park,-79.96474983263161,40.42830128636208
leisure:park,Warrington Recreation Center,-80.00142085922386,40.42141331345724
leisure:pitch,Tower Field,-80.03997953205383,40.413812512797364
leisure:pitch,,-79.97497862063891,40.41845576543119
leisure:sports_centre,Fitzgerald Field House,-79.96415752094826,40.4434905647068
leisure:pitch,,-80.02878613896765,40.43978388414675
leisure:pitch,Skookum Field,-80.0284224527448,40.4402062321493
leisure:pitch,,-80.01859371733055,40.430861148892035
leisure:pitch,,-80.01421424572248,40.424502912655136
leisure:pitch,,-80.0148239032664,40.42434850981542
leisure:pitch,,-79.9974452592976,40.41365006612024
leisure:pitch,,-79.99261880996333,40.39812741882867
leisure:pitch,Volunteers Field,-79.99349788725199,40.39722715534485
leisure:pitch,,-79.99241006224999,40.396140368005035
leisure:pitch,,-79.96980275521722,40.37480395446947
leisure:pitch,,-79.97085063064239,40.37545338058925
leisure:pitch,,-79.98224970070501,40.3256051494427
leisure:sports_centre,"Gateway Senior High School, Sports Complex",-79.7533065499755,40.43209725008313
leisure:park,Moore Park,-80.0134941767566,40.40516214123648
leisure:sports_centre,Eden Park Roller Rink,-79.83700237375808,40.327824589198286
amenity:library,Monroeville Public Library,-79.75489592226016,40.429003309121995
leisure:pitch,,-79.75705091966091,40.42863730500645
leisure:park,Elm Leaf Park,-79.95487967561925,40.37917752060235
leisure:pitch,,-79.9005853947173,40.47798424183695
amenity:library,Clifford E. Barbour Library,-79.92051415616248,40.467311235498684
leisure:pitch,,-79.9211001693875,40.46585160549283
leisure:pitch,,-79.92757734178079,40.47758024882628
leisure:sports_centre,WPSD gym,-79.88117564777669,40.433582786298274
leisure:sports_centre,WPSD Gym,-79.88183180900978,40.433100061853494
leisure:pitch,,-80.12210130139437,40.46617070140623
leisure:park,Clever Park,-80.13256554632463,40.46792023374392
leisure:park,Wave pool lounge area,-80.01511476217371,40.313611516549564
leisure:pitch,,-80.05188932471503,40.472876711296585
leisure:pitch,,-80.0526557011246,40.47253538278786
leisure:playground,,-80.05165655113966,40.47318767572279
leisure:pitch,,-79.90122365967721,40.428994148920275
amenity:community_centre,Veterans of Foreign Wars Post 2754,-80.03002684222454,40.518248137418766
leisure:pitch,,-80.04070367260191,40.50531277895851
leisure:pitch,,-80.04133747365631,40.50475637790242
leisure:pitch,,-80.04115431399423,40.50481844385808
leisure:pitch,Barry G. Schell Field,-80.04044346792327,40.52101543555727
leisure:pitch,,-80.05453683116052,40.49590881829837
amenity:library,Andrew Bayne Memorial Library,-80.0543259611866,40.496516408832285
leisure:pitch,,-80.03416546954176,40.52325733964347
leisure:playground,,-80.03439582776384,40.523103393080426
leisure:pitch,,-80.04197425436482,40.498072743194506
leisure:pitch,,-80.04129724701716,40.4979906408467
leisure:playground,,-80.10202417086312,40.582722853136644
leisure:pitch,,-80.16323787604091,40.39706420678423
leisure:pitch,,-80.16073943037586,40.3985420859662
leisure:pitch,,-80.16238778479425,40.39805848064404
leisure:pitch,,-80.16579033005269,40.39888169604542
leisure:park,South Shore Riverfront Park,-79.96471675344873,40.429353332095154
leisure:park,Southside Riverfront Park,-79.97524580226501,40.43199177322831
leisure:pitch,,-80.00962454374914,40.54797889003276
leisure:playground,,-79.89828259585434,40.43884818131481
leisure:playground,,-80.04156710823797,40.504496488150906
leisure:playground,,-80.05369844653723,40.496063324033855
amenity:kindergarten,Doodle Bugs!,-80.02733461984988,40.567950739813895
leisure:playground,,-80.04185038880938,40.49751910309447
leisure:park,Settlers Cabin Park,-80.16611955389216,40.42239257331513
leisure:park,,-80.1433915468398,40.516072907215516
leisure:pitch,,-80.14308748104143,40.51627280727692
leisure:pitch,,-80.14293010458834,40.516221061498186
leisure:playground,,-80.14348886202292,40.51648120561787
leisure:pitch,,-79.9937339198242,40.42451527246334
leisure:playground,,-79.99383782947862,40.42475130337715
amenity:community_centre,Community Center,-79.9338901005107,40.585697127294
leisure:pitch,Tennis Courts,-79.93782900891756,40.58540240251867
leisure:pitch,,-79.9378034120167,40.5862899150058
leisure:pitch,,-79.93773954322455,40.58430767610228
leisure:pitch,,-79.93804165527486,40.58462285056556
leisure:pitch,,-79.93786047162182,40.587064245944134
leisure:pitch,,-79.93775405003505,40.58664770027867
leisure:pitch,,-79.93803239998172,40.58429705001953
leisure:pitch,Field 1,-79.93755526630979,40.5834412748519
leisure:pitch,Field 2,-79.93724419381876,40.58251952011723
leisure:pitch,Field 3,-79.93764016315394,40.581838954153056
leisure:pitch,,-79.77757509489052,40.55806859092343
leisure:pitch,Woods Soccer Field,-79.98755702794442,40.58589600440651
leisure:pitch,Lone Pine Field,-79.98348089097358,40.58857492313244
leisure:pitch,Pie Traynor Field,-79.99119626989757,40.587287406241934
leisure:pitch,Pie Traynor Soccer Field,-79.9923920504312,40.586197750387704
leisure:pitch,,-79.77860791677291,40.54709813950416
leisure:pitch,,-79.78004456450373,40.54802201590941
leisure:park,,-80.12942442334048,40.51262440619633
amenity:library,Laughlin Memorial Library,-80.23184716036126,40.59303335092603
leisure:park,P.J. Caul Memorial Park,-80.22994185000857,40.59279955038112
leisure:playground,,-80.16031531973184,40.43436561283632
leisure:park,Heidelberg Park,-80.09572730674181,40.39372965271375
leisure:playground,,-80.09585580904482,40.393425441429265
leisure:playground,Zero Street Tot Lot,-80.08912375311876,40.39429987803582
leisure:pitch,,-80.13025695549466,40.44686611518056
leisure:pitch,,-80.13159445171507,40.4475185604524
leisure:pitch,,-80.13103786634387,40.448819227301094
leisure:pitch,,-80.13031673909383,40.449327653342486
leisure:pitch,,-80.13101127006868,40.444861473298324
amenity:library,Carnegie Library of McKeesport,-79.85517532089182,40.34530765297579
amenity:kindergarten,Beaver County Head Start,-80.22661451199959,40.58956217113725
leisure:park,Aspinwall Riverfront Park,-79.90326039399687,40.48853168632044
leisure:pitch,,-80.04222330005743,40.49830814999303
leisure:park,Seville Park,-80.04130839717608,40.497922172433334
leisure:pitch,,-80.03221762572608,40.38859757665398
leisure:pitch,,-79.90726317111526,40.404744153088366
leisure:pitch,,-79.88580542150108,40.34863199985848
leisure:pitch,,-79.88594434577648,40.34756430560418
leisure:pitch,,-79.88524677669768,40.34820192039626
leisure:pitch,,-79.89166912518071,40.34566600496367
leisure:pitch,,-79.89158522569453,40.34554869480631
leisure:park,Bayne Park,-80.0541004562368,40.49631323391587
leisure:pitch,,-80.07372300544007,40.470131460279745
leisure:playground,,-80.04348640131047,40.596205806758796
leisure:pitch,,-79.93321333269978,40.58445558388352
leisure:pitch,,-79.865176032088,40.489798907715056
leisure:park,Fifth Street Memorial Park,-79.83898942333056,40.522816889563614
leisure:pitch,,-79.85332638875865,40.50514947668696
leisure:playground,,-80.04720755076023,40.542548730552205
leisure:park,East Deer River Front Park,-79.77553034879195,40.58199565258912
leisure:park,Boyce Park,-79.74434048015256,40.465693366506244
leisure:park,Les Getz Memorial Park,-79.89350881501359,40.41865278581736
leisure:park,Koenig Field,-79.88824722623606,40.432510981335334
leisure:park,Memorial Park,-79.88455285227732,40.43375605353481
leisure:pitch,,-79.875748491548,40.418317960333226
leisure:pitch,,-79.87592477470801,40.418982241201626
leisure:pitch,,-79.87609718152508,40.41930005828796
leisure:pitch,,-79.96959410676644,40.44255587860817
leisure:pitch,,-79.92789999223383,40.476811409448004
leisure:park,Heth's Playground,-79.92763993924741,40.477444969176126
leisure:pitch,,-79.9257945858918,40.48397325539031
leisure:pitch,,-79.92518053289753,40.48417610091773
leisure:pitch,,-79.90024466332952,40.46855931310558
leisure:pitch,,-79.8996962309868,40.468660247070254
leisure:park,Paulson Playground,-79.90029369374822,40.46862001769633
leisure:park,Chadwick Park,-79.89134254231836,40.46541272873439
leisure:park,Richard E. Powell Park,-80.03429196483549,40.52315455997136
leisure:pitch,,-80.00907527369247,40.5691687370237
leisure:pitch,,-80.00813946366605,40.568724691411596
leisure:pitch,,-80.00992523635391,40.56830777897133
leisure:park,B-Y Park,-79.75063552760913,40.387108841745665
leisure:sports_centre,Boyce Park Ski Area,-79.74863465716969,40.4598123881769
amenity:community_centre,,-80.03582651132784,40.4792622693911
amenity:kindergarten,Teenie Tots Childcare Center,-80.03199354950944,40.476868703221555
leisure:pitch,Frick Park Lawn Bowling Greens,-79.90056884746572,40.44502545119622
leisure:park,John F. Kennedy Park,-79.90305066657427,40.40783409778121
leisure:park,Evergreen Community Park,-80.02076371795592,40.54135708615876
leisure:sports_centre,Sewickley Valley YMCA,-80.17986822889488,40.543631919690114
leisure:pitch,,-80.02864719998185,40.51903374998954
leisure:park,Glenmore Avenue Play Facility,-80.02858436742191,40.519064326638045
leisure:playground,,-80.02849169709138,40.519071033496445
leisure:pitch,,-80.01624113977904,40.5396424874083
leisure:sports_centre,Neville Roller Drome,-80.12684447897422,40.50903698491889
leisure:park,Clearview Park Complex,-80.06021978062718,40.43385099809464
leisure:pitch,,-80.04370547333058,40.44010602159849
leisure:pitch,,-80.04398914392468,40.439808355702084
leisure:park,West End-Elliott Overlook Park,-80.0339937316842,40.44603425933218
leisure:pitch,,-80.05229859516118,40.43873910766326
leisure:park,Crafton Park Complex,-80.074100528807,40.43801223440191
leisure:sports_centre,Monsigner William A Kerr Fitness and Sports Center,-80.01166346456617,40.56895434169623
leisure:park,Bellevue Memorial Park,-80.04208640927104,40.50422227307409
leisure:pitch,,-80.03066395975448,40.46250835427384
leisure:playground,Bartlett Playground,-79.93565326739287,40.43339992327534
leisure:pitch,,-79.955122797134,40.429678018392906
leisure:park,Frazier Park,-79.9546679981601,40.42931841939335
leisure:playground,,-79.91029234377538,40.48268853370603
leisure:pitch,,-80.03851672565035,40.49544419876051
leisure:playground,,-80.0399896640017,40.49603748420052
amenity:kindergarten,A.S. Wee Care,-80.0262240811667,40.47104029906171
leisure:pitch,,-80.05005064995608,40.50570990002804
leisure:park,Quail Park,-80.05007922035017,40.50562195643402
leisure:pitch,,-80.05552245230045,40.49408135081596
leisure:pitch,,-79.81350382721881,40.46759904834684
leisure:pitch,,-79.81273794885517,40.47993863698955
leisure:pitch,,-79.81263263136914,40.47921498825609
leisure:pitch,,-79.8137977035646,40.47962585294641
amenity:library,Penn Hills Library,-79.81050868768294,40.48272259035345
leisure:pitch,,-80.05690038988759,40.52398146898501
leisure:playground,,-80.05643246895981,40.524787750560506
leisure:sports_centre,,-80.05011947373262,40.34107657016093
leisure:pitch,,-80.04364395325705,40.336061815711865
leisure:pitch,,-80.04302738409918,40.33519499245002
leisure:park,Marmaduke Park,-80.04304813972884,40.48467783477958
leisure:pitch,,-80.01951345788379,40.558829631180124
amenity:kindergarten,Vincentian Child Development Center,-80.02188367547856,40.557480932837244
leisure:park,Johnhanna Park,-80.00981507219144,40.54801576217031
leisure:park,Thornburg Conservation Park Area,-80.07813938768177,40.43416147420242
leisure:park,South Park,-80.00530898805464,40.3167266670396
leisure:pitch,,-79.82866219944695,40.31129747550162
leisure:park,Carnegie Park,-80.07339205579083,40.403509591257496
leisure:park,Union Park,-79.99345412689317,40.359781627158405
leisure:park,Dorseyville Community Parklet,-79.89056111538329,40.57827488233091
amenity:kindergarten,Developing Dreams,-80.02137213046814,40.53612497217366
leisure:pitch,,-80.10491905191077,40.40688723968894
leisure:pitch,,-80.10501217402523,40.40651538266543
leisure:playground,,-80.10449079320217,40.406774398533386
leisure:pitch,,-80.0976210714083,40.40667126817978
leisure:park,Legion Park,-80.03471375709768,40.48188724514493
leisure:park,Dunseith Playground,-79.96488251925781,40.44260262339297
leisure:park,Crossroads Park,-79.96336825181866,40.441988168887136
leisure:park,Kelly Park,-80.166691341946,40.39283596769428
leisure:pitch,,-80.1048085638258,40.379593087299774
leisure:pitch,,-80.01091219638751,40.59707970429628
leisure:playground,,-80.0105007690506,40.594073025563844
leisure:playground,,-80.01034997030942,40.59417112444676
leisure:pitch,,-80.01994409995963,40.59032296905075
leisure:pitch,Devlin Park Basketball Court,-80.01964142281629,40.59036440517759
leisure:playground,,-80.01935735438013,40.59040572258676
leisure:playground,,-79.98850765929008,40.5858499001603
leisure:playground,,-79.98841105799126,40.58569753694406
leisure:pitch,,-80.07227297078154,40.58231091519737
leisure:pitch,,-80.07048230996593,40.58143195561956
leisure:park,Garvin Field,-80.01842974228762,40.49260265099101
leisure:park,Scharmyn Park,-80.02916000793675,40.53664100324649
leisure:pitch,Field #1,-80.02841782581073,40.53676439669995
leisure:pitch,,-80.05846926067743,40.506317987650455
leisure:park,Millvale Riverfront Park,-79.97195760054028,40.472125588038416
leisure:playground,,-79.97036680765372,40.45613363141921
leisure:pitch,,-79.97040487709943,40.45594659532167
amenity:community_centre,West Penn Community Recreation Center,-79.96954114519022,40.455653066148095
leisure:pitch,,-79.97747383018532,40.449336645886426
leisure:pitch,,-79.97736982694742,40.44919402827443
leisure:playground,Ammon Playground,-79.97806549164314,40.44902622432362
leisure:park,Church Place Park,-80.04388248767164,40.388505447864695
leisure:park,Meadowcroft Park,-80.04765253125791,40.388602842773416
leisure:park,Rockwood Park,-80.03496567481176,40.363496189955434
leisure:pitch,,-80.04935314084344,40.45020327857997
leisure:pitch,,-79.97381539154544,40.49425480658773
leisure:playground,,-79.92212540000752,40.475304850005465
leisure:park,Wall Park,-80.06033010384556,40.56472466448829
leisure:park,Blueberry Hill Park,-80.09968875302894,40.57967368061401
leisure:park,Vestal Park,-80.0476231224715,40.58949985816389
leisure:park,Potter Park,-80.0593827955532,40.58855841985804
leisure:pitch,,-80.01372007817878,40.424591904516255
leisure:pitch,,-79.86356609659559,40.55339712423014
leisure:park,Emsworth Community Park,-80.10826817060226,40.51380817085382
leisure:pitch,,-79.76691749993823,40.506259849972885
leisure:pitch,,-79.76679849689995,40.505938980525464
leisure:pitch,,-79.76708048048764,40.50622241267201
leisure:pitch,,-79.76696912243348,40.50590820672
leisure:pitch,,-80.02480642533915,40.45678344668886
leisure:pitch,,-80.04723530786438,40.38811675250569
leisure:pitch,,-80.04796992636065,40.38870038135333
leisure:pitch,,-80.1215546506119,40.33182416635097
leisure:pitch,,-80.12170765061191,40.33188266635097
leisure:pitch,,-80.12191359945734,40.33204400974074
amenity:community_centre,Upper St. Clair Community & Recreation Center,-80.11038052606987,40.33475483961095
leisure:pitch,,-80.09257981216244,40.31719525720685
leisure:pitch,,-80.10848413863586,40.33462818420083
leisure:pitch,,-80.09671313607525,40.31616355021269
leisure:pitch,,-80.09690803681592,40.3170129435479
leisure:pitch,,-80.18038740004219,40.46442989997405
leisure:playground,,-79.9616511213224,40.46660890972941
leisure:pitch,,-79.96089172244318,40.46590638004028
leisure:pitch,,-79.96061240542637,40.466108208126485
leisure:pitch,,-79.9607497583996,40.46600848598744
leisure:pitch,,-79.96103107734018,40.46580292002279
leisure:pitch,,-79.9612906970596,40.46632859457871
leisure:playground,,-79.96134923703023,40.46683396166768
leisure:pitch,Texas Field,-80.01106760363358,40.3259456487426
leisure:park,Clairton Park,-79.89216494815497,40.30211199399912
leisure:park,Green Tree Park,-80.04224019848273,40.422290770523766
leisure:park,Wilson Park,-80.05130590095516,40.41816867610732
leisure:park,Banksville Park,-80.03879617605969,40.41407554280134
leisure:pitch,,-80.15412143250612,40.51956453115511
leisure:pitch,,-79.95714256412519,40.47268502964131
leisure:playground,Leslie Playground,-79.95810850686725,40.47266694242602
leisure:park,Leslie Recreation Center,-79.957542122581,40.472881768058514
leisure:park,Burkett Park,-80.13030211912282,40.44773571826792
leisure:park,Dormont Park,-80.04417921479586,40.39607395036063
leisure:pitch,,-80.04510771955388,40.3980316257754
amenity:community_centre,Thomas Lloyd Recreation Center,-80.04515052601333,40.397149848688336
leisure:pitch,,-79.81997264110086,40.41172003405751
leisure:playground,,-79.82000331402567,40.41216912236791
leisure:pitch,,-79.81959034620806,40.41237153317736
amenity:library,Millvale Community Library,-79.97158249292566,40.47886838723031
amenity:community_centre,Jewish Community Center,-80.08582021364856,40.37518825683962
leisure:pitch,,-80.18703244066165,40.52529458428335
leisure:pitch,,-80.1889579502101,40.526225000020986
leisure:pitch,,-80.16501351169507,40.37579499679686
leisure:pitch,,-80.16933796154635,40.37837947764027
leisure:playground,,-80.17036601318232,40.375047081659844
leisure:pitch,,-80.1685089982001,40.37736855111497
leisure:pitch,,-80.17014068463372,40.375166318175616
leisure:pitch,,-80.17001263183026,40.37539644858582
leisure:pitch,,-80.17008584996599,40.375263450041224
leisure:pitch,,-80.16953061068638,40.3751544931231
leisure:playground,,-80.19027280525115,40.52586267804535
leisure:playground,,-80.18728909984945,40.52521555000713
leisure:park,Donaldson Community Park,-80.23663512896056,40.4178298225231
leisure:park,Monroeville Community Park,-79.76762175031413,40.4201462362681
leisure:park,Avonworth Community Park,-80.08494415977138,40.52114155036041
leisure:pitch,,-79.94463740000502,40.4996017499775
leisure:pitch,,-79.94449725594724,40.49957103275864
leisure:park,Etna Public Park,-79.94458814126638,40.499853365105515
leisure:park,,-79.9479805455848,40.50188680915073
leisure:park,Quad,-79.84683512028815,40.51395861042092
leisure:park,,-79.84853642584622,40.51406486419972
leisure:pitch,,-80.03009869791735,40.53609183998683
leisure:park,Point State Park,-80.00964630164187,40.44152498314844
leisure:pitch,,-80.14209785037335,40.504441516629356
leisure:playground,Carcerem,-79.76693334983497,40.34427675002885
leisure:pitch,,-79.76585174815068,40.376557064068464
leisure:pitch,,-79.76665837515057,40.37727085957021
leisure:pitch,,-79.77641767049924,40.401145819097145
leisure:pitch,,-79.77487737164253,40.40061256749157
leisure:pitch,,-79.77442733626452,40.40092861024353
leisure:pitch,,-79.77479464202995,40.401422655541964
leisure:pitch,,-79.81479259478003,40.39901754139143
amenity:kindergarten,KinderCare,-80.00658233198148,40.538784603369265
leisure:playground,,-79.79752737495077,40.3358888984137
leisure:playground,McClintock Playground,-79.7924502014452,40.34589039384391
leisure:pitch,,-79.79164126873694,40.34597125626001
leisure:pitch,,-79.79145106555245,40.34577086126946
leisure:pitch,,-79.77670034999565,40.342791500005816
leisure:pitch,,-79.77697592270962,40.33998384282954
leisure:park,,-80.09267993168979,40.58862560113586
leisure:playground,,-79.793804046762,40.34000901435815
leisure:pitch,,-80.19180114994954,40.50277804996783
leisure:pitch,,-80.19201294994954,40.50274174996782
amenity:community_centre,,-80.01371718026888,40.46888798170139
leisure:pitch,,-80.21057400008479,40.49539430004534
leisure:pitch,,-80.2104127001005,40.495226150038036
leisure:park,Ross Municipal Center Park,-80.00774418810865,40.51684649172015
leisure:park,Windhurst Park,-80.01636005206898,40.539920271331745
leisure:pitch,,-79.88985596303989,40.4359272936351
leisure:park,Whitney Park,-79.8900827303999,40.43614450518071
leisure:pitch,Lance Corporal Patrick B. Kenny Memorial Field,-80.08954034193023,40.50868317166313
leisure:pitch,,-80.10960313189943,40.51397032146767
leisure:park,Eastmont Park,-79.81401325000405,40.43775036550877
leisure:pitch,,-79.90195723179959,40.45350596716544
leisure:playground,,-79.88629765924189,40.41975207927589
leisure:park,Forest Hills Park,-79.85652637044379,40.424661843012466
leisure:park,Forest Woodland Park,-79.84319114308627,40.416954506352276
leisure:park,,-79.85001801932468,40.42700922865625
leisure:pitch,,-79.86991846528754,40.34140546628247
leisure:pitch,,-79.97400615560929,40.375119220222
leisure:pitch,,-79.97378680060828,40.37523180545353
leisure:pitch,Softball Field,-79.9715241744878,40.375892760200834
leisure:pitch,,-79.9736779187231,40.37497054668404
leisure:pitch,,-79.97225565938997,40.374888669836885
leisure:pitch,Softball Field,-79.9721783861237,40.37612310804774
leisure:pitch,,-80.23789350009685,40.44557014999771
leisure:pitch,,-80.23912189802505,40.44971580113338
leisure:pitch,,-79.9648731093235,40.321505238246914
leisure:pitch,,-79.96114581717194,40.321640726496575
leisure:pitch,,-79.9612760831167,40.32101342846348
leisure:pitch,,-79.96216103575337,40.32054720450731
leisure:park,Mowry Park,-79.96363665591053,40.32181916164404
leisure:pitch,,-79.76570848858081,40.42405423376366
leisure:pitch,,-79.76647546921883,40.417675486644754
leisure:pitch,,-79.76753989995323,40.41990309998302
leisure:pitch,,-79.76717696978469,40.41997843863306
leisure:playground,,-79.76764385180883,40.42028454627838
leisure:playground,,-79.76624350018338,40.41887910425101
leisure:playground,,-79.76641310732289,40.41788152375424
leisure:pitch,,-79.77162625195703,40.4183125871536
leisure:park,Dickson Park,-79.8775544512661,40.42890867433674
leisure:pitch,,-80.00750284034895,40.39096604092931
leisure:pitch,,-80.0080412160786,40.391111452431915
leisure:pitch,,-80.04304484896373,40.48449302793774
leisure:playground,Marmaduke Playground,-80.0423952111389,40.48437499075859
leisure:park,,-80.29708392021395,40.489288745698396
leisure:pitch,,-80.29646208606408,40.489057424778025
leisure:pitch,,-80.2971196966154,40.489324752232584
leisure:pitch,,-80.06615507708639,40.469816733068996
leisure:park,,-80.06584360855072,40.46979074671471
leisure:playground,,-80.0656210570661,40.469797841153934
leisure:playground,,-80.06191082324624,40.46852473279162
amenity:community_centre,Meyers Ridge,-80.06540656992631,40.46938065834379
leisure:pitch,,-80.07068865000241,40.47438580000461
leisure:playground,,-80.06687260003754,40.46780455008115
leisure:park,3rd Street Park,-80.07023485678144,40.4667509475535
leisure:playground,,-80.0617421878661,40.4735074016106
leisure:pitch,,-80.04769929536045,40.38908864619822
leisure:playground,,-80.01294921030909,40.45770947486763
leisure:playground,,-80.014595107602,40.459151494989776
leisure:pitch,,-80.01437320239843,40.45899791922443
leisure:pitch,,-80.01454654991716,40.45896554996461
leisure:park,Knoxville Incline Overlook Park,-79.98835638415733,40.4230788775152
leisure:pitch,,-79.79124226234977,40.4796627390979
leisure:pitch,,-79.79102553745747,40.47940738873862
leisure:park,Olypic Swim & Health Club,-79.79095762468891,40.479079449475456
leisure:pitch,Field #2,-80.07937048538228,40.39810811176843
leisure:playground,,-79.93185943391128,40.383427794352045
leisure:park,Thelma S. Wunderley Memorial Park,-79.86141482934403,40.32435480645965
leisure:pitch,,-79.86098326029511,40.32414770230309
leisure:pitch,,-79.86071049985263,40.324224899927785
leisure:playground,,-79.86035554284851,40.324304335765966
leisure:park,,-79.86073998225827,40.324123869831716
leisure:playground,,-79.84766026675065,40.32187860190361
leisure:pitch,,-79.84737691623694,40.32183832665039
leisure:pitch,,-79.84777900424861,40.32290897591076
leisure:pitch,,-79.84711255568433,40.32233060079381
leisure:pitch,,-79.84584198437281,40.321869552944605
leisure:pitch,,-79.87220626833603,40.38617007032246
leisure:pitch,,-79.8702094962135,40.3239780590349
leisure:pitch,,-79.87148732891029,40.324152910203246
leisure:pitch,,-79.86816794237117,40.32287878986333
leisure:pitch,,-79.86565869144813,40.3256415430986
leisure:pitch,South Allegheny Soccer Field,-79.86303785953834,40.3262502625962
leisure:playground,,-79.87723843715132,40.329872693633924
leisure:pitch,,-79.87723065000047,40.33029840000225
leisure:pitch,,-79.87729715000029,40.33033850000077
leisure:pitch,,-80.00696085761064,40.391629654511895
leisure:pitch,,-79.82625511943607,40.53167287685242
leisure:pitch,,-79.82834446657003,40.53168539703861
leisure:pitch,,-79.82383788736458,40.53044851587754
leisure:pitch,,-79.8271083445823,40.526779061193686
leisure:pitch,,-79.82645735326268,40.52785707397217
leisure:pitch,,-79.827618643349,40.53036423147577
leisure:pitch,,-79.82231956349675,40.53083913069702
leisure:park,Triangle Park,-80.00218630562199,40.44163490760485
leisure:pitch,,-79.82789628390998,40.528112005837606
leisure:pitch,,-79.81753424883726,40.53177471890611
leisure:pitch,,-79.81899802203479,40.53169046104732
leisure:pitch,,-79.81891689503345,40.52786957630828
leisure:pitch,,-79.8198259066006,40.527216995375056
leisure:pitch,,-79.82032237611675,40.52913639210616
leisure:pitch,,-79.8295152035733,40.53043625818294
leisure:pitch,,-79.83017576780509,40.53055745872571
leisure:pitch,,-79.8298753500612,40.529060852675045
leisure:park,Chadwick Street Park,-80.18716386439135,40.53565424435057
leisure:pitch,,-80.07924964431312,40.533399439777796
leisure:park,,-80.04901589956935,40.48782881069225
leisure:playground,,-80.04910995337536,40.48835114943717
leisure:pitch,,-79.99626731504561,40.53824718884388
leisure:pitch,,-79.96658020248846,40.52338308711234
leisure:playground,,-79.9660487943297,40.52311965489484
leisure:pitch,,-80.12298676862355,40.56123872456813
leisure:pitch,,-79.7929950168609,40.311808416300934
leisure:pitch,,-79.83076452394864,40.311050189653514
leisure:pitch,,-79.81599904457617,40.29994230005268
leisure:park,West End Park,-80.03702517506272,40.4369195327474
leisure:pitch,,-80.03694350214465,40.43738121979645
leisure:pitch,,-79.82553819915434,40.325691368213434
leisure:pitch,,-79.98805400805576,40.551023468534765
leisure:pitch,Sullivan Field,-79.96351564627541,40.462508174452964
leisure:pitch,,-79.7631605955783,40.37829453013636
leisure:pitch,,-79.76250452947748,40.37862685145881
leisure:sports_centre,,-80.18059744007124,40.53514315073776
leisure:park,Otto and Magdalene Ackermann Nature Preserve,-79.74628456131127,40.357063949977885
leisure:pitch,,-79.99943253796027,40.53169895796012
leisure:playground,,-80.00022190776097,40.53166686985608
leisure:park,Tyler Park,-79.99962632897439,40.531813966703986
leisure:park,,-79.80108789755612,40.53975591177792
leisure:pitch,,-79.80121199998446,40.54001289992078
leisure:playground,,-79.8009832762783,40.539935031096604
leisure:park,,-79.820011707344,40.54250317835354
leisure:pitch,,-80.02124281451702,40.48906770758479
leisure:sports_centre,Norwin Soccer Club,-79.78483906174168,40.30112051129324
leisure:pitch,Field #10,-79.78407446303392,40.302504416584924
leisure:pitch,Field #7,-79.78569663612657,40.30188409906813
leisure:pitch,Field #6,-79.78520229022244,40.30129818531405
leisure:pitch,Field #8,-79.78683606786292,40.300788000845095
leisure:pitch,Field #3 U-12,-79.78283244844717,40.30113485008738
amenity:kindergarten,Tender Care,-80.04059336891996,40.56199299874187
leisure:park,Braddock's Trail Park,-79.77582732487939,40.30316889639341
amenity:community_centre,Millvale Community Center,-79.9726791369211,40.480979045448635
amenity:community_centre,Millvale Food + Energy Hub,-79.97133920392602,40.47979533862503
leisure:park,Freedom Corner,-79.98568046718394,40.440969293732614
leisure:pitch,,-79.7962013932722,40.340047378368006
leisure:playground,Riverview Playground,-80.01789803940851,40.48126416722461
leisure:playground,,-80.07010405787454,40.467310896092485
leisure:pitch,,-80.16802415143529,40.530088000143856
amenity:library,Sewickley Public Library,-80.1814751741317,40.53875976431486
leisure:park,Upland Park,-79.90226488420726,40.46187388514282
leisure:park,King Estate Park,-79.92403171740902,40.47909210119145
leisure:sports_centre,UPMC Events Center,-80.21471251992818,40.5202377431683
leisure:pitch,,-80.210969365934,40.5243152224532
leisure:pitch,,-80.21259448867117,40.52372258048391
leisure:pitch,,-79.95966321453268,40.45475750047181
leisure:pitch,,-80.20992387997826,40.52348960724727
leisure:pitch,Pop Murray Field,-80.0422363266528,40.395535211159846
leisure:pitch,,-80.04461477886029,40.39435296543993
amenity:library,Library for the Blind Carnegie Free Library of Pittsburgh,-79.94917432547133,40.45384685613365
amenity:library,Mt. Lebanon Public Library,-80.04531666670121,40.37701131594128
leisure:pitch,,-79.76296761810796,40.37313380510226
leisure:sports_centre,Kennedy Bowling Center,-80.0854732896438,40.47509043550442
amenity:childcare,Juanita Collins Child Care & Learning Center,-80.07278882843521,40.47231729159437
leisure:pitch,,-79.767439261917,40.343811611820826
leisure:pitch,,-79.76716423346592,40.34348784078562
leisure:park,,-79.95210029772959,40.46720979049665
leisure:pitch,Field #1,-79.78205066878265,40.30170228949936
leisure:pitch,Field #3,-79.7835907504627,40.30079436759983
leisure:pitch,Field #9,-79.78822536221809,40.30021506677168
leisure:pitch,Field # 5 U-10,-79.78512080353906,40.29990748451494
leisure:pitch,Field 4 U-10,-79.78428637881262,40.300358837678
leisure:park,Pennsylvania Fish and Boat Commission - Tarentum Access area,-79.75674551536916,40.59870348707615
leisure:park,Riverview Park,-79.74984281580215,40.60076305539525
leisure:park,Pennsylvania Fish and Boat Commission - Deer Creek/Harmarville Access area,-79.84096316133629,40.53505428657328
leisure:pitch,,-79.82648180305326,40.34084050304952
leisure:park,Eleanor Street Park,-79.97285826432011,40.421430183065056
leisure:park,Hamilton Park,-80.01900622148302,40.36290049736906
leisure:sports_centre,Amerifit,-80.06002831867525,40.39425844751026
leisure:playground,,-79.87721511487001,40.51411776333107
leisure:playground,CDS Playground,-79.91800763651577,40.42703380506788
leisure:park,Byrnwick Park,-80.07417659453824,40.36272129462092
leisure:park,McLaughlin Run Park,-80.09891901044624,40.35521412352892
leisure:pitch,,-80.06577803042148,40.46011569102507
leisure:park,Park Square,-79.9038448711025,40.4063479654952
amenity:library,Carnegie Library of Homestead,-79.90293457923579,40.40699828431342
leisure:park,Oakwood Park,-80.06621302346575,40.42599380222569
leisure:park,Spring Hill Park,-79.99237169738603,40.470225900477125
leisure:pitch,,-79.99233535287712,40.47030886074029
leisure:park,Herschel Park,-80.04438736182618,40.43917140021121
leisure:pitch,,-79.90760769685312,40.36931049018478
leisure:park,McBride Park,-79.90558226154042,40.37027699386719
leisure:pitch,,-79.90737231144867,40.369873886673105
leisure:pitch,,-79.90786844600491,40.36983514884676
leisure:pitch,,-79.89799757794307,40.37892128840978
leisure:park,Woodhill Park,-79.8974008440708,40.37918047364615
leisure:pitch,,-79.92050120071666,40.33498408072545
leisure:park,Winklevoss Field,-79.92057559411835,40.335175417132824
leisure:park,West Mifflin Community Park,-79.88697658440154,40.36292598162614
leisure:playground,Ryan Hacke Memorial Playground,-79.88771486452306,40.363407831085844
leisure:park,Ted Bartlett Park,-80.00404868496925,40.54382161222117
leisure:pitch,,-80.00981583112562,40.36747365439264
leisure:playground,,-80.00986232191376,40.367061821936645
leisure:park,Municipal Center,-80.0096933893261,40.36739808624778
leisure:pitch,,-79.84418747822444,40.524398955842955
leisure:park,,-80.14040195019207,40.51973879021574
leisure:playground,,-80.073863391633,40.403591124511095
leisure:park,Hamilton Road Park,-80.08401356896796,40.43188159527473
leisure:park,Hoodridge Park,-80.04020950068097,40.358239700635906
leisure:park,Iroquois Park,-80.05406689303518,40.35761154055466
leisure:park,Country Club Park,-80.02310611966128,40.373849135412435
leisure:park,Williamsburg Park,-80.0336659750536,40.3829932078217
leisure:park,Beggs-Snyder Park,-80.02975574881744,40.390403708830426
leisure:playground,,-79.99532490414569,40.587812600029366
amenity:childcare,Every Child's Dream Daycare & Learning Center,-80.16749086226507,40.51888442854624
leisure:playground,,-80.16156349996353,40.52056455003755
leisure:pitch,,-80.16171658622619,40.5203586266836
leisure:pitch,,-80.16115160483251,40.520291365835256
leisure:park,,-80.16132017621658,40.52032890792256
leisure:park,,-79.97299021094682,40.43762454002968
leisure:park,Pinecone Park,-80.03484718415288,40.37676608540451
leisure:playground,,-80.0335403449286,40.38328650991964
leisure:pitch,,-80.03336105010733,40.38380855007677
leisure:pitch,,-80.03296715019604,40.38402740012351
leisure:park,Oak Street Park,-80.21669706949018,40.577741795662156
leisure:playground,,-79.77827083762486,40.581032323645964
leisure:pitch,,-80.10177709927352,40.47086641580907
leisure:pitch,,-80.10170436364562,40.470374202164066
leisure:pitch,,-80.10113599970657,40.47030060379764
leisure:park,Olympia Park,-80.01838340357209,40.43102453791727
leisure:park,Gilfillan Park,-80.06499830722963,40.34420401347413
leisure:park,Clair Park,-80.0568559333287,40.35031192562238
leisure:pitch,,-80.20294080758951,40.50807781506751
leisure:pitch,,-80.18376068953091,40.492521173674845
leisure:pitch,Galaxy Field,-80.18129891400318,40.48876667694792
leisure:pitch,,-80.18478891049458,40.4907419628866
leisure:pitch,,-80.18491033805368,40.492073656307625
leisure:pitch,,-80.18093318874344,40.490284871626145
leisure:pitch,,-80.18108997953465,40.48986412792698
leisure:pitch,Krane Field,-80.18920542776398,40.488256790557855
leisure:park,Fairview Park,-80.11721126524652,40.33056814379978
leisure:pitch,,-80.00120865383688,40.42152700029181
leisure:pitch,,-80.00163631048741,40.42138913371247
leisure:park,Crafton Heights Tot Lot,-80.05662158950561,40.43610588622947
leisure:park,Westwood Park,-80.05020325888441,40.43070918847284
leisure:park,,-79.91723250713852,40.42664935380237
leisure:park,Sewickley Valley War Memorial Park,-80.17520678483972,40.54670836129565
leisure:park,Maple Springs,-79.99830558972819,40.31666337910743
leisure:park,Exercise Trail,-80.00052212274582,40.31525925952377
leisure:park,Municipal Center Park,-80.04714324921694,40.41944333235475
leisure:park,,-79.9034184253229,40.45672858014717
leisure:park,Dallas Parklet,-79.90453795930371,40.45781357196492
leisure:park,Buhl Community Park,-80.00596498566038,40.45220877332759
leisure:pitch,,-80.0403845482636,40.33555429971899
leisure:pitch,,-80.04113465058276,40.33533536795116
leisure:pitch,,-80.04127955868292,40.336437606340205
leisure:playground,,-80.03526558325355,40.36336079118458
leisure:pitch,,-80.0345910144121,40.36345294660441
leisure:pitch,,-80.2213633945257,40.51263444454968
leisure:pitch,,-80.22128663044626,40.512067561255954
leisure:pitch,,-80.22171613097362,40.510328084250155
leisure:pitch,,-80.22211472196861,40.510439264974124
leisure:pitch,Mastandrea Field,-80.01842776241381,40.3625237839851
leisure:pitch,,-80.21988708721615,40.51277755336929
leisure:pitch,,-80.21921646625863,40.511979334490256
amenity:library,Avalon Public Library,-80.06287791756317,40.49714453852071
leisure:park,Highland School Playground,-79.9694951989664,40.35928076198328
leisure:playground,,-80.05070367180542,40.43116442887473
leisure:park,Vine Street Playground,-79.89455658875269,40.40436218483585
leisure:pitch,,-79.88383370290951,40.40219816260213
leisure:pitch,,-79.88346102948444,40.4024212907963
leisure:pitch,,-79.88307987591142,40.4018503562442
leisure:playground,,-79.8842236963105,40.40192406192301
leisure:pitch,,-80.19177723066036,40.51416573796287
leisure:park,Clinton Park,-80.30096755255276,40.48849934437482
leisure:playground,Rainbow Park,-80.30129840379578,40.49009921726275
leisure:pitch,,-80.3024464615234,40.48971740499712
leisure:park,Blawnox Community Park,-79.8650544278701,40.4899248614549
leisure:sports_centre,Rosedale Beach Club,-79.84169929886619,40.48179495132581
leisure:park,Rosedale Park,-79.83591665854726,40.48688189413264
leisure:pitch,,-80.10096690588661,40.471493776394304
leisure:sports_centre,,-79.87531863423455,40.4855943613299
leisure:park,Raymond Schafer Park,-79.8523791588189,40.50506326086774
leisure:pitch,,-79.85312153163346,40.50472596537619
leisure:playground,,-79.86432150542224,40.48999816713689
leisure:pitch,,-79.8645683440162,40.49032613002856
leisure:playground,,-79.87535365609311,40.4863892448213
leisure:park,Riverbank Park,-79.84681244102457,40.501439961749554
leisure:sports_centre,Gateway Heights Swim Club,-79.75138647884219,40.4100043673572
leisure:park,Monroeville Community Park East,-79.76238492664119,40.415003577154735
leisure:park,UPitt Playground,-79.9453353078489,40.44854930078316
leisure:park,Ascension Green,-79.94750884254883,40.4484385228261
leisure:park,Shady Oak Yard,-79.94621096457662,40.448969227614384
leisure:sports_centre,Chanticleer Swim Club,-80.23777690980859,40.55906361074729
leisure:pitch,,-80.2374401433176,40.55910147912964
leisure:park,Falling Springs Park,-79.83621285518001,40.528445735007566
leisure:park,Creekside Park,-79.82904061294361,40.51274131103682
leisure:park,Rosedale Beach Club,-79.84191149076116,40.48132419113521
leisure:park,Brentwood Park,-79.97184668599608,40.375178829304645
leisure:park,Prospect Park,-79.96214246989155,40.36515667804138
leisure:park,Whitehall Park,-79.98148537415656,40.351683286102464
leisure:park,Snyder Park,-79.9830127947321,40.348841390365095
leisure:park,Leland Park,-79.97755932209108,40.34070201071645
leisure:pitch,,-79.8619856000045,40.49396045000335
leisure:playground,,-79.86145270648598,40.58195785633703
leisure:pitch,Founders Field,-79.86494848025637,40.58290430260484
leisure:pitch,,-79.86199766528739,40.58100374144923
leisure:pitch,,-79.8601047161088,40.582117942239
leisure:pitch,,-79.86123355896251,40.58131978464912
leisure:pitch,,-79.86064361986698,40.581548129986395
leisure:pitch,,-79.8691293435652,40.581109891285635
leisure:pitch,,-79.88813486371605,40.57479155655282
leisure:pitch,,-79.94273173399273,40.58239820891087
leisure:pitch,,-79.94282860654424,40.58842792775243
leisure:pitch,,-80.17637071159152,40.54513074184721
leisure:pitch,,-80.17839339505456,40.54443602862631
leisure:pitch,,-80.17714786482037,40.54460085272334
leisure:pitch,,-80.17722902214723,40.544689532579845
leisure:pitch,,-80.17678982214721,40.544784832579836
leisure:pitch,,-80.17688046320043,40.544883764792054
leisure:playground,,-80.17450479507811,40.54700525914482
leisure:pitch,,-80.0542656499862,40.3575548000514
leisure:pitch,,-80.04400435228696,40.37809663494482
leisure:park,Dinan Park,-79.93258175217888,40.48339602462369
leisure:park,Enright Parklet,-79.92956751952823,40.461437137224806
leisure:park,Garland Parklet,-79.92776205541118,40.46387938668674
leisure:pitch,,-80.06496419997949,40.4176566999878
leisure:pitch,,-79.75339324798985,40.56902909987135
leisure:playground,,-79.84618003582669,40.52414518520887
leisure:park,August Wilson Park,-79.98577437311023,40.44654302784595
leisure:pitch,,-80.18527501736986,40.49028743369371
leisure:pitch,,-80.18491589896212,40.48762931818562
leisure:pitch,,-80.18430869530248,40.48765012896679
leisure:playground,,-80.18091410462999,40.49068156620147
leisure:pitch,,-80.03261693802695,40.48790432554784
leisure:pitch,,-80.03176665011632,40.48749660006596
leisure:playground,,-80.03186957519269,40.486669545101435
leisure:pitch,,-80.03119409752661,40.486442928960635
leisure:park,Wilson Park,-79.98722463954334,40.315739001556125
leisure:park,Parrish Park,-80.0889896894378,40.41988749563627
leisure:sports_centre,,-79.92953863861005,40.39597401179368
leisure:pitch,Pronto Soccer Complex,-80.24080133402155,40.53922710518985
leisure:pitch,Minton Soccer Complex,-80.22756562999032,40.544766589170344
leisure:park,Kennedy Park,-79.92799536871114,40.49587895426471
leisure:pitch,,-79.91701979867742,40.495548345987515
leisure:park,Millvale Memorials,-79.97294264787382,40.48546561722081
leisure:park,Children's Playground,-79.9969613102264,40.307297003142274
leisure:playground,,-80.09680475332152,40.40727232208265
leisure:pitch,,-80.09638650002178,40.40698095011677
leisure:pitch,,-80.0968960998949,40.406761600004
leisure:park,Seventh Avenue Park,-80.09747657996476,40.40679957515792
leisure:playground,,-79.93349065000659,40.51242784999753
leisure:playground,,-79.93375067679875,40.51242566585323
leisure:park,,-79.92563641913063,40.494954624449086
leisure:pitch,,-79.82957814189953,40.5127190313716
leisure:pitch,,-79.82861239514602,40.51282744983473
leisure:pitch,,-80.09632569522229,40.53243737429253
leisure:playground,,-79.97864172648784,40.561018930533834
leisure:pitch,,-79.9867418427693,40.56478113562796
leisure:pitch,,-79.76078325000252,40.40006994997912
leisure:sports_centre,Allegheny Sports Complex,-80.01672137168869,40.35373080605325
leisure:pitch,,-79.89004214808102,40.509686575667985
leisure:pitch,,-79.88906103315188,40.509079721281786
amenity:library,Andrew Carnegie Free Library,-80.08579097021332,40.40681455627073
amenity:library,Carnegie Library of Pittsburgh-Allegheny,-80.006613693215,40.45639235261547
leisure:playground,,-80.053978125362,40.357970585034046
leisure:pitch,,-79.87305732548894,40.44074800442192
leisure:park,Graham Field,-79.8728406062408,40.44075261896126
leisure:playground,,-79.82582634056575,40.34219714719482
leisure:pitch,,-79.82594959713371,40.34140428059028
leisure:pitch,,-79.82829281992396,40.33830991195791
leisure:pitch,,-79.82908116336586,40.33908581500399
leisure:pitch,Helen Richey Field,-79.82839066923596,40.34088635197035
leisure:pitch,Stephen P Barry Memorial Field,-79.82825655638794,40.34314111392069
leisure:pitch,,-79.83335059154861,40.34479296465555
leisure:pitch,,-79.83262281045388,40.34265411369136
leisure:pitch,,-79.83290970009355,40.343196884040324
leisure:sports_centre,Tiger Stadium,-79.83350554272428,40.34468257440443
amenity:community_centre,Saint John the Baptist Ukrainian Church Social Hall,-79.82989105468032,40.34484200256699
amenity:kindergarten,Ms M's Happy Tots Learning Center,-79.86466304996308,40.466117650026426
amenity:kindergarten,Banks Childrens Learning Center,-79.86590924999967,40.4661449500262
amenity:library,Elizabeth Township Historical Society,-79.82441446637588,40.311813227046734
leisure:playground,,-79.82991834997274,40.311043699992034
leisure:sports_centre,YWCA of McKeesport,-79.86235661722283,40.34707112604811
amenity:kindergarten,Salvation Army Day Care Center,-79.86383290002904,40.34730790013171
leisure:pitch,,-79.78614032089709,40.36333199545411
leisure:pitch,,-79.78796869744521,40.36409315513525
leisure:playground,,-79.85957037405551,40.345054303109954
leisure:pitch,,-79.96217885875163,40.34008528860194
leisure:pitch,,-79.96198950009939,40.33991120003842
leisure:playground,McLean Playground,-79.91044748129063,40.40239979377569
leisure:pitch,,-80.05388617466464,40.37485320321273
leisure:playground,,-79.92392796067118,40.437718775087575
leisure:playground,,-79.97035640802991,40.32951577894105
leisure:playground,,-79.9706655989462,40.32936294119669
leisure:pitch,,-80.06209371647816,40.382448674883996
leisure:pitch,,-80.06243980107739,40.38362189940988
leisure:pitch,,-80.06329848794206,40.38416115922344
leisure:pitch,,-79.92905159653363,40.495457494901814
leisure:playground,,-79.92880549379635,40.49561180757342
amenity:library,Sharpsburg Community Library,-79.93017844968429,40.494479034974646
leisure:playground,,-79.93170420674707,40.49521184347139
leisure:sports_centre,Linden Gymnasium,-79.93127826926,40.495243138885705
leisure:pitch,,-80.06179433269854,40.38189653293467
leisure:playground,,-80.06071694783793,40.381175939394446
leisure:pitch,,-80.06148824992906,40.38276069998707
leisure:playground,,-80.06121947835699,40.381872803706386
amenity:kindergarten,Orion Child Development Center,-80.00682231971697,40.56797522819261
leisure:pitch,,-80.02023779154636,40.34823774078813
leisure:pitch,,-80.0194759583703,40.34902924013569
leisure:pitch,,-80.0184749653719,40.34971281469191
leisure:playground,,-80.04771582504925,40.38831591852565
leisure:playground,,-80.04802136395277,40.3881187139793
leisure:park,Bloomfield Park,-79.9541713420488,40.462313825757214
leisure:playground,,-80.09915331625616,40.35596167771653
leisure:pitch,,-80.09911839642389,40.35582576075927
leisure:pitch,,-80.09897210003393,40.355372350069615
leisure:playground,,-80.0989538631639,40.355174305505535
leisure:pitch,,-80.09902239999046,40.35557740006848
leisure:pitch,,-80.0986345703562,40.355675240716025
leisure:park,Cook School Park,-80.09960924354122,40.35840744924027
leisure:pitch,,-80.09960692346706,40.35859658827668
leisure:park,Foster Avenue Park,-80.06727449916816,40.441995604136316
leisure:pitch,,-80.08413387641201,40.3877244432656
amenity:community_centre,Hays Manor Community Center,-80.05651050241558,40.466469381875925
leisure:pitch,,-80.05705554995374,40.46601035000342
leisure:playground,,-80.05707463992752,40.466726001107595
leisure:playground,,-80.05799789668635,40.46641488566149
leisure:pitch,,-80.05256738014168,40.474100067239995
leisure:playground,,-80.05245496713043,40.4739140994739
amenity:community_centre,Uansa Village Community Center,-80.05406208357213,40.471244000477796
leisure:playground,,-80.05422280262212,40.471448047859
leisure:pitch,,-80.05433048492208,40.471389509257385
leisure:pitch,,-80.01466026466402,40.40503908034964
leisure:pitch,,-80.01378984285155,40.40496493829212
leisure:pitch,,-80.01265263517072,40.40494208693294
leisure:park,Village Green Park,-80.04381450271194,40.347951918020826
leisure:park,Birch Tree Park,-80.0528018804015,40.31527813333097
leisure:park,Elm Tree Park,-80.04640289924042,40.31261508478773
leisure:park,Miner's Park,-80.0382535519092,40.32158427276052
leisure:park,Molly Hill Park,-80.02934688520261,40.35252265855852
leisure:park,Oak Tree Park,-80.03782265137905,40.33762314390638
leisure:park,Pine Tree Park,-80.01264343406612,40.34022276740113
leisure:playground,,-80.07047405006267,40.47449993932867
leisure:pitch,,-80.10063621014055,40.472727173290856
leisure:sports_centre,Cool Springs,-80.01541331458266,40.35341661990917
leisure:pitch,,-80.0189724753362,40.35411756622245
leisure:park,Pleasant Ridge Parklet,-80.07225332328773,40.4806977158043
leisure:playground,,-80.07225072657154,40.480694943784385
leisure:playground,,-80.0762913154717,40.47964280168626
leisure:park,Presston Park,-80.06177768213807,40.48303178197037
leisure:playground,,-80.06262818377445,40.48267343390958
leisure:pitch,,-80.06230658843077,40.48279238280136
leisure:playground,,-80.08661051075323,40.48622692987076
leisure:pitch,,-80.08692783279126,40.48607390052182
leisure:playground,,-80.09580457849724,40.49101275740869
leisure:pitch,,-80.09547976416403,40.49106070656795
leisure:park,Baker Park,-80.0974225799205,40.33635962984018
leisure:park,Beadling Field,-80.06910752373354,40.360823396073485
leisure:park,Brookside Park,-80.06424027114733,40.33174157880221
leisure:park,Hays Park,-80.07694539807801,40.30376646110428
leisure:park,Johnston Park,-80.0786592917708,40.3193884882078
amenity:library,Carnegie Library of Pittsburgh,-79.94390023503576,40.40824181996312
leisure:park,Hale Park,-80.05117294700301,40.40324227952779
leisure:park,Sodini Parklet,-80.04747725120394,40.410733299283336
leisure:park,Parkedge Park,-80.06452545912424,40.41260572590379
leisure:pitch,,-80.01864075327487,40.34754208327123
leisure:park,Munson Avenue Park,-80.05862935358796,40.47498036761496
leisure:pitch,,-79.8789873558025,40.29997250378773
leisure:pitch,,-79.87830801106627,40.30054868649022
leisure:pitch,,-79.87757164989367,40.30051725003584
leisure:playground,,-80.02366473458576,40.325240887535344
leisure:pitch,South Park Roller Hockey Rink,-80.00574957742093,40.31688224030487
leisure:playground,,-80.01653022730736,40.32639963009603
leisure:playground,,-80.01416253076697,40.32547568446565
leisure:pitch,,-79.99411479130988,40.34488870136085
leisure:park,Butterfly Garden,-79.995935353023,40.34517153599616
leisure:pitch,,-80.1003434000753,40.485874849990005
leisure:pitch,,-80.10015495007535,40.48582589998999
leisure:pitch,,-80.09996650007537,40.48577679998997
leisure:pitch,,-80.10043522078612,40.48503484419585
leisure:pitch,,-79.99939641297406,40.351800063341464
leisure:pitch,,-79.9994955388957,40.35149151225975
leisure:park,,-79.84682314073696,40.510132496657604
leisure:pitch,,-80.03814331167143,40.321404651862395
amenity:library,Coraopolis Memorial Library,-80.16192884382961,40.51537540197202
leisure:pitch,,-80.16716189990778,40.50914924999238
leisure:pitch,,-80.1669855305481,40.50921234050083
leisure:pitch,,-80.16680204990054,40.50928109999745
leisure:pitch,,-80.16624384514164,40.50919808094008
leisure:pitch,,-80.16516022592067,40.51017261411323
leisure:pitch,,-80.16393466593071,40.51074581525645
leisure:park,,-80.12684938316039,40.51090362655133
leisure:playground,,-80.14352300002409,40.51633250058464
leisure:pitch,,-80.1299128680501,40.51262318091942
leisure:playground,,-80.12871077797867,40.512415343679805
leisure:sports_centre,Three Rivers Rowing Association,-79.97391754610663,40.47036449499012
leisure:park,Community Field,-80.19158157929908,40.54156218112408
leisure:playground,,-79.99923722004986,40.303820192523276
leisure:playground,,-79.9994207013532,40.30378614317488
leisure:playground,,-80.00466810146881,40.314368439437715
leisure:pitch,South Park Roller Skating and Learn-to-Bike,-80.0057179884839,40.31652018308608
leisure:playground,,-80.00771600738871,40.320888371215815
amenity:community_centre,Silent Brook Barn,-80.0155808853069,40.32587513688557
leisure:playground,,-80.07270692538874,40.33393770149992
leisure:park,Fireman's Memorial Park,-79.7718422265034,40.57738077786933
leisure:sports_centre,ASCEND Point Breeze,-79.89584961702903,40.45070126506469
amenity:library,Carnegie Library of Pittsburgh - Homewood,-79.89916994021259,40.45529879860921
amenity:community_centre,Thelma Lovette YMCA,-79.97776348051703,40.44457092237889
amenity:library,Carnegie Library of Pittsburgh - Hill District,-79.97673911693263,40.44544266339514
leisure:playground,,-79.9986257093193,40.31226919767023
leisure:playground,,-79.99954404184551,40.308226887384116
leisure:playground,,-79.99871977291888,40.308003211442866
leisure:playground,,-79.99597282699948,40.31259772126582
leisure:playground,,-79.99857283956565,40.31599009436352
leisure:playground,,-80.00210507293399,40.31985614097816
leisure:playground,,-80.00689177401296,40.31749754984499
leisure:playground,Corrigan Drive Playground,-80.00645069853397,40.316672994023676
leisure:playground,,-80.00847227959368,40.308441311552535
leisure:playground,,-80.0110175153385,40.30952996041134
leisure:playground,,-80.0107042456217,40.30964105751128
leisure:playground,,-80.01310451228014,40.32067762502026
leisure:playground,,-80.00916055536992,40.3301112314387
leisure:playground,,-80.00831572588527,40.33199397224129
leisure:playground,,-80.00813125988641,40.33229332533725
leisure:playground,,-80.00306402168893,40.33131789288433
leisure:playground,,-80.01072448677417,40.332543776322176
leisure:playground,,-80.00911020940333,40.33387500034627
amenity:childcare,Cassie's Cradle,-79.90223638708706,40.38694873836357
leisure:sports_centre,Spins Bowl Pittsburgh,-79.9086583857745,40.36425876346111
amenity:community_centre,,-80.06772217703562,40.43699935095139
leisure:sports_centre,Homewood-Brushton YWCA,-79.90260034549992,40.458815496085
amenity:library,Carnegie Free Library of Swissvale,-79.8911637701196,40.42254435742227
leisure:pitch,,-79.98182934396623,40.448089808718436
leisure:pitch,,-79.98198361751967,40.44781295931618
amenity:library,Plum Borough Library,-79.75403117528475,40.48777533938207
leisure:playground,Red Oak Grove,-79.8181270540264,40.517917602527255
amenity:community_centre,ACH Clear Pathways,-79.98254980880945,40.442881639783764
amenity:community_centre,University of Pittsburgh Community Engagement Center Hill District,-79.98129046639353,40.44382085058509
amenity:childcare,Oakland Sunshine Daycare,-79.97130427415881,40.43697523715265
leisure:pitch,,-79.79050360007163,40.41804804997547
leisure:pitch,,-79.79069925008407,40.418097199986505
leisure:pitch,,-79.79038811629374,40.418693227819126
leisure:pitch,,-80.21978746465098,40.555867781292314
leisure:pitch,,-80.21676617589442,40.55563532377129
leisure:playground,,-80.21620704999845,40.55481000000679
leisure:playground,,-80.21741083900031,40.55566507677598
leisure:pitch,,-80.23069021556611,40.54859771511016
leisure:playground,,-80.23582680011745,40.553947149896445
amenity:community_centre,Glen Hazel Recreation Center,-79.92812125303479,40.40684752429052
amenity:library,Pleasant Hills Public Library,-79.96199224936338,40.33374587309904
leisure:park,Sunny Slopes,-79.99601383774359,40.31439630183417
leisure:park,,-79.99811068977434,40.45305733406974
leisure:pitch,,-80.12453459709155,40.465930966471525
leisure:pitch,,-80.12359162549117,40.46508615509006
amenity:childcare,Little Explorers Learning Academy,-79.97746013086459,40.42787521384391
leisure:playground,,-79.99956554011708,40.45664434576029
amenity:community_centre,Rosslyn Farms Community Center,-80.0914883526746,40.423098418722965
leisure:pitch,,-79.99366128397742,40.30316274506909
leisure:pitch,Edgebrook Field,-80.0018667289366,40.31104006868096
leisure:playground,,-80.00159534726912,40.451624564090984
leisure:park,Barking Slopes,-79.79184727053361,40.53274453762167
leisure:pitch,,-80.01074014973844,40.335019699373554
leisure:pitch,Alaska Field,-80.00861714188078,40.33319093332394
leisure:pitch,3 B's Action Park,-80.00438279036301,40.33216447472882
amenity:community_centre,South Park Community House,-79.99889278857624,40.31590699132456
leisure:pitch,North Park Dek,-79.99506824136282,40.586681399846576
leisure:playground,,-80.00419363172011,40.455477575302226
leisure:playground,,-80.00507044817208,40.45527504530891
leisure:playground,,-80.00716403716433,40.45256900292126
leisure:pitch,,-80.00809545192166,40.45443787232481
leisure:pitch,,-80.00724845020407,40.45410691450558
leisure:pitch,,-80.00721705863317,40.45445027891958
leisure:playground,,-80.0102214790898,40.4545428057945
amenity:community_centre,Collier Township Community Center,-80.16150460580076,40.39736380386922
amenity:community_centre,Neville Park Community Center,-80.09764558939688,40.38157954390741
amenity:community_centre,Cloverleaf Estates West Clubhouse,-80.11111075258404,40.414557043176956
amenity:community_centre,Presto Volunteer Fire Department,-80.11982496858528,40.37256958474507
amenity:kindergarten,Magical Years Development Center,-80.08995047393091,40.51179988175965
leisure:pitch,,-80.20929985000932,40.43819655000736
amenity:library,Carnegie Library of Pittsburgh - Lawrenceville,-79.95908362776676,40.467607360682706
amenity:community_centre,Stephen Foster Community Center,-79.95859712362403,40.4676629142659
leisure:playground,,-79.95259220207795,40.48077089086613
leisure:park,Polish Hill Wiggins Community Garden,-79.96938682641795,40.45768942835874
leisure:park,,-79.96723038288336,40.45678945132631
leisure:pitch,,-80.10066694817702,40.47247339111525
leisure:playground,Tustin Tot Lot,-79.97661615289138,40.43669418856374
leisure:playground,,-80.13384343927743,40.46641906277111
leisure:playground,,-80.10666140106385,40.48077671676111
leisure:pitch,,-80.15703991062676,40.43195082448056
leisure:pitch,,-80.1007392215357,40.471424768738004
leisure:pitch,,-80.10266151756426,40.471221320765466
leisure:pitch,,-79.86562062590646,40.49045280484039
leisure:park,Buffalo Ridge,-80.00212346024227,40.31362501708082
leisure:park,Wooded Gap,-79.9949158722235,40.3081581966749
leisure:sports_centre,Ingomar North Recreation & Swim Club,-80.04419857478547,40.5732060954697
leisure:pitch,,-79.7526944999862,40.30455795004533
amenity:library,DePaul School for Hearing and Speech Library,-79.9237485884197,40.45729519082244
leisure:pitch,Ellis Soccer Field,-79.91761570144062,40.455098077745845
amenity:community_centre,Union Project,-79.9265130761556,40.47193085789703
leisure:pitch,,-80.08216348994907,40.430447503372235
leisure:pitch,,-80.08113776048387,40.43094779059513
leisure:pitch,,-80.08031403284825,40.43048487452749
leisure:pitch,,-80.08113262067394,40.42997263878032
leisure:pitch,,-80.07988049639712,40.43000525521087
leisure:park,Pleasant Hills Arboretum,-79.9652421534822,40.32907085353817
amenity:community_centre,Mount Ararat Community Activity Center,-79.92684584464534,40.47116825509189
amenity:library,Shaler North Hills Library,-79.96426252140907,40.528296266932585
amenity:community_centre,Lauri Ann West Community Center,-79.85751883338737,40.513954284475425
amenity:library,John J. Wright Library,-80.0144193789899,40.56901207310208
leisure:pitch,,-80.17895825015057,40.54422345057574
leisure:pitch,,-80.17831969991812,40.54413889994904
leisure:playground,,-80.00670819199864,40.4458978746771
leisure:park,Hopewell Community Park,-80.2659494040581,40.58241147505111
leisure:playground,,-79.85291166690719,40.50469763709805
amenity:library,Wilkinsburg Public Library,-79.88585419460603,40.443366881719236
leisure:pitch,,-80.05844946793104,40.543392795315384
leisure:pitch,,-80.27842896067978,40.565129577904905
leisure:pitch,,-80.27841237880142,40.56483367171688
leisure:playground,,-80.27819128300975,40.56478445167955
leisure:playground,,-80.27630755794779,40.56264783968019
leisure:playground,,-80.2788537137629,40.56784072185207
amenity:community_centre,Allegheny YMCA,-80.0129148500311,40.45464145481283
leisure:sports_centre,,-79.91890289809444,40.53232961446896
leisure:pitch,,-79.86567951959366,40.34391288545365
leisure:park,War Streets Parklet,-80.01493519432942,40.45583446014019
leisure:park,Saline St Honor Roll,-79.9497454667795,40.426742700145795
leisure:park,,-79.95021701480925,40.42699308207924
leisure:pitch,,-80.08780942414468,40.36469236520843
leisure:pitch,,-80.08799087591386,40.36469773466514
leisure:park,Spinner Field Park,-80.08812525692007,40.36470451233209
leisure:playground,,-79.90622554134234,40.49642957978901
leisure:park,Pioneer Park,-79.79043948890616,40.41816030103661
leisure:playground,,-79.89088799408746,40.50987818772443
leisure:sports_centre,Pittsburgh Indoor Sports Arena,-79.83869290977398,40.55514498765856
amenity:library,Springdale Free Public Library,-79.77811700001513,40.54178895003812
leisure:pitch,,-79.89472067543252,40.50291126211415
leisure:pitch,,-79.90256363397913,40.51614350851101
leisure:playground,Swings,-80.10531027031989,40.40668268801834
leisure:park,Skvarca Park,-80.10492742221773,40.40682308250405
leisure:playground,Prestley Heights Playground,-80.10389305792597,40.41116096945603
leisure:park,Prestley Heights Green Space,-80.10370451670912,40.41104254564063
leisure:sports_centre,Blackridge Swim Club,-79.84694113603348,40.44933412635652
leisure:park,Blackridge Park,-79.84779786253345,40.44963084634799
leisure:pitch,,-80.0558199762967,40.52569162049204
leisure:playground,,-80.0502065203112,40.505543881865215
leisure:pitch,,-79.99864277562132,40.56179722977898
leisure:pitch,,-79.98267669994945,40.34908420002961
leisure:pitch,,-79.98239896907299,40.34890412117119
leisure:playground,,-79.98255347985238,40.34866056523
leisure:sports_centre,Bower Hill Swim Club,-80.080845017498,40.37227330882019
leisure:park,Abel Long Park,-80.0283607761282,40.408239399612754
leisure:playground,,-80.07426748376349,40.361941576399644
leisure:pitch,,-80.07437960517233,40.3623963730953
leisure:pitch,,-80.07437114998982,40.36289404997023
leisure:pitch,,-79.81928985663355,40.51662884784765
leisure:pitch,,-79.81953343550032,40.515687613101925
leisure:park,O'Brien Field,-80.01398622530677,40.37152575373551
leisure:pitch,,-80.07361041672439,40.404409273260434
amenity:library,Castle Shannon Library,-80.02225362860042,40.36777147236979
leisure:park,Overlook Acres Park,-80.00803838134645,40.35670340305205
leisure:pitch,,-80.00862652102113,40.35637378101201
leisure:pitch,,-80.00814046123472,40.35675273154811
leisure:playground,,-80.0304935638948,40.46257197799161
leisure:park,Marshall Parklet,-80.03065479680158,40.46250921783979
leisure:sports_centre,Garden City Swim Club,-79.78133655515383,40.447384835613136
leisure:pitch,,-79.78154582198056,40.44733164304748
leisure:pitch,,-79.78133569416686,40.44752943060125
leisure:park,Maple Vista Park,-79.76192544207787,40.460243990974355
leisure:pitch,,-79.76125084256886,40.415849922498985
leisure:pitch,,-79.76133585095621,40.414300167192174
leisure:pitch,,-80.10575384999832,40.31218224990733
leisure:pitch,,-80.10573256335027,40.31243957862619
leisure:park,Lawn & Ophelia Parklet,-79.96531761622978,40.43543938568725
leisure:park,MASSA HARBISON PARK,-79.75303144221064,40.56714170188124
leisure:park,Parnasus Park,-79.76027143367368,40.55929995177184
leisure:park,City of Arnold - 18th Street Baseball Field,-79.77103743404362,40.579160234136864
leisure:playground,,-80.0134262841961,40.45300927428215
leisure:playground,,-80.17129527835104,40.302618877306585
leisure:park,Liberty Green Park,-79.91927819087901,40.46310750853904
leisure:park,Brookline Monument,-80.01712475750051,40.39175181661181
leisure:pitch,Devil's Elbow Field,-79.99693600391767,40.585168559669036
leisure:playground,,-79.98539021760756,40.59004021100676
leisure:playground,,-80.04375990900918,40.422402603951845
leisure:playground,,-80.04243686123422,40.42356104417732
leisure:park,Irishtown Park,-80.0925782029568,40.40166852156097
leisure:park,East Carnegie Park,-80.07487137207006,40.414651513110854
leisure:playground,,-80.0749955577506,40.41463078436233
leisure:pitch,,-80.07489001543875,40.414517177358874
leisure:park,Sampson Park,-80.09420425660691,40.39573755567402
leisure:park,Gregg Street Park,-80.09134925961455,40.39961248779277
leisure:park,Larsen Park,-80.07649155086912,40.36381022990648
leisure:park,Meadowlark Park,-80.075095078371,40.37784797444328
leisure:park,Municipal Park,-80.08360736104028,40.38763017306743
leisure:park,Sillview Park,-80.08088482506528,40.36500916339092
leisure:pitch,,-80.03368582168993,40.41477449806846
leisure:playground,,-80.03312081150452,40.41467789165611
leisure:park,Noble Park,-80.06292682544944,40.43726201418533
leisure:pitch,,-80.06278294997743,40.437239699970284
leisure:pitch,,-80.04173414792383,40.42347963247257
leisure:park,Gateway Center Park,-80.00539081164985,40.44065084068226
leisure:pitch,,-80.03903189107906,40.41439321123081
leisure:pitch,,-80.03874519280866,40.41462471514309
leisure:pitch,,-80.03868175601744,40.414837934652546
leisure:pitch,,-80.04721708252303,40.41955073260886
leisure:playground,,-80.05179258740021,40.41855262354143
leisure:pitch,,-80.05071622297957,40.41799983331817
leisure:pitch,,-80.0513142775442,40.4174092867633
leisure:pitch,,-80.05146932237147,40.41762457836428
leisure:playground,,-80.06467287902855,40.41260218986714
leisure:pitch,,-80.06439194539824,40.41284152067025
leisure:pitch,,-80.05020332130852,40.43032659165013
leisure:pitch,,-80.07512388605832,40.4035998546326
leisure:pitch,,-80.07532691340357,40.40457463859238
leisure:sports_centre,,-80.08779846528401,40.383724031176264
leisure:pitch,,-79.86232665004916,40.58139620005621
leisure:playground,rural ridge,-79.82606921905959,40.58849933204867
leisure:pitch,,-79.82627664293781,40.58826992518853
leisure:pitch,,-79.826810699493,40.58837749356265
leisure:pitch,,-79.88325985705816,40.57771724492803
leisure:park,Pinnacle Pointe Park,-80.1597468029075,40.35608669312642
leisure:pitch,,-79.94164744990144,40.47031604997707
leisure:pitch,,-79.94183077191755,40.47027285872038
leisure:park,Gally Park,-79.97809107699833,40.49842629781193
leisure:pitch,,-79.78986312030777,40.549271932258264
leisure:pitch,,-80.06644896624589,40.42636270957223
leisure:pitch,,-80.0673044195511,40.42643868324219
leisure:playground,,-80.06693859649698,40.426050858543555
leisure:playground,,-79.86438903075135,40.58091145184993
leisure:pitch,,-80.0337557101924,40.3886685393289
leisure:pitch,,-80.03195204725854,40.38743794526215
leisure:pitch,,-80.02907615852332,40.388003753989054
leisure:pitch,,-80.06652424631139,40.453453725781635
leisure:pitch,,-79.95350747528192,40.46253467572191
leisure:playground,Paul Sciullo Playground,-79.95311871565816,40.46232076780013
leisure:pitch,,-80.00690902647347,40.38987877921327
leisure:pitch,,-80.00651319241899,40.38938749396606
leisure:pitch,Officer Stephen J. Mayhle Memorial Field,-80.00694380244786,40.39045788214749
leisure:pitch,,-79.9857145073169,40.44674956919576
leisure:playground,,-79.98596278267402,40.446494424766335
leisure:park,Wilmerding Park,-79.80920701924354,40.39225628298724
leisure:park,Osceola Parklet,-79.94241879652081,40.45671195520347
leisure:park,,-80.05883441081387,40.400543216104744
leisure:playground,,-80.05772345000541,40.40021845003071
leisure:park,Ambridge Courthouse Park and Community Garden,-80.22716113678405,40.59331855002789
leisure:park,Jacktown Acres Park,-79.75331273105554,40.320766806807576
leisure:pitch,,-79.75274669997853,40.32078600009058
leisure:playground,,-79.99734688296606,40.53758169058339
leisure:pitch,,-80.04337512988243,40.505960469154
leisure:park,,-80.07474056865509,40.3878106106941
leisure:park,Amity Ross Township Park,-79.99273663115636,40.543745021504485
leisure:playground,,-79.99266096215013,40.54364769332039
leisure:pitch,,-79.99273388047698,40.54387010334261
leisure:park,Bruno Sammartino Park,-79.99650630353361,40.53785652550057
leisure:park,Ann Alison Hoover Park,-80.02910832811205,40.53176460781897
leisure:park,Herge Park,-80.05676575147145,40.523740696834174
leisure:pitch,,-80.05646644304986,40.52339971284631
leisure:playground,,-80.05672897253453,40.52314802357083
leisure:park,Ellen Hughes Park,-79.98733229107913,40.55181739458491
leisure:park,,-79.87968156313046,40.34912097681248
leisure:park,Edward Sayfoot Playground,-79.87546468320917,40.35054513838168
leisure:park,,-79.7616644383784,40.366952218416905
leisure:pitch,,-80.06328883904983,40.50523606288501
leisure:park,Avalon Community Park and Pool,-80.06376402126628,40.50515277015661
leisure:playground,,-79.92405069444658,40.4013009742283
leisure:park,Riverplex at Sandcastle,-79.9240117178116,40.40170852304035
leisure:pitch,,-80.02638422792185,40.463778481617645
leisure:pitch,,-79.75696230007055,40.56557539997831
leisure:pitch,,-79.75679730007013,40.56553639997873
leisure:pitch,,-79.75663297117872,40.565497643769866
leisure:pitch,,-79.75692600006991,40.56522194997884
leisure:pitch,,-79.75676165007046,40.565183149978246
leisure:pitch,,-79.94282879785946,40.5884273162811
leisure:pitch,Kenny Ross Field,-80.18720268943193,40.4893616213308
leisure:pitch,Kenny Ross Back Field,-80.18820982531044,40.48900884931447
leisure:pitch,Wright Field at Newman Stadium,-80.05315329390517,40.599924956589696
leisure:park,Triangle Park,-80.11104975001807,40.35821605006278
amenity:library,Bridgeville Public Library,-80.11163283653089,40.356275485790086
leisure:park,Collier Park,-80.16348739102094,40.39783050359644
leisure:park,Webb Park,-80.13558406579065,40.39561461570671
leisure:park,Hilltop Park,-80.10654911055843,40.390382944425575
leisure:pitch,,-80.26916246834372,40.46478207754812
leisure:playground,,-80.09651654088933,40.33037931112324
leisure:pitch,,-80.09761697567633,40.329406717442325
leisure:pitch,,-80.0975975892727,40.32867923246563
leisure:pitch,,-80.09730670105694,40.330330799490156
leisure:pitch,,-80.0964191997125,40.3293033994772
leisure:playground,,-80.09777386676704,40.33517719200774
leisure:pitch,,-80.09804130086187,40.336145745699675
leisure:pitch,,-80.09785376185087,40.335751637427215
leisure:pitch,,-80.09670892713169,40.336745312781915
leisure:pitch,,-80.10707168503173,40.33472733796839
leisure:pitch,Miracle Field,-80.10966855113422,40.332782515015424
leisure:playground,,-79.98735310662555,40.30165022619188
leisure:playground,,-80.21809562469278,40.53016274679415
leisure:pitch,,-80.21809846045784,40.53071764626161
leisure:sports_centre,Wyngate Swim Club,-80.21231781067445,40.53240064082724
leisure:park,Paynter Field,-79.94965508243303,40.380078331051465
leisure:park,Liberty Avenue Park,-80.00437990879107,40.44167686151565
leisure:playground,Esplen Park,-80.05080246882294,40.460704628779226
leisure:park,CCAC South Campus Green Area,-79.92474758918068,40.32911351398767
leisure:pitch,Avon Park,-80.07637565296626,40.51091926749179
leisure:pitch,,-80.07615657918531,40.510981880104374
leisure:pitch,,-80.00956232671156,40.43624330826881
leisure:pitch,,-80.0125171473169,40.45239857019305
leisure:pitch,,-80.01213473402628,40.452238974408274
leisure:pitch,,-80.01173837390077,40.45207442934601
leisure:park,8th Street Pavilion,-80.23153160566594,40.5884684565203
leisure:park,Welcome to Bloomfield,-79.95251491386239,40.46363997324699
leisure:pitch,,-79.76315788557136,40.37297007806876
leisure:pitch,,-79.76902550212607,40.36133423166641
leisure:pitch,,-79.7622519153062,40.33976799735442
leisure:pitch,,-79.76239157298468,40.339654424972395
leisure:park,,-79.76135395234397,40.33914902416363
leisure:pitch,,-79.9418498165092,40.581846254699784
leisure:playground,,-79.93755528375237,40.58474444001829
leisure:park,Denny Park,-79.97301986699011,40.457928674461684
leisure:playground,,-79.9734005743088,40.45770834744642
leisure:pitch,,-79.97322342795309,40.45784552943308
leisure:pitch,,-80.14384845558358,40.355819747206226
leisure:pitch,,-80.14361594001205,40.355791495836755
leisure:playground,,-80.144057530422,40.3559409218552
leisure:playground,,-80.14407416149596,40.35578037814392
leisure:park,Groveton Park,-80.14383599405097,40.50510977033188
leisure:pitch,,-80.13253152230813,40.469046953250526
leisure:park,Tustin Park,-80.0910738346716,40.34502960925913
leisure:playground,,-80.09156354959651,40.34511279747445
leisure:pitch,,-80.091522398295,40.34558637181141
leisure:pitch,Lou Huebner Memorial Field,-80.23518335906152,40.41832573220068
leisure:pitch,Harold L. Brindle Memorial Field,-80.23601229298532,40.41783075468333
leisure:pitch,Maropis Field,-80.23480834276637,40.41759021943234
leisure:playground,,-80.23802154171936,40.4167505560804
leisure:playground,,-80.23447895090892,40.41818588973867
leisure:pitch,,-80.23731666758,40.418651365373854
leisure:pitch,,-80.23711022573546,40.41898021290295
leisure:park,North Fayette Township Park,-80.22344369361923,40.41608898286788
leisure:pitch,"John Kozloff, Jr. Memorial Field",-80.22223895679116,40.41622946947651
leisure:pitch,Argenta A Field,-80.22421127413573,40.41502918535913
leisure:pitch,Argenta B Field,-80.22493858259635,40.414985424363415
leisure:pitch,,-80.08164973147765,40.35730049843487
leisure:park,Trotwood Hills Park,-80.08241426820982,40.35073260868573
leisure:pitch,,-80.08193912106063,40.35119943761807
leisure:pitch,,-80.08223206746578,40.35099492132748
leisure:playground,,-80.07681709994085,40.36366995006312
leisure:pitch,,-80.07622949728636,40.36393704894505
leisure:pitch,,-79.97058304340027,40.45608274151971
leisure:playground,,-79.9701918368173,40.456106669646324
leisure:playground,,-79.97027773228676,40.45621872066711
leisure:park,Mayer Park,-80.04743541710951,40.54237069768109
leisure:pitch,,-80.02714167390462,40.52537564948734
leisure:park,Bates Park,-80.14465678315632,40.50360126972096
leisure:playground,,-80.01443680842262,40.40527995372869
leisure:park,F. Tracy Henderson Alumni Park,-80.0019044507172,40.438842795258566
leisure:pitch,Allderdice Basketball Court,-79.9173101777706,40.428836131926516
leisure:pitch,,-80.16140556566707,40.398137190445816
leisure:playground,Chartiers Valley Playground,-80.10523293797365,40.38191790986106
leisure:pitch,,-80.11009090239384,40.55025532954924
leisure:pitch,,-80.2041827998129,40.5605755002373
leisure:pitch,,-80.20382552012099,40.56015657859513
leisure:playground,,-79.8686689398539,40.34866881043029
leisure:park,7th and Penn Parklet,-80.00013519972647,40.44344778545224
leisure:pitch,,-80.29023788581881,40.39101368832626
leisure:pitch,,-79.95454943708151,40.49700184779342
leisure:park,,-79.95445653008922,40.49704887115906
leisure:pitch,,-79.95435047772912,40.49697504966942
leisure:pitch,,-80.02898630013087,40.35191020005691
leisure:playground,,-80.02858542213602,40.35230649306946
leisure:pitch,,-80.13148735195642,40.38950756881857
leisure:pitch,BAYSA Soccer Complex,-80.34112297895298,40.35071174613483
leisure:park,Mutual Street Playground,-80.0640828806485,40.45211854926586
leisure:pitch,,-79.95925397305002,40.44995308072133
leisure:playground,,-80.00800348207024,40.37624477688559
leisure:park,Ellsworth Avenue Playground,-80.09073132914094,40.3904308537638
leisure:pitch,,-80.04415170281526,40.57305967197079
leisure:playground,,-80.0442763998064,40.573685266966045
leisure:pitch,,-80.00993169479851,40.56937112133443
leisure:playground,,-80.07256390266767,40.56878549123038
leisure:pitch,,-80.02550031837835,40.367481590045735
leisure:pitch,,-79.81658460694692,40.52806082893392
leisure:pitch,,-79.8263329539457,40.52614494676263
leisure:park,Island Heights Park,-80.0866856150422,40.48621103584266
leisure:park,Pauline Park,-80.02594700416552,40.40457629750808
leisure:park,Collingwood Park,-79.89058731199937,40.417150054835744
leisure:park,James Sharp Landing,-79.92851584974508,40.493265095046546
leisure:sports_centre,Pittsburgh's Pennsylvania Motor Speedway,-80.26112333497905,40.42185677264053
leisure:pitch,,-80.08504964111566,40.37200757087679
leisure:playground,Tenth Street Elementary School Playground,-79.83245578184776,40.521658348971485
leisure:park,Cribs Field,-79.83658299645978,40.50524539589507
leisure:pitch,,-79.83670305093258,40.50500662368337
leisure:pitch,,-79.83637041660326,40.50553643320418
leisure:playground,Cribs Field Playground,-79.8368341813755,40.505789080953306
leisure:playground,,-79.84675565737149,40.501573675262485
leisure:pitch,,-79.84679754973045,40.50126418570995
leisure:pitch,,-79.84685848683908,40.50101750944972
leisure:park,Railroad Park,-79.84453878466654,40.505052190272686
leisure:playground,,-79.90793606822598,40.49487175036997
leisure:park,Baldwin Manor Park,-79.99585028125507,40.358017034303586
leisure:playground,,-79.99351835420286,40.359560135059915
leisure:pitch,,-79.99314879005547,40.35987352808593
leisure:pitch,,-79.95669546799022,40.38245250822132
leisure:pitch,,-79.95688050008785,40.38251790000208
leisure:sports_centre,,-79.95753290226008,40.382827246744085
leisure:pitch,,-79.95766321704303,40.38140286735053
leisure:pitch,,-79.95521789215339,40.382298364855856
leisure:pitch,,-79.95575673520999,40.38246791109844
leisure:pitch,,-79.96284977503902,40.365134895489405
leisure:pitch,,-79.96181081380558,40.36512545660664
leisure:playground,,-79.96161889998731,40.36552170007281
leisure:pitch,,-79.9612397005119,40.365491427534685
leisure:pitch,,-80.02302216590954,40.37365334776405
leisure:playground,,-80.02330629261981,40.373924477266414
leisure:park,,-80.0215748404481,40.368759013289946
leisure:park,Boys Home Park,-80.17417337898218,40.38538682007047
leisure:park,Preservation Park,-80.17914352538357,40.39434439948678
leisure:pitch,,-79.96232024785958,40.52824290003993
leisure:playground,,-80.01261273346545,40.340452350885435
leisure:playground,,-80.01251174998686,40.340230350008085
leisure:pitch,,-80.15424649990995,40.45063385004328
leisure:sports_centre,,-80.15361536863331,40.45047225689085
leisure:pitch,,-80.1942060249966,40.50052680102874
leisure:pitch,,-80.19581683091539,40.49933938468736
leisure:pitch,,-80.19777536153589,40.50189521334063
leisure:pitch,,-80.195931984398,40.497875897788596
leisure:pitch,,-80.19422123128086,40.49974123789764
leisure:pitch,,-80.19204338416102,40.4965793793623
leisure:pitch,,-80.1904337638311,40.497534820690895
leisure:pitch,,-80.19208037317064,40.49876758178341
leisure:pitch,,-80.19487124853967,40.502211472913444
leisure:pitch,,-80.19053035341064,40.503859693299155
leisure:pitch,,-80.19125822646117,40.507715123236316
leisure:pitch,,-80.19039400019227,40.50876185667734
leisure:pitch,,-80.18870324252107,40.50890982795945
leisure:pitch,,-80.18981207166676,40.50559980404543
leisure:pitch,,-80.18944865368265,40.500362349682064
leisure:pitch,,-80.18928365919734,40.49833255527402
leisure:pitch,,-80.19192890089127,40.5009090014907
leisure:pitch,,-80.19482678372079,40.502963559959596
leisure:pitch,,-80.19669372402511,40.502236308127706
leisure:playground,,-80.04382968371927,40.38860162891374
leisure:pitch,,-79.90684977550664,40.38627867079068
leisure:park,Kennard Park,-79.97333628067531,40.44283066805562
leisure:playground,,-80.0629968326856,40.348584080259805
leisure:pitch,,-80.06319729999493,40.348751000042895
leisure:pitch,,-80.06299597982716,40.34886003305296
leisure:pitch,,-80.06289459335679,40.34895796628467
leisure:pitch,,-80.06367209740246,40.34909125163778
leisure:pitch,Hopewell Area Soccer Association,-80.31750054881186,40.59202192419536
leisure:pitch,,-80.0740054613206,40.44016590042216
leisure:pitch,Thornburgh Tennis Court,-80.08444294783142,40.43157987936673
leisure:sports_centre,,-79.90535729999925,40.41450450005929
leisure:pitch,,-80.23791054869508,40.448302166629034
leisure:pitch,,-80.24159617477322,40.448220502933374
leisure:pitch,,-80.23815438870511,40.450308916022195
leisure:pitch,,-80.19356917926478,40.417323662543
leisure:park,Alton Park,-80.02179728178957,40.41455942169397
leisure:park,Vanucci Park,-80.01787411279106,40.414883178310255
leisure:pitch,,-80.03988002097849,40.362779928488685
leisure:playground,,-80.03920535070851,40.36303093859628
leisure:pitch,,-80.06571911679266,40.353891605074864
leisure:pitch,,-80.06605229448911,40.35444759385884
leisure:pitch,,-80.06518968193063,40.35500235478546
leisure:pitch,,-80.06510690970092,40.3548819233523
leisure:playground,,-80.07789297593403,40.30383161050548
leisure:pitch,,-80.07712855938374,40.303815908410265
leisure:pitch,,-80.07733907006447,40.30386718178517
leisure:playground,,-80.03288099916472,40.32455727040987
leisure:pitch,,-80.0328289618415,40.3236758147193
leisure:park,Morgan Park,-80.14491720965236,40.35574470981938
leisure:pitch,,-80.12049070112252,40.33113583791912
leisure:pitch,,-80.11901534023895,40.32959672491792
leisure:pitch,,-80.1173394021746,40.32780620828056
leisure:pitch,,-80.11781579732688,40.32861848391096
leisure:pitch,,-80.11815708401973,40.328942547761855
leisure:pitch,,-80.11686721653554,40.32699050554029
leisure:playground,,-80.12297379998661,40.33239655001685
leisure:playground,,-80.12171781601866,40.33111139497935
leisure:playground,,-80.1174123919661,40.32948273915671
leisure:pitch,,-80.0612734292117,40.312755632526724
leisure:playground,,-80.06164716957916,40.31274553902555
leisure:pitch,,-80.05480277398414,40.323593040226534
leisure:playground,,-80.05439728717315,40.32374882110741
leisure:playground,,-80.05460812808622,40.32393801500114
leisure:playground,,-80.08519376764134,40.374709172694025
leisure:playground,,-80.08561599922378,40.37544984455802
leisure:pitch,,-80.04601484621129,40.35550316055115
leisure:playground,,-80.04578812933566,40.35563586694039
leisure:sports_centre,,-80.07071558013102,40.377081660719355
leisure:pitch,Middle Field,-80.05710499233095,40.37363799695534
leisure:pitch,,-80.05728088774913,40.37335055908153
leisure:pitch,,-80.05630885001005,40.375294849961456
leisure:pitch,,-80.05625117581741,40.37527385569869
leisure:pitch,,-80.05542163040363,40.376487845580215
leisure:pitch,,-80.05560835016219,40.376529599940454
leisure:park,,-80.06558634654,40.45989090067665
leisure:playground,,-80.06512051033188,40.45946928724975
leisure:pitch,,-80.06537675464227,40.45968486480558
leisure:park,Way Park,-80.18993414085068,40.54762279951058
leisure:pitch,,-79.8974603225717,40.38635938726514
leisure:pitch,,-79.86980243243937,40.37885914389912
leisure:pitch,,-79.87092486389157,40.3786572059514
leisure:pitch,,-79.87114574859359,40.3794949785541
leisure:pitch,,-79.87128272527308,40.3769038905786
leisure:pitch,,-79.87252161959194,40.376504524646045
leisure:pitch,,-79.87300407506737,40.37714315762465
leisure:pitch,,-79.86970737091664,40.37731297237102
leisure:pitch,,-80.0176964970258,40.4318336549879
leisure:pitch,,-80.03773419866236,40.337905833123294
leisure:playground,,-80.03784170000384,40.33799545001338
leisure:playground,,-80.03815167923494,40.33785109028118
leisure:pitch,,-80.03756092723084,40.33736072851181
leisure:playground,,-80.13528151795016,40.39632982285461
leisure:playground,,-80.1356567599158,40.39619272001734
leisure:pitch,,-80.13567805380096,40.395970681283636
leisure:pitch,,-80.13514373546161,40.3957387408694
leisure:pitch,,-80.1359159906008,40.39507031684642
leisure:playground,,-80.16257622516079,40.397507572644244
leisure:playground,,-80.16265718419233,40.397631307889085
leisure:pitch,,-79.9877201499686,40.30167709997994
leisure:pitch,,-80.04973129455396,40.301551162238646
leisure:playground,,-80.0500145861011,40.3018233748003
leisure:pitch,,-79.94412200172809,40.494381801538175
leisure:park,Highland Terrace Park,-80.04593330170938,40.355572096697216
leisure:pitch,,-80.01932641042474,40.37773622876611
leisure:pitch,,-80.03784658594056,40.40705782725299
leisure:playground,,-80.03738006662007,40.40689379542831
leisure:pitch,,-80.03644951593084,40.406865909845436
leisure:sports_centre,,-80.01355719885234,40.40554136486233
leisure:playground,,-80.02576659816272,40.40472160555318
leisure:playground,,-80.02562392596359,40.40474631005499
leisure:pitch,,-80.02613875658201,40.40500293990854
leisure:pitch,,-80.02601739997968,40.404808650053866
leisure:playground,,-80.02592074998438,40.404635100007084
leisure:playground,,-80.02840317376341,40.40836186601681
leisure:playground,,-80.0285203346969,40.40838961725578
leisure:playground,,-80.03916113896291,40.4146936390995
leisure:pitch,,-80.01042032435058,40.403203957682415
leisure:pitch,,-80.0247132977138,40.38640850050562
leisure:pitch,,-80.1706537075884,40.37868712672265
leisure:pitch,,-80.1666775969396,40.37331957619737
leisure:park,Wiltshire Park,-80.06762653921746,40.324401510958936
leisure:pitch,,-80.06905166725515,40.32378671224864
leisure:playground,,-80.067991232748,40.324018569712884
leisure:pitch,,-80.0685440285288,40.324119547596815
leisure:park,Bud Hammer Park,-79.94657977450518,40.42088087718052
leisure:park,Blair Street Park,-79.94565406723584,40.403983524881724
leisure:park,Tustin Park,-79.9766238515319,40.4366941513108
leisure:sports_centre,,-80.07880510932664,40.330068023217954
leisure:pitch,,-79.77624266963946,40.40027526620423
leisure:pitch,,-80.0341445548057,40.43897201740904
leisure:playground,,-80.03405378456975,40.43971083075893
leisure:pitch,,-79.90940610045304,40.36200719929255
leisure:pitch,,-80.0684725045297,40.37508622088926
leisure:playground,,-80.06991712970017,40.373763664964876
leisure:pitch,,-80.07035775787048,40.374028926454834
leisure:park,Wabash Park,-80.03411783968176,40.438970096168134
leisure:pitch,,-80.0518987786278,40.43911110255025
leisure:playground,,-80.05200169312668,40.439349286854394
leisure:park,Dunbar Park,-80.05223667088946,40.43880593080539
leisure:park,Whitaker Ball Field,-79.88315829599534,40.40192499305012
leisure:pitch,,-80.02360508840093,40.4222228158184
leisure:pitch,,-80.02388559992413,40.42234770006235
leisure:pitch,,-80.02408995999278,40.42247953327078
leisure:park,Tropical Park,-80.0240135825176,40.42226554517018
leisure:playground,,-80.05491949419631,40.40694343158428
leisure:pitch,,-79.83602415625023,40.38467021579029
leisure:pitch,,-79.83507864998406,40.38476745010153
leisure:park,Crestas Park & Ballfield,-79.8356118013166,40.384652849790854
leisure:sports_centre,Topgolf,-80.1228069421065,40.36683319514016
leisure:park,,-80.0301759110004,40.403630844665
leisure:playground,,-80.04377929422587,40.347079398920776
leisure:playground,,-80.04410733778167,40.34732382077945
leisure:playground,,-80.07526971319619,40.377907066110424
leisure:pitch,,-80.07481162055839,40.37793201386894
leisure:pitch,,-80.08502531617916,40.38477748239415
leisure:pitch,,-79.92860836437912,40.406619270788916
leisure:pitch,,-79.92917193625898,40.406579881161065
leisure:playground,,-79.92830316300368,40.407019511183535
leisure:park,Glen Hazel Playground,-79.92885096839356,40.40668970967148
leisure:pitch,,-79.99697510005662,40.52273919996324
leisure:pitch,,-79.99713000005666,40.52276724996318
leisure:pitch,Ross Baseball Field,-80.00059203475995,40.524715374566654
leisure:sports_centre,,-80.04766317762846,40.34941153697938
leisure:sports_centre,Hampton Community Pool,-79.93657799531913,40.585984532650535
amenity:library,Heritage Public Library,-80.23765856078607,40.36719161288243
leisure:pitch,,-80.08088202412522,40.365012380763865
leisure:pitch,,-80.1061895000438,40.312474400008604
leisure:sports_centre,Woodland Hills Club,-80.10625875561975,40.3124210580394
leisure:pitch,,-79.99966325814754,40.525220326221124
leisure:park,Cobden Street Park,-79.9683313840979,40.4194323605875
leisure:pitch,,-80.0279439500077,40.38360370009461
leisure:pitch,Brafferton Field,-80.02719206428085,40.38357034747132
leisure:playground,,-80.04527375986501,40.37836233149528
leisure:playground,,-80.04486733025153,40.3783535920154
leisure:playground,,-80.04507180374132,40.378326759581725
leisure:pitch,,-80.10602335802726,40.37956690309244
leisure:playground,,-80.1104857660831,40.38918786171171
leisure:pitch,,-79.99097895058924,40.30344157188072
leisure:park,Presto Park,-80.11755538924747,40.3744271523966
leisure:pitch,,-80.1175077338725,40.37442152469493
leisure:pitch,,-80.11766877149117,40.3743551807661
leisure:playground,,-80.08668594192791,40.383231453849476
leisure:pitch,,-80.08165914009255,40.40035619793309
leisure:park,,-80.08105194283262,40.40051892323691
leisure:playground,Parrish Park,-80.08934556479883,40.41975394167911
leisure:pitch,,-80.09437982022094,40.42469439125325
leisure:park,,-80.18615386156846,40.39818905531396
leisure:playground,,-80.06765262663407,40.431304400753454
leisure:pitch,,-79.97532880169568,40.355720801249106
leisure:pitch,,-79.97643018167965,40.35661596957165
leisure:park,McAnnulty Park,-79.99428258935035,40.34527203695485
leisure:pitch,,-80.05044814439397,40.313762862414244
leisure:pitch,,-80.04320064056182,40.347510275603746
leisure:playground,,-80.04652789579869,40.31236041560686
leisure:pitch,,-80.07406451471792,40.45696860033702
leisure:park,Washington Street Park,-80.08698187131735,40.392541289764914
leisure:park,Miller Park,-79.805950797494,40.5551413261037
leisure:pitch,,-80.11036634040327,40.38924950598201
leisure:park,,-80.18595733979379,40.39781684949672
leisure:playground,,-80.08363081075947,40.43215681465754
leisure:pitch,,-80.08391211013452,40.43205323277159
leisure:sports_centre,,-80.09365090988327,40.43440161698478
leisure:sports_centre,,-80.09437620091359,40.42981167317689
leisure:playground,,-80.07336542673812,40.4376271503844
leisure:pitch,,-80.06742845005397,40.44247505003498
leisure:playground,,-80.06704094001607,40.44274609238861
leisure:playground,,-80.09082503070972,40.389574697205326
leisure:pitch,,-80.09085532195165,40.39054015222013
leisure:playground,,-80.09058626760344,40.39054052394594
leisure:pitch,,-80.0828611000596,40.39046085003233
leisure:park,,-80.08257182843147,40.390473573246
leisure:pitch,,-79.80799015492076,40.50805249788169
leisure:pitch,,-79.80706752135595,40.508928538227636
leisure:pitch,,-79.80647813583732,40.5076293534649
leisure:pitch,,-79.80797998217896,40.50684442135805
leisure:playground,,-79.80823077979257,40.5093361365186
leisure:playground,,-79.81787827462693,40.518107396832285
leisure:playground,,-79.81840573731336,40.517496575149586
leisure:pitch,,-79.82852336410603,40.50664686498778
leisure:playground,,-79.82899247558471,40.506687255276894
leisure:pitch,,-79.8128230624702,40.49329647793339
leisure:playground,,-79.81398322529627,40.49359016467488
leisure:pitch,,-79.81286561281728,40.479611646487065
leisure:playground,,-79.80593637370552,40.44987908651093
leisure:pitch,,-79.80562687291088,40.451636961072246
leisure:playground,,-79.8284181457892,40.45869798118078
leisure:playground,,-79.7831399075261,40.470250224004275
leisure:pitch,,-79.78376418023858,40.470709375872566
leisure:pitch,,-79.78367271863812,40.469576969708555
leisure:pitch,,-79.78368730056701,40.47103863540476
leisure:pitch,,-79.78565988712401,40.46984690524824
leisure:pitch,,-79.99934540246514,40.41235158654203
leisure:pitch,,-80.00110275652592,40.41226209865724
leisure:pitch,,-80.00167175389315,40.41231949212243
leisure:pitch,,-80.00348828081667,40.41396298359788
leisure:playground,,-80.00444880595929,40.4139103572914
leisure:pitch,,-79.87654739527284,40.47647401990251
leisure:pitch,,-79.87669483352258,40.477223543691586
leisure:pitch,,-79.84174717752131,40.48689447105717
leisure:pitch,,-79.86046890001381,40.482256600046114
leisure:pitch,,-79.86019735000913,40.48202935004477
leisure:playground,,-80.08016340165139,40.44865883909722
leisure:pitch,,-80.07987766580602,40.449066975601255
leisure:park,,-80.08036709732656,40.44905003861977
leisure:pitch,Carlynton Football field,-80.09842163144648,40.42509193822168
leisure:pitch,,-80.09753836656144,40.42340158032678
leisure:pitch,,-80.08413830729037,40.431820783351206
leisure:pitch,,-80.13163225012748,40.3869902001966
leisure:pitch,,-80.19196160974147,40.54398843574821
leisure:pitch,,-80.19191601586427,40.543739359589125
leisure:playground,,-80.1912604576724,40.543766874045474
leisure:pitch,,-80.10744292445617,40.380444856238164
leisure:pitch,,-80.10596288073837,40.38068053251471
leisure:pitch,,-80.07300486478762,40.423736678933274
leisure:pitch,,-80.07181119563828,40.42300768383613
leisure:pitch,,-80.06891659698763,40.41910388459184
leisure:pitch,,-80.04280530429493,40.42333640584018
leisure:pitch,,-80.00593607036036,40.46108950932728
leisure:park,Fineview Overlook,-80.00408963221005,40.46049542238316
leisure:sports_centre,Pittsburgh Paintball Park,-80.07761159272752,40.42274319678912
leisure:park,Ruth S. Weir Park,-79.92872024836454,40.524929855129365
leisure:park,George J. Sacco Park,-79.93245795120771,40.50514165117895
leisure:park,Woodland Park,-79.9338597106273,40.512091760981626
amenity:kindergarten,The Goddard School,-80.06692485946031,40.36219388334013
leisure:playground,,-80.02169364017884,40.41415849188677
leisure:pitch,,-80.0221540246314,40.41414894731119
leisure:playground,Vanucci Playground,-80.0189621951666,40.414744861039225
leisure:playground,,-80.04259080000357,40.39497630000352
leisure:pitch,,-79.91252131958042,40.466313960520054
leisure:pitch,,-80.15016423822249,40.378098236433466
leisure:pitch,,-79.93224892443449,40.50458569006905
leisure:playground,,-79.93225564711851,40.50490090081374
leisure:pitch,,-79.93975632539772,40.504180958352705
leisure:pitch,,-79.93948666920346,40.504153655835196
leisure:playground,,-79.9391986479669,40.50412165191225
leisure:pitch,,-79.9336878882963,40.51266841774523
leisure:pitch,,-79.94199833070377,40.4328145626073
leisure:pitch,,-79.94183031923419,40.43285138788593
leisure:pitch,,-79.9416643691661,40.43288653752746
leisure:pitch,,-79.94149916924,40.43292363744001
leisure:pitch,,-79.94133359993701,40.432957599973776
leisure:pitch,,-79.94116792792263,40.432992943601135
leisure:pitch,,-79.94309814996618,40.431793650008146
leisure:pitch,,-79.9430384574887,40.43193608595104
leisure:pitch,,-79.9428783358156,40.43204110659607
leisure:pitch,,-79.94271569988669,40.432148550028344
leisure:pitch,,-79.94255049988669,40.43225645002835
leisure:pitch,,-79.94238529227563,40.432362914103415
leisure:pitch,,-79.94222644342413,40.432469892514426
leisure:pitch,,-79.92544867440989,40.4322943861794
amenity:childcare,Red Balloon Day Care,-80.08890719972867,40.395741450089595
leisure:pitch,,-80.13850808187468,40.44948521017358
leisure:park,,-80.13584483832635,40.453289315522156
leisure:pitch,,-80.13565056594445,40.453505971223066
leisure:park,Overlook Park,-79.79719783959621,40.4000389417171
leisure:park,Sewickley Hills Borough Park,-80.11981785341686,40.56151309752433
leisure:park,Sewickley Heights Borough Park,-80.1505284701799,40.5728660393418
leisure:park,Mount Washington Park,-80.0154899031703,40.42300846149291
leisure:park,Grandview Park,-79.99698999461263,40.42665167103879
leisure:playground,,-79.76190982598978,40.415218385082255
leisure:park,Evergreen Park,-79.77108045002713,40.44933796226131
leisure:playground,,-79.7711480920577,40.449584887938535
leisure:pitch,,-79.77055875633454,40.44894287467405
leisure:pitch,,-79.7706480384002,40.44835394262594
leisure:playground,,-80.09563491072174,40.393420207698114
leisure:pitch,,-80.09577817859923,40.39400233122492
leisure:park,,-79.75580045003129,40.40113614198661
leisure:pitch,,-79.75590851161974,40.401021680589054
leisure:playground,,-79.75598438755468,40.40117333292513
leisure:park,Soldiers & Sailors Lawn,-79.95574158311817,40.44447672461556
leisure:pitch,,-79.77793615004306,40.453465500124274
leisure:playground,,-79.77809300829864,40.45362526210352
leisure:sports_centre,Petersen Sports Complex Support Building,-79.96685018182642,40.44408251527539
leisure:sports_centre,Pitt Sports Dome,-79.96418509987379,40.44795220483012
leisure:playground,,-79.86972048673546,40.34078406579052
leisure:pitch,,-79.87009708246565,40.341883508212916
leisure:pitch,,-79.87043286280336,40.341848244804034
leisure:pitch,,-79.87034541562895,40.34171377238277
leisure:sports_centre,Haymaker Swim & Racquet Club,-79.76037628772153,40.40034610193824
leisure:pitch,,-80.04234695931657,40.39873275434697
leisure:playground,,-80.08804965126437,40.364981259758906
leisure:pitch,,-80.06920926476396,40.36071476169623
leisure:pitch,,-80.0663607783673,40.361635676763775
leisure:pitch,,-80.0578137926179,40.40034250235059
leisure:pitch,,-80.05781904776137,40.40057807726909
leisure:pitch,,-80.05803380490632,40.40055459764254
leisure:pitch,,-80.04758278481523,40.44958897610995
leisure:pitch,,-79.76550620697621,40.38339148740471
leisure:pitch,,-79.76509088111887,40.38411306686297
leisure:park,Bullock-Pens Park,-79.8327923296614,40.44284686912263
leisure:pitch,,-80.04494435007993,40.3981139499845
leisure:pitch,,-80.04510519856943,40.39816116778676
leisure:pitch,,-80.04526531787819,40.39784066167089
leisure:pitch,,-80.0450546737066,40.3978634881237
leisure:pitch,,-80.0423300863098,40.39875502694623
leisure:pitch,,-79.86376530683296,40.436081818533665
leisure:pitch,Breisinger Field,-79.9513903325904,40.32982359285032
leisure:pitch,,-79.95254784998745,40.32972140007693
leisure:pitch,,-79.95389659980157,40.329900749960544
leisure:pitch,,-79.95407528547472,40.329845713584774
leisure:pitch,,-79.95426127261524,40.329788425783384
leisure:pitch,,-79.95444650907467,40.32973172721619
leisure:playground,,-79.95341724692291,40.33004479836886
leisure:park,Pleasant Kingdom,-79.95260597700462,40.329745391241616
leisure:playground,,-79.88211461469103,40.498752412470026
leisure:pitch,,-80.16332358542421,40.34740666393723
leisure:pitch,,-80.27776636292778,40.34812086443791
leisure:pitch,,-80.27705750142637,40.34712050469822
leisure:pitch,,-80.27858409656396,40.346371569936736
leisure:pitch,,-80.27871823645518,40.346479157568396
leisure:pitch,,-80.27827227292119,40.34660397017373
leisure:pitch,,-80.27840683043625,40.34671147484588
leisure:pitch,,-80.27805935128745,40.34605384372689
leisure:playground,,-80.28196550366704,40.345281643416634
leisure:pitch,,-80.23819854983756,40.366660200003565
leisure:pitch,,-80.23839599309095,40.36659832545212
leisure:pitch,,-80.23857073219997,40.366534756263775
leisure:pitch,,-80.23910290528349,40.36626152564658
leisure:pitch,,-80.24054425733709,40.36553404575825
leisure:pitch,,-80.24204244922426,40.36574286793486
leisure:playground,,-80.24157054513651,40.36606453162847
leisure:playground,,-80.24128497815663,40.36589026496394
leisure:sports_centre,Urban Assault Paintball,-80.19147752677264,40.346022493295685
leisure:pitch,,-80.1488073546201,40.50750885644156
leisure:pitch,,-80.14890642651464,40.50883229545983
leisure:pitch,,-79.94267994670969,40.54655500413461
leisure:playground,,-79.94318717276673,40.5464518964267
leisure:pitch,,-79.94373318100571,40.54647624225072
leisure:playground,,-79.94205898533482,40.548180661429086
leisure:pitch,,-79.76281126882796,40.44323798000732
leisure:playground,,-80.08068846821175,40.39775074645101
leisure:pitch,,-80.34306951161582,40.35106261012194
leisure:pitch,,-80.34288379994385,40.35107719991677
leisure:sports_centre,,-80.11098518576239,40.33404816428129
leisure:pitch,,-79.75222380719497,40.45753040662697
leisure:park,Dixon Playground,-79.82747884551591,40.39626138959547
leisure:park,Mon Wharf Landing,-80.00406913425168,40.437375772004785
leisure:playground,,-80.09489002982652,40.34552959414427
leisure:pitch,,-80.09470099998308,40.34552520003574
leisure:sports_centre,,-80.09499217279074,40.34497633277705
leisure:playground,,-80.05343057164302,40.37328815849997
leisure:pitch,,-80.30892786667661,40.301043593448206
leisure:pitch,,-79.95245033489738,40.44320173001569
leisure:playground,,-79.99202361786097,40.460218339334624
leisure:pitch,,-80.07243074359444,40.31538849340696
leisure:pitch,,-80.07174138529092,40.31438311266974
leisure:pitch,,-80.07283487634777,40.31788978825457
leisure:pitch,,-80.01180220023681,40.30420815008424
leisure:pitch,,-80.01166042889123,40.30410090924012
leisure:pitch,,-80.0114686610677,40.303956576554256
leisure:pitch,,-80.01132775022982,40.30384905008525
leisure:park,Ormsby Park,-79.97409288700769,40.4294300584552
leisure:pitch,,-80.19222779964409,40.40589788540159
leisure:pitch,,-80.17788090685686,40.395152221127844
leisure:pitch,,-80.17883546226788,40.39554490418969
leisure:pitch,,-80.17928498318096,40.39576956147029
leisure:pitch,,-80.17950541673072,40.39522800031031
leisure:pitch,,-80.1798700167307,40.395405900310315
leisure:pitch,,-80.18005620720088,40.395180567114956
leisure:pitch,,-80.17969638312154,40.39499949983171
leisure:pitch,,-80.1791397735916,40.39505086663636
leisure:pitch,,-80.1793321167307,40.39482490031029
leisure:playground,,-80.17474575004535,40.384747149997246
leisure:pitch,,-80.17658594374151,40.3858799746017
leisure:pitch,,-80.23373063150834,40.419161367422305
leisure:playground,,-80.23254875070073,40.4183525256365
leisure:playground,,-80.23261665574506,40.41799993097885
leisure:pitch,,-80.23629420804612,40.41644346661116
leisure:pitch,,-80.2365868666483,40.416767801026936
leisure:park,Plum Municipal Ball Fields,-79.75693461564832,40.506061018567884
leisure:sports_centre,Glen Creek Tennis Club,-80.01150804866985,40.30365618874603
leisure:park,Eileen McCoy Park,-80.02448016294007,40.43820400740603
leisure:pitch,,-80.0796285978559,40.341657365042636
leisure:pitch,,-80.07484001847035,40.3355326561735
leisure:park,,-80.0765774095284,40.33663884712382
leisure:pitch,,-80.07873749450964,40.34106878089865
amenity:kindergarten,Bright Beginnings of South Park,-79.9761095438979,40.300323389247175
leisure:pitch,,-79.93590343211946,40.46262481434074
leisure:playground,,-80.08147019188984,40.3723265299188
leisure:playground,,-80.04421069030275,40.396655127613734
leisure:pitch,,-80.04492294999723,40.398434850018425
leisure:playground,,-80.09665365621625,40.334518848342995
leisure:playground,,-80.0968730890475,40.33597512967076
leisure:pitch,,-80.09783146593963,40.33706379892301
leisure:pitch,,-80.09789156280944,40.33691289118687
leisure:pitch,,-80.10838217466215,40.333276090857794
leisure:playground,,-80.08263451628414,40.3513779797138
leisure:playground,,-80.08287770433226,40.35143725744379
leisure:playground,,-80.04619243410214,40.31251490738213
leisure:pitch,,-80.0469332499837,40.31256940001178
leisure:pitch,,-80.07642585020027,40.39925930003542
leisure:playground,,-80.0810023448114,40.40039086191124
leisure:playground,,-80.02069557517876,40.348936559310445
leisure:pitch,,-79.8727760000001,40.472027500003016
leisure:sports_centre,,-80.18871571189773,40.45625003850038
leisure:pitch,,-80.18845720001374,40.45619764999336
leisure:pitch,,-80.05694923033927,40.35000714688792
leisure:playground,,-80.05690655000181,40.350345350016326
leisure:playground,,-80.05723094872326,40.35035851651998
leisure:park,Hendersonville Park,-80.15796120884582,40.301191932833376
leisure:pitch,,-80.0560252318346,40.36640130342567
leisure:pitch,,-79.93309695893755,40.343274761761215
leisure:pitch,,-79.93245846736902,40.34432496322225
leisure:playground,,-79.93270087427105,40.34525768402014
leisure:playground,,-79.93263454660166,40.345556218910936
leisure:playground,,-79.92065844013594,40.3423890637815
leisure:pitch,,-79.97642711150938,40.33975127472984
leisure:pitch,,-79.9769489722329,40.339936019669594
leisure:pitch,,-79.97749864284572,40.34043742953566
leisure:pitch,,-79.97791516881782,40.34103024438886
leisure:pitch,,-79.93281785257447,40.30019377226591
leisure:pitch,,-80.30366420891343,40.480522461811546
leisure:playground,,-80.24610824250038,40.45535922617175
leisure:playground,,-80.11732827286036,40.37446885508998
leisure:pitch,,-80.16779812174856,40.39279475474517
leisure:pitch,,-80.16727559369596,40.39304119845737
leisure:playground,,-80.16646883337333,40.393047993791704
leisure:pitch,,-80.19003034544544,40.39991434834285
leisure:pitch,,-80.18954215915801,40.40021839459178
leisure:pitch,,-79.94840831646361,40.529181003292486
leisure:playground,,-79.94657774714973,40.54002844385882
leisure:pitch,,-79.94634042752674,40.539954139615816
leisure:pitch,,-79.94607722342757,40.539864564258934
leisure:pitch,,-79.94588440060673,40.53985426060283
leisure:pitch,,-79.94523423504731,40.53963360718164
leisure:playground,,-79.94906023557971,40.52829045548014
leisure:playground,,-80.08735195418315,40.38277727207027
leisure:playground,,-80.08607140000075,40.38519520002389
leisure:playground,,-80.05170183970999,40.41835170541775
leisure:pitch,,-79.94053891962741,40.504153728024285
leisure:park,Farrell Field Park,-79.9399394575007,40.504144471506756
leisure:pitch,,-79.93349879324899,40.51193454092448
leisure:pitch,,-79.93348894999615,40.512531950016374
leisure:playground,,-79.9443377384057,40.50000992225313
leisure:sports_centre,,-80.07561036099621,40.389628851387236
leisure:park,Amherst Play Lot,-80.2109368256489,40.51371052657409
leisure:playground,,-79.96879382548764,40.493769861978926
leisure:playground,,-79.96841152540725,40.49366696627362
leisure:playground,,-79.96854819831225,40.49338402334036
leisure:playground,,-79.96835221886997,40.49307002759285
leisure:pitch,,-79.783526033987,40.47096459645515
leisure:pitch,,-79.78452811650959,40.47015650069438
leisure:pitch,,-80.09551694999814,40.31715055000168
leisure:playground,,-80.03940409131148,40.41470718373451
leisure:playground,,-80.0393029683867,40.41458271490771
leisure:pitch,,-80.10938354266175,40.34946990937458
leisure:pitch,Joe Deco Field,-80.1080002992488,40.349445105188096
leisure:pitch,Ed Schneider Field,-80.10868012382372,40.35038196570989
leisure:playground,,-80.10963750002804,40.35045250004031
leisure:playground,,-80.10759999998666,40.34895900002047
leisure:pitch,,-79.96974531022636,40.359203411150716
leisure:playground,,-79.9693622174885,40.35943671683722
leisure:pitch,,-79.96273760339456,40.3569664523377
leisure:pitch,,-79.8857986281118,40.36232475715267
leisure:pitch,,-79.88753654998023,40.3629804000411
leisure:playground,,-79.88812204995023,40.363767800055776
leisure:pitch,,-80.04463358848001,40.37858809863419
leisure:pitch,,-80.03902817300188,40.362624756005474
leisure:pitch,,-80.04002733141628,40.36264609529628
leisure:pitch,,-80.03986340949706,40.36300325319173
leisure:pitch,,-80.03941860000413,40.362569866723184
leisure:pitch,,-80.03884805376504,40.362889467103415
leisure:pitch,,-80.17497752078621,40.47731486701232
leisure:playground,,-80.23948390016962,40.54502052475196
leisure:pitch,,-80.23987929996602,40.54526374998836
leisure:playground,,-80.19090833332622,40.54965625850542
leisure:pitch,,-80.19045905136032,40.54956156759845
leisure:playground,,-80.19013612170502,40.54924711356353
leisure:park,Wolcott Park,-80.18049438858212,40.53993788232906
leisure:sports_centre,Hickory Heights Pool,-80.14159703087245,40.341017016016686
leisure:pitch,,-79.97725417769334,40.51573246144359
leisure:pitch,Carson Middle School Baseball Field,-80.03168411622526,40.567139919121175
leisure:playground,,-79.91706315442678,40.41997760025679
leisure:pitch,,-79.91668430001276,40.420334650026135
leisure:playground,,-79.89280092403108,40.41945653130445
leisure:playground,,-79.89076617777938,40.417156903138526
leisure:pitch,,-79.89035313941444,40.417147231428345
leisure:pitch,,-80.11058261349812,40.41448485259592
leisure:playground,,-80.06615546982965,40.43072525810589
leisure:playground,,-79.88409791154217,40.465350790352886
leisure:playground,,-79.88386533824882,40.46529329583433
leisure:playground,,-79.88415735000285,40.46571869997953
leisure:pitch,,-79.88394812201153,40.46567786335418
leisure:park,Ross Street Park,-79.88397664998809,40.46551304979148
leisure:playground,,-80.06231077489113,40.39971228805832
leisure:pitch,,-80.06316727416564,40.399374958149885
leisure:pitch,,-80.10630353088636,40.37971712740628
leisure:pitch,,-80.10616559570087,40.37963963520229
leisure:pitch,,-80.10603433088636,40.379566727406285
leisure:pitch,,-80.10589543088635,40.37949252740628
leisure:pitch,,-80.10576243528523,40.37941959222096
leisure:playground,,-80.234461151804,40.57454155969078
leisure:pitch,,-80.23452709999638,40.57417880000015
leisure:pitch,,-80.07835051667124,40.397842002066675
leisure:pitch,,-79.88082031681465,40.43317530666111
leisure:pitch,,-80.10015960074269,40.58161668112923
leisure:pitch,Nate Ferraco Memorial Field,-79.81494097832449,40.48087871201774
leisure:playground,,-79.95333147956595,40.45027969612399
leisure:pitch,South Park Bocce Courts,-80.00150240333622,40.31040781948229
leisure:pitch,,-80.00174743473414,40.31034970151547
leisure:park,Prom Park,-79.98534301026731,40.47390156964528
leisure:pitch,,-80.05608595009397,40.3755525999979
leisure:pitch,,-80.05592345099102,40.37549106612671
leisure:pitch,,-80.05573024998911,40.37532450002186
leisure:pitch,,-80.05567004998912,40.37542090002187
leisure:pitch,,-80.05534070003041,40.375469099967354
leisure:pitch,,-80.05518511530234,40.37581749463719
leisure:pitch,,-80.0546818911777,40.37587882220614
leisure:pitch,,-80.05474439995396,40.375453349969966
leisure:pitch,,-80.05458314995393,40.375476899969954
leisure:pitch,,-80.05493867717603,40.375253879775876
leisure:pitch,,-80.0549623735719,40.37535157016779
leisure:pitch,,-80.0554552192806,40.37690821253725
leisure:pitch,,-80.05131414991664,40.37631489998508
leisure:pitch,,-80.05148138254809,40.376264211487
leisure:pitch,,-80.05131904894195,40.37596023261651
leisure:pitch,,-80.05115184991669,40.37601094998513
leisure:pitch,,-80.0511552989484,40.37565573262082
leisure:pitch,,-80.05098808254826,40.3757064614801
leisure:pitch,,-79.96207100003328,40.45018409998993
leisure:pitch,,-79.96224520003327,40.45021174998997
leisure:pitch,,-79.96118452424284,40.45020466374434
leisure:pitch,,-79.9610104242429,40.45019981375076
leisure:pitch,,-79.96084451924595,40.45019533797821
leisure:pitch,,-79.76566060927463,40.50509419823757
leisure:pitch,,-79.76461580560061,40.505322925844666
leisure:pitch,,-79.76446179601746,40.508134272472866
leisure:park,McKnight Park,-80.0229973232299,40.45201211671258
leisure:park,Manchester Park,-80.02547857501315,40.45866936214603
leisure:pitch,,-79.94415804060257,40.43264124866535
leisure:pitch,,-79.94420934605527,40.43256940693207
leisure:pitch,,-79.7899016518204,40.42236451884141
leisure:playground,,-79.78915887735265,40.42286922658494
amenity:community_centre,Forest Hills Senior Center,-79.8424221929386,40.41094856594687
leisure:pitch,,-79.97333147861333,40.443826303325615
leisure:pitch,,-79.97297534528876,40.44387987494368
leisure:pitch,,-79.97296879991234,40.4436291999435
leisure:pitch,,-79.97337619993634,40.443575049958405
leisure:playground,Bon Meade Playlot,-80.25016937852573,40.53720580336169
leisure:park,,-80.25012128189144,40.53721055402002
leisure:playground,,-80.01790840015285,40.43140169997852
leisure:pitch,,-80.05934826090619,40.457718858497394
leisure:pitch,,-79.84563814991597,40.524797400053274
leisure:pitch,,-79.8457387347815,40.52466900189048
leisure:pitch,,-79.84584734991596,40.524544600053275
leisure:pitch,,-79.84595163478599,40.524419851896916
leisure:sports_centre,,-79.84572587585366,40.52469264360474
leisure:pitch,,-79.84549994988195,40.52496270008133
leisure:pitch,,-80.0853878000248,40.37490774999098
leisure:park,Colewood Park,-79.98957618727849,40.337676252318886
leisure:playground,,-79.99020595561842,40.339746667887326
leisure:pitch,,-79.98992716127394,40.33918669996612
leisure:pitch,,-79.98761676897765,40.31534717902976
leisure:pitch,,-79.98716597858467,40.31598036548505
leisure:playground,,-79.98681555411476,40.31565217134446
leisure:pitch,,-80.05086006001633,40.313070869260585
leisure:playground,,-80.00727928323657,40.35687643080634
leisure:playground,,-80.0072262831715,40.356982351824
leisure:playground,,-80.00708226318653,40.357045266335604
leisure:pitch,Avonworth Lenzner Field,-80.08153842349552,40.53050757366715
leisure:playground,,-80.08419500011995,40.52068789434961
leisure:playground,,-80.10193827857806,40.57951114682203
leisure:park,Vincennes Park,-80.18601559535016,40.40186089409763
leisure:pitch,Ryan Field,-80.18526466942576,40.40540431331207
leisure:pitch,,-80.08354629898429,40.52121560252549
leisure:pitch,,-80.18481796305376,40.40583376487364
leisure:pitch,,-80.18605620356398,40.40171783416945
leisure:playground,,-80.18601273745857,40.40197415108031
leisure:pitch,,-80.0295161244507,40.39033433704845
leisure:pitch,,-80.0297865756687,40.39020076261965
leisure:pitch,,-80.0297959287149,40.38990104704753
leisure:pitch,,-80.03073882128895,40.39045324035434
leisure:playground,,-80.02919389999906,40.39089825000572
leisure:playground,,-80.02913127389897,40.39077078523827
leisure:playground,,-80.02902389006114,40.39054942587629
leisure:pitch,,-79.98149189998496,40.42293805007629
leisure:pitch,,-80.00178038340653,40.53063454187811
leisure:pitch,,-79.84124830974692,40.422079382575035
leisure:pitch,,-79.84074780017676,40.42282385010207
leisure:pitch,,-80.15327065502,40.43633842452529
leisure:pitch,,-80.15309904999674,40.436341399961954
leisure:pitch,,-79.98527201803645,40.4736846992429
leisure:pitch,,-79.98544289637965,40.47412124802116
leisure:playground,,-79.9936433534962,40.47018800720063
leisure:playground,,-79.99372434466267,40.469996996651744
leisure:pitch,,-79.99337306453882,40.470093371639365
leisure:pitch,,-79.99313322295525,40.47025916889018
leisure:pitch,,-79.99311846643319,40.46999398166998
leisure:pitch,,-80.04019257190613,40.506404838359586
leisure:playground,,-80.04404422227186,40.39520605917406
leisure:playground,,-80.10956969044184,40.33300769229105
leisure:playground,,-80.129765426591,40.30885041737148
leisure:playground,,-80.12951896925688,40.3088677039428
leisure:playground,,-80.12963419974857,40.30898641197038
leisure:pitch,,-79.99183712116587,40.39279171809628
leisure:pitch,,-79.98981293791172,40.38844499976285
leisure:pitch,,-79.98997391100984,40.3883604816475
leisure:playground,,-79.99022778139857,40.38825994702422
leisure:playground,,-79.99056433981494,40.38803812926836
leisure:park,885 Andrew Reilly Memorial Park,-79.92005082924504,40.31454903357016
leisure:pitch,,-79.92125316998879,40.31407450958364
leisure:playground,,-79.92139042234871,40.31456102990271
leisure:pitch,,-79.92115580002643,40.31475850001907
leisure:pitch,,-79.91908257734455,40.31364447922532
leisure:pitch,,-79.9189600025687,40.31428134851156
leisure:pitch,,-80.09168565869949,40.39951389215673
leisure:playground,,-80.0913968654817,40.39965493592614
leisure:playground,,-80.09131798946127,40.39954204013981
leisure:playground,,-80.09122144868043,40.399721430358134
leisure:playground,,-80.09110744999246,40.39973769999802
leisure:playground,,-80.09120219999612,40.399637550000165
leisure:playground,,-80.09108720779271,40.39958974464002
leisure:pitch,,-80.09083374124232,40.399652430040334
leisure:pitch,,-80.09089729381205,40.39979699952651
leisure:pitch,,-79.98709817865206,40.3014820927217
leisure:pitch,,-80.26114832831998,40.59258870930717
leisure:pitch,,-80.27993602247446,40.57626377194827
leisure:pitch,,-79.9161944697652,40.495471437269764
leisure:pitch,,-79.91640360565788,40.49559017324694
leisure:pitch,,-79.9164635918651,40.49544524330755
leisure:playground,,-79.9164398835583,40.49528304769763
leisure:park,,-79.91681662276798,40.49549096545671
leisure:pitch,,-79.92444037498394,40.51786444215595
leisure:playground,,-79.92401687489728,40.51814698874723
leisure:pitch,,-79.92162251071184,40.49933752985641
leisure:pitch,,-79.92154121907429,40.499328535863995
leisure:pitch,,-79.88702639999055,40.52317109996272
leisure:pitch,,-79.88686509999056,40.52317464996276
leisure:pitch,,-79.88684937406101,40.52285063626773
leisure:pitch,,-79.8870106240616,40.52284713627829
leisure:pitch,,-80.09904261032067,40.35838481655017
leisure:playground,,-80.09952385568022,40.35823633042278
leisure:playground,,-80.09973659997151,40.358284650019115
leisure:playground,,-80.09977161968914,40.35819585543454
leisure:playground,,-80.03835078940031,40.322033277701735
leisure:playground,,-80.03785614995822,40.32218359996899
leisure:playground,,-80.03773162778067,40.32223975592916
leisure:playground,,-80.03754557169535,40.32220784200819
leisure:pitch,,-80.03722440650995,40.322284171797
leisure:pitch,,-79.93059232294581,40.55386224017065
leisure:playground,,-79.93102967299367,40.55390710079225
leisure:pitch,,-79.92922974655437,40.55413840386687
leisure:playground,,-79.99524912011445,40.3456420751755
leisure:playground,,-79.97435401421963,40.44449806253251
leisure:pitch,Pat Seneca Memorial Field,-79.83696589320448,40.4514655653264
leisure:pitch,,-80.02886710000072,40.35259250000738
leisure:pitch,,-79.94318224224473,40.43173996396914
leisure:pitch,,-79.94332346392662,40.43186344323195
leisure:pitch,,-79.94323936392662,40.43191704323195
leisure:pitch,,-79.89155888865976,40.319715426530415
leisure:pitch,,-79.89247710681343,40.31980603271338
leisure:pitch,,-79.89215418776645,40.31912543301005
leisure:playground,,-80.03249825018962,40.344637800105474
leisure:playground,,-80.03327540000564,40.34419575000841
leisure:playground,,-80.03339915000647,40.34434435000808
leisure:playground,,-80.03351620929554,40.34420378744182
leisure:pitch,,-80.12249822779938,40.32820410108268
leisure:pitch,,-80.13000871848378,40.32886277300147
leisure:pitch,,-80.00969957930425,40.37643742011614
leisure:pitch,,-80.0084811809816,40.3762432476
leisure:playground,,-79.89055556816609,40.43653006154851
leisure:pitch,,-79.8902904262418,40.436189029403856
leisure:playground,,-79.8902951143181,40.43643476332272
leisure:playground,,-80.13179231755134,40.448599023210875
leisure:pitch,,-80.06811330082415,40.44140510223996
leisure:pitch,,-80.05143930480314,40.40318917063648
leisure:pitch,,-80.05123235023271,40.403177407253025
leisure:playground,,-80.05152763423533,40.40353448459078
leisure:playground,,-80.05140252749267,40.40378548535383
leisure:pitch,,-80.07891145072807,40.319285204039694
leisure:pitch,,-80.07840000016843,40.319373450094105
leisure:pitch,,-80.0780363498976,40.31916405004428
leisure:playground,,-80.07894529258064,40.31981348430274
leisure:pitch,,-80.08107288098738,40.3197058412182
leisure:pitch,,-80.09365749576317,40.32144353569455
leisure:playground,,-80.0941550778042,40.32133889205671
leisure:playground,,-80.09414332599711,40.32156603658025
leisure:pitch,,-79.87132869989163,40.379362750031255
leisure:pitch,,-79.87120118563361,40.37945165588525
leisure:pitch,,-79.87107630630588,40.379544808436826
leisure:pitch,,-79.87095060630588,40.37962940843683
leisure:playground,,-79.97404878510663,40.443530431559225
leisure:playground,,-79.97389377535532,40.443589356066184
leisure:pitch,,-79.97321064096607,40.44231802185947
leisure:pitch,,-80.26507788160242,40.50653623811542
leisure:pitch,,-80.26490497933891,40.506493656583636
leisure:playground,,-80.00830401679013,40.39151222978877
leisure:playground,,-80.05360794042248,40.37310951806427
leisure:pitch,,-80.0182055406166,40.34822496142494
leisure:playground,,-80.10675335181949,40.51372953581093
leisure:pitch,,-80.10747979454918,40.51383432404974
leisure:pitch,,-80.10733870528733,40.51379252985584
leisure:park,Richter Park,-79.95588325069893,40.51249012961261
leisure:pitch,,-79.956339270026,40.51264546633315
leisure:pitch,,-79.95648614187202,40.512546564050034
leisure:pitch,,-79.95561589054381,40.512627671867264
leisure:pitch,,-79.95579220861217,40.51218221161904
leisure:playground,,-79.95529554836459,40.51308284773496
leisure:pitch,,-79.80602088772447,40.34901921548481
leisure:pitch,,-79.80658826894842,40.349856391862815
leisure:playground,,-79.80854733750907,40.34952078849578
leisure:playground,,-79.80848473147861,40.34935257410956
amenity:kindergarten,KinderCare,-80.12618009121262,40.328226865545616
leisure:playground,,-79.8485628057482,40.44921896861218
leisure:pitch,,-79.94802897286975,40.53014839039902
leisure:pitch,,-79.96827821814337,40.4194048279446
leisure:pitch,,-79.9268755203167,40.44355391119007
leisure:playground,,-79.9264923492186,40.443317467379636
leisure:playground,,-80.01878790804811,40.35373759659079
leisure:playground,,-80.01838171864141,40.35363928837083
leisure:playground,Animal Connections Playground,-79.91980258277141,40.481354155890244
leisure:playground,,-79.92566921724948,40.57109129833597
leisure:playground,,-79.92619072810757,40.57088892435273
leisure:pitch,,-79.9247323728687,40.5721287566263
leisure:pitch,,-79.78767079375024,40.36267154649369
leisure:playground,,-79.78946604745009,40.363054200691096
leisure:pitch,,-79.7905735203606,40.36297299266337
leisure:playground,,-79.78696234426319,40.36708291610926
leisure:park,Chicora Street Park,-79.8091077181893,40.38241138646618
leisure:playground,,-79.80942933010172,40.38250390444906
leisure:pitch,,-79.81837453178775,40.53067390422224
leisure:playground,,-79.7555335775564,40.49149430925805
leisure:pitch,,-79.96156628344326,40.3294043116537
leisure:playground,,-79.96077385812964,40.32138093809727
leisure:playground,,-79.96442702368769,40.321230762686255
leisure:playground,,-79.96249781387046,40.32139442911603
leisure:pitch,,-79.96614100801393,40.323622298972865
leisure:pitch,,-79.96660834400384,40.322365054264
leisure:pitch,,-79.9662929057513,40.32349467334332
leisure:pitch,,-79.96388695203039,40.32075031603058
leisure:pitch,,-79.96407356637657,40.3208451058538
leisure:pitch,,-80.0153163997037,40.3793119003069
leisure:pitch,,-80.01565039993103,40.37969795004548
leisure:playground,,-80.01642151599954,40.38010881601175
leisure:pitch,,-80.01677400002828,40.38022524999248
leisure:pitch,,-80.01663758748384,40.38020105503465
leisure:playground,,-80.01648458697028,40.379926493677836
leisure:playground,,-80.01636656940342,40.37999936266731
leisure:pitch,,-79.83339260717092,40.435327415266364
leisure:pitch,,-79.83304411567015,40.43523710672003
leisure:pitch,,-79.83321841221684,40.43528210815107
leisure:pitch,,-79.8335353000432,40.435440799990886
leisure:pitch,,-79.83368620002443,40.435469099982846
leisure:pitch,,-79.83388514998788,40.43545005004252
leisure:pitch,,-79.94202524824308,40.44257352379157
leisure:pitch,,-79.94185981915358,40.44253676261939
leisure:pitch,,-79.94197985466882,40.44221840696043
leisure:pitch,,-79.94214592813869,40.442255056536894
leisure:pitch,,-79.94231156822495,40.44229168752123
leisure:pitch,,-79.94053835087604,40.442210909032696
leisure:playground,,-80.12954623832405,40.366099970170026
leisure:playground,,-80.15755181618269,40.30129621019521
leisure:pitch,,-79.937455362946,40.43679122479074
leisure:pitch,,-79.94232412051247,40.438927854987085
leisure:playground,,-80.14859656565882,40.46877707979239
leisure:sports_centre,,-80.14995673672568,40.46774200182983
leisure:pitch,,-80.02115031478104,40.555950319083216
leisure:playground,,-79.84172123386465,40.333151846210654
leisure:park,Bellwood Park,-79.80823226747272,40.416404382385245
leisure:pitch,,-79.80753957010366,40.41660253793702
leisure:pitch,,-79.80733046423681,40.41680171461546
leisure:pitch,,-79.80720235002744,40.41668225667203
leisure:playground,,-79.80727699833488,40.41611011602736
leisure:pitch,,-79.80792304408737,40.41708287586517
leisure:playground,,-79.80716065464955,40.416263027781746
leisure:sports_centre,,-80.30339429733716,40.479457156079405
leisure:pitch,,-80.22530329266276,40.44547022733958
leisure:park,Lawrence Park,-80.12267035731901,40.308312880711654
leisure:pitch,,-80.12228257967142,40.30854809964883
leisure:pitch,,-80.1229090388892,40.30872624719723
leisure:playground,,-80.12301167307882,40.308092208741066
leisure:pitch,,-80.12334549138374,40.30813323102018
leisure:pitch,,-80.12246749912043,40.308032675414466
leisure:pitch,,-80.16555903311264,40.30377860402023
leisure:pitch,,-80.16726042673423,40.3049661135035
leisure:sports_centre,,-80.17170949104678,40.303273279469956
leisure:pitch,,-80.22090094169509,40.317702098952765
leisure:park,Ohio Township Community Park,-80.11065319152034,40.56079864494561
leisure:sports_centre,Ohio Township Ballfield,-80.10343405829022,40.56509337528321
leisure:pitch,Olympia Hockey Court,-80.01776128849812,40.431668254720854
leisure:pitch,,-80.02451326319863,40.438451545658815
leisure:pitch,,-80.02432496067077,40.438346570190845
leisure:park,Townsend Park,-80.04015150811139,40.4430537796115
leisure:pitch,,-80.0401653517058,40.44320324447905
leisure:pitch,,-80.03321297879278,40.488568978533756
leisure:pitch,,-79.98156510452718,40.42230961097259
leisure:playground,Winters Playground,-79.98112544479989,40.42293045257482
leisure:playground,,-79.9022320331562,40.48789924339143
leisure:pitch,,-80.19123552972552,40.34531323656911
leisure:pitch,,-80.19156534338394,40.34662582249622
leisure:playground,,-80.2240919657387,40.41555294868374
leisure:pitch,,-80.22381160553641,40.415622024768254
leisure:playground,,-80.22462930537844,40.41741974638076
leisure:playground,,-79.96001723730927,40.30090424037746
leisure:pitch,,-80.12861950001864,40.30854309927941
leisure:pitch,,-80.12801945021167,40.30751226844695
leisure:pitch,,-79.85361724267611,40.43759194931633
leisure:pitch,,-79.85334701463862,40.4368924975471
leisure:pitch,,-79.85784395443947,40.436633490805605
leisure:pitch,,-79.94418887909997,40.4433189395002
leisure:playground,,-79.88836198413418,40.431925774102
leisure:playground,,-79.88863041851006,40.43185075099073
leisure:playground,,-79.86421335648755,40.36350978442149
leisure:playground,,-79.91481591872203,40.394478573303445
leisure:pitch,,-79.9148189706567,40.39510314127658
leisure:pitch,,-79.91438859991804,40.39542030005759
amenity:library,Penn Hills Library,-79.81057826731161,40.482737242270765
leisure:pitch,,-79.79265179341967,40.50804450516911
leisure:pitch,,-79.79259168117402,40.50758751389601
leisure:playground,,-79.79281195402056,40.50862687967641
leisure:sports_centre,Collier Sportsmen's Association,-80.12864572386549,40.3945259741445
leisure:pitch,Duquesne Football Field,-79.86021492185408,40.3805443056072
leisure:pitch,Duquesne Baseball Field,-79.85950885889322,40.37971609665087
leisure:playground,Duquesne Place Playground,-79.85893849336301,40.38029609191192
leisure:pitch,,-79.85893349991512,40.38006660003315
leisure:playground,Lincoln Place Playground,-79.91741624976288,40.3700180605176
leisure:playground,Granville Playground,-79.98295309476534,40.44440692321424
leisure:pitch,,-79.98286570933482,40.444271105114346
leisure:playground,Woods Run Playground,-80.02923174839982,40.47636401031343
leisure:sports_centre,Racket Center,-80.0553198752807,40.37592523011775
leisure:park,Huck Gamble Field,-80.18990134313923,40.399954788464214
leisure:playground,Bright Park,-79.86300303012436,40.43252434686937
leisure:park,,-79.87673191094511,40.476236714703255
leisure:pitch,,-80.01482709929343,40.59933385546505
leisure:pitch,,-80.01474940962818,40.59952065049224
leisure:pitch,,-80.01457291934693,40.59942367438429
leisure:pitch,,-80.01507609790582,40.59937079590031
leisure:pitch,,-80.01505056494562,40.59919337788565
leisure:pitch,,-80.01432498036446,40.598952920179784
leisure:pitch,,-80.01476719555569,40.59891886450485
leisure:pitch,,-80.01443502272129,40.59780473348051
leisure:pitch,,-80.01414101106444,40.5975379291098
leisure:pitch,,-80.01490895204047,40.59762665518981
leisure:pitch,,-80.01489813674314,40.59778086840104
leisure:pitch,,-80.01641379606926,40.59803954452379
leisure:pitch,,-80.0169773155763,40.598829364771476
leisure:pitch,,-80.01700903459013,40.599995313693675
leisure:pitch,,-80.01613836077885,40.599969968824844
leisure:pitch,,-80.01441380638963,40.59713385326702
leisure:pitch,,-80.10537558649742,40.557930108223665
leisure:park,Mountain Bike Skills Area,-79.98802446583669,40.58805376368713
leisure:playground,,-79.91897073100239,40.442255335484255
leisure:pitch,,-80.0853544100919,40.375110182466194
leisure:park,,-80.01439687908018,40.45718571423329
leisure:playground,Hawthorne Village Playground,-80.20792387750537,40.44504304020883
leisure:pitch,Hawthorne Village Basketball Court,-80.208208732719,40.44418491926219
leisure:playground,,-80.08368886807354,40.404434142937184
leisure:pitch,,-79.98834921068391,40.57769861271648
leisure:pitch,,-79.98876317620964,40.57780193024998
leisure:pitch,,-79.98357676296054,40.577762095261185
leisure:pitch,,-79.78658285549909,40.49005098417488
leisure:playground,,-79.7869260195855,40.48970081535112
leisure:pitch,,-79.89105101944808,40.59824272602879
leisure:playground,,-80.12319026192162,40.329747645692265
leisure:pitch,,-80.12291206787737,40.32897886423643
leisure:pitch,,-80.12184438101104,40.326689948074446
leisure:playground,,-80.12151433558317,40.326347973444946
leisure:playground,,-80.12043795415416,40.323446734637656
leisure:playground,,-80.12972262206601,40.328799289656914
leisure:pitch,,-79.7959592629174,40.33881982932579
leisure:playground,,-79.75614098890601,40.46758824663279
leisure:sports_centre,Dormont Pool,-80.04562935138031,40.39662747038818
leisure:park,Hillsdale Park,-80.03668115653714,40.3935222786579
leisure:pitch,,-80.11117335045962,40.56077835136239
leisure:playground,,-80.02594225000101,40.389921300015786
leisure:park,Westmoreland Park,-79.76117459307079,40.37879989534207
leisure:park,Acorn Park,-80.11915080933012,40.584445863957704
leisure:playground,,-80.11793942394495,40.5839187426716
leisure:sports_centre,,-79.78544293739266,40.35712107295396
leisure:sports_centre,,-79.78497346956867,40.359543410467616
leisure:playground,,-79.77700051547086,40.40171261916826
leisure:playground,,-80.2411623382188,40.36503982632293
leisure:park,Oesterle Park,-79.99615734528646,40.502254655282705
leisure:playground,Cowley Playground,-79.98810913093706,40.45874741679408
leisure:pitch,,-79.9886295339417,40.45848144060469
leisure:pitch,,-79.98870094995539,40.45869959998566
leisure:park,Cowley Park,-79.9889430352278,40.45870748600262
leisure:playground,Baxter Playground,-79.88950163607502,40.45614390270273
leisure:pitch,,-79.9955108272037,40.50244347573479
leisure:pitch,,-79.99503142660892,40.50272053663795
leisure:pitch,,-79.96636386595698,40.522931081845535
leisure:pitch,,-79.96619524425371,40.5229064716225
leisure:playground,,-79.96770824468699,40.52340842649711
leisure:pitch,,-79.96822412809443,40.523182918121975
leisure:pitch,,-79.96753301192936,40.522580954548744
leisure:pitch,,-79.96671314462665,40.52185372313566
leisure:pitch,,-79.9664959977687,40.52183910373346
leisure:playground,,-80.23377605851012,40.44375757645601
leisure:pitch,,-80.23389307909423,40.44354584020328
leisure:playground,,-80.23200674997665,40.44786715001543
leisure:park,Westbury Tot Lot,-80.20850505406534,40.45744259306265
leisure:playground,,-80.20847709181447,40.4574181852656
leisure:park,Old Ridge Ballfield,-80.2109615443523,40.45542452409147
leisure:pitch,,-79.98327840746535,40.34873623577144
leisure:pitch,,-80.20914889692791,40.524576481841464
leisure:pitch,,-80.20898019509859,40.52474038316209
leisure:pitch,,-80.20854643964036,40.52467207549013
leisure:playground,,-79.89347287814032,40.420435149791416
leisure:pitch,,-80.21160393265306,40.521756332296974
leisure:sports_centre,North Athletic Complex,-80.21066075033843,40.52403374886813
leisure:playground,,-80.06575330327983,40.40125353228224
leisure:pitch,,-80.05615137228929,40.32102370257004
leisure:sports_centre,,-80.01797616173245,40.36409449717352
leisure:pitch,,-79.94166524615125,40.43353901664209
leisure:playground,,-80.03149326687404,40.37551056313845
leisure:pitch,,-80.03123165163603,40.374836699836486
leisure:playground,,-80.03118180197106,40.37497736242983
leisure:pitch,,-80.03066709118427,40.37484159040698
leisure:park,Logans Ferry Park,-79.7554738891658,40.54519758479858
leisure:pitch,,-80.02475083357348,40.39347638140748
leisure:park,Roosevelt Park,-79.76631753284985,40.579003706601526
leisure:park,Gazebo Park,-79.7651589076824,40.564082821723694
leisure:park,,-79.76458294367382,40.56423941183393
leisure:park,Barking Slopes,-79.7790648467798,40.53304074844451
leisure:pitch,,-80.17727362970395,40.5531410829154
leisure:sports_centre,Westwood swimming pool,-80.04976976963903,40.43077533213532
leisure:sports_centre,Crafton Pool,-80.07279697477827,40.43810692626176
leisure:pitch,,-80.06629326624598,40.426300559565306
leisure:park,A-K Valley Park LLC,-79.75561268895581,40.57177354178225
leisure:park,,-79.89873311565587,40.429755066925715
leisure:playground,,-80.041896946688,40.49830148917995
leisure:pitch,,-79.89440275016314,40.47690669995509
leisure:pitch,,-79.89372934161099,40.476741234945926
leisure:pitch,,-79.89406391807799,40.47682326414887
leisure:pitch,,-79.89422639075123,40.47686313448206
leisure:pitch,,-79.89389877001628,40.47678274524384
leisure:playground,,-79.8288083500138,40.45862934995406
leisure:pitch,,-79.95778241774164,40.4728665904144
leisure:playground,,-80.18726853452455,40.536008001896484
leisure:pitch,,-80.18759128514924,40.53567220286982
leisure:pitch,,-80.18748366454258,40.53586475797844
leisure:pitch,,-80.18732830010454,40.53577995001844
leisure:playground,,-80.09320599328355,40.588176748608035
leisure:pitch,Koenig Baseball Field,-79.88800859635117,40.432973782019495
leisure:pitch,Koenig Baseball Field #2,-79.88807188737628,40.43217223769948
leisure:playground,Playdeck,-79.92453684573464,40.43744475396358
leisure:playground,,-80.1117445499964,40.322136531790136
leisure:park,Middle Road Community Park,-79.93054324176832,40.54360893912626
leisure:playground,,-79.93068951342256,40.543487276461384
leisure:pitch,,-79.92833536509465,40.54463718063152
leisure:pitch,,-79.92957358534173,40.54465557537135
leisure:pitch,,-79.92957384999036,40.5450986502888
leisure:pitch,,-79.93046232493245,40.545071809647446
leisure:pitch,,-79.93010292493246,40.54507150964745
leisure:pitch,,-79.93009782493246,40.544646409647456
leisure:pitch,,-79.93045722493245,40.54464670964746
leisure:pitch,,-79.9295828584564,40.54361458011684
leisure:pitch,,-79.92960700000901,40.543855450166895
leisure:pitch,,-79.92975963380668,40.54412008270834
leisure:pitch,,-79.92950792618228,40.54412965890937
leisure:pitch,,-79.93004882618229,40.54411025890937
leisure:pitch,,-79.93030055760565,40.544100673784314
leisure:pitch,,-79.9300174423651,40.54383912618597
leisure:pitch,,-79.93026919998545,40.54382954998512
leisure:pitch,,-79.87646091749077,40.37120044114435
leisure:pitch,,-79.87565938894188,40.37151360479264
leisure:pitch,,-79.87600524725426,40.37184409595624
leisure:pitch,,-79.87657433442533,40.371690158992074
leisure:playground,,-79.75327931695092,40.32087836257679
leisure:pitch,,-79.77212318715932,40.336680609593344
leisure:playground,,-79.77202520864309,40.33722025036179
leisure:playground,,-79.83456184993604,40.38473610013836
leisure:pitch,,-80.10331867713548,40.56520816825818
leisure:playground,,-80.17949533450421,40.54422142639933
leisure:playground,,-80.26864955178628,40.46761223388069
leisure:pitch,,-80.02876269533257,40.511324015803716
leisure:park,,-80.27889008773523,40.56783530239131
leisure:sports_centre,Clairton Pool,-79.89465296102728,40.30250179367786
leisure:playground,,-80.02455362576575,40.367202444794785
leisure:playground,,-80.02496136166152,40.367310859363364
leisure:playground,Niagara Parklet,-79.9601105080922,40.43475516932015
leisure:pitch,,-79.88840353215505,40.305465856388224
leisure:playground,,-79.8887325408717,40.30563626499572
leisure:park,,-79.88853749671371,40.30557815233605
leisure:pitch,,-79.75198046697086,40.33005503851615
leisure:park,Barns Street Downtown Playground,-79.764048829332,40.564440702400134
leisure:playground,,-79.93803672488838,40.58597641248435
leisure:playground,,-79.93535334362741,40.584762921120586
leisure:playground,,-80.00750311853238,40.51599884916645
leisure:pitch,,-79.98193285954497,40.41234288071508
leisure:pitch,St. Teresa of Avila Basketball Court,-80.03854117589674,40.538364235717026
leisure:pitch,,-80.16105214996904,40.39819495000039
leisure:pitch,,-80.16115104996905,40.398335100000416
leisure:pitch,,-80.16125133413826,40.39820185954967
leisure:pitch,,-80.16663443432412,40.304704053216426
leisure:pitch,,-80.16689276551956,40.30449164685913
leisure:playground,,-80.04317539223531,40.348084718612164
leisure:pitch,,-80.08114870449837,40.372182768623496
leisure:pitch,,-80.0858853956621,40.38521451278105
leisure:pitch,,-80.08649785002163,40.385425849998725
leisure:pitch,,-80.08645730002165,40.3854080499987
leisure:pitch,,-80.01285033194783,40.340168147784915
leisure:playground,,-80.01269634998735,40.34037800000939
leisure:playground,,-80.01243599629856,40.34029121599426
leisure:pitch,,-80.19618121670919,40.5239638002051
leisure:pitch,,-80.19604020424234,40.52378408360576
leisure:playground,,-80.196726079547,40.523461364158514
leisure:playground,,-80.19663499229799,40.52302844252227
leisure:playground,,-80.1969908700022,40.5229286481194
leisure:playground,,-80.19697764492163,40.523215609105016
leisure:pitch,,-80.19801309254784,40.52409162221823
leisure:pitch,,-80.21785580009407,40.53061060007595
leisure:pitch,,-80.2179815380111,40.530760933893774
leisure:pitch,,-80.06820812009565,40.33618212837631
leisure:pitch,,-80.06886192064255,40.33530607925315
leisure:pitch,Woodland Hills Academy Football Stadium,-79.81885200640025,40.40489017013867
leisure:pitch,,-80.02500234998239,40.54362765003918
leisure:playground,Sixth Street Playground,-79.75964962340515,40.3872299149814
leisure:park,Sixth Avenue Park,-79.75959063634133,40.387219792662655
leisure:park,Trafford Park,-79.75845838838937,40.3826168685799
leisure:pitch,,-79.75853074543048,40.38257667405052
leisure:playground,,-79.7583509858193,40.382542201291834
leisure:playground,,-79.75834497866651,40.38267430170286
leisure:park,Westmoreland Park,-79.76137037424675,40.37806945430814
leisure:pitch,,-79.76121957221528,40.377745449744296
leisure:playground,Westmoreland Park Playground,-79.76120335257457,40.377954477615354
leisure:pitch,,-80.15234630911473,40.48763366790499
leisure:pitch,,-80.09182702303465,40.42304246083084
leisure:sports_centre,Rosslyn Pool,-80.08882386143573,40.41945478407334
leisure:playground,,-79.94502529350372,40.43110490206211
leisure:pitch,,-80.19026239378415,40.34526657891299
leisure:playground,,-80.05055295083297,40.37023898200208
leisure:sports_centre,,-80.1389834034273,40.34928947938817
leisure:playground,,-80.04547597847989,40.42310434303609
leisure:sports_centre,City Vista Pool,-80.03656380451896,40.42706294940434
leisure:playground,,-80.05907181514061,40.42274972613199
leisure:park,Rook Park,-80.069586612334,40.41542933149539
leisure:playground,,-80.0697099499937,40.41537759998453
leisure:playground,,-80.06956584267819,40.41535272622865
leisure:pitch,,-80.06942829382048,40.41541752650582
leisure:pitch,,-79.89273091984013,40.51063698734468
leisure:pitch,,-79.89255674994331,40.51067119997225
leisure:pitch,,-79.89229441984011,40.5107203873447
leisure:pitch,,-79.89202964994332,40.510771499972236
leisure:pitch,,-79.89185151984012,40.510805387344696
leisure:pitch,,-79.89280884994328,40.51104104997219
leisure:pitch,,-79.89263299994333,40.51107259997225
leisure:pitch,,-79.89245494994331,40.511107499972226
leisure:pitch,,-79.89227798348172,40.51114153250355
leisure:pitch,Burgwin Field,-79.93747646260071,40.4043968578324
amenity:fountain,,-79.93691055876849,40.405021612002
leisure:pitch,,-79.91402274998917,40.429923699992244
leisure:pitch,,-79.87751467521151,40.54646996349311
leisure:playground,Animal Motions Playground,-79.91890311835965,40.48242003460242
leisure:pitch,,-80.13108956562156,40.475057933590755
leisure:playground,,-80.13126554643006,40.47507206800577
leisure:pitch,,-80.04745564998494,40.388304249997844
leisure:pitch,,-80.04733389998523,40.388331849997954
leisure:pitch,,-80.04751094998353,40.38844969999694
leisure:pitch,,-80.0473889201384,40.38847704105778
leisure:pitch,,-80.04726507981414,40.38850340884767
leisure:pitch,,-80.04721034998558,40.38835834999815
amenity:community_centre,Forest Hills/Westinghouse Lodge,-79.8417996852328,40.418233402796155
leisure:park,Patton Heights Park,-79.78963169247739,40.42269828832624
leisure:pitch,,-79.80640536654279,40.554772902189356
leisure:playground,,-79.80633837964116,40.55491207139639
leisure:playground,NorthRidge Playground,-80.09606314911048,40.54802205675873
leisure:pitch,,-80.08658512573294,40.520494598357075
leisure:playground,,-80.03409921770681,40.50306235191486
leisure:pitch,,-80.03397878251423,40.503392105547675
leisure:playground,Tot Lot,-79.83276452275715,40.408249323949846
leisure:pitch,,-79.99665231170906,40.53711497400089
leisure:pitch,,-80.22127895708518,40.511477278601596
leisure:pitch,,-80.22126322741055,40.51144300628139
leisure:pitch,,-80.22095912148599,40.51141080836349
leisure:park,U.P.M.C. Park,-80.04742890103817,40.344167225839186
leisure:playground,Veterans Memorial Playground,-79.77750316629842,40.53895279555831
leisure:playground,,-79.78923679208808,40.54945187485134
leisure:playground,,-79.78919957669198,40.54916269243943
leisure:playground,,-80.01992810229055,40.36353191974062
leisure:playground,,-80.02028495666596,40.36351215862369
leisure:playground,,-80.0200821769619,40.363605939531894
leisure:pitch,,-79.98086839803764,40.351783177234076
leisure:park,Bethel Park Community Splash Park,-80.02766906602147,40.32940028338567
leisure:playground,McKeesport Playground,-79.83054996263853,40.353024295188526
leisure:park,Cheswick Veterans Memorial Park,-79.80043435324507,40.541128791293296
leisure:park,Williams Street Park,-79.78961711538828,40.54930019578344
leisure:park,,-79.788783798014,40.541051366413065
leisure:pitch,,-79.77746366287677,40.5376922175966
leisure:pitch,,-79.77765669901487,40.538524907053876
leisure:park,Acme Park,-79.81439754346816,40.541404275847654
leisure:playground,,-79.81408530049599,40.541650710271966
leisure:pitch,,-79.81432038060393,40.5412667785378
leisure:pitch,,-79.81470632442819,40.541558785632986
leisure:pitch,,-79.81490086105585,40.54155493129228
leisure:pitch,,-79.80065735001214,40.541891500047655
leisure:pitch,,-80.20401343282617,40.459222605223644
leisure:pitch,,-80.01817127951314,40.43077384112295
leisure:pitch,,-80.01877153048338,40.430278046781304
leisure:pitch,,-80.0183432814357,40.430133743504975
leisure:playground,,-80.06683595820726,40.5010231912242
leisure:playground,,-80.0669018170857,40.50121988066212
leisure:pitch,,-80.06663671946166,40.50129566899971
leisure:playground,,-80.06695234382045,40.500986563682204
leisure:pitch,,-80.06670286435761,40.50145631206262
leisure:playground,,-80.21523119391952,40.56815083377802
leisure:pitch,,-80.06698702004313,40.503597846279725
leisure:pitch,,-80.06763879082767,40.50367137439838
leisure:pitch,,-80.06846573350337,40.5038195517032
leisure:playground,,-80.06406953114397,40.50502721426981
leisure:pitch,,-80.06219601447476,40.506331250670165
leisure:playground,,-80.07335880516695,40.51378550960104
leisure:playground,,-80.07319393998785,40.514172865009
leisure:playground,,-80.06731717659899,40.50602709761892
leisure:pitch,,-79.8200387846655,40.39796239422099
leisure:pitch,,-79.81987030371575,40.397863265556396
leisure:pitch,,-79.81970184662087,40.39776413454251
leisure:pitch,,-80.08938249993739,40.42101355000945
leisure:pitch,,-80.08902612873776,40.42116392096754
leisure:pitch,,-80.08889525721574,40.421247057571236
leisure:pitch,,-80.0887728489486,40.42132199785555
leisure:playground,,-80.08886715751957,40.420173256320304
leisure:pitch,,-80.07484414101344,40.437793976085395
leisure:pitch,,-80.06673490016854,40.44146999995
leisure:pitch,,-80.0621423999518,40.36215444995671
leisure:pitch,,-79.89133357439185,40.51439661378072
leisure:pitch,,-79.89113912562546,40.51438743614761
leisure:pitch,,-79.89112302562542,40.514030586141196
leisure:pitch,,-79.89129200000868,40.51402959996099
leisure:pitch,,-79.89147572562543,40.51402818614122
leisure:playground,,-79.98521633866237,40.36097818028499
leisure:playground,,-79.98936873545868,40.36890757428526
leisure:pitch,,-80.09388748314525,40.43405789981927
leisure:pitch,,-79.9450099300647,40.413039308002205
leisure:pitch,,-79.94478763886893,40.41309056964684
leisure:pitch,,-79.94490604133132,40.41276732518297
leisure:playground,,-79.94471681472432,40.41281906314953
leisure:pitch,,-79.94671610002108,40.42141169998509
leisure:pitch,,-79.94443335924592,40.42620347679741
leisure:pitch,,-79.9445409592459,40.42621577679742
leisure:pitch,,-79.94459730921804,40.42618727680033
leisure:pitch,,-79.94460514075463,40.42614572320299
leisure:sports_centre,Robinson Township Pool,-80.13217585408802,40.46773953173909
leisure:park,Mifflin Field,-79.8534122279302,40.359791087379534
leisure:park,Kansas Ave Park,-79.87247095247423,40.36087342418787
leisure:park,West Mifflin Dog Park,-79.87747645590959,40.361884966094664
leisure:pitch,,-79.88804781977326,40.35091308334754
leisure:playground,,-79.88799627478393,40.35107887435099
leisure:playground,,-79.88851827542017,40.3641868960121
leisure:pitch,,-79.88612720001706,40.362845850004526
leisure:pitch,,-79.87789619995725,40.37588625002876
leisure:sports_centre,Avonworth Community Pool,-80.08348135300947,40.52203944609621
leisure:playground,,-79.87290891102678,40.36106049851846
leisure:playground,,-79.8727581131177,40.36094766965308
leisure:playground,,-79.87263636776376,40.36084527881071
leisure:playground,,-80.29254380777266,40.49411427174509
leisure:park,Polish Hill Ballfields,-79.85687996495197,40.37202322046065
leisure:pitch,,-79.8572101329249,40.37136944081709
leisure:pitch,,-79.85662601027887,40.371654685038145
leisure:pitch,,-79.85721575357181,40.3720996334841
leisure:pitch,,-79.85747854997628,40.372712309724186
leisure:playground,,-80.19372959999657,40.416039200001244
leisure:playground,,-80.19373881404006,40.41613852330312
leisure:playground,,-80.19383407289966,40.416027541132735
leisure:playground,,-80.19380714078163,40.415867111191396
leisure:playground,,-79.8821003860515,40.39775778582095
leisure:pitch,,-79.88240752486183,40.39796512814609
leisure:pitch,,-79.99959803011004,40.46665032077257
leisure:park,Scherer Park,-79.99965268367158,40.466617289180085
leisure:pitch,,-79.91339070011941,40.34483529998506
leisure:playground,,-79.913115871175,40.344760822692635
leisure:playground,,-79.91294668781639,40.344695392903745
leisure:park,,-80.14893541519938,40.44020794462245
leisure:sports_centre,Steven Micklo Memorial Complex,-79.87625861780758,40.37148012453284
leisure:pitch,,-79.89473355567895,40.510664570121605
leisure:pitch,,-79.89447662700809,40.510663996942284
leisure:pitch,,-79.89475022320026,40.51055995318538
leisure:pitch,,-79.89433974573596,40.51047672013437
leisure:pitch,,-79.89421859630784,40.51043166943861
leisure:pitch,,-79.89500316762964,40.301378162809414
leisure:pitch,,-79.89484139995643,40.30146105002235
leisure:playground,,-79.89371856875285,40.301210785580615
leisure:playground,,-79.89358711446191,40.3015177937712
leisure:playground,,-79.89371304998967,40.301737200010734
leisure:pitch,,-79.89160108952345,40.30270585493592
leisure:park,Prospect Parklet,-80.02441133099359,40.36354448572969
leisure:playground,,-80.02455148197838,40.36354538839528
leisure:pitch,,-80.02434286199446,40.363622978235014
leisure:sports_centre,Meadowcroft Park Pickleball Courts,-80.04736077937892,40.3884063556532
leisure:pitch,,-80.07866909441782,40.40061750151161
leisure:pitch,,-80.07505162769158,40.40299750406626
leisure:playground,,-80.09251186872649,40.40177356703672
leisure:park,,-79.87206368340269,40.34312236016327
leisure:park,,-79.86978019822294,40.341081363460745
leisure:pitch,,-79.87411544316694,40.33116251138182
leisure:pitch,,-79.87323869696276,40.331313516234765
leisure:pitch,,-79.87253958518501,40.3315077001428
leisure:pitch,,-79.87146168078372,40.331722960352025
leisure:park,,-79.87315292900071,40.33166612943704
leisure:pitch,,-80.26095774999375,40.32875579997597
leisure:playground,,-80.26055644603457,40.32801121711876
leisure:park,Southview Park,-80.26076461803895,40.32828153412665
leisure:playground,,-80.26095083835278,40.32825507707615
leisure:sports_centre,Clairton Sportsmen's Club,-79.91463770168806,40.323072269806836
leisure:playground,,-79.84464990607377,40.41552946485885
leisure:pitch,,-79.85015736849444,40.427809789116665
leisure:playground,,-79.84990573764526,40.4263969665761
leisure:pitch,,-79.84154075008153,40.41750581777176
leisure:pitch,,-79.84105094153274,40.41676366622495
leisure:pitch,,-79.86284262484483,40.35956475280088
leisure:playground,,-79.8622198367003,40.35949654716328
leisure:playground,,-79.85912209445851,40.38040015673996
leisure:pitch,,-79.86638793408582,40.34398646961932
leisure:playground,,-79.88273435322694,40.398036265676794
leisure:playground,,-79.9134941972382,40.38990054681998
leisure:pitch,,-79.98017599592971,40.47566553013585
leisure:playground,,-79.98057495024912,40.47566424936302
leisure:pitch,,-79.9796767586318,40.47585450712293
leisure:playground,,-80.00537923344697,40.36674844637315
leisure:pitch,,-80.00606421635385,40.365959006187275
leisure:pitch,,-79.86026819998384,40.48218789998226
leisure:pitch,,-79.86077710949183,40.48194899479004
leisure:pitch,,-79.86060670507425,40.481970273093246
leisure:pitch,,-79.86068777751898,40.48196350667201
leisure:pitch,,-79.86016725000917,40.48192640004478
leisure:pitch,,-79.87147022363533,40.453473760563334
leisure:pitch,,-79.87127156726001,40.4534637841796
leisure:park,East Hills Park,-79.87042235660888,40.453217129718055
leisure:pitch,,-79.84256054994202,40.418303499996554
leisure:pitch,,-79.8421631154462,40.41792284316661
leisure:pitch,,-79.8553614984772,40.42528370037739
leisure:pitch,,-79.85799399989764,40.424505800249435
leisure:playground,Forest Hills Playground,-79.85713484575109,40.4242772400464
leisure:pitch,,-79.85615276724533,40.42352847088853
leisure:pitch,,-79.84251804504464,40.41836953153172
leisure:pitch,,-79.84248074504465,40.41838273153173
leisure:pitch,,-79.84245894504464,40.41826703153173
leisure:pitch,,-79.84242614504464,40.41827883153171
leisure:pitch,,-79.91882838216165,40.478651267063825
leisure:pitch,,-79.91863438955635,40.47875822766585
leisure:park,Highland Park Flynn Parklet,-79.91850254729792,40.47883857418646
leisure:playground,,-79.88611326180917,40.57586784204795
leisure:pitch,,-79.88657488962875,40.57574370553967
leisure:pitch,,-79.88686593348343,40.57578383799005
leisure:playground,,-79.88709307940435,40.57686224993446
leisure:playground,Fairview Park Splash Pad,-80.11532571725085,40.32777460982829
leisure:pitch,,-79.86928685006758,40.51963234997836
leisure:pitch,,-79.86911977189695,40.5195949933275
leisure:pitch,,-79.86895480006864,40.51955759997701
leisure:pitch,,-79.86869512224541,40.51949839289853
leisure:pitch,,-79.86852895006628,40.519460749978265
leisure:pitch,,-79.86836291927385,40.51942361203089
leisure:pitch,,-79.88280278566428,40.576542836386515
leisure:pitch,,-79.85552118761763,40.51394335189137
leisure:pitch,,-79.85601827374568,40.513643674748174
leisure:pitch,,-79.85601717485325,40.5135579472048
leisure:pitch,,-79.85601727519196,40.5134697529762
leisure:pitch,,-79.85683600496124,40.51482067461234
leisure:pitch,,-79.85682945512708,40.51465527427144
leisure:pitch,,-79.85663817041402,40.514742688989756
leisure:playground,,-79.85632708567583,40.51559667076797
leisure:pitch,,-79.86204150004137,40.52303480002297
leisure:pitch,,-79.77021523398345,40.419432372354294
leisure:pitch,,-79.76978137814761,40.42003582981864
leisure:pitch,,-79.77040118824652,40.419900885511545
leisure:pitch,,-79.76960250282531,40.41956630691028
leisure:pitch,,-79.76450086741022,40.42305246897977
leisure:pitch,,-79.76424656797451,40.42287525223046
leisure:pitch,,-79.7643046679745,40.42254515223046
leisure:pitch,,-79.76404836741023,40.422423768979776
leisure:pitch,,-79.76361117421392,40.42231404132901
leisure:pitch,,-79.7631851245959,40.42230909130989
leisure:pitch,,-79.76276840796568,40.422357974374634
leisure:pitch,,-79.76231827537764,40.42236380864363
leisure:pitch,,-79.85506077343184,40.53090933657496
leisure:pitch,,-79.85488692309973,40.53091948671089
leisure:pitch,,-79.86343129578697,40.53669082892284
leisure:pitch,,-80.03393464995109,40.36435105000678
leisure:playground,,-79.83825312589312,40.41196232183134
leisure:playground,,-79.83847350102202,40.41182352089065
leisure:playground,,-79.8384863144449,40.41199692887965
leisure:pitch,,-79.84985860994021,40.42597537318314
leisure:pitch,,-79.84987646000444,40.426087373189
leisure:pitch,,-79.84992796000444,40.426082073189
leisure:pitch,,-79.84991009999995,40.42597010000008
leisure:playground,,-79.84967012211669,40.426467982832015
leisure:playground,,-79.84962387246998,40.42629088864515
leisure:pitch,,-79.85004801353594,40.427222760553086
leisure:playground,,-79.86309764214666,40.42504245645265
leisure:pitch,,-80.02341320036705,40.451935750669456
leisure:pitch,,-80.02222248866336,40.4521202382945
leisure:playground,McKnight Playground,-80.02262774356612,40.45204119784246
leisure:playground,,-80.11060735549255,40.38920327125348
leisure:park,Ryan Glen Park,-79.86257144683397,40.42540324455582
leisure:park,Morrow-Pontefract Park,-80.20236487802937,40.55782554973216
leisure:pitch,,-79.81823432779903,40.424637754692455
leisure:playground,,-79.81824168457734,40.425985297919006
leisure:pitch,,-79.81825828160507,40.425767417807066
leisure:pitch,,-79.818205,40.42565630000007
leisure:pitch,,-79.81820970000001,40.42563860000007
leisure:pitch,,-79.81835350000001,40.42565290000008
leisure:pitch,,-79.81834880000001,40.42567070000007
leisure:pitch,,-79.81828449996141,40.42560875009202
leisure:pitch,,-79.81829414996137,40.42556475009208
leisure:park,Linhart Park,-79.81824293700204,40.42516599762822
leisure:playground,,-79.83453916703985,40.4030361436115
leisure:pitch,,-79.83532775293996,40.40399696680299
leisure:pitch,,-79.87028180267609,40.52061092375617
leisure:pitch,,-79.87021472590013,40.520448726010436
leisure:pitch,,-79.87091766052835,40.52085817058841
leisure:pitch,,-79.8711476512563,40.52088495924212
leisure:pitch,,-79.88316480671072,40.57609030488004
leisure:pitch,,-79.88305708296443,40.575981425436865
leisure:pitch,,-79.89936859462327,40.54670460766998
leisure:playground,,-79.89922697574659,40.54663776070549
leisure:pitch,,-79.89949496847413,40.5463878562784
leisure:playground,,-79.86390970000744,40.42225299997443
leisure:pitch,,-79.86370602360931,40.42215648938064
leisure:park,Braddock Hills Walking Park,-79.86266105356665,40.4215458777208
leisure:park,Recycle Park,-79.86093962209159,40.401681161096704
leisure:playground,,-79.96578440000842,40.42189905000717
leisure:pitch,,-79.96656442863492,40.42219724519631
leisure:pitch,,-79.94647130005617,40.42129870000776
leisure:pitch,,-79.9750513999852,40.417984250068
leisure:playground,Arlington Spray Park,-79.9751363315022,40.4177857877743
leisure:playground,,-79.97542369474971,40.418042385239374
leisure:playground,,-79.9755361023273,40.418170013521404
leisure:playground,,-79.98614309392069,40.42820588520394
leisure:playground,,-79.98603768560983,40.42813568162698
leisure:pitch,,-79.98599778712415,40.42838777574593
leisure:pitch,,-79.98613888712416,40.42838437574593
leisure:pitch,,-79.98620282669239,40.42789961518246
leisure:pitch,,-79.98560058848736,40.428282220605816
leisure:pitch,,-79.98601440871067,40.42793547277213
leisure:pitch,,-79.97412557861065,40.429547511365186
leisure:playground,,-79.97421422796161,40.429391597961946
leisure:playground,,-79.974036997266,40.42936612711507
leisure:park,Blawnox Memorial Park,-79.86231177377535,40.493438574881516
leisure:pitch,,-79.97385170002023,40.429491599970945
leisure:pitch,,-79.91794349754856,40.42679521823298
leisure:park,Mitchell Paige Memorial park,-79.87736740376289,40.38272436446403
leisure:sports_centre,North Park Swimming Pool,-79.99384465675335,40.588952586519596
leisure:playground,,-80.02400650313766,40.42208654638839
leisure:playground,,-80.02424678602591,40.42213807219084
leisure:playground,,-80.02424686160299,40.422330679357096
amenity:community_centre,Township of Wilkins Community Center,-79.82912683777907,40.41904556314753
leisure:playground,,-79.82613366077929,40.41007609315367
leisure:pitch,,-79.99377491576469,40.37294489903022
leisure:pitch,,-79.99395726561667,40.37279460927965
leisure:pitch,,-79.99382929789247,40.37273653448676
leisure:sports_centre,Brentwood Pool,-79.97331842254623,40.37577139358308
leisure:pitch,,-80.05824302935677,40.39104298136128
leisure:pitch,,-79.8335353499461,40.54113244997093
leisure:pitch,,-79.83370165356553,40.54110287014619
leisure:pitch,,-79.8335561000356,40.54087715007274
leisure:pitch,,-79.83397772074777,40.540822346963694
leisure:playground,,-80.05450683838077,40.45471887916908
leisure:playground,,-80.05091990026891,40.448404865864
leisure:park,Quarry Field,-79.84027127234694,40.39386381596803
leisure:park,Bessemer Avenue Park,-79.84120601032093,40.394731457625916
leisure:pitch,,-79.84098545848279,40.394097499796416
leisure:sports_centre,Meyer Middleton Park,-80.08051699502245,40.42976905228329
leisure:pitch,,-79.87865609999406,40.522840149961574
leisure:pitch,,-79.87882844999396,40.52283654996158
leisure:pitch,,-79.87904905500871,40.52282942433624
leisure:pitch,,-79.87922204999397,40.52282584996157
leisure:pitch,,-79.87903094999396,40.522503199961534
leisure:pitch,,-79.87920529999407,40.52249669996152
leisure:pitch,Hoppy Field,-79.9541958681952,40.30986426075993
leisure:playground,,-80.1680861441188,40.37316319617718
leisure:playground,,-79.91049116867308,40.352644635371206
leisure:park,Fleetwood Playground,-79.91046515697337,40.352497546000556
leisure:sports_centre,Camden Softball Complex,-79.9064979724411,40.34430616197563
leisure:pitch,,-79.91704049211354,40.36979433025614
leisure:sports_centre,,-79.90730086692224,40.37036204842799
leisure:playground,,-79.98142704984213,40.54044023341841
leisure:park,Shiloh Street Park,-80.00664059999423,40.43141555001564
leisure:pitch,,-80.16582908418724,40.39843190142794
amenity:kindergarten,Tutor Time of Pittsburgh,-80.01447838468249,40.343571225715486
leisure:park,Brinton Park,-79.84292667803496,40.40399219986539
leisure:playground,,-79.84286800198593,40.40367225967228
leisure:playground,,-79.84275464730851,40.40378467389495
leisure:pitch,,-79.83998129929928,40.40272091371029
leisure:pitch,,-80.22864255624225,40.46064105269247
leisure:playground,,-80.22878142998835,40.46088066245051
leisure:playground,,-80.25799791880772,40.44937965585975
leisure:pitch,,-80.21181425629273,40.467273472017
leisure:playground,,-80.21184307997345,40.46710838002119
leisure:pitch,,-80.21223644853941,40.467710089215636
leisure:park,Aten Road Ballfield,-80.2122524599879,40.46758332415535
leisure:park,Bradford Estates Peninsula Community Park,-80.01604466807223,40.52564405441284
leisure:sports_centre,Valley Brook Swim & Tennis Center,-79.9968583891091,40.52280384195825
leisure:playground,,-79.9860686807091,40.39928870385854
leisure:pitch,,-79.98576199127398,40.39926357971871
leisure:park,Leolyn Park,-79.98588975061261,40.399254355399975
leisure:pitch,,-79.95304797676887,40.46242229904536
leisure:park,Highbury Park,-79.86357061907593,40.55311312931243
leisure:pitch,,-79.86409761574576,40.55378844926877
leisure:pitch,,-79.86387505003952,40.55273380005518
leisure:playground,,-79.86429663221186,40.55264378161114
leisure:park,Terrace Drive Playground,-79.84994779238203,40.53601406668155
leisure:pitch,,-79.85010424992345,40.53606800001123
leisure:playground,,-79.85024045002643,40.53623350299871
leisure:pitch,,-80.13037990004715,40.3045139499716
leisure:pitch,,-80.13056909649286,40.30454422028102
leisure:playground,,-79.94034193944167,40.46936479560131
leisure:pitch,,-80.00401409652802,40.46164612853363
leisure:pitch,,-80.0040706000129,40.461808800027114
leisure:pitch,,-79.97393484473619,40.46867046439119
leisure:pitch,,-79.9737964447362,40.46874856439121
leisure:pitch,,-79.96435764991384,40.48596069998794
leisure:pitch,,-79.8861130452538,40.52171657605486
leisure:pitch,,-79.88594044525378,40.521725276054866
leisure:pitch,,-79.88576784525378,40.52173017605487
leisure:pitch,,-79.88612604525377,40.522049576054854
leisure:pitch,,-79.88595344525379,40.52205447605487
leisure:pitch,,-79.88577764525378,40.52205817605486
leisure:pitch,,-80.01621555007684,40.429133750012475
leisure:pitch,,-80.01577060023219,40.4296409500651
leisure:pitch,,-80.01604820283858,40.429389148050724
leisure:park,,-80.01611300029388,40.42964355171589
leisure:playground,,-80.01346237919292,40.424524280296545
leisure:playground,,-80.01323507178854,40.42464298249039
leisure:playground,Nelson Mandela Peace Park,-79.9406155544527,40.46601428305387
leisure:pitch,,-80.02628158684756,40.52506680749255
leisure:park,,-79.77971820703304,40.44052348621392
leisure:pitch,,-79.90638312139937,40.34355818817892
leisure:pitch,,-79.90650534068907,40.34430078929781
leisure:pitch,,-79.90646762184323,40.344856277671134
leisure:pitch,,-79.9068624709464,40.34507785597626
leisure:pitch,,-79.88845896741785,40.363284396513016
leisure:pitch,,-80.22144319999596,40.597357950052064
leisure:park,Learning Circle,-80.17461220072326,40.41728506646475
leisure:pitch,,-79.97108503079957,40.44903720801596
leisure:pitch,,-79.97087666469741,40.4490803728504
leisure:pitch,,-79.98248502709559,40.54109973126107
leisure:pitch,,-79.98128627399478,40.53932011778826
leisure:pitch,,-79.98067979773002,40.53975870048421
leisure:pitch,,-79.98002729383434,40.5403117241471
leisure:pitch,Skate Park,-80.00224213936485,40.412301693987374
leisure:pitch,,-80.11299819668444,40.44580263452369
leisure:pitch,,-80.06803319978746,40.433994550071866
leisure:park,Duncan Park,-79.94838525636759,40.48025542233515
leisure:park,Fifty-Seventh Street Park,-79.94654163288293,40.48611311735893
leisure:playground,Chadwick Playground,-79.89048072173021,40.46501005488703
leisure:pitch,Chadwick-Football & Soccer Field,-79.89168899337706,40.46560935653594
leisure:playground,,-79.95041197806714,40.43848740225517
leisure:park,Boundary Street Park,-79.95057378430491,40.43852003214939
leisure:playground,,-79.89803669718751,40.43886645225089
leisure:playground,,-79.89852940002692,40.43914420000144
leisure:playground,,-79.89817725150306,40.43919525299132
leisure:pitch,Thomas Jefferson High School Stadium,-79.95220032494225,40.30971580973536
leisure:pitch,,-80.06831370006958,40.44143624998108
leisure:playground,,-79.95821991623177,40.4676761062886
leisure:playground,,-79.958512694032,40.46786248107201
leisure:playground,,-79.77815195052484,40.58087789212743
leisure:pitch,,-79.77815910900988,40.58062021467674
leisure:park,East Deer Memorial Park,-79.77762379313562,40.58085313988126
leisure:playground,,-79.93825256887672,40.470359867098885
leisure:park,Ream Park,-80.01323406489553,40.4309761252765
leisure:playground,,-79.80872798927874,40.50703967641978
leisure:playground,,-80.26820810764349,40.50880379762772
leisure:park,Vinceton Parklet,-80.02462790419982,40.4878845583604
leisure:park,Rainbow Raccoon Park,-79.96784288014494,40.478954509720005
leisure:pitch,,-80.09924234995606,40.57979629994262
leisure:pitch,,-80.09946694467703,40.57978307711139
leisure:pitch,,-80.20869090000038,40.52457979998796
leisure:pitch,,-80.2087854000004,40.524580549987945
leisure:pitch,,-80.20887820000038,40.52458089998795
leisure:pitch,,-80.15165310346991,40.59008410843995
leisure:pitch,,-80.16126889698768,40.57137465868557
leisure:playground,,-80.09229377805913,40.592352023741
leisure:pitch,,-80.19440682475617,40.55606831848545
leisure:pitch,,-79.86344576019783,40.47087327969499
leisure:park,Marmion Field,-80.07919987028103,40.34125750894086
leisure:playground,,-79.91837115003341,40.51252990007262
leisure:playground,,-79.91876430001683,40.51264040004069
leisure:pitch,Devlin Ball Field,-80.01889099078342,40.591212831309065
leisure:pitch,,-80.0194604741783,40.590539014508074
leisure:pitch,Devlin Park Pickleball Courts,-80.02022007690309,40.59025436020711
leisure:park,Devlin Park,-80.01958136833586,40.590157007499975
leisure:pitch,,-79.97435434558956,40.468345914634114
leisure:pitch,,-79.97426571419567,40.4683944911319
leisure:pitch,,-79.97417859996547,40.46844295000424
leisure:pitch,,-79.97409208527631,40.46849230858568
leisure:pitch,,-79.97400366970544,40.468540927474585
leisure:pitch,,-79.9741325646751,40.46868209058503
leisure:pitch,,-79.97422075825068,40.46863810383323
leisure:pitch,,-79.97431081423169,40.46859023969873
leisure:pitch,,-79.97439669996157,40.46854270000223
leisure:pitch,,-79.97448204996319,40.46849315000311
leisure:pitch,,-80.09916585000046,40.35477285000013
leisure:playground,,-80.09397497571055,40.395780679199305
leisure:playground,,-80.09410730897005,40.39577033617628
leisure:pitch,,-80.09444792975198,40.39578774985135
leisure:pitch,,-79.89718724799843,40.43743503182082
leisure:pitch,,-79.89700324799843,40.437480931820794
leisure:pitch,,-79.89737774799843,40.43738423182082
leisure:pitch,,-79.89756824799842,40.437338331820804
leisure:pitch,,-79.89776044799844,40.43728513182083
leisure:pitch,,-79.89795744799844,40.43723303182082
leisure:pitch,,-80.01809274527257,40.420159377467016
leisure:pitch,,-80.01825724527257,40.42014577746703
leisure:pitch,,-80.01843474527256,40.420130877467
leisure:pitch,,-80.1228122999853,40.49264190007741
leisure:pitch,,-80.26182481567821,40.58952755992473
leisure:pitch,,-80.26201531567821,40.58961035992475
leisure:pitch,,-80.26220911567822,40.589695759924744
leisure:pitch,,-80.26312620002398,40.59113131588064
leisure:pitch,,-80.26302200002398,40.59127721588063
leisure:pitch,,-80.26291610002397,40.591418215880644
leisure:pitch,,-80.26280540002398,40.59156781588063
leisure:sports_centre,,-80.03246807681168,40.36438539112019
leisure:park,,-79.88710205311062,40.42338471614619
leisure:sports_centre,,-80.03352025881719,40.36042166820292
leisure:pitch,,-80.2162330970458,40.52118755569194
leisure:pitch,,-80.0214835597451,40.36860696787975
leisure:playground,,-80.02154157996553,40.36875125826392
leisure:playground,,-80.02167233682331,40.36893771475299
leisure:playground,,-80.02171791908997,40.369024094362544
leisure:pitch,,-80.03773174202499,40.32196542078009
leisure:pitch,,-80.02512851371594,40.36711509305087
leisure:playground,,-79.97250802753562,40.37925744574103
leisure:playground,,-79.9539308699631,40.42925502133843
leisure:playground,,-80.08732183255452,40.38379620879078
leisure:pitch,,-79.76266844797466,40.44427467552623
leisure:pitch,,-79.98150742915243,40.42049103981001
leisure:playground,,-79.98170024157433,40.420539031740454
leisure:sports_centre,,-80.05875534278461,40.393370359793806
leisure:sports_centre,,-80.06551451466639,40.39479676490702
leisure:sports_centre,,-80.01637279922477,40.34712498613357
leisure:pitch,,-80.01676598545662,40.34738409377971
leisure:pitch,,-80.01668025003254,40.34732420000918
leisure:pitch,,-80.01659170003254,40.34726990000919
leisure:pitch,,-80.01650695003254,40.34721150000918
leisure:pitch,,-80.01641940003255,40.347153900009175
leisure:pitch,,-80.01633175003255,40.34709820000917
leisure:pitch,,-80.01623975632293,40.347041664585475
leisure:pitch,,-80.01615829375868,40.346983535426105
leisure:pitch,,-80.01606590003253,40.34692810000917
leisure:pitch,,-80.01598505003254,40.34686890000918
leisure:playground,,-80.20142359913773,40.441288995199244
leisure:park,Morosetti Park at Hankey Farms,-80.20179202326902,40.44116025380441
leisure:park,The Vue,-80.11945969259993,40.35036994723071
leisure:pitch,,-80.01431974561685,40.40567652170542
leisure:pitch,,-80.01450144561684,40.40569612170542
leisure:pitch,,-80.01414074561686,40.40565262170542
leisure:pitch,,-80.03328881517382,40.41438083505583
leisure:pitch,,-80.03319421517384,40.41449153505584
leisure:pitch,,-80.03867656971941,40.41800356505148
leisure:pitch,,-80.03875486971941,40.41811696505147
leisure:pitch,,-80.03201005005481,40.38770369997163
leisure:pitch,,-80.03184285005482,40.387673299971624
leisure:pitch,,-80.02824016791438,40.3869580380917
leisure:pitch,,-80.02808096791439,40.3870043380917
leisure:pitch,,-80.02791966791439,40.387048238091715
leisure:pitch,,-80.02791996791439,40.38666293809168
leisure:pitch,,-80.0277558679144,40.386707838091695
leisure:pitch,,-80.06192345616638,40.381807471834435
leisure:pitch,,-80.06167515544618,40.38195837151735
leisure:pitch,,-80.00813779234716,40.454169235104764
leisure:pitch,,-80.00796738805079,40.45420021114626
leisure:pitch,,-80.00761655034815,40.453995812528795
leisure:pitch,,-80.00752801586266,40.45389046460723
leisure:pitch,,-80.04101289992104,40.33448609998244
leisure:pitch,,-80.04085336769329,40.33453168819005
leisure:pitch,,-80.04069209992106,40.334578299982425
leisure:pitch,,-80.04053169992103,40.33462539998241
leisure:pitch,,-80.04037049992104,40.33467189998242
leisure:pitch,,-80.04021009992104,40.334717299982415
leisure:pitch,,-80.04004969992104,40.33476569998243
leisure:pitch,,-80.03988679992105,40.33481159998244
leisure:pitch,,-80.34301629996705,40.3507662499699
leisure:pitch,,-79.9276540166029,40.46392424423368
leisure:pitch,,-79.9275008166029,40.463870244233675
leisure:pitch,,-79.92737246378172,40.46415846674766
leisure:pitch,,-80.01473072642767,40.40474427158194
leisure:pitch,,-80.01470644999146,40.40485935002225
leisure:pitch,,-79.97875130001017,40.4279270999917
leisure:pitch,37th Street DIY,-79.96275238382046,40.462602717020665
leisure:park,South Landside Terrace,-80.24771215596866,40.49526681076991
leisure:pitch,,-80.13465955303549,40.39608358111812
leisure:pitch,,-80.13458847813014,40.396234608262645
leisure:pitch,,-80.13481715007627,40.39620254998012
leisure:pitch,,-80.13498110007636,40.39624904998014
leisure:playground,,-80.03724505413678,40.437715055316154
leisure:playground,,-80.03771799891865,40.437499817013574
leisure:playground,,-80.04340092661919,40.44028205231783
leisure:pitch,,-80.16416661121234,40.50826862403084
leisure:pitch,,-80.14873349994093,40.54025639998988
leisure:pitch,,-80.14894785357704,40.540161519696575
leisure:playground,,-79.98220247550884,40.53787848989796
leisure:park,Fawcett Fields,-79.97342266024359,40.52670130405772
leisure:pitch,,-79.97361029563083,40.5274480238485
leisure:pitch,,-79.9736663962711,40.52670935925785
leisure:pitch,,-79.99836161732799,40.43971395093687
leisure:playground,,-79.9618534449794,40.46702059295416
leisure:playground,,-79.91970817216124,40.462718314972854
leisure:pitch,,-79.7559801278747,40.50662966663667
leisure:pitch,,-79.75669843085423,40.506402496559076
leisure:pitch,,-79.9573929862739,40.47241771850306
leisure:pitch,,-79.95697413909714,40.47286481207768
leisure:pitch,,-79.98416246501093,40.406926527837925
leisure:pitch,Veterans Memorial Field,-79.77750096821708,40.53960207365965
leisure:pitch,,-80.18365944999483,40.46133865001112
leisure:pitch,,-79.75125595437383,40.57057920532174
leisure:pitch,,-79.75130674598444,40.56996677398124
leisure:pitch,,-79.75237375568122,40.569621193269356
leisure:pitch,,-80.0867432629529,40.38452834133511
leisure:pitch,,-79.81475271551207,40.468421618606456
leisure:pitch,Antimarino Stadium,-79.75649289946547,40.4316065630728
leisure:pitch,,-79.75846572430501,40.43023797637561
leisure:playground,,-79.81689193647557,40.544870970082265
leisure:pitch,,-79.77802239778732,40.546599953756356
leisure:pitch,,-79.77655926114132,40.54629637182769
leisure:pitch,,-79.77788965340524,40.546956992142825
leisure:playground,,-79.80001767291067,40.541764081003514
amenity:community_centre,,-80.2688520145189,40.522676911396196
leisure:playground,,-80.26869769993229,40.52259991748434
amenity:community_centre,,-80.26992988911027,40.523812674398386
leisure:pitch,,-80.00554101047382,40.36565812257163
leisure:pitch,,-79.76529310010254,40.414072400014454
leisure:pitch,,-79.76515145010262,40.41399840001449
leisure:pitch,,-79.76507755010249,40.41432225002224
leisure:pitch,,-79.7649266660676,40.41424315656983
leisure:pitch,,-79.98139567939805,40.3516680629917
leisure:pitch,,-79.98122824995144,40.35169674996991
leisure:pitch,,-80.03935389989823,40.363469050017656
leisure:pitch,,-80.03922814989838,40.36354470001764
leisure:pitch,,-80.03910409989824,40.36361935001764
leisure:pitch,,-80.03947499989825,40.36339925001765
leisure:pitch,,-80.25111557159258,40.58901343170884
leisure:pitch,,-80.1596610234214,40.588092133339806
leisure:pitch,,-80.1592461026027,40.58817993356058
leisure:pitch,,-80.12680087612668,40.327535363741
leisure:pitch,,-80.12662977612668,40.327544363741
leisure:pitch,,-80.23692644999177,40.41898529996332
leisure:pitch,,-80.23774488437012,40.44551028929597
leisure:pitch,,-80.23759578437011,40.445450889295955
leisure:pitch,,-80.23744320009678,40.445390099997745
leisure:pitch,,-80.15414169990996,40.450731250043276
leisure:pitch,,-80.09400263575071,40.429582304061036
leisure:pitch,,-80.09388556405173,40.429687996025926
leisure:pitch,,-80.06081162041603,40.45938193665792
leisure:playground,,-80.07313989277289,40.31678164404819
leisure:park,Denny Park,-79.97319829816566,40.50698892596194
leisure:playground,,-79.97407372730345,40.50702431678103
leisure:pitch,,-79.97339450408423,40.50744572805103
leisure:pitch,,-79.97359570027966,40.507120364654774
leisure:pitch,,-79.97301120006252,40.50722795018751
leisure:pitch,,-79.97317875404471,40.50678527738489
leisure:pitch,,-79.98729516753954,40.55190584901404
leisure:playground,,-79.98689173197691,40.552302406754606
leisure:pitch,,-79.98662253895421,40.55273146280513
leisure:pitch,,-79.98642442715223,40.552760959412744
leisure:pitch,,-80.01914554989749,40.361980850026264
leisure:pitch,,-80.01927464989748,40.361894250026246
leisure:pitch,,-80.22129652434802,40.31762136376647
leisure:pitch,,-80.22111722434803,40.31761496376647
leisure:pitch,,-80.09854901500262,40.33728395794964
leisure:pitch,,-80.09836010010092,40.33718310001628
amenity:library,People's Library,-79.76424819446986,40.565362470966406
leisure:pitch,,-79.97832473237771,40.40890696675763
leisure:playground,,-79.9781648816769,40.40962030763625
leisure:playground,,-79.79057016153253,40.4733983842371
leisure:pitch,,-79.80113854999269,40.539647899962155
leisure:pitch,,-79.80096512422756,40.53965163608376
leisure:pitch,,-79.76496899989873,40.43148795000669
leisure:pitch,,-79.76480169989871,40.43157035000668
leisure:pitch,,-79.92066945000447,40.49935819996315
leisure:pitch,,-79.92049625000445,40.49935859996315
leisure:pitch,,-79.75619652455482,40.43063298626256
leisure:pitch,,-79.75636884999629,40.43063094996199
leisure:pitch,,-79.7565458754377,40.43062841366134
leisure:pitch,,-79.75672054494201,40.43062547540231
leisure:pitch,,-79.91049492827008,40.47459193506385
leisure:pitch,,-79.91066222411469,40.474609507315826
leisure:pitch,,-79.91067767596293,40.473533292607485
leisure:pitch,,-79.91084530413987,40.47355267813723
leisure:pitch,,-79.91072460003873,40.47387809996168
leisure:pitch,,-79.91056770003873,40.47420249996168
leisure:pitch,,-79.91073802411468,40.47422390731584
leisure:pitch,,-79.91044565003891,40.474920699963015
leisure:pitch,,-79.91061128241833,40.47493906397874
leisure:pitch,,-79.91850100039443,40.479025233128155
leisure:pitch,,-79.9186698332232,40.47908473933618
leisure:pitch,,-79.8575723680891,40.480896411428034
leisure:pitch,,-79.85741003610364,40.48084962288037
leisure:pitch,,-79.8297183999931,40.45614089996206
leisure:pitch,,-79.82953949999309,40.45614499996205
leisure:pitch,,-79.82971827434297,40.456140935822305
leisure:pitch,,-79.85570450008896,40.434971000052066
leisure:pitch,,-79.85560305008896,40.434864100052074
leisure:pitch,,-79.85550821392854,40.43476266460575
leisure:pitch,,-79.88559588872815,40.43201611409025
leisure:pitch,,-79.8857107889966,40.43191776406659
leisure:pitch,,-79.88557419996708,40.43215370001218
leisure:pitch,,-79.88541889996708,40.43204830001217
leisure:pitch,,-79.76100267876936,40.40042636017434
leisure:pitch,,-79.76083629999634,40.40051464998762
leisure:pitch,,-80.07902348366605,40.33967186132241
leisure:pitch,,-80.07885918366604,40.3397314613224
leisure:pitch,,-80.07887509990938,40.33931674999085
leisure:pitch,,-80.0787160161528,40.339375838659315
leisure:pitch,,-80.07864241551393,40.33897600490237
leisure:pitch,,-80.07849711615279,40.33903163865931
leisure:pitch,,-80.07833524989393,40.33859800002609
leisure:pitch,,-80.07819934161996,40.338690263782695
leisure:pitch,,-80.07806049989382,40.33830770002507
leisure:pitch,,-80.07793140791193,40.33839458624482
leisure:pitch,,-80.07912199997033,40.339109349997415
leisure:pitch,,-80.07899144997111,40.33890824999622
leisure:pitch,,-80.08557406433451,40.38497186904029
leisure:pitch,,-80.08616162549194,40.384956563638724
leisure:pitch,,-80.08598765505388,40.38496082446406
leisure:pitch,,-80.08581132549195,40.38496536363874
leisure:pitch,,-80.08597332549195,40.38459286363874
leisure:pitch,,-80.08580142042923,40.38459698913059
leisure:pitch,,-80.08648094998344,40.382827750021605
leisure:pitch,,-80.08628897063461,40.38277898153383
leisure:pitch,,-80.0865255706346,40.38271988153385
leisure:pitch,,-80.08633357063461,40.38267108153385
leisure:pitch,,-80.07498349955128,40.40471291643394
leisure:pitch,,-80.0747962334241,40.40478161056387
leisure:pitch,,-79.98185347488842,40.35158660803903
leisure:pitch,,-79.9816813291064,40.35161176275077
leisure:pitch,,-79.97748544993061,40.35796669997485
leisure:pitch,,-79.97730696875372,40.35800393731965
leisure:pitch,,-79.9771357875674,40.35804492465631
leisure:pitch,,-79.97695762121525,40.35808380612803
leisure:pitch,,-79.97678365239686,40.35812321879248
leisure:pitch,,-79.97660824746444,40.35816528115731
leisure:pitch,,-79.82638465001975,40.34268889996399
leisure:pitch,,-79.82620735496698,40.34267817656998
leisure:pitch,,-79.82603295001974,40.34266689996398
leisure:pitch,,-79.82585424507245,40.34265562335804
leisure:pitch,,-79.82653666847351,40.343186378734664
leisure:pitch,,-79.82593439981873,40.34328470012778
leisure:pitch,,-79.89805756898923,40.386508761968294
leisure:pitch,,-79.89789027170072,40.386468493046124
leisure:pitch,,-79.91700033099191,40.4287188878993
leisure:pitch,,-79.9167299309919,40.4286599878993
leisure:pitch,,-79.91686434884566,40.42868861793138
leisure:pitch,,-80.03446835002981,40.50265974994801
leisure:pitch,,-80.03443810001603,40.502998599963554
leisure:pitch,,-80.0344374737068,40.502997863979274
leisure:pitch,,-79.97610354503192,40.51564157353037
leisure:pitch,,-79.97593342147074,40.51563226000573
leisure:pitch,,-79.97596434503193,40.515302173530394
leisure:pitch,,-79.97613452645612,40.51531143644575
leisure:pitch,,-79.97599602645612,40.51497293644574
leisure:pitch,,-79.976166155004,40.514982226395645
leisure:pitch,,-79.99814104995997,40.56205804996712
leisure:pitch,,-79.99831214558066,40.56203617850498
leisure:pitch,,-79.98450274998525,40.57577854996178
leisure:pitch,,-79.98433069998516,40.575785199961835
leisure:pitch,,-79.984157726332,40.5757940135929
leisure:pitch,,-79.98398517633106,40.57580156358891
leisure:pitch,,-79.98381219998515,40.575810699961835
leisure:pitch,,-79.98360575014539,40.575944676480944
leisure:pitch,,-79.98360007375095,40.575862373636085
leisure:pitch,,-79.98359277375094,40.57577967363606
leisure:pitch,,-79.9835854501454,40.57569797648096
leisure:pitch,,-79.9839778353795,40.576111815208364
leisure:pitch,,-79.98439860003333,40.57615580000372
leisure:pitch,,-79.98450191845495,40.57622067375987
leisure:pitch,,-79.98429723492939,40.576274151990596
leisure:pitch,,-79.77940492478426,40.440703006335006
leisure:pitch,,-79.77936623783285,40.44043082421381
leisure:pitch,,-79.77916997531176,40.440564636519305
leisure:pitch,,-79.77036494999707,40.44894469996804
leisure:pitch,,-79.77055885507882,40.44923912462202
leisure:pitch,,-79.77037734999747,40.44924194996278
leisure:pitch,,-79.76812536943646,40.420201137540076
leisure:pitch,,-79.76795996943872,40.42023618753526
leisure:pitch,,-79.76790324693053,40.41982008055459
leisure:pitch,,-79.7677930499802,40.41984354999144
leisure:pitch,,-79.76801479693971,40.41979628056047
leisure:pitch,,-79.7678483499802,40.41966094999143
leisure:pitch,,-79.76773775302988,40.41968421942836
leisure:pitch,,-79.7679593999802,40.41963804999143
leisure:pitch,,-79.767387599943,40.419614749985065
leisure:pitch,,-79.76715277025367,40.41966404057087
leisure:park,North Landside Terrace,-80.24759853002006,40.49624733218137
leisure:park,North Airside Terrace,-80.24688065755576,40.49608673189122
leisure:park,South Airside Terrace,-80.2469147141268,40.49543068808157
leisure:pitch,,-79.96893928986205,40.442633364144775
leisure:pitch,,-79.96879478986206,40.442752164144785
leisure:playground,,-80.12544884615055,40.416373824740006
leisure:pitch,,-79.82885030953895,40.512204199626105
leisure:pitch,,-79.84438234949849,40.52364186184212
leisure:pitch,,-79.84520046366418,40.52385826344799
leisure:pitch,,-79.84460854551075,40.524631035733556
leisure:pitch,,-79.84368540265059,40.52496315784074
amenity:library,Baldwin Borough Public Library,-79.97767035369193,40.341652026694355
leisure:sports_centre,,-79.97823387828622,40.338866157459606
leisure:playground,,-79.98145386523936,40.34126485704013
leisure:pitch,,-79.98207827031939,40.340369294628985
leisure:sports_centre,,-79.99119367099001,40.392011660993205
leisure:pitch,,-80.14007701776501,40.519648401231514
leisure:playground,,-80.13991759639585,40.51938456472536
leisure:park,Fowler Park,-80.01164310537858,40.469728733960615
leisure:pitch,,-80.0131413363602,40.46960551818055
leisure:playground,,-80.01299400000201,40.46915320002966
leisure:sports_centre,,-80.01348398399978,40.468999674885666
leisure:park,Devlin Field,-79.96220959625693,40.413633165515215
leisure:park,Burgwin Park,-79.93683714925108,40.404437697122816
leisure:playground,,-79.93662517839635,40.40471396175567
leisure:pitch,,-79.93647070004164,40.40469859997871
leisure:playground,,-79.9364251970393,40.404892377734356
leisure:pitch,,-79.93570295008219,40.404542099987026
leisure:park,Homewood Park,-79.89964135533425,40.45415015489528
leisure:pitch,,-79.89941632741001,40.45411896842699
leisure:park,Look Out Playground,-79.97700366910215,40.469339594440626
leisure:park,Fineview Park,-80.00398425821402,40.461859225897356
leisure:park,Fineview Field Park,-80.00419862603,40.45997126111897
leisure:park,Jefferson Park,-80.0145030731255,40.45909540747848
leisure:park,Alpine Gardens Park,-80.01285541845229,40.457681341044356
leisure:pitch,,-79.97689773748232,40.46939007653861
leisure:playground,,-79.97706786474541,40.46939866366957
leisure:playground,,-79.97708330499655,40.46929732007715
leisure:playground,,-79.97695181763383,40.469178098594796
leisure:playground,,-79.95782431431125,40.381905229811615
leisure:pitch,,-79.95796540020913,40.38233689998249
leisure:playground,,-79.95702907856816,40.37925897716576
leisure:pitch,,-79.95701439998113,40.379546500023665
leisure:pitch,,-79.9570059908024,40.379572502563015
leisure:pitch,,-79.95699669998113,40.37959930002366
leisure:pitch,,-79.95698776176809,40.37962449329587
leisure:park,Young Field Park,-80.03248692574661,40.47295616392979
leisure:park,Washburn Square Park,-80.03119738184729,40.46705826457739
leisure:park,Cross and Strauss Park,-80.02005093334388,40.46507870773378
leisure:playground,,-79.95966391712159,40.45444283391291
leisure:playground,Lytle Land,-79.94486979194812,40.40637086785574
leisure:pitch,,-79.99435005207742,40.30417609631831
leisure:pitch,,-80.15125481973372,40.59128680824609
leisure:pitch,,-79.93981329455346,40.3044253311097
leisure:pitch,,-80.20911482378307,40.58342605231685
leisure:pitch,,-80.20922155380389,40.583566615866175
leisure:pitch,,-79.96302956263831,40.448340034441884
leisure:sports_centre,,-80.13147612745956,40.30781512699554
leisure:pitch,,-80.1689335095994,40.588104624298616
leisure:playground,,-80.03359588488259,40.57308170157942
leisure:pitch,,-80.03115981546786,40.5690140220445
leisure:pitch,,-80.03116102086824,40.56901357815501
leisure:playground,,-80.02772372021899,40.570356123548414
leisure:playground,,-80.02779203412219,40.569901744658345
leisure:playground,,-80.02827858651419,40.57037720272895
leisure:playground,,-80.02848695666893,40.57044432724227
leisure:park,,-79.95993006158375,40.56029790797275
leisure:pitch,,-79.94255953496341,40.45662336465578
leisure:playground,Osceola Playground,-79.94230745889344,40.456834579749255
leisure:park,Garfield Commons Park,-79.93826928915338,40.47050024331747
leisure:park,Lawrenceville Tree Park,-79.95375536393955,40.477448676265126
leisure:playground,Pittsburgh Liberty Playground,-79.9337700710951,40.4532098882023
leisure:park,Swisshelm Park,-79.9018593925009,40.42104759205919
leisure:pitch,,-79.90191534723954,40.42121570628634
leisure:pitch,,-79.90160580770566,40.421211632854224
leisure:playground,Swisshelm Playground,-79.90180566074736,40.42090433231622
leisure:pitch,,-80.01019265213499,40.47009129215164
leisure:park,Elizabeth Street Park,-79.94449460001623,40.40667360008883
leisure:pitch,,-80.02545035008843,40.45879514998726
leisure:pitch,,-80.0252528180976,40.458729844249326
leisure:pitch,,-80.05068791447255,40.44936689331948
leisure:pitch,,-80.05052190009162,40.44929385000442
leisure:pitch,,-80.05035270009162,40.44921645000441
leisure:park,,-79.93255912467369,40.46702086367548
leisure:pitch,,-79.93263950003941,40.467049499978906
leisure:pitch,,-79.82809380088437,40.33777126724402
leisure:pitch,,-80.20894902527809,40.52460794317359
leisure:pitch,,-80.20894842527808,40.524551743173575
leisure:pitch,,-80.00186403083372,40.45186442442512
leisure:park,Slim Jim Parklet,-79.92465901850818,40.50136932267403
leisure:pitch,,-79.92473277068096,40.50147519107701
leisure:pitch,,-80.09619103412012,40.39360002131961
leisure:park,"Albert ""Turk"" Graham Park",-79.98403742709071,40.44050372256983
leisure:park,Kenmawr Field,-79.9218735196131,40.45561715610728
amenity:kindergarten,Steel Valley Elementary School,-79.897815334535,40.38999578017586
leisure:playground,,-79.89723790737722,40.390446467469
leisure:playground,Westinghouse Park Playground,-79.90318479370794,40.45285600571561
leisure:pitch,,-79.91637851965102,40.453887021686796
leisure:pitch,,-79.91635143040602,40.453741078516984
leisure:pitch,,-79.88340671480326,40.57786058919742
leisure:park,Larimer Green,-79.9154594488626,40.46440400297703
leisure:park,Larimer Avenue Greenspace,-79.91575627170761,40.46477029304038
leisure:playground,Larimer Playground,-79.91352534206646,40.4667193511593
leisure:park,Larimer Park,-79.91324253370897,40.46635694380003
leisure:playground,,-79.91854841007535,40.46354907027615
leisure:playground,,-79.91734889689758,40.46418353333395
leisure:playground,,-79.91682265763338,40.464191865835645
leisure:playground,,-79.96579794891711,40.51311500536664
leisure:pitch,Tiger Tennis Courts,-80.22154535679499,40.513239336216756
leisure:pitch,,-80.06130717624453,40.37328425875647
leisure:pitch,,-80.06111449999207,40.37406089999468
leisure:pitch,,-80.06197624999733,40.375667700003675
leisure:pitch,,-80.06053154990983,40.375461650010514
leisure:park,Baum Negley Park,-79.93331353922987,40.458688377410894
leisure:pitch,Field #2,-80.02924945694475,40.53639115345855
leisure:pitch,Field #3,-80.02956406447511,40.53623700645449
leisure:pitch,,-80.02793680826,40.53684020818268
leisure:pitch,,-80.02780419369387,40.536917314580634
leisure:playground,,-80.02933247594942,40.53704623974367
leisure:playground,,-80.03523897740725,40.53542075973379
leisure:playground,,-80.03535307071073,40.53524838428126
leisure:park,The Learning Garden,-80.03474112599369,40.57144862364927
